fid,OBJECTID,UIDENTSTLA,ULAND,UREGBEZ,UKREIS,UGEMEINDE,UJAHR,UMONAT,USTUNDE,UWOCHENTAG,UKATEGORIE,UART,UTYP1,ULICHTVERH,IstRad,IstPKW,IstFuss,IstKrad,IstGkfz,IstSonstig,LINREFX,LINREFY,XGCSWGS84,YGCSWGS84,STRZUSTAND,Teilnehmer,color,symbol
302,23808,"9,20012000711301E+018",9,7,61,0,2020,1,15,2,3,6,2,0,0,1,1,0,0,0,636923.9162,5359561.9862,10.849005681,48.374360692,0,2,#fc8d62,car
303,23811,"9,20012300130502E+018",9,1,86,162,2020,1,18,5,3,1,6,2,0,1,0,0,0,0,692645.8478,5381876.9317,11.611050917,48.560362133,1,2,#fc8d62,car
304,23816,"9,20012600147311E+018",9,1,82,120,2020,1,7,1,3,5,3,0,0,1,0,0,0,1,703139.4929,5309234.3061,11.718289521,47.904243401,0,2,#fc8d62,car
305,23825,"9,20012300127002E+018",9,1,74,146,2020,1,16,5,3,3,6,0,0,1,0,0,1,0,666764.1082,5350971.8722,11.248271079,48.289958658,1,2,#fc8d62,car
306,23826,"9,20012400110524E+018",9,1,77,133,2020,1,20,6,2,3,6,2,0,1,0,0,0,0,713758.8877,5355707476,11.883499045,48.318387421,1,2,#fc8d62,car
307,23832,"9,20012400710406E+018",9,7,61,0,2020,1,14,6,3,2,3,0,1,0,0,0,0,0,640795.33,5360460809,10.901556373,48.381590677,0,1,#66c2a5,bicycle
308,23837,"9,20012600120502E+018",9,1,79,136,2020,1,17,1,3,2,6,1,0,1,0,0,0,0,660485.8988,5341568.8832,11.160128997,48.207045272,1,2,#fc8d62,car
309,23838,"9,20012400717302E+018",9,7,61,0,2020,1,14,6,3,2,6,0,0,1,0,0,0,0,639275.4108,5351014.8028,10.877916873,48.296991392,0,2,#fc8d62,car
310,23852,"9,20012500730303E+018",9,7,73,179,2020,1,15,7,2,8,1,0,0,1,0,0,0,0,617060485,5377083389,10.585788306,48.535928983,0,2,#fc8d62,car
311,23873,"9,20012100710701E+018",9,7,61,0,2020,1,23,3,2,8,1,2,0,1,0,0,0,0,641167.3412,5360672.8341,10.906649024,48.383413989,0,2,#fc8d62,car
312,23875,"9,20012300127002E+018",9,1,74,146,2020,1,16,5,3,2,6,0,0,1,0,0,0,0,666717.9807,5350991.3678,11.247657392,48.290146072,0,2,#fc8d62,car
313,23887,"9,20012300712302E+018",9,7,72,177,2020,1,14,5,3,2,6,0,0,1,0,0,0,0,635804.2473,5375568.2643,10.839084807,48.518528831,0,2,#fc8d62,car
314,23890,"9,20012500111304E+018",9,1,75,133,2020,1,17,7,2,6,4,2,0,1,1,0,0,0,707905.7931,5342112062,11.797963621,48.198170249,1,2,#fc8d62,car
315,23896,"9,20012300120901E+018",9,1,79,123,2020,1,6,5,3,5,2,2,0,1,0,0,1,0,677442.7137,5331966.7669,11.384165522,48.116217443,2,2,#fc8d62,car
316,23897,"9,20012400131302E+018",9,1,86,151,2020,1,15,6,3,2,6,0,0,1,0,0,0,0,681819.0136,5376833.4661,11.462252754,48.518264524,0,2,#fc8d62,car
317,23902,"9,20012600131303E+018",9,1,86,152,2020,1,14,1,3,0,1,0,1,0,0,0,0,0,696032047,5377333646,11.654757952,48.518483679,1,1,#66c2a5,bicycle
318,23904,"9,20012300217502E+018",9,2,74,113,2020,1,13,5,3,3,6,0,0,1,0,0,0,0,726690268,5381118.3221,12.071424477,48.5421664,0,2,#fc8d62,car
319,23913,"9,20012300117006E+018",9,1,84,119,2020,1,17,5,2,3,6,2,0,1,0,0,1,0,693461.4314,5344941.9869,11.605080572,48.228169406,0,2,#fc8d62,car
320,23914,"9,20012400121303E+018",9,1,88,144,2020,1,8,6,3,4,2,0,0,1,0,0,0,0,665827.8978,5328301.5549,11.226808215,48.086397103,1,2,#fc8d62,car
321,23919,"9,20012600110104E+018",9,1,77,123,2020,1,14,1,3,4,1,0,0,1,0,0,0,0,727169582,5344583718,12.058168693,48.213777823,0,2,#fc8d62,car
322,23920,"9,20012400712704E+018",9,7,72,148,2020,1,6,6,3,1,6,2,0,1,0,0,0,0,628248.5694,5354392.4575,10.730337118,48.329696463,0,2,#fc8d62,car
323,23931,"9,20012500141304E+018",9,1,63,0,2020,1,4,7,3,0,7,2,1,0,1,0,0,0,734433.2271,5304431.7539,12.133832548,47.850428774,1,1,#66c2a5,bicycle
324,23936,"9,20012300858203E+018",9,1,62,0,2020,1,8,5,3,4,3,0,0,1,0,0,0,0,684235.1274,5343359.3335,11.480278716,48.216690757,0,2,#fc8d62,car
325,23944,"9,20012200211501E+018",9,2,74,114,2020,1,6,4,3,8,3,2,0,1,0,0,0,0,734623.9313,5370320645,12.1726855,48.442259338,0,2,#fc8d62,car
326,23948,"9,20012200167003E+018",9,1,62,0,2020,1,7,4,3,2,6,2,0,1,0,0,0,0,686932.9887,5331265.0474,11.511247949,48.107195164,0,2,#fc8d62,car
327,23952,"9,20012500120101E+018",9,1,74,135,2020,1,16,7,3,3,6,0,1,1,0,0,0,0,662723527,5353003.8906,11.194622273,48.309278454,0,1,#66c2a5,bicycle
328,23955,"9,20012000210907E+018",9,2,61,0,2020,1,17,2,3,6,2,0,0,1,1,0,0,0,732742083,5381608152,12.153566369,48.54435107,0,2,#fc8d62,car
329,23966,"9,20012300710103E+018",9,7,71,176,2020,1,17,5,3,2,6,2,0,0,0,1,0,1,644441.3664,5384130824,10.958952348,48.593587786,0,4,#e78ac3,marker
330,23969,"9,20012400858202E+018",9,1,62,0,2020,1,7,6,3,4,2,0,0,1,0,0,0,0,693557.9199,5339518.3529,11.603904949,48.179394758,0,2,#fc8d62,car
331,23970,"9,20012300210904E+018",9,2,61,0,2020,1,16,5,3,1,6,1,0,1,0,0,0,0,731546.7651,5381811.7006,12.137508762,48.546621745,0,2,#fc8d62,car
332,23976,"9,20012300110704E+018",9,1,78,145,2020,1,6,5,3,4,2,2,0,1,0,0,0,0,700011.4428,5356873.5929,11.698827328,48.333364769,1,2,#fc8d62,car
333,23979,"9,20012000140103E+018",9,1,87,179,2020,1,23,2,3,8,1,2,0,1,0,0,0,0,727480.8714,5317440.0056,12.047894415,47.96980075,2,2,#fc8d62,car
334,23981,"9,20012600120503E+018",9,1,79,121,2020,1,14,1,3,5,2,0,0,1,0,0,0,0,668701.3403,5337658.8193,11.269067375,48.169764321,1,2,#fc8d62,car
335,23982,"9,20012300110303E+018",9,1,75,116,2020,1,18,5,2,5,2,2,0,1,0,0,0,0,709511.9667,5320489.9584,11.808938802,48.003342617,0,2,#fc8d62,car
336,23984,"9,20012000131501E+018",9,1,85,158,2020,1,12,2,3,2,7,0,0,1,0,0,0,0,666571305,5379460568,11.256987582,48.546110742,0,2,#fc8d62,car
337,23985,"9,20012000131301E+018",9,1,86,151,2020,1,7,2,3,0,1,0,0,0,0,1,0,0,680792.9998,5374903.1773,11.447535211,48.501211015,2,4,#e78ac3,marker
338,23988,"9,20012000127001E+018",9,1,62,0,2020,1,9,2,3,2,6,0,0,1,0,0,0,0,681404.6781,5341845.0217,11.44156228,48.203894544,1,2,#fc8d62,car
339,23990,"9,20012000121503E+018",9,1,81,130,2020,1,19,2,3,4,6,2,0,1,0,0,0,0,640505.8334,5325460.8883,10.886046827,48.066938591,1,2,#fc8d62,car
340,23992,"9,20012000120101E+018",9,1,74,115,2020,1,13,2,3,2,6,0,0,1,0,0,0,0,677712.5831,5352222.8642,11.396272075,48.29822448,0,2,#fc8d62,car
341,23995,"9,20012300110101E+018",9,1,77,123,2020,1,17,5,2,8,1,2,0,1,0,0,0,0,726827.2341,5343449.2532,12.052960376,48.203708143,0,2,#fc8d62,car
342,23996,"9,20012400120703E+018",9,1,88,120,2020,1,14,6,3,4,1,0,0,1,0,0,0,0,676362.0956,5323538898,11.366180441,48.040756398,1,2,#fc8d62,car
343,23998,"9,20012000117519E+018",9,1,84,112,2020,1,17,2,3,2,6,1,0,1,0,0,0,0,702102.8015,5340417.5908,11.719154138,48.184815866,0,2,#fc8d62,car
344,24001,"9,20012400710602E+018",9,7,61,0,2020,1,14,6,3,2,2,0,0,1,0,0,0,0,641014.6388,5357008.9631,10.903359342,48.350503945,0,2,#fc8d62,car
345,24002,"9,20012000117001E+018",9,1,78,150,2020,1,6,2,3,2,6,1,0,1,0,0,0,0,691050.9535,5372293.8476,11.585068821,48.474725111,1,2,#fc8d62,car
346,24003,"9,20012200131503E+018",9,1,85,158,2020,1,13,4,3,5,3,0,0,1,0,0,1,0,667744.3187,5379992.7263,11.273082899,48.550581867,0,2,#fc8d62,car
347,24005,"9,20012400730302E+018",9,7,73,188,2020,1,6,6,3,2,6,2,0,1,0,0,1,0,620137.4705,5375321.5469,10.626946425,48.519503625,0,2,#fc8d62,car
348,24007,"9,20012000110902E+018",9,1,78,143,2020,1,7,2,3,2,6,2,0,1,0,0,1,0,718660.2477,5371110.3505,11.957540212,48.455100658,1,2,#fc8d62,car
349,24008,"9,20012200117503E+018",9,1,84,112,2020,1,9,4,3,2,6,0,0,1,0,0,0,0,702335.9465,5340231.4174,11.722198613,48.183068568,0,2,#fc8d62,car
350,24010,"9,20012000110507E+018",9,1,77,130,2020,1,14,2,3,3,6,0,0,1,0,0,1,0,712193.2535,5350281.0384,11.859680569,48.270155464,0,2,#fc8d62,car
351,24012,"9,20012200111106E+018",9,1,78,120,2020,1,14,4,3,4,6,0,0,1,0,0,0,0,693837668,5351430.2751,11.613113363,48.286367561,0,2,#fc8d62,car
352,24013,"9,20012300854702E+018",9,1,62,0,2020,1,18,5,3,2,6,2,0,1,0,0,0,0,692222.2851,5343118.4548,11.587585765,48.212156835,0,2,#fc8d62,car
353,24015,"9,20012000110503E+018",9,1,77,117,2020,1,7,2,2,2,2,1,0,1,0,1,1,0,714516.1798,5356313.1475,11.894009088,48.323573072,1,2,#fc8d62,car
354,24021,"9,2001220011051E+018",9,1,77,133,2020,1,18,4,2,3,3,2,0,1,0,0,0,0,713715.4137,5355995.9959,11.883059572,48.320994547,1,2,#fc8d62,car
355,24025,"9,20012200110101E+018",9,1,77,138,2020,1,7,4,3,8,7,0,0,1,0,0,0,0,727666.4589,5364038.4648,12.075338143,48.388377053,0,2,#fc8d62,car
356,24026,"9,20012300717302E+018",9,7,61,0,2020,1,6,5,3,2,6,2,0,1,0,0,0,0,639667.8341,5352463.5988,10.883684585,48.309932238,0,2,#fc8d62,car
357,24030,"9,20012100858202E+018",9,1,84,122,2020,1,20,3,3,1,3,2,0,1,0,0,0,0,688426.6696,5324388.6776,11.528262003,48.044948309,0,2,#fc8d62,car
358,24039,"9,20012100711301E+018",9,7,61,0,2020,1,7,3,3,2,6,0,0,1,0,0,0,0,637304.3845,5359482.72,10.854114802,48.373565269,1,2,#fc8d62,car
359,24040,"9,20012100857102E+018",9,1,84,137,2020,1,11,3,2,2,2,0,0,1,0,0,0,0,705739.9133,5313367.1737,11.755018375,47.940556476,0,2,#fc8d62,car
360,24044,"9,20012100852301E+018",9,1,62,0,2020,1,6,3,3,1,6,2,0,1,0,0,0,0,693343.6526,5331472.9531,11.597372454,48.107150402,1,2,#fc8d62,car
361,24048,"9,20012400854402E+018",9,1,62,0,2020,1,15,6,3,1,6,0,0,1,0,0,0,0,685446.9408,5340920.2876,11.495510956,48.194414869,0,2,#fc8d62,car
362,24051,"9,20011900717301E+018",9,7,72,147,2020,1,22,1,3,8,1,2,0,1,0,0,0,0,634345.9343,5364473.2937,10.815782611,48.419077508,2,2,#fc8d62,car
363,24052,"9,20011900712502E+018",9,7,72,178,2020,1,19,1,3,8,1,2,0,1,0,0,0,0,623099.1952,5344675.2585,10.658060656,48.243334086,2,2,#fc8d62,car
364,24053,"9,20012500117002E+018",9,1,84,119,2020,1,13,7,3,2,6,0,0,1,0,0,0,0,696349.6299,5347775.0176,11.645242567,48.252743079,0,2,#fc8d62,car
365,24054,"9,20011900712301E+018",9,7,72,184,2020,1,22,1,2,8,1,2,0,1,0,0,0,0,633720166,5359066335,10.805607561,48.370590778,2,2,#fc8d62,car
366,24058,"9,20012100851502E+018",9,1,62,0,2020,1,9,3,3,2,6,0,0,1,0,0,0,0,687433.1097,5332836.6449,11.518650524,48.121174209,0,2,#fc8d62,car
367,24059,"9,20012200858202E+018",9,1,62,0,2020,1,15,4,3,2,6,0,0,1,0,0,0,0,693106.9091,5338121.3566,11.597209475,48.166976254,0,2,#fc8d62,car
368,24074,"9,20012400110502E+018",9,1,77,130,2020,1,9,6,3,8,6,0,0,1,0,0,0,0,703890938,5350142.6422,11.747861792,48.271638595,1,2,#fc8d62,car
369,24079,"9,20012900210903E+018",9,2,61,0,2020,1,5,4,3,6,2,2,0,1,1,0,0,0,732646153,5382077.5647,12.152530749,48.548603237,1,2,#fc8d62,car
370,24082,"9,20020100127004E+018",9,1,88,121,2020,2,13,7,3,2,6,0,0,1,0,0,0,0,670270.8037,5329155.9197,11.286761512,48.092906487,0,2,#fc8d62,car
371,24084,"9,20013000110902E+018",9,1,78,143,2020,1,18,5,3,4,6,2,0,1,0,0,0,0,718982512,5372919503,11.962839718,48.471242807,1,2,#fc8d62,car
372,24088,"9,20013100140703E+018",9,1,82,137,2020,1,7,6,3,2,6,1,0,1,0,0,0,0,709569056,5304235807,11.801796133,47.857256029,1,2,#fc8d62,car
373,24091,"9,20012900210902E+018",9,2,61,0,2020,1,11,4,3,6,3,0,1,0,1,0,0,0,731925902,5381026347,12.142200962,48.539427046,1,1,#66c2a5,bicycle
374,24093,"9,20012900167003E+018",9,1,73,130,2020,1,19,4,3,2,1,2,0,1,0,0,0,1,680060.1319,5313494.4475,11.41153696,47.949432631,1,2,#fc8d62,car
375,24096,"9,20012900167003E+018",9,1,73,130,2020,1,19,4,3,9,1,2,0,0,0,0,0,1,680007.5482,5313301.4407,11.410752619,47.947712416,1,6,#ffd92f,circle
376,24098,"9,20013100858203E+018",9,1,62,0,2020,1,15,6,3,2,6,0,0,1,0,0,0,0,688683.8204,5336773.4898,11.5371841,48.156189734,0,2,#fc8d62,car
377,24100,"9,20012900715007E+018",9,7,71,145,2020,1,17,4,3,2,5,2,0,1,0,0,0,0,642802.1046,5347658.6569,10.924307238,48.266027969,1,2,#fc8d62,car
378,24104,"9,20013100120102E+018",9,1,74,113,2020,1,12,6,2,4,6,0,0,1,0,0,1,0,675078.1529,5345418.8001,11.357964179,48.237796275,0,2,#fc8d62,car
379,24109,"9,20013100127011E+018",9,1,88,121,2020,1,22,6,3,2,7,2,0,1,0,0,0,0,670515.1015,5329187.1766,11.290052235,48.093122166,0,2,#fc8d62,car
380,24122,"9,20013000857102E+018",9,1,62,0,2020,1,13,5,3,6,4,0,0,1,1,0,0,0,700599.7102,5332642.3511,11.695290229,48.115416382,0,2,#fc8d62,car
381,24128,"9,20013000127002E+018",9,1,74,146,2020,1,23,5,3,2,1,2,0,1,0,0,0,0,668820.4664,5349716.5529,11.275470233,48.278128659,1,2,#fc8d62,car
382,24145,"9,20013000117003E+018",9,1,78,113,2020,1,12,5,2,1,6,0,0,0,0,0,1,0,691496.8409,5369012.0073,11.589593957,48.44509475,0,5,#a6d854,bus
383,24152,"9,20012900131503E+018",9,1,85,158,2020,1,15,4,2,9,7,0,0,1,0,0,0,0,668250142,5379513.8443,11.279738136,48.546141618,1,2,#fc8d62,car
384,24153,"9,20013000710602E+018",9,7,61,0,2020,1,13,5,1,5,2,0,0,1,0,0,0,1,641431.1952,5354717.4564,10.908209179,48.329806362,1,2,#fc8d62,car
385,24155,"9,20012800210902E+018",9,2,61,0,2020,1,9,3,3,5,3,0,0,1,0,1,0,0,732061.1034,5381400.3627,12.144238122,48.542736767,1,2,#fc8d62,car
386,24159,"9,20013000740703E+018",9,7,62,0,2020,1,18,5,3,0,1,1,1,0,0,0,0,0,622710.5082,5303676.4927,10.641064283,47.874692262,0,1,#66c2a5,bicycle
387,24165,"9,20020100121305E+018",9,1,88,126,2020,2,20,7,3,4,2,2,0,1,0,0,0,0,660210.8997,5328124376,11.151370378,48.086240668,1,2,#fc8d62,car
388,24167,"9,20013000110507E+018",9,1,77,117,2020,1,8,5,2,2,6,0,0,1,0,0,0,0,714506.3764,5356084.0224,11.893760458,48.321517665,1,2,#fc8d62,car
389,24174,"9,20012900127014E+018",9,1,79,142,2020,1,7,4,3,2,6,1,0,1,0,0,1,0,675941.8399,5343611.7004,11.368835839,48.221312976,1,2,#fc8d62,car
390,24176,"9,20012900120902E+018",9,1,79,123,2020,1,12,4,2,6,2,0,0,1,1,0,0,0,675903.6807,5333541.9678,11.364155064,48.130804427,0,2,#fc8d62,car
391,24179,"9,20012900117002E+018",9,1,78,113,2020,1,16,4,3,2,6,2,0,1,0,0,0,0,691530.3457,5367342.6657,11.589283523,48.430081685,1,2,#fc8d62,car
392,24180,"9,20012800140703E+018",9,1,82,137,2020,1,7,3,3,5,3,0,0,1,0,0,0,0,709424386,5304339.3073,11.799914499,47.858233312,1,2,#fc8d62,car
393,24181,"9,20013100857102E+018",9,1,62,0,2020,1,12,6,3,4,2,0,0,1,0,0,0,0,694998.9693,5333473.7016,11.620500776,48.124627764,1,2,#fc8d62,car
394,24182,"9,20012900111304E+018",9,1,75,127,2020,1,19,4,3,5,3,2,0,1,0,0,0,0,713268.3251,5340844.6207,11.869402549,48.185003352,1,2,#fc8d62,car
395,24183,"9,20012800140102E+018",9,1,87,179,2020,1,17,3,2,2,6,2,0,1,0,0,0,0,718498.4128,5318703.9466,11.92835199,47.984286911,1,2,#fc8d62,car
396,24184,"9,20013000210903E+018",9,2,61,0,2020,1,7,5,2,4,2,0,0,1,0,0,0,0,732107.9061,5379960.2437,12.144069336,48.529783182,0,2,#fc8d62,car
397,24185,"9,20012900110703E+018",9,1,78,137,2020,1,7,4,3,4,6,0,0,1,0,0,0,0,691066677,5362679032,11.58089862,48.388308568,2,2,#fc8d62,car
398,24187,"9,20020100111304E+018",9,1,75,132,2020,2,14,7,3,5,3,0,0,1,0,0,0,0,708663928,5333239834,11.803802793,48.118194537,0,2,#fc8d62,car
399,24193,"9,20013100127003E+018",9,1,62,0,2020,1,6,6,3,2,6,1,0,1,0,0,0,0,686515912,5333279.2975,11.506531536,48.125422279,1,2,#fc8d62,car
400,24195,"9,20012800120102E+018",9,1,74,126,2020,1,8,3,3,5,2,0,0,1,0,0,0,0,683694.9223,5343936156,11.473263091,48.222032101,1,2,#fc8d62,car
401,24197,"9,20012900110303E+018",9,1,75,123,2020,1,6,4,3,5,3,2,0,1,0,0,0,0,725595.1258,5336312.3164,12.032614509,48.140026822,0,2,#fc8d62,car
402,24198,"9,20012800117006E+018",9,1,78,145,2020,1,18,3,3,2,6,2,0,1,0,1,1,0,694133.2119,5355199.4594,11.618826721,48.32015182,1,2,#fc8d62,car
403,24199,"9,20013000141302E+018",9,1,63,0,2020,1,12,5,3,2,6,0,0,1,0,0,0,0,732580.7181,5306090.6968,12.109998691,47.866005861,0,2,#fc8d62,car
404,24200,"9,20012900110102E+018",9,1,77,123,2020,1,13,4,3,5,3,0,0,1,0,0,0,0,726348.3676,5346652.4747,12.048234089,48.232657104,0,2,#fc8d62,car
405,24201,"9,20012800117002E+018",9,1,78,150,2020,1,17,3,3,2,6,1,0,1,0,0,0,0,691105.4532,5371946.0838,11.585646548,48.471583105,1,2,#fc8d62,car
406,24203,"9,20012800117002E+018",9,1,78,113,2020,1,12,3,3,1,6,0,0,0,0,0,1,0,691518125,5367961.6699,11.589401335,48.435648584,1,5,#a6d854,bus
407,24205,"9,20012800111302E+018",9,1,75,132,2020,1,7,3,3,1,6,0,0,1,0,0,0,0,707251.7328,5336744.4534,11.786555408,48.150149367,1,2,#fc8d62,car
408,24207,"9,20012800110707E+018",9,1,78,124,2020,1,7,3,3,5,3,0,0,1,0,0,0,1,697372581,5362870.2272,11.666073213,48.388085378,0,2,#fc8d62,car
409,24209,"9,20012800110703E+018",9,1,78,124,2020,1,16,3,3,1,6,0,0,1,0,0,0,0,703740887,5364619986,11.752842267,48.401784463,1,2,#fc8d62,car
410,24210,"9,20012800110703E+018",9,1,78,138,2020,1,6,3,3,1,3,2,0,1,0,0,0,0,712077.8093,5368965.6764,11.867539854,48.438082836,1,2,#fc8d62,car
411,24212,"9,20013000858203E+018",9,1,62,0,2020,1,9,5,3,2,6,0,0,1,0,0,0,0,690826.8211,5332048.5027,11.563854216,48.113082351,0,2,#fc8d62,car
412,24213,"9,20012800110503E+018",9,1,77,118,2020,1,18,3,3,5,2,2,0,1,0,0,0,0,708219.2211,5344646201,11.803420042,48.220839538,1,2,#fc8d62,car
413,24215,"9,20012800858203E+018",9,1,62,0,2020,1,19,3,3,5,2,2,1,1,0,0,0,0,688688663,5337165893,11.537423176,48.159715259,0,1,#66c2a5,bicycle
414,24216,"9,20012800110304E+018",9,1,75,122,2020,1,6,3,3,0,3,2,1,0,0,0,0,1,719559.56,5324645467,11.945595565,48.037309878,1,1,#66c2a5,bicycle
415,24218,"9,20012800857102E+018",9,1,84,148,2020,1,15,3,2,5,3,0,0,0,0,1,0,1,695017294,5327068359,11.617820787,48.067053339,1,4,#e78ac3,marker
416,24219,"9,20012700858202E+018",9,1,62,0,2020,1,10,2,3,3,7,0,0,1,0,0,0,0,684992.7115,5335372.1154,11.486990608,48.144678004,0,2,#fc8d62,car
417,24222,"9,20012700857102E+018",9,1,84,114,2020,1,11,2,2,5,3,0,0,1,0,0,1,0,702657.0977,5318099.1033,11.716015339,47.984065397,0,2,#fc8d62,car
418,24223,"9,2001300075011E+018",9,7,78,116,2020,1,15,5,3,5,3,0,0,1,0,0,0,0,620006.8927,5318919.1192,10.609172668,48.012291356,0,2,#fc8d62,car
419,24226,"9,20012800853202E+018",9,1,84,113,2020,1,7,3,3,2,6,0,0,1,0,0,0,0,685485.1337,5321665.9282,11.487653099,48.021335928,0,2,#fc8d62,car
420,24231,"9,20012800852903E+018",9,1,62,0,2020,1,6,3,2,1,6,2,0,1,0,0,0,0,685102549,5328923606,11.485666745,48.086683506,1,2,#fc8d62,car
421,24234,"9,20013000120302E+018",9,1,81,114,2020,1,10,5,3,9,1,0,0,1,0,0,0,0,650082.9995,5315904.4708,11.011177443,47.978829673,2,2,#fc8d62,car
422,24242,"9,20013000712302E+018",9,7,72,184,2020,1,10,5,3,2,6,0,0,1,0,0,0,0,634405977,5362855.7842,10.816075528,48.404520034,1,2,#fc8d62,car
423,24243,"9,20012700717302E+018",9,7,72,147,2020,1,13,2,3,3,6,0,0,1,0,0,1,0,638691.1928,5363444.8824,10.874139745,48.408888803,0,2,#fc8d62,car
424,24244,"9,2001300021091E+018",9,2,61,0,2020,1,11,5,1,5,4,0,0,0,1,0,1,0,732586.4189,5382870.0804,12.152165191,48.55574431,0,3,#8da0cb,toilet
425,24247,"9,20012700710106E+018",9,7,71,114,2020,1,14,2,3,4,6,0,0,1,0,0,0,0,645314.8105,5375136088,10.967651451,48.51251406,0,2,#fc8d62,car
426,24248,"9,20020100120104E+018",9,1,74,121,2020,2,12,7,3,5,3,0,0,1,0,0,0,0,690721.4236,5355243.2119,11.572870676,48.321583347,0,2,#fc8d62,car
427,24250,"9,20012900858202E+018",9,1,62,0,2020,1,18,4,3,5,2,2,1,1,0,0,0,0,682365.5985,5335513854,11.451766927,48.146710562,1,1,#66c2a5,bicycle
428,24252,"9,20013100210903E+018",9,2,61,0,2020,1,13,6,2,2,6,0,0,1,0,0,0,0,731340.3987,5382078173,12.134864804,48.54909155,0,2,#fc8d62,car
429,24255,"9,20013100130503E+018",9,1,86,162,2020,1,14,6,3,5,3,0,1,1,0,0,0,0,692794.5603,5382026.5527,11.613133636,48.561661061,0,1,#66c2a5,bicycle
430,24259,"9,20013000111103E+018",9,1,78,145,2020,1,22,5,2,6,7,2,0,1,1,0,0,0,697501657,5354500249,11.663888525,48.312824932,1,2,#fc8d62,car
431,24264,"9,20013100141506E+018",9,1,87,170,2020,1,6,6,2,6,4,1,0,1,1,1,0,0,733375.2166,5319174.8038,12.127691397,47.98326429,1,2,#fc8d62,car
432,24274,"9,20013100858206E+018",9,1,62,0,2020,1,10,6,3,4,2,0,0,1,0,0,0,0,694645.7422,5332073.3732,11.615119814,48.112150241,1,2,#fc8d62,car
433,24276,"9,20012900740711E+018",9,7,62,0,2020,1,8,4,3,2,6,0,0,1,0,0,0,0,620560916,5305333721,10.612791363,47.890004256,0,2,#fc8d62,car
434,24281,"9,20013100120506E+018",9,1,79,121,2020,1,22,6,3,5,2,2,0,1,0,0,0,0,668402.6759,5338051.6701,11.265209156,48.173375203,0,2,#fc8d62,car
435,24292,"9,20013100852303E+018",9,1,62,0,2020,1,14,6,3,2,5,0,0,1,0,0,0,0,691559.8451,5331500.7644,11.573446508,48.107939272,0,2,#fc8d62,car
436,24299,"9,20013000857102E+018",9,1,62,0,2020,1,12,5,3,2,6,0,0,1,0,0,0,1,694563.3206,5334724.1411,11.615223572,48.135999501,0,2,#fc8d62,car
437,24314,"9,20013100717303E+018",9,7,61,0,2020,1,10,6,3,3,6,0,0,1,0,0,1,0,639918.1672,5356045.1548,10.888247723,48.342081491,0,2,#fc8d62,car
438,24323,"9,20013000117506E+018",9,1,84,130,2020,1,19,5,3,9,6,2,0,1,0,0,0,0,697356.0326,5342462.7811,11.656312252,48.204688702,1,2,#fc8d62,car
439,24332,"9,20013000710603E+018",9,7,71,146,2020,1,18,5,3,2,1,2,0,1,0,0,0,0,646380.3737,5349384.5542,10.973093914,48.280729444,1,2,#fc8d62,car
440,24334,"9,20013000210907E+018",9,2,61,0,2020,1,16,5,3,5,2,0,1,1,0,0,0,0,732447472,5382736028,12.150210223,48.554591666,0,1,#66c2a5,bicycle
441,24341,"9,20020100121504E+018",9,1,81,128,2020,2,18,7,3,5,3,2,0,1,0,0,0,0,638269159,5327719069,10.856770576,48.0877337,1,2,#fc8d62,car
442,24343,"9,20013000110703E+018",9,1,78,133,2020,1,10,5,2,5,3,0,0,1,0,0,0,0,686396881,5369560351,11.520942168,48.451553806,0,2,#fc8d62,car
443,24357,"9,20013100857102E+018",9,1,62,0,2020,1,11,6,2,0,6,0,0,1,0,0,0,1,693117.5474,5338859.5945,11.597687706,48.173608056,0,2,#fc8d62,car
444,24359,"9,20012900711902E+018",9,7,72,125,2020,1,7,4,3,2,6,0,0,1,0,0,0,0,637346.4964,5346956.7264,10.850603746,48.260922629,1,2,#fc8d62,car
445,24366,"9,20020100115005E+018",9,1,78,124,2020,2,22,7,3,0,7,2,1,0,0,0,0,0,703492936,5364744747,11.749556566,48.402985658,1,1,#66c2a5,bicycle
446,24372,"9,20013100127003E+018",9,1,62,0,2020,1,18,6,3,2,6,2,0,1,0,0,0,0,680894.3169,5339432.2224,11.433671835,48.182352108,0,2,#fc8d62,car
447,24374,"9,20012700215003E+018",9,2,61,0,2020,1,12,2,3,4,6,0,0,1,0,0,0,0,735745.4535,5382517.5965,12.194710093,48.551398832,1,2,#fc8d62,car
448,24376,"9,20012800717002E+018",9,7,72,223,2020,1,15,3,3,2,6,0,0,1,0,0,1,0,615497.6233,5362373863,10.560562436,48.403934401,1,2,#fc8d62,car
449,24385,"9,20013000852103E+018",9,1,62,0,2020,1,17,5,3,3,6,2,0,1,0,1,0,0,695014.9166,5333326.5962,11.620647552,48.123300759,1,2,#fc8d62,car
450,24386,"9,20012700167003E+018",9,1,88,139,2020,1,15,2,3,0,7,0,0,1,0,0,0,1,680456186,5319973.2038,11.419557644,48.007559997,0,2,#fc8d62,car