fid,OBJECTID,UIDENTSTLA,ULAND,UREGBEZ,UKREIS,UGEMEINDE,UJAHR,UMONAT,USTUNDE,UWOCHENTAG,UKATEGORIE,UART,UTYP1,ULICHTVERH,IstRad,IstPKW,IstFuss,IstKrad,IstGkfz,IstSonstig,LINREFX,LINREFY,XGCSWGS84,YGCSWGS84,STRZUSTAND,Teilnehmer,color,symbol
451,24389,"9,20013000858203E+018",9,1,84,149,2020,1,11,5,2,5,3,0,1,1,0,0,0,0,690379.2333,5350615.5902,11.566172415,48.280094924,0,1,#66c2a5,bicycle
452,24393,"9,20012700161702E+018",9,1,90,159,2020,1,17,2,3,5,3,2,0,1,0,0,0,0,663278.2671,5305794.5331,11.184039367,47.884702771,0,2,#fc8d62,car
453,24399,"9,20012700160902E+018",9,1,73,126,2020,1,7,2,2,0,1,0,1,0,0,0,0,0,684610.7283,5303689185,11.468228655,47.859998102,2,1,#66c2a5,bicycle
454,24407,"9,20013000111307E+018",9,1,75,127,2020,1,14,5,3,5,3,0,1,1,0,0,0,0,712939.9158,5341501.6647,11.865319082,48.191017459,0,1,#66c2a5,bicycle
455,24411,"9,20013100147302E+018",9,1,82,120,2020,1,17,6,3,2,6,2,0,1,0,0,0,0,702980.5364,5309951.7877,11.716502582,47.910741868,0,2,#fc8d62,car
456,24414,"9,20013000121502E+018",9,1,81,126,2020,1,19,5,2,8,6,2,0,1,0,0,0,1,636361.3056,5332575.8676,10.832717052,48.131819053,0,2,#fc8d62,car
457,24416,"9,20012700147302E+018",9,1,84,146,2020,1,10,2,3,2,6,0,0,1,0,0,0,0,694847.2599,5329370.4192,11.616590415,48.087795467,0,2,#fc8d62,car
458,24420,"9,20012700145007E+018",9,1,87,122,2020,1,15,2,3,2,6,0,0,1,0,0,0,0,721159.3003,5307312.9258,11.958116351,47.881021367,0,2,#fc8d62,car
459,24422,"9,20012700141302E+018",9,1,87,177,2020,1,11,2,3,5,3,0,0,1,0,0,0,0,735897.9233,5305941.9789,12.154205197,47.863460484,0,2,#fc8d62,car
460,24427,"9,20020100120707E+018",9,1,88,120,2020,2,18,7,3,6,7,2,1,0,1,0,0,0,677427.6318,5326395.6969,11.38164818,48.066141881,1,1,#66c2a5,bicycle
461,24429,"9,2001290085821E+018",9,1,62,0,2020,1,7,4,3,5,2,0,1,0,0,0,0,1,695466.1885,5331080.9196,11.625676072,48.10297925,1,1,#66c2a5,bicycle
462,24431,"9,20012700127002E+018",9,1,79,142,2020,1,12,2,2,1,6,0,0,1,0,0,1,0,675502.3107,5343975.7985,11.36307409,48.224707649,0,2,#fc8d62,car
463,24435,"9,20012700121902E+018",9,1,88,139,2020,1,16,2,3,0,1,0,0,0,0,1,0,0,679001.6428,5319931.9619,11.400055703,48.007598234,0,4,#e78ac3,marker
464,24438,"9,20012700121504E+018",9,1,81,133,2020,1,7,2,3,0,6,0,0,1,0,0,0,0,644329.7312,5315188.1297,10.933886888,47.973711997,0,2,#fc8d62,car
465,24440,"9,20012700121502E+018",9,1,81,126,2020,1,17,2,3,0,5,2,0,1,0,0,0,0,637945.4991,5329415.6748,10.852974892,48.103060266,0,2,#fc8d62,car
466,24444,"9,20012700121502E+018",9,1,81,130,2020,1,7,2,3,0,3,0,1,1,0,0,0,0,639510.8248,5323166.3803,10.871949649,48.046524124,0,1,#66c2a5,bicycle
467,24447,"9,20012700121502E+018",9,1,81,127,2020,1,5,2,3,8,1,2,0,1,0,0,0,0,636358.5816,5326635.0537,10.830781691,48.078397352,2,2,#fc8d62,car
468,24448,"9,20020100110104E+018",9,1,77,115,2020,2,10,7,3,5,3,0,1,1,0,0,0,0,734112.5212,5351216.5861,12.15515603,48.270839348,0,1,#66c2a5,bicycle
469,24449,"9,20012700120503E+018",9,1,79,121,2020,1,18,2,2,6,4,2,0,1,1,0,0,0,667656493,5338519.2368,11.255364661,48.177775886,0,2,#fc8d62,car
470,24451,"9,20012700120102E+018",9,1,74,115,2020,1,20,2,2,0,1,2,1,0,0,0,0,0,680893047,5348433298,11.437495339,48.263260425,0,1,#66c2a5,bicycle
471,24452,"9,20012700117507E+018",9,1,75,118,2020,1,10,2,3,2,6,0,0,1,0,0,1,0,714657.2913,5339028.5768,11.887148658,48.168217595,0,2,#fc8d62,car
472,24454,"9,20013100121502E+018",9,1,81,111,2020,1,7,6,3,5,2,0,0,1,0,0,0,0,645198749,5305751312,10.94234264,47.888658497,1,2,#fc8d62,car
473,24455,"9,20012700110702E+018",9,1,78,157,2020,1,19,2,3,2,6,2,0,1,0,0,0,0,706310.31,5373902516,11.792087917,48.484360106,1,2,#fc8d62,car
474,24458,"9,20012700110503E+018",9,1,77,131,2020,1,6,2,3,5,2,2,0,1,0,0,0,0,712787187,5346568.1812,11.865808053,48.2365943,0,2,#fc8d62,car
475,24459,"9,20013000141302E+018",9,1,63,0,2020,1,10,5,3,2,6,0,0,1,0,0,0,0,734280044,5304539347,12.131846262,47.85145123,0,2,#fc8d62,car
476,24461,"9,20012600857102E+018",9,1,62,0,2020,1,22,1,3,8,6,2,0,1,0,0,0,0,687767.9047,5333536.1097,11.523452967,48.127362535,1,2,#fc8d62,car
477,24462,"9,20013100717304E+018",9,7,72,223,2020,1,22,6,3,3,7,2,0,1,0,0,1,0,617679.5154,5363067.1644,10.590226094,48.409765759,0,2,#fc8d62,car
478,24465,"9,20012600853102E+018",9,1,84,145,2020,1,13,1,3,2,6,0,0,1,0,0,0,0,697470.2113,5324297.8075,11.649432728,48.041398531,0,2,#fc8d62,car
479,24466,"9,20013100854403E+018",9,1,62,0,2020,1,8,6,3,5,3,0,0,1,0,0,0,0,688306658,5340192051,11.53363178,48.187027951,0,2,#fc8d62,car
480,24470,"9,20012600740703E+018",9,7,62,0,2020,1,10,1,3,5,3,0,0,1,0,0,0,0,623176.6145,5306249.7652,10.648029255,47.897746107,1,2,#fc8d62,car
481,24472,"9,20013000857102E+018",9,1,62,0,2020,1,8,5,3,6,2,0,0,1,1,0,0,0,694634.3621,5334166.2778,11.61592259,48.130963932,0,2,#fc8d62,car
482,24473,"9,20012600740103E+018",9,7,78,216,2020,1,16,1,3,5,3,1,0,1,0,0,0,0,623758059,5322144579,10.660382192,48.040583644,0,2,#fc8d62,car
483,24477,"9,20013000131502E+018",9,1,85,113,2020,1,11,5,3,9,1,0,0,1,0,0,0,0,669294.1037,5377967.8985,11.293243612,48.53196405,1,2,#fc8d62,car
484,24482,"9,20012600711903E+018",9,7,72,163,2020,1,4,1,3,0,6,2,0,1,0,0,0,1,638532.3431,5347673712,10.866807884,48.267111564,0,2,#fc8d62,car
485,24484,"9,20012600711902E+018",9,7,72,125,2020,1,15,1,2,8,1,0,0,1,0,0,0,0,635170374,5346944.6663,10.821294376,48.261282221,0,2,#fc8d62,car
486,24486,"9,20012600710403E+018",9,7,61,0,2020,1,0,1,3,6,2,2,0,1,1,0,0,0,639738992,5360827.9798,10.887419844,48.385127031,0,2,#fc8d62,car
487,24491,"9,20012900210904E+018",9,2,61,0,2020,1,0,4,3,9,1,2,0,1,0,0,0,0,730555027,5381742662,12.124053144,48.546366791,2,2,#fc8d62,car
488,24493,"9,20013000120103E+018",9,1,74,135,2020,1,10,5,3,5,3,0,0,1,0,1,0,0,662702447,5353005556,11.19433883,48.309298849,1,2,#fc8d62,car
489,24498,"9,20013100160902E+018",9,1,73,126,2020,1,17,6,3,2,6,2,0,1,0,0,0,0,682718.8623,5307243.6198,11.444461787,47.892490373,0,2,#fc8d62,car
490,24502,"9,20013000710702E+018",9,7,61,0,2020,1,13,5,2,5,2,0,1,1,0,0,0,0,642837.7997,5360342.0252,10.929085084,48.380063505,0,1,#66c2a5,bicycle
491,24504,"9,20013000210909E+018",9,2,74,113,2020,1,7,5,3,4,2,1,0,1,0,0,0,0,728359.4112,5383945.2661,12.095555767,48.566956144,0,2,#fc8d62,car
492,24507,"9,20020100117507E+018",9,1,84,121,2020,2,1,7,1,9,7,2,0,1,0,0,0,0,704508.3741,5330229.4898,11.746589365,48.092489687,0,2,#fc8d62,car
493,24510,"9,20012900852102E+018",9,1,62,0,2020,1,21,4,3,5,2,2,1,1,0,0,0,0,694536884,5334820.0434,11.614912406,48.136869513,1,1,#66c2a5,bicycle
494,24512,"9,20020900110707E+018",9,1,78,124,2020,2,19,1,3,5,3,2,0,1,0,0,0,0,702857.5387,5359047.5753,11.73823246,48.351993928,0,2,#fc8d62,car
495,24514,"9,20020600852405E+018",9,1,62,0,2020,2,12,5,3,2,2,0,1,1,0,0,0,0,697235846,5329013366,11.648466395,48.083851926,0,1,#66c2a5,bicycle
496,24515,"9,20020500110904E+018",9,1,78,143,2020,2,19,4,2,5,3,2,1,1,0,0,0,0,718330764,5372271.95,11.95369582,48.465651427,0,1,#66c2a5,bicycle
497,24519,"9,20020400127004E+018",9,1,84,120,2020,2,8,3,3,1,6,0,0,1,0,0,1,0,681589.6585,5333394.2936,11.440441212,48.127880235,1,2,#fc8d62,car
498,24520,"9,20020400121504E+018",9,1,81,130,2020,2,14,3,3,3,6,0,0,1,0,0,0,0,642104.6889,5324400.9701,10.907144223,48.057053498,1,2,#fc8d62,car
499,24522,"9,20020400121504E+018",9,1,81,130,2020,2,13,3,3,4,2,0,0,1,0,0,0,0,642254104,5324565807,10.909203145,48.058502433,1,2,#fc8d62,car
500,24523,"9,20020700852805E+018",9,1,84,145,2020,2,18,6,3,5,3,2,0,1,0,0,0,0,698645.9554,5324593.6435,11.665327158,48.04369262,1,2,#fc8d62,car
501,24525,"9,20020500717011E+018",9,7,61,0,2020,2,6,4,3,3,6,2,0,1,0,0,0,0,642106.51,5363249.1385,10.920198141,48.406367992,1,2,#fc8d62,car
502,24526,"9,20020400120104E+018",9,1,74,126,2020,2,6,3,3,6,2,2,0,1,1,0,0,0,682916.6293,5344601.9929,11.463081561,48.228241843,0,2,#fc8d62,car
503,24527,"9,20020900740704E+018",9,7,62,0,2020,2,19,1,3,2,6,2,0,1,0,0,0,0,621658.5531,5304404.2849,10.627206891,47.881438015,0,2,#fc8d62,car
504,24530,"9,20020400117507E+018",9,1,75,132,2020,2,15,3,3,2,6,0,0,1,0,0,0,1,706670.1309,5336225.6194,11.778493296,48.145676163,0,2,#fc8d62,car
505,24531,"9,20020800711104E+018",9,7,61,0,2020,2,11,7,3,1,6,0,0,1,0,0,0,0,639345874,5360884251,10.882131743,48.38571997,0,2,#fc8d62,car
506,24534,"9,20020400117004E+018",9,1,62,0,2020,2,8,3,3,3,1,0,0,1,0,0,0,0,695263.5323,5344060.8638,11.628914769,48.219698295,1,2,#fc8d62,car
507,24535,"9,20020800167007E+018",9,1,73,130,2020,2,12,7,3,2,6,0,0,1,0,0,0,0,678919.1696,5309130.1493,11.394457244,47.910519827,0,2,#fc8d62,car
508,24537,"9,20020400111306E+018",9,1,75,139,2020,2,16,3,3,8,1,0,0,1,0,0,0,0,708837302,5329692.1428,11.80439355,48.086257334,2,2,#fc8d62,car
509,24541,"9,20020600215007E+018",9,2,74,113,2020,2,14,5,3,4,2,0,0,1,0,0,0,0,728240.3963,5383997.6584,12.093973634,48.56747013,0,2,#fc8d62,car
510,24542,"9,20020400110704E+018",9,1,78,113,2020,2,19,3,3,6,2,2,0,1,1,0,0,0,692224.6337,5367388.3073,11.598680449,48.430280386,1,2,#fc8d62,car
511,24543,"9,20020300858204E+018",9,1,84,138,2020,2,11,2,3,5,3,0,0,1,0,0,0,0,682492.3106,5331979.5236,11.451955118,48.114905088,1,2,#fc8d62,car
512,24546,"9,20020300857104E+018",9,1,62,0,2020,2,14,2,3,1,7,0,0,1,0,0,0,1,681225.2105,5335241198,11.43633364,48.14458561,1,2,#fc8d62,car
513,24549,"9,20020300854407E+018",9,1,62,0,2020,2,5,2,3,2,6,2,0,1,0,0,0,0,687919.6596,5340411.5136,11.528527146,48.189115106,1,2,#fc8d62,car
514,24553,"9,20020300852604E+018",9,1,84,130,2020,2,15,2,3,5,3,0,1,1,0,0,0,0,698778.7102,5345576.9718,11.676898875,48.232232156,1,1,#66c2a5,bicycle
515,24558,"9,20020800140104E+018",9,1,87,150,2020,2,13,7,3,2,6,0,0,1,0,0,0,0,729419.3289,5303355.0475,12.06633785,47.84256404,0,2,#fc8d62,car
516,24567,"9,20020700110555E+018",9,1,75,127,2020,2,13,6,3,5,2,0,0,1,0,0,0,0,712816382,5341792245,11.863804574,48.193669907,0,2,#fc8d62,car
517,24568,"9,20020500110505E+018",9,1,77,135,2020,2,17,4,2,4,2,2,0,1,0,0,0,0,719016.9927,5344506.0213,11.948531662,48.215945294,0,2,#fc8d62,car
518,24577,"9,2002030071211E+018",9,7,71,145,2020,2,8,2,3,4,6,0,0,1,0,0,1,0,648740.5652,5344677.0535,11.003232404,48.237852946,1,2,#fc8d62,car
519,24581,"9,20020300710114E+018",9,7,71,112,2020,2,11,2,3,4,6,0,0,1,0,0,0,0,646630648,5369547.0818,10.983496269,48.46195735,0,2,#fc8d62,car
520,24583,"9,20020600121504E+018",9,1,81,146,2020,2,14,5,3,5,3,0,0,1,0,0,0,0,649390396,5325553997,11.005265733,48.065756871,0,2,#fc8d62,car
521,24591,"9,20020600858204E+018",9,1,84,123,2020,2,8,5,3,2,6,0,0,1,0,0,0,1,702412953,5332095.2681,11.719365307,48.109926115,1,2,#fc8d62,car
522,24592,"9,20020400858204E+018",9,1,62,0,2020,2,16,3,3,5,2,1,1,1,0,0,0,0,695502629,5330860.5181,11.626064076,48.100987197,1,1,#66c2a5,bicycle
523,24599,"9,20020700858204E+018",9,1,62,0,2020,2,19,6,3,2,6,2,0,1,0,0,0,0,694474.4611,5331896.3482,11.612740378,48.110611523,0,2,#fc8d62,car
524,24603,"9,20020900757506E+018",9,7,77,121,2020,2,19,1,3,3,6,2,0,1,0,0,0,0,630391.1134,5321810.5647,10.749230015,48.036259601,0,2,#fc8d62,car
525,24606,"9,20020800120505E+018",9,1,79,121,2020,2,19,7,3,4,2,2,0,1,0,0,0,0,666682.0213,5338370.1324,11.242207748,48.176691805,0,2,#fc8d62,car
526,24607,"9,20020600110507E+018",9,1,77,131,2020,2,13,5,3,4,6,0,0,1,0,0,0,0,713066.3046,5347826.1927,11.870195141,48.247804462,0,2,#fc8d62,car
527,24609,"9,2002100011131E+018",9,1,75,111,2020,2,17,2,3,2,6,1,0,1,0,0,0,0,711754.3129,5339678.3764,11.848477514,48.175030159,1,2,#fc8d62,car
528,24613,"9,20020800858204E+018",9,1,62,0,2020,2,16,7,3,1,5,0,0,1,0,0,0,0,690933.7216,5330399.3547,11.564551021,48.098227779,0,2,#fc8d62,car
529,24616,"9,20020400854706E+018",9,1,62,0,2020,2,9,3,3,5,2,0,1,1,0,0,0,0,692162.6106,5339310.1918,11.585059844,48.177947354,1,1,#66c2a5,bicycle
530,24625,"9,20020700852306E+018",9,1,62,0,2020,2,9,6,3,2,6,0,0,1,0,0,0,0,694183.6059,5331728211,11.608760441,48.109189097,0,2,#fc8d62,car
531,24641,"9,20020600740105E+018",9,7,77,121,2020,2,15,5,3,5,3,0,0,1,0,0,0,0,628825.4861,5321902.7214,10.728264411,48.037406172,0,2,#fc8d62,car
532,24649,"9,20020700712704E+018",9,7,72,115,2020,2,10,6,3,5,3,0,0,1,0,0,0,1,620752.2431,5370112.2677,10.633762118,48.472539978,0,2,#fc8d62,car
533,24654,"9,20020700131305E+018",9,1,86,130,2020,2,16,6,2,0,1,0,0,0,0,1,0,0,685628.6717,5373967.3943,11.512518858,48.491390431,0,4,#e78ac3,marker
534,24660,"9,20020800131305E+018",9,1,86,151,2020,2,14,7,3,5,3,0,0,1,0,0,0,0,681327.7506,5374214.5518,11.454468648,48.494867455,0,2,#fc8d62,car
535,24675,"9,20020700120104E+018",9,1,74,121,2020,2,18,6,3,5,6,2,0,1,0,0,0,0,690752.6927,5353309.0262,11.572417539,48.304190199,1,2,#fc8d62,car
536,24681,"9,20020800121706E+018",9,1,79,126,2020,2,9,7,3,1,2,0,0,1,0,0,0,1,676770.6772,5340036.1185,11.378495691,48.188941337,0,2,#fc8d62,car
537,24682,"9,20020600110706E+018",9,1,78,124,2020,2,13,5,3,2,6,0,0,1,0,0,0,0,703241.4842,5361415.0918,11.744552484,48.373145689,0,2,#fc8d62,car
538,24684,"9,20021000120104E+018",9,1,74,118,2020,2,7,2,3,0,7,0,0,1,0,0,0,0,671021.3075,5357326.3401,11.308194568,48.34594547,1,2,#fc8d62,car
539,24688,"9,20020900117004E+018",9,1,78,113,2020,2,22,1,3,8,7,2,0,1,0,0,0,0,691490.1191,5368612.1168,11.589320352,48.441502862,0,2,#fc8d62,car
540,24690,"9,20020600857105E+018",9,1,62,0,2020,2,11,5,3,4,2,0,0,1,0,0,0,0,677944.9776,5335310.2355,11.392304336,48.146132178,0,2,#fc8d62,car
541,24693,"9,20020300215007E+018",9,2,61,0,2020,2,19,2,3,5,3,2,0,1,0,0,0,0,732650.8348,5381782.9712,12.152429564,48.545955257,1,2,#fc8d62,car
542,24696,"9,20020700110507E+018",9,1,77,117,2020,2,23,6,2,8,1,2,0,1,0,0,0,0,716888.6533,5350352.6128,11.922911515,48.269208385,2,2,#fc8d62,car
543,24698,"9,20020300161704E+018",9,1,90,138,2020,2,15,2,2,5,3,0,0,1,0,0,0,0,661005254,5310523959,11.155423049,47.927799001,1,2,#fc8d62,car
544,24704,"9,20020800117004E+018",9,1,78,150,2020,2,8,7,3,2,6,0,0,1,0,0,0,0,691118.8009,5371899.7336,11.585805771,48.471162487,0,2,#fc8d62,car
545,24708,"9,20021000110704E+018",9,1,78,150,2020,2,8,2,3,9,7,0,0,0,0,0,0,1,688868142,5373280.0428,11.556009982,48.48424783,1,6,#ffd92f,circle
546,24710,"9,20020300147304E+018",9,1,82,127,2020,2,6,2,3,3,6,2,0,1,0,0,1,0,702467.9182,5311625.5819,11.71043629,47.92594667,1,2,#fc8d62,car
547,24720,"9,20020300140707E+018",9,1,82,133,2020,2,7,2,2,9,1,0,0,1,0,0,0,0,707783.9324,5306753.7396,11.779169809,47.880463852,1,2,#fc8d62,car
548,24730,"9,20020300127004E+018",9,1,81,132,2020,2,7,2,3,8,1,1,0,1,0,0,0,0,646742.8686,5324713.7802,10.969461642,48.0588164,1,2,#fc8d62,car
549,24731,"9,20020700712304E+018",9,7,72,177,2020,2,6,6,2,4,2,2,0,1,0,0,0,0,635854.8011,5378876.7298,10.840847514,48.548266632,0,2,#fc8d62,car
550,24732,"9,20020300127004E+018",9,1,81,146,2020,2,8,2,3,2,6,0,0,1,0,0,0,0,647990.4998,5325073.1158,10.986320273,48.061759265,1,2,#fc8d62,car
551,24733,"9,20020700854705E+018",9,1,62,0,2020,2,6,6,3,6,2,2,0,1,1,0,0,0,692131507,5339730265,11.584831786,48.181732268,1,2,#fc8d62,car
552,24735,"9,20020500717304E+018",9,7,71,122,2020,2,17,4,3,2,6,1,0,1,0,0,0,0,648931529,5362687.0861,11.012163211,48.399739002,0,2,#fc8d62,car
553,24736,"9,20020300121504E+018",9,1,81,130,2020,2,9,2,2,4,2,0,0,1,0,0,0,0,642256.1759,5324568.0597,10.909231685,48.058522228,1,2,#fc8d62,car
554,24737,"9,20020900740707E+018",9,7,77,130,2020,2,16,1,2,0,1,0,1,0,0,0,0,0,624609.1288,5309092.9421,10.668008779,47.923039633,0,1,#66c2a5,bicycle
555,24739,"9,20020700161904E+018",9,1,73,120,2020,2,5,6,3,8,1,2,0,1,0,0,0,0,692050.9461,5313010.15,11.571751056,47.941596923,2,2,#fc8d62,car
556,24740,"9,20020300121304E+018",9,1,88,144,2020,2,19,2,3,7,7,2,1,0,0,0,0,0,669686.7308,5328620.2726,11.278710913,48.088246843,1,1,#66c2a5,bicycle
557,24741,"9,20020800717305E+018",9,7,72,147,2020,2,18,7,3,9,1,2,0,1,0,0,0,1,632691.7968,5364535.0199,10.793456742,48.419983106,0,2,#fc8d62,car
558,24744,"9,20020300120907E+018",9,1,79,123,2020,2,11,2,3,6,2,0,0,0,1,0,1,0,676397.52,5333678.0089,11.370842728,48.131890663,1,3,#8da0cb,toilet
559,24748,"9,20020300120104E+018",9,1,74,126,2020,2,18,2,3,5,2,2,1,1,0,0,0,0,682902474,5344619671,11.462898763,48.228404824,1,1,#66c2a5,bicycle
560,24752,"9,20020300117004E+018",9,1,62,0,2020,2,7,2,3,2,6,0,0,1,0,0,1,0,693023.5819,5339547.2188,11.596737365,48.179816734,1,2,#fc8d62,car
561,24757,"9,2002030011111E+018",9,1,78,120,2020,2,16,2,3,8,1,0,0,1,0,0,0,0,695735.2169,5353482.1352,11.639617068,48.304224129,1,2,#fc8d62,car
562,24761,"9,20020300110704E+018",9,1,78,140,2020,2,15,2,2,4,6,0,0,1,0,0,0,0,707067.2057,5366075.9177,11.798448732,48.413783635,1,2,#fc8d62,car
563,24765,"9,20020300110305E+018",9,1,75,121,2020,2,18,2,3,6,4,2,0,1,1,0,0,0,713697.3117,5318993.0346,11.864234856,47.988506248,1,2,#fc8d62,car
564,24766,"9,20020800141304E+018",9,1,63,0,2020,2,17,7,2,4,7,2,0,1,0,0,0,0,734795.7911,5303711.5417,12.138280954,47.843826129,0,2,#fc8d62,car
565,24769,"9,20020300110104E+018",9,1,77,139,2020,2,16,2,3,1,6,0,0,1,0,0,0,0,731941253,5359622364,12.130558795,48.347149474,1,2,#fc8d62,car
566,24776,"9,20020700110707E+018",9,1,78,124,2020,2,8,6,3,0,1,0,1,0,0,0,0,0,704436.7945,5365174.5665,11.762503731,48.406542726,0,1,#66c2a5,bicycle
567,24778,"9,20020200730104E+018",9,7,73,140,2020,2,5,1,3,9,1,2,0,1,0,0,0,0,616380.6239,5371930.0843,10.575144569,48.489711919,1,2,#fc8d62,car
568,24782,"9,20020200717305E+018",9,7,61,0,2020,2,5,1,2,2,6,2,0,1,0,0,0,0,642828.2256,5363479.4021,10.930022868,48.408275271,1,2,#fc8d62,car
569,24783,"9,20020800121306E+018",9,1,88,117,2020,2,11,7,3,2,6,0,0,1,0,0,0,0,664096232,5315305218,11.198594962,47.97000173,0,2,#fc8d62,car
570,24784,"9,20020600110704E+018",9,1,78,113,2020,2,7,5,3,0,3,0,0,0,0,0,1,1,691391.1214,5367180.4697,11.587329308,48.428666295,0,5,#a6d854,bus
571,24785,"9,20020200710604E+018",9,7,61,0,2020,2,0,1,3,5,1,2,0,1,0,0,0,0,641901.1064,5357635.1899,10.915528719,48.355936173,1,2,#fc8d62,car
572,24789,"9,20020200710405E+018",9,7,61,0,2020,2,8,1,3,0,1,0,0,0,0,0,0,1,640025.4667,5360625.6812,10.891219582,48.3832445,1,6,#ffd92f,circle
573,24790,"9,20020800131304E+018",9,1,86,151,2020,2,9,7,3,9,1,0,0,1,0,0,0,0,682934.1221,5374303.2257,11.476230418,48.495198918,0,2,#fc8d62,car
574,24791,"9,20020600127006E+018",9,1,74,113,2020,2,15,5,3,3,6,0,0,1,0,0,0,0,670603.8329,5347725.6279,11.298684382,48.259753236,0,2,#fc8d62,car
575,24792,"9,20020200710404E+018",9,7,61,0,2020,2,10,1,3,0,7,0,1,0,1,0,0,0,641204.7864,5360156.2701,10.906980918,48.378760872,1,1,#66c2a5,bicycle
576,24799,"9,20020600858204E+018",9,1,62,0,2020,2,15,5,3,2,6,0,0,1,0,0,0,0,690017117,5328281.5065,11.551309925,48.079466303,0,2,#fc8d62,car
577,24808,"9,20020700858206E+018",9,1,62,0,2020,2,14,6,3,2,6,0,0,1,0,0,0,0,688355.7326,5334063.7862,11.531578171,48.131931733,0,2,#fc8d62,car
578,24812,"9,20020900853104E+018",9,1,84,141,2020,2,14,1,3,5,3,0,0,1,0,0,0,0,698080111,5316611.0223,11.654057371,47.972124637,0,2,#fc8d62,car
579,24813,"9,20020700217504E+018",9,2,74,113,2020,2,20,6,3,8,1,2,0,1,0,0,0,0,729176.5699,5384240.6513,12.106778622,48.569311443,0,2,#fc8d62,car
580,24817,"9,20021000117506E+018",9,1,77,115,2020,2,6,2,2,0,7,2,0,1,0,0,0,0,729245.2674,5348533.1978,12.088205974,48.248512714,1,2,#fc8d62,car
581,24821,"9,20020900110707E+018",9,1,78,124,2020,2,11,1,3,2,2,0,0,1,0,0,0,0,703214221,5361572531,11.744260848,48.374569258,0,2,#fc8d62,car
582,24833,"9,20020700852804E+018",9,1,84,145,2020,2,16,6,3,5,2,0,0,1,0,0,0,0,696496.5159,5322576.2833,11.635593451,48.026226551,0,2,#fc8d62,car
583,24835,"9,20020500712504E+018",9,7,72,168,2020,2,9,4,3,5,3,0,0,1,0,0,0,0,619132.1803,5347036.8394,10.605314709,48.265330344,0,2,#fc8d62,car
584,24840,"9,2002020021091E+018",9,2,61,0,2020,2,22,1,3,2,6,2,1,1,0,0,0,0,735784.1169,5382585.8722,12.195271845,48.551997576,1,1,#66c2a5,bicycle
585,24842,"9,2002040021091E+018",9,2,74,194,2020,2,12,3,3,5,3,0,0,1,0,0,0,0,721123.1546,5378963983,11.994961696,48.524798278,1,2,#fc8d62,car
586,24844,"9,20020200167006E+018",9,1,84,132,2020,2,19,1,2,2,6,2,0,1,0,0,0,1,684656.6818,5326764.8375,11.478752376,48.067408437,1,2,#fc8d62,car
587,24847,"9,20020500121704E+018",9,1,79,142,2020,2,14,4,3,2,6,0,0,1,0,0,0,0,670866.7743,5341477.3895,11.299704731,48.203513473,0,2,#fc8d62,car
588,24856,"9,20020200147304E+018",9,1,82,137,2020,2,13,1,3,0,1,0,0,0,0,1,0,0,712511.3623,5304860.3915,11.841390028,47.861902542,1,4,#e78ac3,marker
589,24857,"9,20020700717304E+018",9,7,72,160,2020,2,12,6,3,3,6,0,0,1,0,0,1,0,637806.7534,5340343.2386,10.854650937,48.201353544,0,2,#fc8d62,car
590,24861,"9,20020400161704E+018",9,1,90,158,2020,2,16,3,3,0,1,0,0,1,0,0,0,1,651125.9843,5304606.3011,11.021181295,47.876994589,2,2,#fc8d62,car
591,24862,"9,20020700137004E+018",9,1,86,162,2020,2,10,6,3,3,6,0,0,1,0,0,1,0,690954.6957,5384086.6869,11.589168535,48.580738722,0,2,#fc8d62,car
592,24863,"9,20020200127004E+018",9,1,81,146,2020,2,23,1,2,1,6,2,0,1,0,0,0,0,651414.5809,5326278.9058,11.0326755,48.071797556,1,2,#fc8d62,car
593,24865,"9,20020400161704E+018",9,1,90,158,2020,2,19,3,3,4,1,2,0,1,0,0,0,0,654115.8717,5304088.3476,11.060957232,47.871626717,2,2,#fc8d62,car
594,24867,"9,20020200110704E+018",9,1,78,137,2020,2,14,1,3,8,1,0,0,1,0,0,0,0,689722.2104,5363474.7777,11.563116141,48.395866176,1,2,#fc8d62,car
595,24870,"9,20020100858204E+018",9,1,62,0,2020,2,12,7,3,3,6,0,0,1,0,0,0,0,679217.4949,5334753.0607,11.409161995,48.14076651,0,2,#fc8d62,car
596,24874,"9,20020100857105E+018",9,1,84,123,2020,2,0,7,3,5,3,2,0,1,0,0,0,1,702489506,5332045244,11.72036883,48.109452225,1,2,#fc8d62,car
597,24877,"9,20020700110507E+018",9,1,77,133,2020,2,16,6,3,3,6,0,0,1,0,0,0,0,712399.3571,5357547.7466,11.866110709,48.335381083,0,2,#fc8d62,car
598,24878,"9,20020100857104E+018",9,1,84,118,2020,2,9,7,3,4,2,0,1,1,0,0,0,0,703025.6692,5336252.0387,11.729567589,48.14708707,0,1,#66c2a5,bicycle
599,24879,"9,20021000217504E+018",9,2,61,0,2020,2,8,2,3,0,7,0,0,0,0,0,1,0,726744.3808,5380069.2077,12.071585805,48.532722236,1,5,#a6d854,bus
600,24882,"9,20020100852104E+018",9,1,62,0,2020,2,12,7,3,5,3,0,0,1,0,0,0,0,694617.6859,5334175.9241,11.615703106,48.131055728,1,2,#fc8d62,car