fid,OBJECTID,UIDENTSTLA,ULAND,UREGBEZ,UKREIS,UGEMEINDE,UJAHR,UMONAT,USTUNDE,UWOCHENTAG,UKATEGORIE,UART,UTYP1,ULICHTVERH,IstRad,IstPKW,IstFuss,IstKrad,IstGkfz,IstSonstig,LINREFX,LINREFY,XGCSWGS84,YGCSWGS84,STRZUSTAND,Teilnehmer,color,symbol
900,26134,"9,20030200127007E+018",9,1,62,0,2020,3,21,2,3,3,6,2,0,1,0,0,1,0,683770.1646,5342569.2224,11.473682881,48.209723697,0,2,#fc8d62,car
901,26136,"9,20030200854808E+018",9,1,84,119,2020,3,7,2,3,5,2,0,0,1,0,0,0,0,695283.7617,5347365.9686,11.630710143,48.249396136,0,2,#fc8d62,car
902,26142,"9,20022800110306E+018",9,1,75,131,2020,2,8,6,3,2,6,0,0,1,0,0,0,0,708390.0093,5323412.9194,11.79533582,48.02997631,1,2,#fc8d62,car
903,26150,"9,20022900858206E+018",9,1,62,0,2020,2,9,7,3,5,2,0,1,1,0,0,0,0,701040.6706,5332422.3518,11.701104522,48.113300204,0,1,#66c2a5,bicycle
904,26154,"9,20030400110714E+018",9,1,78,124,2020,3,7,4,3,3,2,0,1,1,0,0,0,0,702275.6232,5365463757,11.733474489,48.409838603,0,1,#66c2a5,bicycle
905,26157,"9,20030400121507E+018",9,1,81,134,2020,3,6,4,1,4,1,0,0,1,0,0,0,0,643857.9034,5342680.3966,10.936834758,48.221026278,0,2,#fc8d62,car
906,26159,"9,20022700857106E+018",9,1,88,127,2020,2,22,5,1,0,7,2,0,1,0,0,0,0,679693.7432,5329802.6543,11.413471821,48.096132969,1,2,#fc8d62,car
907,26160,"9,20022800717306E+018",9,7,71,111,2020,2,5,6,3,9,1,2,0,1,0,0,0,0,658270.8468,5357398.9028,11.136264205,48.349921316,2,2,#fc8d62,car
908,26187,"9,20022900120706E+018",9,1,88,120,2020,2,9,7,3,9,7,0,0,0,0,0,0,1,674348.9983,5324269.2855,11.339492439,48.04787519,0,6,#ffd92f,circle
909,26188,"9,2003030071231E+018",9,7,72,177,2020,3,14,3,3,2,6,0,0,1,0,0,1,0,635202.2209,5376626.4061,10.831279487,48.528173322,0,2,#fc8d62,car
910,26192,"9,20030300121708E+018",9,1,79,117,2020,3,10,3,3,4,6,0,0,1,0,0,1,0,659732.3027,5350122.2376,11.15321991,48.284133857,0,2,#fc8d62,car
911,26202,"9,20022900110906E+018",9,1,78,125,2020,2,15,7,2,0,1,0,1,0,0,0,0,0,718318.2957,5380729.5456,11.957949503,48.541642274,1,1,#66c2a5,bicycle
912,26205,"9,20030200110709E+018",9,1,78,124,2020,3,7,2,3,4,3,0,1,1,0,0,0,0,702702.5308,5364200.7552,11.738626867,48.398351805,0,1,#66c2a5,bicycle
913,26209,"9,2002280014151E+018",9,1,87,170,2020,2,6,6,3,7,1,2,0,1,0,0,0,0,732569.2719,5318455.6113,12.11651743,47.977096576,2,2,#fc8d62,car
914,26214,"9,20022700857106E+018",9,1,84,140,2020,2,19,5,3,6,2,2,0,1,1,0,0,0,702242.8612,5328430.1504,11.715346826,48.077042027,1,2,#fc8d62,car
915,26215,"9,20022800740707E+018",9,7,62,0,2020,2,0,6,3,8,1,2,0,1,0,0,0,0,618290.9264,5303335.9049,10.581889654,47.87245845,2,2,#fc8d62,car
916,26221,"9,20022700852207E+018",9,1,62,0,2020,2,11,5,3,0,1,0,0,1,0,0,0,0,694499.4736,5334959.6831,11.614473851,48.138135973,0,2,#fc8d62,car
917,26228,"9,20030100127007E+018",9,1,62,0,2020,3,14,1,3,3,6,0,0,1,0,0,0,0,681915.6293,5341912.5935,11.448461732,48.20435572,0,2,#fc8d62,car
918,26231,"9,20030400120131E+018",9,1,74,122,2020,3,18,4,3,2,6,2,0,1,0,0,0,1,684016.1526,5352117.6453,11.481142003,48.295477081,0,2,#fc8d62,car
919,26234,"9,20022800712306E+018",9,7,72,147,2020,2,6,6,3,3,1,0,0,1,0,0,1,0,638942.6874,5369105.3319,10.879413163,48.459730267,2,2,#fc8d62,car
920,26247,"9,20030300851508E+018",9,1,62,0,2020,3,11,3,3,0,7,0,1,0,0,0,0,0,689424.2709,5331854.6163,11.544943489,48.111758366,0,1,#66c2a5,bicycle
921,26255,"9,20022900712507E+018",9,7,72,209,2020,2,15,7,2,5,3,0,1,1,0,0,0,0,636817.4151,5337296.2163,10.84036168,48.174167966,0,1,#66c2a5,bicycle
922,26258,"9,20022900120106E+018",9,1,74,122,2020,2,10,7,1,4,1,0,0,1,0,0,0,1,685470.39,5354248015,11.501666712,48.314200588,0,2,#fc8d62,car
923,26260,"9,2002270021751E+018",9,1,78,143,2020,2,11,5,3,2,6,0,0,1,0,0,0,1,721128.4246,5374115.9605,11.992465631,48.481241291,0,2,#fc8d62,car
924,26263,"9,20030200857107E+018",9,1,62,0,2020,3,15,2,2,3,6,0,0,1,0,1,0,0,693465.4232,5337315.8296,11.601659806,48.159627459,0,2,#fc8d62,car
925,26264,"9,20022900137006E+018",9,1,86,162,2020,2,11,7,3,2,6,0,0,1,0,0,1,1,691245.2955,5383099.2319,11.592650478,48.571775777,0,2,#fc8d62,car
926,26267,"9,2003020014011E+018",9,1,87,150,2020,3,7,2,3,5,6,0,0,1,0,0,0,0,728607.3668,5304413.3896,12.056060499,47.852362023,0,2,#fc8d62,car
927,26275,"9,20022800854606E+018",9,1,84,138,2020,2,8,6,3,5,3,0,0,1,0,0,0,0,681737.4796,5330693.5264,11.441274957,48.103561326,1,2,#fc8d62,car
928,26278,"9,20030100852608E+018",9,1,84,147,2020,3,17,1,2,0,1,1,0,0,0,1,0,0,697343.7056,5339699295,11.654862375,48.179856502,0,4,#e78ac3,marker
929,26288,"9,20022700167007E+018",9,1,88,139,2020,2,18,5,3,9,1,2,0,1,0,0,0,0,677714.8256,5319439188,11.382613419,48.003527552,1,2,#fc8d62,car
930,26293,"9,20030100710117E+018",9,7,71,112,2020,3,0,1,3,8,1,2,0,1,0,0,0,0,647400.3201,5370695453,10.994305864,48.472102492,1,2,#fc8d62,car
931,26294,"9,2002280014151E+018",9,1,87,170,2020,2,6,6,3,8,1,2,0,1,0,0,0,0,732564.9557,5318455.6972,12.116459726,47.977098916,2,2,#fc8d62,car
932,26297,"9,20022900858206E+018",9,1,62,0,2020,2,20,7,3,1,3,2,0,1,0,0,0,0,692116.6996,5341993.8258,11.585656762,48.202080989,0,2,#fc8d62,car
933,26301,"9,20030400120107E+018",9,1,74,126,2020,3,7,4,3,5,3,0,0,1,0,0,0,0,683845061,5346479851,11.476386278,48.24485239,0,2,#fc8d62,car
934,26306,"9,20030600710707E+018",9,7,61,0,2020,3,18,6,3,5,2,2,1,1,0,0,0,0,642766.5735,5359811937,10.927943669,48.375313342,1,1,#66c2a5,bicycle
935,26311,"9,2003060071061E+018",9,7,61,0,2020,3,23,6,3,5,2,2,0,1,0,0,0,0,639821.0102,5352479.4086,10.885754532,48.310040552,1,2,#fc8d62,car
936,26313,"9,20030800730108E+018",9,7,73,125,2020,3,17,1,2,9,6,0,0,0,0,1,0,0,617034.7402,5380353.57,10.586358906,48.565342102,0,4,#e78ac3,marker
937,26314,"9,20031000120108E+018",9,1,74,111,2020,3,13,3,3,0,6,0,0,1,0,0,0,0,663061.3139,5364527.2455,11.203640354,48.412786089,1,2,#fc8d62,car
938,26325,"9,20031000858208E+018",9,1,62,0,2020,3,16,3,3,6,7,0,0,1,1,0,0,0,691656.2095,5331648.8964,11.574806276,48.109241685,1,2,#fc8d62,car
939,26330,"9,20031100117519E+018",9,1,84,112,2020,3,19,4,3,2,6,1,0,1,0,0,0,0,701768.8613,5340637.6051,11.714770931,48.186899228,0,2,#fc8d62,car
940,26332,"9,20031000110309E+018",9,1,75,124,2020,3,7,3,1,8,1,0,0,1,0,0,0,0,711831.9868,5327416.2226,11.84342903,48.064817994,0,2,#fc8d62,car
941,26341,"9,20030900127008E+018",9,7,71,129,2020,3,13,2,3,3,6,0,0,1,0,0,0,0,660387.3272,5355477691,11.164078832,48.332115288,1,2,#fc8d62,car
942,26342,"9,2003100071211E+018",9,7,71,111,2020,3,14,3,3,5,3,0,0,1,0,0,1,0,659405.8794,5359386.1259,11.152325934,48.367501546,1,2,#fc8d62,car
943,26344,"9,20030900717308E+018",9,7,71,122,2020,3,17,2,2,9,6,0,0,1,0,0,0,1,653181.9999,5361935.1232,11.069277157,48.39196,0,2,#fc8d62,car
944,26348,"9,20031200120509E+018",9,1,79,136,2020,3,7,5,3,4,6,0,0,1,0,0,0,1,660598.4976,5341668.9771,11.161681337,48.207916683,0,2,#fc8d62,car
945,26361,"9,2003080085821E+018",9,1,62,0,2020,3,14,1,2,5,3,0,1,1,0,0,0,0,692089335,5341853832,11.585225503,48.200831046,0,1,#66c2a5,bicycle
946,26365,"9,20030900710608E+018",9,7,61,0,2020,3,9,2,3,1,1,0,0,1,0,0,1,0,641388.48,5357505955,10.908569337,48.354889133,1,2,#fc8d62,car
947,26369,"9,20031100857108E+018",9,1,84,127,2020,3,17,4,3,2,6,0,0,1,0,1,0,0,702213331,5321992364,11.711909476,48.019194938,0,2,#fc8d62,car
948,26375,"9,20031000121508E+018",9,1,81,141,2020,3,5,3,3,7,7,2,0,1,0,0,0,1,643800.1215,5317890.2494,10.927699631,47.998128994,1,2,#fc8d62,car
949,26378,"9,20030800110108E+018",9,1,77,121,2020,3,1,1,3,8,1,2,0,1,0,0,0,0,731739033,5363622.5,12.130036829,48.383157634,0,2,#fc8d62,car
950,26383,"9,2003080011751E+018",9,1,75,135,2020,3,23,1,3,2,6,2,0,1,0,0,0,0,709882.5435,5337516.1649,11.822263693,48.156221413,0,2,#fc8d62,car
951,26384,"9,20030600854408E+018",9,1,62,0,2020,3,9,6,3,2,6,0,0,0,0,0,1,1,685544.69,5340867.5919,11.496802019,48.193912672,0,5,#a6d854,bus
952,26389,"9,2003110074011E+018",9,7,77,121,2020,3,13,4,3,5,3,0,0,1,0,0,0,0,628921.7636,5321864.6756,10.729543962,48.037044592,0,2,#fc8d62,car
953,26393,"9,2003110013151E+018",9,1,85,158,2020,3,13,4,3,0,6,0,0,0,0,1,0,0,667216.7195,5380613.5301,11.266188637,48.556303325,0,4,#e78ac3,marker
954,26395,"9,20031000110908E+018",9,1,78,125,2020,3,2,3,2,9,1,2,0,1,0,0,0,0,717055.6239,5379700.9678,11.940329686,48.532839077,0,2,#fc8d62,car
955,26399,"9,20030600712108E+018",9,7,71,130,2020,3,15,6,3,2,6,0,0,1,0,0,0,0,644248.4114,5362189.1817,10.948758839,48.396351034,0,2,#fc8d62,car
956,26405,"9,2003090013131E+018",9,1,86,143,2020,3,17,2,3,1,6,0,0,1,0,0,0,0,683049051,5377338493,11.479115765,48.522446317,0,2,#fc8d62,car
957,26411,"9,20030900140708E+018",9,1,82,120,2020,3,12,2,3,5,3,0,0,1,0,0,0,0,702238.2046,5305949.7692,11.704704404,47.87500896,0,2,#fc8d62,car
958,26413,"9,20031100110509E+018",9,1,77,117,2020,3,0,4,3,8,1,2,0,1,0,0,0,0,716888.2882,5350354.6973,11.92290767,48.269227239,0,2,#fc8d62,car
959,26415,"9,20030900857109E+018",9,1,62,0,2020,3,16,2,3,2,6,1,0,1,0,0,0,0,697235846,5329013366,11.648466395,48.083851926,1,2,#fc8d62,car
960,26425,"9,20030900121508E+018",9,1,81,133,2020,3,16,2,3,0,6,0,0,1,0,0,0,0,644341.1031,5315174.4369,10.934034572,47.973586305,0,2,#fc8d62,car
961,26428,"9,20031000852608E+018",9,1,84,147,2020,3,16,3,3,5,6,0,0,1,0,0,0,0,696048.9767,5340730.6576,11.63793954,48.189526504,1,2,#fc8d62,car
962,26435,"9,20031200127008E+018",9,1,81,132,2020,3,21,5,3,2,6,2,0,1,0,1,0,0,646110.0836,5324617.2144,10.960941104,48.058093321,0,2,#fc8d62,car
963,26440,"9,20030800858208E+018",9,1,62,0,2020,3,13,1,3,2,6,0,0,1,0,0,0,0,694536.9843,5335390.2351,11.615174194,48.141994129,0,2,#fc8d62,car
964,26451,"9,20030900712507E+018",9,7,72,178,2020,3,16,2,2,4,1,0,0,1,0,0,0,0,620468918,5343460226,10.622301963,48.232912384,1,2,#fc8d62,car
965,26455,"9,20031100858209E+018",9,1,62,0,2020,3,15,4,3,2,6,0,0,1,0,0,0,0,686207.2163,5335217.9234,11.50323453,48.142937756,0,2,#fc8d62,car
966,26464,"9,20030800117008E+018",9,1,62,0,2020,3,14,1,3,2,6,0,0,1,0,0,0,0,685994771,5343286.6253,11.503912786,48.215523941,0,2,#fc8d62,car
967,26469,"9,20031100710111E+018",9,7,71,158,2020,3,16,4,3,0,7,0,0,0,0,1,0,1,642237.0192,5372206.2133,10.92500298,48.48687528,1,4,#e78ac3,marker
968,26471,"9,20030900147309E+018",9,1,62,0,2020,3,14,2,3,2,6,0,0,1,0,0,0,0,694672.1271,5331940.1576,11.615413122,48.110944885,0,2,#fc8d62,car
969,26473,"9,20031100120909E+018",9,1,88,121,2020,3,6,4,2,5,3,0,0,1,0,0,1,0,669417767,5330183816,11.275722477,48.10237454,1,2,#fc8d62,car
970,26476,"9,20031000110513E+018",9,1,77,130,2020,3,23,3,3,3,3,2,0,1,0,0,1,0,712615.8662,5352189.7833,11.8663287,48.287164753,1,2,#fc8d62,car
971,26481,"9,20031000120108E+018",9,1,74,118,2020,3,17,3,3,0,7,0,0,1,0,0,0,0,668620.5376,5352887.9659,11.274043885,48.306691782,1,2,#fc8d62,car
972,26484,"9,20030700852408E+018",9,1,62,0,2020,3,13,7,3,5,2,0,1,1,0,0,0,0,696317.9,5333750534,11.63833336,48.126710443,1,1,#66c2a5,bicycle
973,26486,"9,2003050016701E+018",9,1,73,130,2020,3,12,5,3,2,6,0,0,1,0,0,0,0,679589.1312,5312539.4175,11.404836141,47.940979776,0,2,#fc8d62,car
974,26489,"9,20030500161908E+018",9,1,73,123,2020,3,7,5,3,9,1,1,0,1,0,0,0,0,679992.4563,5304382.4472,11.406828466,47.867540502,1,2,#fc8d62,car
975,26491,"9,20030900140109E+018",9,1,87,137,2020,3,6,2,3,5,3,1,0,1,0,0,0,1,729467.2293,5311952.4432,12.071544049,47.919789824,1,2,#fc8d62,car
976,26492,"9,20031000858208E+018",9,1,62,0,2020,3,17,3,3,6,3,1,1,0,1,0,0,0,691669.42,5331699.3273,11.575006225,48.109690979,1,1,#66c2a5,bicycle
977,26503,"9,20030700712308E+018",9,7,72,185,2020,3,10,7,2,5,3,0,1,1,0,0,0,0,635032.4582,5384045.0587,10.831388669,48.594916235,0,1,#66c2a5,bicycle
978,26517,"9,20030500120509E+018",9,1,79,121,2020,3,20,5,3,4,6,2,0,1,0,0,0,0,666172.4225,5339501.9147,11.235800684,48.187000046,1,2,#fc8d62,car
979,26518,"9,20031200121508E+018",9,1,81,145,2020,3,23,5,3,0,1,2,0,0,0,1,0,0,643169617,5331959249,10.923962388,48.124779272,1,4,#e78ac3,marker
980,26519,"9,20030700140108E+018",9,1,87,122,2020,3,10,7,3,2,6,0,0,1,0,0,0,0,722008.5835,5306914.6393,11.969255518,47.877149589,0,2,#fc8d62,car
981,26522,"9,20030500120308E+018",9,1,81,114,2020,3,15,5,3,5,3,0,0,1,0,1,0,0,657202.1929,5311912.8357,11.105053383,47.941230709,1,2,#fc8d62,car
982,26528,"9,20030500120108E+018",9,1,74,115,2020,3,17,5,3,5,2,0,0,1,0,0,0,0,681844207,5346428.48,11.449438503,48.244967721,1,2,#fc8d62,car
983,26530,"9,20030900120108E+018",9,1,74,131,2020,3,18,2,3,8,1,2,0,1,0,0,0,0,676762.2351,5360289.5935,11.386853123,48.37100134,1,2,#fc8d62,car
984,26533,"9,20030800141308E+018",9,1,63,0,2020,3,21,1,3,0,1,2,1,0,0,0,0,0,732906.9506,5305477.7581,12.114024169,47.860380983,1,1,#66c2a5,bicycle
985,26534,"9,20030900711908E+018",9,7,72,163,2020,3,13,2,3,4,2,0,0,1,0,0,0,0,639073.3551,5346526.8347,10.873717246,48.256680334,0,2,#fc8d62,car
986,26537,"9,2003050011031E+018",9,1,75,114,2020,3,19,5,3,5,3,2,0,1,0,0,0,0,718044.2871,5324939.6853,11.925444111,48.040472685,1,2,#fc8d62,car
987,26538,"9,20031100857109E+018",9,1,84,138,2020,3,17,4,2,1,3,0,1,1,0,0,0,0,679446949,5331147303,11.410725586,48.108289634,0,1,#66c2a5,bicycle
988,26545,"9,20031000127008E+018",9,1,88,121,2020,3,14,3,3,8,6,0,0,1,0,0,0,0,670196.5946,5329170.5239,11.285771517,48.0930576,1,2,#fc8d62,car
989,26548,"9,20030800110513E+018",9,1,77,118,2020,3,18,1,2,4,6,1,0,1,0,1,0,0,710530801,5343720.0059,11.834043629,48.211754192,0,2,#fc8d62,car
990,26552,"9,20030800121908E+018",9,1,88,139,2020,3,13,1,3,1,5,0,1,1,0,0,0,0,674165.6469,5317632.9286,11.334338158,47.988266559,0,1,#66c2a5,bicycle
991,26553,"9,20030600857107E+018",9,1,62,0,2020,3,6,6,3,3,6,1,0,1,0,1,0,0,694632.1679,5334166.7034,11.615893325,48.130968428,1,2,#fc8d62,car
992,26557,"9,2003050011031E+018",9,1,75,124,2020,3,13,5,3,3,3,0,0,1,0,0,0,0,715060.38,5328653.4631,11.887329624,48.074855376,1,2,#fc8d62,car
993,26559,"9,20030700121508E+018",9,1,81,128,2020,3,4,7,3,9,1,2,0,1,0,0,0,0,638561604,5327018766,10.860468392,48.081372853,1,2,#fc8d62,car
994,26562,"9,2003110014151E+018",9,1,87,159,2020,3,16,4,2,4,2,0,0,1,0,0,0,0,730884.4888,5323536.3466,12.096708092,48.023352123,0,2,#fc8d62,car
995,26564,"9,20031000117509E+018",9,1,84,131,2020,3,18,3,3,2,6,2,0,1,0,0,0,0,704544.5987,5337290.0352,11.750463258,48.155928545,1,2,#fc8d62,car
996,26565,"9,20030400854808E+018",9,1,84,119,2020,3,18,4,3,2,6,2,0,1,0,0,0,0,696335.0029,5346414.9517,11.644415089,48.240524421,0,2,#fc8d62,car
997,26568,"9,2003060071211E+018",9,7,71,130,2020,3,14,6,3,8,1,0,0,1,0,0,0,0,649849.3504,5357841.8296,11.022828278,48.355957951,0,2,#fc8d62,car
998,26569,"9,20030400854707E+018",9,1,62,0,2020,3,7,4,3,4,6,0,1,0,0,0,0,0,694296.6155,5340638905,11.614344239,48.189240305,0,1,#66c2a5,bicycle
999,26575,"9,20031000857108E+018",9,1,62,0,2020,3,10,3,3,0,6,0,0,1,0,0,0,1,690426.9308,5331956.1042,11.558445796,48.11237156,1,2,#fc8d62,car
1000,26579,"9,20031100710111E+018",9,7,71,156,2020,3,18,4,3,5,3,1,0,1,0,0,0,1,651905.7922,5379433.2803,11.058404713,48.54958853,0,2,#fc8d62,car
1001,26581,"9,20030600210909E+018",9,2,74,113,2020,3,11,6,3,5,3,0,0,1,0,0,0,0,728396358,5383928.99,12.096046908,48.566796475,0,2,#fc8d62,car
1002,26582,"9,20031100117509E+018",9,1,84,112,2020,3,13,4,3,2,6,0,0,1,0,0,0,1,701595.2888,5340737346,11.712485589,48.187850683,0,2,#fc8d62,car
1003,26584,"9,20030900858209E+018",9,1,62,0,2020,3,5,2,3,3,6,1,0,1,0,0,1,0,688504.85,5335019.3191,11.534003189,48.140476074,1,2,#fc8d62,car
1004,26594,"9,20030900121508E+018",9,1,81,130,2020,3,18,2,3,4,2,2,0,1,0,0,0,0,642254104,5324565807,10.909203145,48.058502433,1,2,#fc8d62,car
1005,26595,"9,2003100071041E+018",9,7,61,0,2020,3,8,3,3,4,2,0,0,1,0,0,0,1,640516.7961,5360245.8366,10.897724817,48.379719821,1,2,#fc8d62,car
1006,26597,"9,20030900712508E+018",9,7,72,160,2020,3,18,2,3,2,6,2,0,1,0,0,0,1,636745.5942,5342354.0314,10.841025384,48.219664469,1,2,#fc8d62,car
1007,26600,"9,2003040074011E+018",9,7,77,121,2020,3,9,4,3,5,3,0,0,1,0,0,0,0,630007.5918,5321776.9654,10.744077248,48.036035649,0,2,#fc8d62,car
1008,26601,"9,20031200117509E+018",9,1,84,114,2020,3,7,5,2,9,7,0,0,1,0,0,0,0,698388.2426,5322803.5954,11.661044065,48.027684849,0,2,#fc8d62,car
1009,26605,"9,2003060014011E+018",9,1,87,137,2020,3,17,6,1,4,6,0,0,1,0,0,0,1,726787.9543,5308791.2888,12.034070986,47.892340929,0,2,#fc8d62,car
1010,26610,"9,20030400717308E+018",9,7,72,202,2020,3,19,4,3,2,6,2,0,1,0,0,0,0,637123.4587,5357843.1257,10.851138428,48.358861527,1,2,#fc8d62,car
1011,26612,"9,20030800858208E+018",9,1,84,149,2020,3,13,1,2,4,2,0,0,1,0,0,0,0,691164401,5352534449,11.577613109,48.297104345,0,2,#fc8d62,car
1012,26617,"9,20030900710109E+018",9,7,71,156,2020,3,17,2,2,2,2,0,0,1,0,0,0,0,654840.6689,5381756.4069,11.099010632,48.569756384,0,2,#fc8d62,car
1013,26619,"9,20030600120108E+018",9,1,74,121,2020,3,13,6,3,5,3,0,0,1,0,0,0,0,690615.0675,5356416.2852,11.571967829,48.332158533,0,2,#fc8d62,car
1014,26620,"9,20030400712307E+018",9,7,71,130,2020,3,19,4,3,3,6,2,0,1,0,0,0,0,643586.6248,5363297.1455,10.940202581,48.406464218,0,2,#fc8d62,car
1015,26621,"9,20031100852708E+018",9,1,84,123,2020,3,14,4,2,0,1,0,0,0,0,1,0,0,703685.0766,5331703.1342,11.736248602,48.105996607,0,4,#e78ac3,marker
1016,26622,"9,20030700120108E+018",9,1,74,115,2020,3,14,7,3,2,6,0,0,1,0,0,0,0,683300.9897,5347993.6991,11.469720291,48.258617045,0,2,#fc8d62,car
1017,26624,"9,20030600117509E+018",9,1,84,112,2020,3,14,6,3,2,6,0,0,1,0,0,0,0,701936.9582,5340531.3856,11.716979523,48.185891247,0,2,#fc8d62,car
1018,26627,"9,20030700110308E+018",9,1,75,123,2020,3,15,7,3,8,1,0,0,1,0,0,0,0,721801057,5335227939,11.981119534,48.131617657,1,2,#fc8d62,car
1019,26629,"9,20030600117008E+018",9,1,78,145,2020,3,12,6,3,3,6,0,0,1,0,0,1,0,693121.3953,5357653.4777,11.606316647,48.342516782,0,2,#fc8d62,car
1020,26632,"9,2003100014151E+018",9,1,87,170,2020,3,14,3,2,5,3,0,0,1,0,0,0,0,732208.1947,5322126.8267,12.113671769,48.010209535,1,2,#fc8d62,car
1021,26634,"9,20030800117008E+018",9,1,78,123,2020,3,18,1,3,2,6,1,0,1,0,0,0,0,692476.6194,5359129.6103,11.598299018,48.355980096,0,2,#fc8d62,car
1022,26635,"9,20030600854108E+018",9,1,62,0,2020,3,8,6,3,0,3,0,1,0,0,0,0,1,687750.2725,5335021.0984,11.523870687,48.14071517,0,1,#66c2a5,bicycle
1023,26637,"9,20031000210913E+018",9,2,61,0,2020,3,15,3,3,2,1,0,0,1,0,0,0,0,734518.7352,5381801.3459,12.17770965,48.54542493,1,2,#fc8d62,car
1024,26638,"9,20030600110507E+018",9,1,77,144,2020,3,14,6,3,8,1,0,0,1,0,0,0,0,717672.2472,5348457.9863,11.932482666,48.251916449,0,2,#fc8d62,car
1025,26640,"9,20031100710708E+018",9,7,61,0,2020,3,11,4,3,2,2,0,0,1,0,0,0,0,642815857,5360315.5356,10.928779912,48.379830292,0,2,#fc8d62,car
1026,26641,"9,20030600858209E+018",9,1,62,0,2020,3,14,6,3,4,2,0,1,1,0,0,0,0,686091.2079,5335261.0487,11.501695387,48.143359325,0,1,#66c2a5,bicycle
1027,26643,"9,20030500858209E+018",9,1,84,148,2020,3,17,5,3,5,3,0,1,1,0,0,0,0,695062.9486,5327203891,11.618494801,48.068257498,1,1,#66c2a5,bicycle
1028,26646,"9,20031000110709E+018",9,1,78,124,2020,3,5,3,2,6,4,2,0,1,1,0,0,0,703341.1454,5365554.5717,11.747900363,48.410311869,0,2,#fc8d62,car
1029,26649,"9,20030500854308E+018",9,1,62,0,2020,3,18,5,3,5,2,1,0,1,0,0,0,0,689648.4591,5340121852,11.551635616,48.185997845,1,2,#fc8d62,car
1030,26652,"9,20031000120308E+018",9,1,81,115,2020,3,17,3,3,2,6,1,0,1,0,0,0,0,657561385,5327077.1729,11.115430846,48.07748577,1,2,#fc8d62,car
1031,26655,"9,20030700852909E+018",9,1,62,0,2020,3,19,7,3,1,6,2,0,1,0,0,0,0,688187.1393,5328080.5224,11.526675667,48.078202508,0,2,#fc8d62,car
1032,26656,"9,20030600740109E+018",9,7,77,121,2020,3,11,6,3,8,1,0,0,0,0,0,0,1,627025.4085,5321282.2083,10.70394248,48.032186471,0,6,#ffd92f,circle
1033,26659,"9,2003050085231E+018",9,1,62,0,2020,3,17,5,3,5,3,1,0,1,0,0,0,0,694093383,5331699.7037,11.607536673,48.10896038,1,2,#fc8d62,car
1034,26662,"9,2003090014011E+018",9,1,87,150,2020,3,19,2,3,5,3,2,1,1,0,0,0,0,728440478,5304455415,12.053854969,47.852798937,1,1,#66c2a5,bicycle
1035,26664,"9,20031000858208E+018",9,1,62,0,2020,3,14,3,3,6,4,0,0,0,1,0,0,1,694711.1827,5334151.5737,11.616947237,48.130808282,1,3,#8da0cb,toilet
1036,26666,"9,20030900852808E+018",9,1,84,123,2020,3,14,2,3,6,2,0,0,1,1,0,0,0,703314.3094,5331825.8236,11.731332154,48.107217623,0,2,#fc8d62,car
1037,26676,"9,20030900121308E+018",9,1,88,132,2020,3,12,2,3,4,6,0,0,1,0,0,0,1,665351.8755,5321507.4842,11.217794991,48.025439735,1,2,#fc8d62,car
1038,26681,"9,20031000740709E+018",9,7,77,158,2020,3,21,3,3,9,1,2,0,1,0,0,0,0,619203.8023,5307941.6791,10.595364726,47.913713356,1,2,#fc8d62,car
1039,26688,"9,20031200121908E+018",9,1,88,139,2020,3,15,5,3,5,3,0,1,1,0,0,0,0,674882.7987,5319210.7893,11.344584679,48.002255312,0,1,#66c2a5,bicycle
1040,26693,"9,20030800857107E+018",9,1,62,0,2020,3,13,1,3,2,6,2,0,1,0,0,0,0,694587176,5335860.9214,11.616063297,48.146209109,0,2,#fc8d62,car
1041,26697,"9,20030600857107E+018",9,1,62,0,2020,3,6,6,3,4,2,0,0,1,0,0,0,0,677944.9487,5335310.2335,11.392303947,48.146132168,0,2,#fc8d62,car
1042,26703,"9,20030900712307E+018",9,7,72,217,2020,3,18,2,2,8,1,1,0,1,0,0,0,0,635962.3968,5382174.2932,10.843382178,48.57789383,0,2,#fc8d62,car
1043,26707,"9,20031100858209E+018",9,1,84,138,2020,3,11,4,3,5,3,0,0,1,0,0,0,0,681009.2772,5330648.6855,11.431483163,48.103365567,0,2,#fc8d62,car
1044,26708,"9,20030600857108E+018",9,1,84,127,2020,3,13,6,3,1,7,0,0,1,0,1,0,0,702779.3832,5322051.2878,11.719519901,48.019545111,0,2,#fc8d62,car
1045,26717,"9,20030800111108E+018",9,1,78,130,2020,3,15,1,3,0,1,0,1,0,0,0,0,0,703315.3752,5354528.9995,11.742225403,48.311241256,0,1,#66c2a5,bicycle
1046,26722,"9,20031100710111E+018",9,7,71,144,2020,3,17,4,3,5,3,0,1,1,0,0,0,0,660081377,5377064.8429,11.168197806,48.526263243,0,1,#66c2a5,bicycle
1047,26723,"9,20030900147309E+018",9,1,84,146,2020,3,13,2,3,3,6,0,0,1,0,0,0,0,694941.76,5328982525,11.617681049,48.084280318,1,2,#fc8d62,car
1048,26728,"9,20031600712709E+018",9,7,72,223,2020,3,17,2,3,8,7,0,0,1,0,0,0,0,618334.5492,5364746.7251,10.599547991,48.424747433,0,2,#fc8d62,car