fid,OBJECTID,UIDENTSTLA,ULAND,UREGBEZ,UKREIS,UGEMEINDE,UJAHR,UMONAT,USTUNDE,UWOCHENTAG,UKATEGORIE,UART,UTYP1,ULICHTVERH,IstRad,IstPKW,IstFuss,IstKrad,IstGkfz,IstSonstig,LINREFX,LINREFY,XGCSWGS84,YGCSWGS84,STRZUSTAND,Teilnehmer,color,symbol
1049,26729,"9,20031700858209E+018",9,1,62,0,2020,3,18,3,3,4,6,2,1,0,0,0,0,0,695509708,5342734.6915,11.631614268,48.207703721,0,1,#66c2a5,bicycle
1050,26735,"9,20031300120914E+018",9,1,79,145,2020,3,15,6,3,2,6,0,0,1,0,0,0,0,675355.9328,5337815.3237,11.358560352,48.169370157,0,2,#fc8d62,car
1051,26737,"9,20031600121508E+018",9,1,81,132,2020,3,16,2,3,2,6,0,0,1,0,0,0,0,643539.7123,5326418.8788,10.92706947,48.074877304,0,2,#fc8d62,car
1052,26738,"9,2003130012051E+018",9,1,79,125,2020,3,16,6,2,8,1,0,0,0,0,1,0,0,662122955,5331738071,11.178399953,48.118246237,0,4,#e78ac3,marker
1053,26741,"9,20031500121309E+018",9,1,88,126,2020,3,15,1,3,4,6,0,0,1,0,1,0,0,659534313,5324327.5968,11.14087461,48.052274331,0,2,#fc8d62,car
1054,26742,"9,20031300120108E+018",9,1,74,115,2020,3,7,6,3,4,6,0,0,1,0,0,0,0,677722.6062,5352172.7503,11.396386009,48.297771199,0,2,#fc8d62,car
1055,26748,"9,2003170013151E+018",9,1,85,158,2020,3,11,3,3,0,3,0,0,0,0,1,0,1,667080908,5380768.0453,11.264411583,48.557728506,1,4,#e78ac3,marker
1056,26750,"9,20031300717311E+018",9,7,72,147,2020,3,18,6,3,2,6,0,0,1,0,0,0,0,630709.3385,5364297.1164,10.766601125,48.418258242,0,2,#fc8d62,car
1057,26754,"9,2003130074071E+018",9,7,62,0,2020,3,15,6,3,4,2,0,0,1,0,0,0,0,621973207,5304625915,10.631476288,47.883371586,0,2,#fc8d62,car
1058,26756,"9,20031600111309E+018",9,1,75,132,2020,3,15,2,3,2,6,0,0,1,0,1,0,0,706244.6099,5330744422,11.770127972,48.096557694,0,2,#fc8d62,car
1059,26757,"9,20031300117008E+018",9,1,78,143,2020,3,14,6,3,2,6,0,0,1,0,0,0,0,720019472,5371919.7919,11.976324447,48.461899265,0,2,#fc8d62,car
1060,26758,"9,20031800161909E+018",9,1,73,137,2020,3,16,4,3,0,7,0,1,0,0,0,0,0,674482.5409,5306938.4532,11.334247545,47.892039087,0,1,#66c2a5,bicycle
1061,26761,"9,20031400853108E+018",9,1,84,145,2020,3,11,7,3,3,6,0,0,1,0,1,0,0,694328.5483,5323228.4493,11.606841801,48.032751259,0,2,#fc8d62,car
1062,26762,"9,2003130011071E+018",9,1,78,124,2020,3,15,6,2,5,3,0,0,1,0,1,0,0,705917326,5365654882,11.78272098,48.410376968,0,2,#fc8d62,car
1063,26768,"9,20031600854109E+018",9,1,62,0,2020,3,16,2,3,5,3,0,0,1,0,0,0,0,686188.7863,5335220.2434,11.50298803,48.142964003,0,2,#fc8d62,car
1064,26772,"9,20031300110109E+018",9,1,77,137,2020,3,14,6,3,2,3,0,0,1,0,1,0,0,732226833,5341963.29,12.124712267,48.188407264,0,2,#fc8d62,car
1065,26774,"9,2003180012191E+018",9,1,88,139,2020,3,18,4,3,8,1,1,0,0,0,1,0,0,678791.1994,5319759.5633,11.397164781,48.006107389,0,4,#e78ac3,marker
1066,26776,"9,20031200858209E+018",9,1,84,148,2020,3,22,5,3,4,2,2,0,1,0,0,0,0,697314.9442,5326864.3306,11.648535269,48.064513117,1,2,#fc8d62,car
1067,26778,"9,20031200858208E+018",9,1,84,132,2020,3,19,5,2,5,3,2,0,1,0,0,0,0,683122548,5328836742,11.459066399,48.086474568,1,2,#fc8d62,car
1068,26780,"9,20031400715009E+018",9,7,61,0,2020,3,19,7,3,2,6,1,0,1,0,0,0,0,642927.1396,5358529.7263,10.929674913,48.363748001,0,2,#fc8d62,car
1069,26781,"9,20031200858208E+018",9,1,62,0,2020,3,7,5,3,4,2,0,1,1,0,0,0,0,678834.9843,5334656.2422,11.403984073,48.140003832,0,1,#66c2a5,bicycle
1070,26784,"9,20031900120109E+018",9,1,74,113,2020,3,15,5,3,4,6,0,0,1,0,0,0,0,679942535,5343988.9228,11.422810837,48.223581751,0,2,#fc8d62,car
1071,26792,"9,20031200857109E+018",9,1,84,121,2020,3,22,5,3,5,2,2,0,1,0,0,0,0,705023.7387,5331315.4313,11.754024078,48.102083077,1,2,#fc8d62,car
1072,26795,"9,2003180011751E+018",9,1,84,112,2020,3,7,4,3,0,7,0,0,1,0,0,1,0,703089.6169,5339432.3043,11.731944575,48.175646751,0,2,#fc8d62,car
1073,26800,"9,20031300857109E+018",9,1,84,122,2020,3,15,6,3,5,3,0,0,1,0,0,1,0,687884.5089,5322887736,11.520336224,48.03161702,0,2,#fc8d62,car
1074,26801,"9,20031200853209E+018",9,1,84,113,2020,3,6,5,3,7,7,0,0,0,0,1,0,0,684094641,5319545049,11.468111927,48.002673912,1,4,#e78ac3,marker
1075,26806,"9,20031800858208E+018",9,1,62,0,2020,3,10,4,3,2,6,0,0,1,0,0,0,0,684769314,5332033.2316,11.482542464,48.114731292,0,2,#fc8d62,car
1076,26808,"9,2003160011051E+018",9,1,77,134,2020,3,13,2,3,0,1,0,1,0,0,0,0,0,713803.5433,5344590.0507,11.87848066,48.218478073,0,1,#66c2a5,bicycle
1077,26809,"9,20031500712308E+018",9,7,72,147,2020,3,20,1,3,0,7,2,1,0,0,0,0,0,639262.9357,5365140.6605,10.882424424,48.424010613,0,1,#66c2a5,bicycle
1078,26814,"9,2003120085241E+018",9,1,62,0,2020,3,10,5,3,2,7,0,0,1,0,0,0,1,695168863,5331396.8992,11.62183099,48.105910293,0,2,#fc8d62,car
1079,26816,"9,20031600710709E+018",9,7,61,0,2020,3,13,2,3,2,6,0,0,1,0,0,0,1,644393.2751,5357609.7495,10.94914181,48.355142463,0,2,#fc8d62,car
1080,26820,"9,20031700161908E+018",9,1,73,137,2020,3,21,3,2,8,1,2,0,1,0,0,0,0,675767048,5311219.9319,11.353162118,47.930177953,0,2,#fc8d62,car
1081,26821,"9,2003180071251E+018",9,7,72,200,2020,3,12,4,3,9,1,0,0,0,0,1,0,0,625165.4872,5343162.5793,10.685432787,48.229326064,0,4,#e78ac3,marker
1082,26825,"9,20031600120909E+018",9,1,79,145,2020,3,13,2,3,0,1,0,0,0,0,1,0,0,676218.0933,5338921.8297,11.370604962,48.179078329,0,4,#e78ac3,marker
1083,26829,"9,20031500110908E+018",9,1,78,143,2020,3,14,1,2,2,6,0,1,0,0,1,0,0,718340.1622,5371390.1135,11.953362725,48.457725311,0,1,#66c2a5,bicycle
1084,26832,"9,20031200711308E+018",9,7,72,202,2020,3,16,5,3,5,3,0,0,1,0,0,0,0,636832.5074,5359372.6859,10.847710365,48.372678347,0,2,#fc8d62,car
1085,26836,"9,20031200711108E+018",9,7,61,0,2020,3,17,5,3,4,2,0,1,1,0,0,0,0,639488.09,5360888.4887,10.884052969,48.385726641,0,1,#66c2a5,bicycle
1086,26851,"9,20031900121509E+018",9,1,81,126,2020,3,13,5,3,5,3,0,0,0,0,1,0,1,636584093,5332171049,10.835579981,48.128131002,0,4,#e78ac3,marker
1087,26860,"9,20031600858209E+018",9,1,62,0,2020,3,16,2,2,4,2,0,0,1,0,1,0,0,680376671,5335037174,11.424850338,48.142992814,0,2,#fc8d62,car
1088,26862,"9,20031300712308E+018",9,7,72,121,2020,3,9,6,3,4,2,0,0,1,0,0,0,0,634545.6626,5376217.3444,10.822259262,48.524636207,0,2,#fc8d62,car
1089,26866,"9,20031400712108E+018",9,7,71,160,2020,3,15,7,3,8,1,0,0,0,0,1,0,0,652637578,5349927.2287,11.057576866,48.284131002,0,4,#e78ac3,marker
1090,26870,"9,2003190011131E+018",9,1,75,132,2020,3,15,5,3,0,1,0,0,1,0,1,0,0,710782.1884,5334868.2122,11.833035039,48.132129527,0,2,#fc8d62,car
1091,26871,"9,20031400141514E+018",9,1,87,164,2020,3,14,7,3,2,2,0,0,1,0,0,0,0,735919.4875,5321727.2916,12.163138737,48.005261533,0,2,#fc8d62,car
1092,26876,"9,20031500161908E+018",9,1,73,118,2020,3,13,1,3,0,1,0,0,0,0,1,0,0,687308.4003,5306742.5381,11.505584462,47.886663279,0,4,#e78ac3,marker
1093,26884,"9,20031800120109E+018",9,1,74,147,2020,3,16,4,1,4,6,0,0,0,0,1,0,0,668384.2895,5367432.0366,11.276684454,48.437498773,0,4,#e78ac3,marker
1094,26889,"9,20031400110108E+018",9,1,77,137,2020,3,10,7,3,2,6,0,0,1,0,0,0,0,733155.8762,5346957.6305,12.139937864,48.232932872,0,2,#fc8d62,car
1095,26891,"9,20031500852809E+018",9,1,84,114,2020,3,14,1,2,2,6,0,0,0,0,1,0,0,700991556,5322852299,11.695946187,48.027308791,0,4,#e78ac3,marker
1096,26892,"9,20031500710122E+018",9,7,71,156,2020,3,11,1,1,9,1,0,0,0,0,1,0,0,652698.0082,5383321.7968,11.070559646,48.58435555,0,4,#e78ac3,marker
1097,26908,"9,2003170085821E+018",9,1,62,0,2020,3,17,3,3,3,3,0,1,1,0,0,0,0,692067.8526,5340443.6151,11.584298815,48.188162914,0,1,#66c2a5,bicycle
1098,26918,"9,20031600127008E+018",9,1,62,0,2020,3,6,2,3,3,6,1,0,1,0,0,1,0,680076.8251,5338279.8935,11.422195643,48.172226218,0,2,#fc8d62,car
1099,26922,"9,20031500121508E+018",9,1,81,122,2020,3,15,1,3,8,1,0,0,0,0,1,0,0,651622.9912,5330153.1005,11.036847106,48.106582315,0,4,#e78ac3,marker
1100,26934,"9,20031800131508E+018",9,1,85,158,2020,3,5,4,3,5,3,2,1,1,0,0,0,0,668438.1146,5382144.1864,11.283347406,48.569735743,0,1,#66c2a5,bicycle
1101,26936,"9,20031600117009E+018",9,1,78,120,2020,3,8,2,2,2,6,0,0,1,0,0,1,0,693051.4887,5353822.9456,11.603620234,48.308111737,0,2,#fc8d62,car
1102,26938,"9,20031800161909E+018",9,1,73,137,2020,3,11,4,3,3,6,0,1,1,0,0,0,0,675193.3907,5305534042,11.343179354,47.879220017,0,1,#66c2a5,bicycle
1103,26941,"9,20031400857109E+018",9,1,62,0,2020,3,0,7,2,6,4,2,0,1,1,0,0,0,686532.3819,5335196.9897,11.507592311,48.142654347,0,2,#fc8d62,car
1104,26945,"9,2003190014011E+018",9,1,87,117,2020,3,19,5,2,0,1,2,0,1,0,1,0,0,723349218,5308565.9293,11.988014649,47.891521804,0,2,#fc8d62,car
1105,26948,"9,2003160016701E+018",9,1,84,132,2020,3,15,2,3,3,6,0,0,1,0,0,0,0,682796.7696,5324789.5387,11.452965441,48.050188492,0,2,#fc8d62,car
1106,26949,"9,20031600858208E+018",9,1,62,0,2020,3,16,2,3,6,4,0,1,0,1,0,0,0,693134.5557,5338885.5241,11.597928027,48.173835934,0,1,#66c2a5,bicycle
1107,26951,"9,20031300710109E+018",9,7,71,140,2020,3,13,6,3,5,2,0,0,1,0,0,0,1,654306.9239,5373275.0986,11.088640496,48.493638023,0,2,#fc8d62,car
1108,26955,"9,20031800127008E+018",9,1,79,123,2020,3,8,4,3,2,6,0,0,1,0,0,0,0,674553.4751,5331035.8058,11.344997967,48.108647135,0,2,#fc8d62,car
1109,26960,"9,20031800858209E+018",9,1,62,0,2020,3,17,4,3,5,2,0,1,1,0,0,0,0,688144518,5333835.9448,11.528641625,48.129946318,0,1,#66c2a5,bicycle
1110,26961,"9,20031400140709E+018",9,1,82,120,2020,3,15,7,3,5,3,0,0,1,0,0,0,0,702235.3205,5306021.5574,11.704699478,47.875655053,0,2,#fc8d62,car
1111,26962,"9,2003140074011E+018",9,7,77,164,2020,3,15,7,2,9,1,0,0,1,0,0,0,0,622329.3262,5313610.2545,10.6387885,47.964105627,0,2,#fc8d62,car
1112,26966,"9,20031900120109E+018",9,1,74,115,2020,3,14,5,3,5,3,0,1,1,0,0,0,0,680429.8484,5345139.9207,11.429856089,48.233789356,0,1,#66c2a5,bicycle
1113,26975,"9,20031800120109E+018",9,1,74,131,2020,3,6,4,3,0,1,0,0,1,0,0,0,1,676171.0922,5361060.5954,11.379201033,48.378097025,1,2,#fc8d62,car
1114,26981,"9,20031300857109E+018",9,1,62,0,2020,3,10,6,3,3,6,0,0,1,0,0,0,0,692021.0168,5331502.1319,11.579636077,48.107812715,0,2,#fc8d62,car
1115,26988,"9,2003150014071E+018",9,1,82,133,2020,3,15,1,3,2,6,0,0,1,0,0,0,0,708090.3084,5305803.7852,11.782805165,47.871827631,0,2,#fc8d62,car
1116,26989,"9,2003160011051E+018",9,1,77,120,2020,3,15,2,3,3,6,0,0,1,0,1,0,0,720396.5424,5361216.9908,11.975796572,48.365609421,0,2,#fc8d62,car
1117,26990,"9,20031500712308E+018",9,7,72,121,2020,3,20,1,3,9,1,2,0,1,0,0,0,0,629950.7356,5372445.9842,10.758883276,48.491691686,0,2,#fc8d62,car
1118,26997,"9,20031600712308E+018",9,7,72,121,2020,3,16,2,3,5,3,0,0,1,0,0,0,1,635665.5489,5374224.8037,10.836770715,48.506478752,0,2,#fc8d62,car
1119,27002,"9,2003180071251E+018",9,7,72,200,2020,3,12,4,3,9,1,0,0,0,0,1,0,0,625166.1589,5343163.7188,10.685442164,48.229336179,0,4,#e78ac3,marker
1120,27006,"9,20031600121508E+018",9,1,81,129,2020,3,13,2,3,5,3,0,0,1,0,1,0,0,642486.6995,5304616.5105,10.905709694,47.879061746,0,2,#fc8d62,car
1121,27010,"9,2003150011111E+018",9,1,78,130,2020,3,11,1,3,2,1,0,0,1,0,0,0,0,702513.3517,5357770.5771,11.732977943,48.340628766,0,2,#fc8d62,car
1122,27019,"9,2003170071231E+018",9,7,72,121,2020,3,16,3,3,2,6,0,0,1,0,0,0,0,634785.6921,5376329.3757,10.825544671,48.525592075,0,2,#fc8d62,car
1123,27027,"9,20031800161709E+018",9,1,90,158,2020,3,10,4,3,2,7,0,0,1,0,0,0,0,652320302,5302968.3957,11.036566567,47.861984825,0,2,#fc8d62,car
1124,27034,"9,20031900125013E+018",9,1,81,122,2020,3,16,5,2,2,2,0,0,1,0,1,0,0,650188574,5332199.64,11.018310977,48.125323437,0,2,#fc8d62,car
1125,27035,"9,2003140016701E+018",9,1,73,137,2020,3,14,7,1,2,6,0,0,1,0,0,0,1,679340.3144,5306767.3537,11.399106182,47.889161988,0,2,#fc8d62,car
1126,27043,"9,20031700120109E+018",9,1,74,143,2020,3,13,3,3,8,1,0,0,1,0,0,0,0,677502783,5352958354,11.393754968,48.304894576,1,2,#fc8d62,car
1127,27045,"9,20031300717309E+018",9,7,72,223,2020,3,4,6,3,2,1,2,0,1,0,0,0,0,624682583,5364347842,10.68519918,48.419935905,0,2,#fc8d62,car
1128,27049,"9,20031400712508E+018",9,7,72,200,2020,3,16,7,3,5,3,0,0,1,0,0,0,0,628390.5229,5339108.6018,10.727612632,48.192224957,0,2,#fc8d62,car
1129,27053,"9,20031900120109E+018",9,1,74,122,2020,3,18,5,3,5,3,0,1,1,0,0,0,0,684867.5136,5354323.7315,11.493576177,48.315057656,0,1,#66c2a5,bicycle
1130,27063,"9,20031300140111E+018",9,1,87,130,2020,3,11,6,3,2,6,0,0,1,0,0,0,0,715470.6649,5306565.2837,11.881755972,47.87623718,1,2,#fc8d62,car
1131,27064,"9,20031600740708E+018",9,7,62,0,2020,3,17,2,3,0,1,0,1,0,0,0,0,0,620460.3544,5305906.9466,10.611606658,47.895178612,0,1,#66c2a5,bicycle
1132,27065,"9,20031800117009E+018",9,1,78,124,2020,3,14,4,3,2,6,0,0,1,0,0,0,0,703131.6432,5361026.2566,11.742883161,48.369686866,0,2,#fc8d62,car
1133,27068,"9,20031800120509E+018",9,1,79,121,2020,3,16,4,3,2,6,0,0,1,0,1,0,0,668708.0078,5337641.7759,11.269150219,48.169609333,0,2,#fc8d62,car
1134,27072,"9,20031800857109E+018",9,1,62,0,2020,3,9,4,2,5,2,0,1,0,0,0,1,0,682664.0407,5337562.5153,11.456654892,48.165039666,0,1,#66c2a5,bicycle
1135,27073,"9,20031400131308E+018",9,1,86,151,2020,3,16,7,3,0,1,0,0,0,0,1,0,0,680096.1678,5375877.7878,11.438531037,48.510171169,0,4,#e78ac3,marker
1136,27074,"9,2003160011031E+018",9,1,75,115,2020,3,17,2,3,3,1,0,0,1,0,0,1,0,716138.0948,5337577.5025,11.906301802,48.154677471,0,2,#fc8d62,car
1137,27075,"9,20031500710709E+018",9,7,61,0,2020,3,9,1,3,5,2,0,0,1,0,0,0,0,642133.8784,5362214.6789,10.920217486,48.397060482,0,2,#fc8d62,car
1138,27082,"9,20031600710408E+018",9,7,61,0,2020,3,17,2,3,5,3,0,1,1,0,0,0,0,641628.7848,5359712.2971,10.912554151,48.374673821,0,1,#66c2a5,bicycle
1139,27090,"9,20031600120509E+018",9,1,79,136,2020,3,15,2,3,4,2,0,0,1,0,0,0,0,660545.1911,5341615.7755,11.160944222,48.207451861,0,2,#fc8d62,car
1140,27097,"9,20031300852708E+018",9,1,62,0,2020,3,17,6,3,2,6,0,0,1,0,1,0,0,697576.0633,5333564.6722,11.655137002,48.12465081,0,2,#fc8d62,car
1141,27122,"9,20031500110509E+018",9,1,77,116,2020,3,18,1,2,0,6,2,0,1,0,1,0,0,714542.6397,5357655.0513,11.895048548,48.335621334,0,2,#fc8d62,car
1142,27128,"9,20031600167013E+018",9,1,84,132,2020,3,15,2,3,0,6,0,0,1,0,0,0,0,682829.6625,5324825.6052,11.453421822,48.050503267,0,2,#fc8d62,car
1143,27129,"9,20031600858208E+018",9,1,84,142,2020,3,15,2,3,8,1,0,1,0,0,0,0,0,683856.8394,5317427.1261,11.464019776,47.983704618,0,1,#66c2a5,bicycle
1144,27131,"9,20031300710709E+018",9,7,61,0,2020,3,5,6,3,5,2,1,0,1,0,0,0,0,642134.1942,5362215.2313,10.920221937,48.397065377,0,2,#fc8d62,car
1145,27135,"9,20031400711908E+018",9,7,72,125,2020,3,12,7,2,8,1,0,0,0,0,1,0,0,626638771,5345551983,10.70597691,48.250521069,0,4,#e78ac3,marker
1146,27139,"9,20031800858219E+018",9,1,84,123,2020,3,16,4,3,2,6,0,0,1,0,0,0,0,703147.7493,5331870.1248,11.729118306,48.107668884,0,2,#fc8d62,car
1147,27145,"9,20031900121309E+018",9,1,88,124,2020,3,14,5,3,2,6,0,0,1,0,1,0,0,662356987,5318456.4416,11.176500977,47.998777044,0,2,#fc8d62,car
1148,27147,"9,20031600152309E+018",9,1,83,139,2020,3,6,2,3,8,1,1,0,0,0,1,0,0,734781.8068,5330930.9014,12.152956311,48.088360902,0,4,#e78ac3,marker
1149,27154,"9,20031800120109E+018",9,1,74,143,2020,3,15,4,3,0,7,0,1,0,1,0,0,0,675849.77,5352195122,11.371164863,48.298495534,0,1,#66c2a5,bicycle
1150,27160,"9,20031300858209E+018",9,1,62,0,2020,3,16,6,3,1,1,0,0,1,0,0,0,0,688309.6168,5340199.2329,11.533674734,48.187091625,0,2,#fc8d62,car
1151,27164,"9,2003160014071E+018",9,1,82,133,2020,3,17,2,2,5,3,0,0,1,0,1,0,0,706717.3771,5309760.8872,11.766361716,47.907832909,0,2,#fc8d62,car
1152,27170,"9,20031700717009E+018",9,7,71,142,2020,3,17,3,3,3,2,0,1,1,0,0,0,0,645492.1197,5352514.7339,10.962206798,48.309079029,0,1,#66c2a5,bicycle
1153,27172,"9,20040200730311E+018",9,7,73,122,2020,4,16,5,3,4,2,0,0,1,0,1,0,0,626771393,5384305426,10.71948109,48.598984531,0,2,#fc8d62,car
1154,27174,"9,20032000110309E+018",9,1,75,122,2020,3,14,6,3,5,2,0,0,1,0,0,0,1,717690.5261,5323443.5336,11.919943906,48.027149808,0,2,#fc8d62,car
1155,27182,"9,20031900858209E+018",9,1,62,0,2020,3,14,5,3,3,6,0,0,1,0,0,1,0,693117.5691,5337622.5726,11.597126219,48.162490108,0,2,#fc8d62,car
1156,27185,"9,20031900857109E+018",9,1,62,0,2020,3,19,5,3,6,2,1,0,1,1,0,0,0,688469.0643,5334238285,11.533177043,48.13346661,0,2,#fc8d62,car
1157,27186,"9,20032700127009E+018",9,1,81,146,2020,3,12,6,3,3,6,0,0,1,0,0,1,0,649889.3489,5325560.4982,11.011961179,48.065698278,0,2,#fc8d62,car
1158,27188,"9,20032700120909E+018",9,1,79,113,2020,3,15,6,3,4,6,0,0,1,0,0,0,0,670602.4631,5336133026,11.294004718,48.155540448,0,2,#fc8d62,car
1159,27189,"9,20031900857109E+018",9,1,62,0,2020,3,17,5,3,3,7,0,0,1,0,0,0,0,694201675,5331734.9811,11.609006011,48.109244436,0,2,#fc8d62,car
1160,27190,"9,20033000117009E+018",9,1,84,119,2020,3,7,2,3,2,6,0,0,1,0,0,0,0,693558.2337,5344925.1649,11.606374994,48.227988689,0,2,#fc8d62,car
1161,27192,"9,20032700120709E+018",9,1,88,120,2020,3,14,6,3,0,2,0,0,0,0,1,0,1,675407.4584,5326764.0768,11.354705977,48.070012113,0,4,#e78ac3,marker
1162,27193,"9,20040100740111E+018",9,7,78,216,2020,4,11,4,3,8,1,0,0,1,0,0,0,0,626444.6827,5321206.4926,10.696133709,48.031620797,0,2,#fc8d62,car
1163,27194,"9,2003280014071E+018",9,1,82,133,2020,3,14,7,2,2,6,0,1,0,0,0,0,0,706784.7862,5309347.5516,11.767064577,47.904096607,0,1,#66c2a5,bicycle
1164,27195,"9,20032700111324E+018",9,1,75,118,2020,3,16,6,2,2,2,0,1,1,0,0,0,0,714973.3481,5342216.2107,11.893006628,48.196753043,0,1,#66c2a5,bicycle
1165,27196,"9,20040100120111E+018",9,1,74,135,2020,4,19,4,3,9,1,1,0,1,0,0,0,0,662570.4248,5355813.7881,11.193642372,48.334579034,0,2,#fc8d62,car
1166,27198,"9,20032700110109E+018",9,1,77,124,2020,3,7,6,2,0,1,0,0,0,0,0,0,1,729229.5686,5366486.8544,12.0977572,48.40980592,0,6,#ffd92f,circle
1167,27201,"9,2003260085141E+018",9,1,62,0,2020,3,20,5,3,3,6,2,0,1,0,0,0,0,687503431,5331654877,11.519074913,48.110531423,0,2,#fc8d62,car
1168,27204,"9,20033000740113E+018",9,7,77,182,2020,3,6,2,3,8,1,0,0,1,0,0,0,0,628632118,5308303.2778,10.721599762,47.915143347,2,2,#fc8d62,car
1169,27207,"9,20032900120709E+018",9,1,88,120,2020,3,14,1,3,4,1,0,0,1,0,1,0,0,676169.8448,5323846.8149,11.363730064,48.043577479,1,2,#fc8d62,car
1170,27213,"9,20040300147311E+018",9,1,82,133,2020,4,12,6,1,8,1,0,0,1,0,0,0,0,705315.4396,5307175.3171,11.746392877,47.885046627,0,2,#fc8d62,car
1171,27232,"9,20040200857111E+018",9,1,62,0,2020,4,16,5,3,1,5,0,0,1,0,0,1,0,695563.5562,5331410.4972,11.627133621,48.105911468,0,2,#fc8d62,car
1172,27239,"9,20032600127013E+018",9,1,74,135,2020,3,3,5,3,9,7,2,0,1,0,0,0,0,661778.0736,5354394.2722,11.182414039,48.322020734,0,2,#fc8d62,car
1173,27242,"9,20032500858214E+018",9,1,62,0,2020,3,14,4,3,2,6,0,0,1,0,0,1,0,689635.7759,5340160.9665,11.551482606,48.186353191,0,2,#fc8d62,car
1174,27261,"9,20031900712309E+018",9,7,72,121,2020,3,16,5,3,5,2,0,0,1,0,1,0,0,631136.6348,5372829.1264,10.77504673,48.494890593,0,2,#fc8d62,car
1175,27264,"9,20031900711908E+018",9,7,61,0,2020,3,17,5,3,2,6,0,0,1,0,0,0,0,642541.1622,5347568.2364,10.920762529,48.265273708,0,2,#fc8d62,car
1176,27268,"9,20031900710709E+018",9,7,61,0,2020,3,16,5,3,6,2,0,0,1,1,0,0,0,641203.7311,5360919.2873,10.907223055,48.385621851,0,2,#fc8d62,car
1177,27269,"9,20033000110513E+018",9,1,77,119,2020,3,10,2,3,8,1,0,0,1,0,0,0,0,721363.9734,5339991684,11.977730714,48.174571065,0,2,#fc8d62,car
1178,27272,"9,2003310012701E+018",9,1,84,120,2020,3,21,3,3,8,7,2,0,1,0,0,0,0,681687.2356,5333406.4031,11.44175651,48.127961242,0,2,#fc8d62,car
1179,27278,"9,2003250016701E+018",9,1,73,130,2020,3,5,4,3,9,6,1,0,1,0,0,0,0,680076.1541,5314170.7812,11.412034426,47.955507881,0,2,#fc8d62,car
1180,27280,"9,20032800210918E+018",9,2,61,0,2020,3,9,7,3,9,1,0,0,1,0,0,0,0,731879.7895,5383866.7939,12.143158725,48.564959181,0,2,#fc8d62,car
1181,27282,"9,20040100121711E+018",9,1,79,134,2020,4,15,4,3,3,6,0,1,1,0,0,0,0,668214.8653,5342957.5133,11.264628618,48.217527735,0,1,#66c2a5,bicycle
1182,27286,"9,20033000710609E+018",9,7,61,0,2020,3,9,2,3,5,2,0,1,1,0,0,0,0,644614.2774,5357644.4638,10.952135214,48.355404019,0,1,#66c2a5,bicycle
1183,27287,"9,20032500120309E+018",9,1,81,114,2020,3,17,4,3,4,3,0,1,1,0,0,0,0,654189483,5313916.2,11.065456309,47.959975951,0,1,#66c2a5,bicycle
1184,27290,"9,20040200117512E+018",9,1,84,121,2020,4,8,5,2,2,6,0,0,1,0,0,1,0,704678.8877,5330657.5857,11.749081887,48.096282111,0,2,#fc8d62,car
1185,27291,"9,20032400858209E+018",9,1,62,0,2020,3,18,3,3,5,3,1,0,1,0,0,0,0,694055.7307,5340284.5189,11.61094463,48.186128881,0,2,#fc8d62,car
1186,27294,"9,20032400857109E+018",9,1,62,0,2020,3,8,3,3,3,2,0,1,1,0,0,0,0,691764.7052,5331904.4848,11.576377233,48.111506236,0,1,#66c2a5,bicycle
1187,27295,"9,20040100710113E+018",9,7,71,158,2020,4,7,4,3,4,2,0,0,1,0,0,0,0,642695915,5372166906,10.931196479,48.486417846,0,2,#fc8d62,car
1188,27296,"9,20032800121309E+018",9,1,88,117,2020,3,6,7,3,5,3,0,0,1,0,0,0,0,665946.8278,5315977235,11.223629899,47.975566326,0,2,#fc8d62,car
1189,27298,"9,20040100110111E+018",9,1,77,139,2020,4,13,4,3,5,3,0,0,1,0,0,1,0,734631192,5357741179,12.165760662,48.32925777,0,2,#fc8d62,car
1190,27305,"9,20032800710413E+018",9,7,61,0,2020,3,17,7,3,5,2,0,1,0,0,0,0,0,640577207,5360225993,10.898533583,48.379527937,0,1,#66c2a5,bicycle
1191,27317,"9,2003310071271E+018",9,7,72,130,2020,3,6,3,2,6,4,1,0,1,1,0,0,0,631310022,5356944.7789,10.772417845,48.352019164,0,2,#fc8d62,car
1192,27327,"9,2003280011071E+018",9,1,78,124,2020,3,16,7,2,0,1,0,1,0,0,0,0,0,703200801,5366648.8978,11.746536065,48.420190946,0,1,#66c2a5,bicycle
1193,27331,"9,2003310021751E+018",9,1,78,155,2020,3,6,3,3,2,1,1,0,1,0,0,0,0,721537.8312,5374957.5986,11.998444203,48.488658546,0,2,#fc8d62,car
1194,27338,"9,20032400210913E+018",9,2,61,0,2020,3,19,3,3,0,6,2,0,1,0,0,0,0,735187.2062,5382185.2855,12.186969558,48.548623424,1,2,#fc8d62,car
1195,27350,"9,20032400127009E+018",9,1,88,144,2020,3,14,3,3,2,6,0,0,1,0,0,0,0,666203.1485,5328631.3775,11.231971641,48.08926455,0,2,#fc8d62,car
1196,27352,"9,20032400117013E+018",9,1,78,145,2020,3,9,3,3,1,6,0,0,1,0,0,0,1,696021.0153,5356032.8764,11.644652285,48.327059412,0,2,#fc8d62,car