fid,OBJECTID,UIDENTSTLA,ULAND,UREGBEZ,UKREIS,UGEMEINDE,UJAHR,UMONAT,USTUNDE,UWOCHENTAG,UKATEGORIE,UART,UTYP1,ULICHTVERH,IstRad,IstPKW,IstFuss,IstKrad,IstGkfz,IstSonstig,LINREFX,LINREFY,XGCSWGS84,YGCSWGS84,STRZUSTAND,Teilnehmer,color,symbol
1197,27354,"9,2003230085821E+018",9,1,62,0,2020,3,13,2,3,3,3,0,1,0,0,0,1,0,694631.9435,5334166.7469,11.615890332,48.130968887,0,1,#66c2a5,bicycle
1198,27355,"9,2003300085711E+018",9,1,62,0,2020,3,9,2,3,5,3,0,0,1,0,0,0,0,688303.8803,5333979.9716,11.530844919,48.131193734,0,2,#fc8d62,car
1199,27357,"9,20032300857109E+018",9,1,62,0,2020,3,18,2,3,6,4,0,1,0,1,0,0,0,688544.9372,5342147.6349,11.537702924,48.204534154,0,1,#66c2a5,bicycle
1200,27359,"9,2003300012131E+018",9,1,88,124,2020,3,10,2,2,6,4,0,0,1,1,0,0,0,662346.0008,5318456.5299,11.176353843,47.998780627,0,2,#fc8d62,car
1201,27361,"9,20032300857109E+018",9,1,62,0,2020,3,13,2,3,2,6,0,0,1,0,0,0,0,694594.4363,5332011.2272,11.614402897,48.111607372,0,2,#fc8d62,car
1202,27365,"9,20032300852509E+018",9,1,62,0,2020,3,7,2,3,2,6,0,0,1,0,0,0,1,698871.7093,5333030.1154,11.672279671,48.119443245,0,2,#fc8d62,car
1203,27366,"9,20040100121311E+018",9,1,88,126,2020,4,11,4,3,0,7,0,0,0,0,0,0,1,659908.9365,5326477.8238,11.146702225,48.07151277,0,6,#ffd92f,circle
1204,27374,"9,20032300712309E+018",9,7,72,147,2020,3,7,2,3,0,7,0,0,1,0,0,1,0,638223.4209,5366199.6103,10.868730252,48.433761349,0,2,#fc8d62,car
1205,27379,"9,20040200141311E+018",9,1,87,177,2020,4,15,5,3,2,6,0,0,1,0,0,0,0,735794.1958,5305473696,12.152565092,47.85929161,0,2,#fc8d62,car
1206,27383,"9,20032800110714E+018",9,1,78,137,2020,3,23,7,3,9,1,2,0,1,0,0,0,0,694254.2338,5366363.6638,11.62561405,48.420449215,0,2,#fc8d62,car
1207,27385,"9,20033100857109E+018",9,1,62,0,2020,3,14,3,3,2,6,0,0,1,0,0,0,0,689217.7384,5330131873,11.541407621,48.096335464,0,2,#fc8d62,car
1208,27402,"9,2003310071071E+018",9,7,61,0,2020,3,17,3,3,2,6,0,0,1,0,0,0,0,644544.1659,5360764.4269,10.952261736,48.383472846,0,2,#fc8d62,car
1209,27403,"9,20040300110311E+018",9,1,75,112,2020,4,13,6,3,2,6,0,0,1,0,0,0,1,722961.1857,5319955.3027,11.988729095,47.993990755,0,2,#fc8d62,car
1210,27411,"9,2003230021151E+018",9,2,74,185,2020,3,10,2,3,5,3,0,0,1,0,0,1,0,731552.0983,5367857.9848,12.12985155,48.421274158,0,2,#fc8d62,car
1211,27413,"9,2003270071011E+018",9,7,71,114,2020,3,22,6,3,8,1,2,0,1,0,0,0,0,645963.7443,5375140.6381,10.97643457,48.512404477,0,2,#fc8d62,car
1212,27420,"9,20032300147309E+018",9,1,82,133,2020,3,7,2,3,0,7,0,0,1,0,0,1,0,705925343,5306836.3322,11.754379859,47.881804848,0,2,#fc8d62,car
1213,27422,"9,20032300117009E+018",9,1,86,152,2020,3,9,2,3,0,7,0,0,1,0,0,1,0,691680.3533,5374787.2805,11.594719644,48.496942557,1,2,#fc8d62,car
1214,27424,"9,20040200730111E+018",9,7,73,122,2020,4,22,5,3,0,1,2,0,0,0,0,0,1,626865.4229,5383913.8407,10.720636258,48.595444277,0,6,#ffd92f,circle
1215,27425,"9,2003230011051E+018",9,1,77,116,2020,3,16,2,3,5,3,0,0,1,0,0,0,0,711685.7414,5361440.1237,11.85845085,48.370595187,0,2,#fc8d62,car
1216,27440,"9,20032200131509E+018",9,1,85,113,2020,3,12,1,3,8,7,0,0,1,0,0,0,0,667609.5662,5375787.1996,11.269567355,48.512813235,0,2,#fc8d62,car
1217,27442,"9,20033000111113E+018",9,1,78,130,2020,3,13,2,2,2,1,0,0,1,0,0,1,0,701067.6471,5353001.8656,11.711217074,48.298235985,0,2,#fc8d62,car
1218,27443,"9,20040200161711E+018",9,1,90,138,2020,4,21,5,2,4,7,2,0,1,0,0,0,0,660593.7206,5313363.4403,11.150977011,47.953431836,0,2,#fc8d62,car
1219,27445,"9,20040100710411E+018",9,7,61,0,2020,4,8,4,3,3,2,0,0,1,0,0,1,0,640524.9465,5360240.9197,10.897833184,48.379673795,0,2,#fc8d62,car
1220,27447,"9,2003280014071E+018",9,1,82,120,2020,3,11,7,3,0,1,0,1,1,0,0,0,0,701974.5743,5306126.1068,11.701265137,47.876676734,0,1,#66c2a5,bicycle
1221,27449,"9,20033000161709E+018",9,1,90,138,2020,3,7,2,3,8,1,0,0,1,0,0,0,0,664608.1706,5308457.2255,11.202830542,47.908302591,2,2,#fc8d62,car
1222,27452,"9,20040100858211E+018",9,1,84,149,2020,4,15,4,3,2,6,0,0,1,0,0,0,0,690677.0152,5351915.2024,11.570768611,48.291685812,0,2,#fc8d62,car
1223,27455,"9,20040100127011E+018",9,1,74,113,2020,4,12,4,3,0,6,0,0,1,0,0,0,0,673235.7922,5345755.3161,11.333310256,48.241327342,0,2,#fc8d62,car
1224,27460,"9,20033000712709E+018",9,7,72,131,2020,3,12,2,3,5,3,0,0,1,0,0,0,0,616794.4784,5354164.0593,10.575798296,48.329863053,0,2,#fc8d62,car
1225,27463,"9,20032800857109E+018",9,1,62,0,2020,3,17,7,3,3,2,0,1,1,0,0,0,0,691283257,5331890661,11.569909486,48.111526759,0,1,#66c2a5,bicycle
1226,27465,"9,2003200085821E+018",9,1,62,0,2020,3,16,6,3,2,6,0,0,1,0,0,0,0,688540.7101,5334788.0996,11.534382396,48.138387213,0,2,#fc8d62,car
1227,27467,"9,2003200085241E+018",9,1,62,0,2020,3,15,6,3,6,7,0,0,1,1,0,0,0,695145.0114,5334054.5762,11.62272721,48.129803656,0,2,#fc8d62,car
1228,27468,"9,2003310071731E+018",9,7,72,147,2020,3,7,3,3,3,6,0,0,1,0,0,1,0,635835.4175,5364322.2659,10.835854447,48.417400113,0,2,#fc8d62,car
1229,27469,"9,20040300131512E+018",9,1,85,158,2020,4,10,6,3,2,6,0,0,1,0,0,0,0,667713.3693,5383928.8871,11.274250724,48.585973094,0,2,#fc8d62,car
1230,27473,"9,20040100110711E+018",9,1,78,137,2020,4,17,4,2,8,1,0,0,0,0,1,0,0,693321.0586,5362863135,11.611402458,48.389276295,0,4,#e78ac3,marker
1231,27480,"9,20032800717014E+018",9,7,61,0,2020,3,21,7,3,2,6,2,0,1,0,0,0,0,641499538,5353816.5139,10.908828313,48.321690082,0,2,#fc8d62,car
1232,27484,"9,20032000712709E+018",9,7,72,131,2020,3,15,6,2,0,7,0,1,0,0,0,0,0,618607.5908,5356358.3751,10.600868982,48.349259166,0,1,#66c2a5,bicycle
1233,27485,"9,20032000710709E+018",9,7,61,0,2020,3,10,6,3,0,3,0,0,1,0,1,0,0,643576.8287,5360587.8451,10.939144034,48.38210603,0,2,#fc8d62,car
1234,27487,"9,20040200857111E+018",9,1,84,135,2020,4,14,5,3,8,7,0,0,1,0,0,0,0,692702.3851,5349317.1259,11.596861758,48.267722235,0,2,#fc8d62,car
1235,27488,"9,20032000710608E+018",9,7,61,0,2020,3,13,6,3,2,1,0,0,1,0,1,0,0,642115.5115,5357588282,10.918405457,48.355466178,0,2,#fc8d62,car
1236,27492,"9,20032000710109E+018",9,7,71,144,2020,3,9,6,3,9,7,0,0,0,0,0,0,1,663292.2236,5373594.4175,11.210295322,48.494238209,0,6,#ffd92f,circle
1237,27518,"9,2003300074071E+018",9,7,77,158,2020,3,15,2,3,8,1,0,0,1,0,0,0,0,621540.6039,5309118.2931,10.626958231,47.923856787,0,2,#fc8d62,car
1238,27527,"9,20033100110109E+018",9,1,77,139,2020,3,8,3,3,2,7,0,0,1,0,0,0,0,735560.9461,5358681.0064,12.178810596,48.337354316,0,2,#fc8d62,car
1239,27534,"9,20040100740711E+018",9,7,62,0,2020,4,11,4,3,2,6,0,0,1,0,0,0,0,620455.2646,5305776.9884,10.611502315,47.894010751,0,2,#fc8d62,car
1240,27537,"9,20040100121511E+018",9,1,81,130,2020,4,9,4,3,5,3,0,0,1,0,0,0,0,640046.1099,5323232.2771,10.879149646,48.046999465,0,2,#fc8d62,car
1241,27543,"9,20031900161709E+018",9,1,90,138,2020,3,10,5,3,5,3,0,0,1,0,1,0,0,661949534,5312216624,11.168691636,47.942779592,0,2,#fc8d62,car
1242,27550,"9,20040100710111E+018",9,7,71,158,2020,4,15,4,3,9,7,0,0,1,0,0,0,0,642392.0156,5371249.6763,10.926773537,48.478239643,0,2,#fc8d62,car
1243,27551,"9,2003280011131E+018",9,1,75,133,2020,3,16,7,3,0,7,0,1,0,0,0,0,1,705903.4099,5340443523,11.770239823,48.18382857,0,1,#66c2a5,bicycle
1244,27553,"9,2003310085821E+018",9,1,62,0,2020,3,10,3,3,4,2,0,1,1,0,0,0,0,692190.4567,5342917.9907,11.587066948,48.210364768,0,1,#66c2a5,bicycle
1245,27556,"9,20031900160909E+018",9,1,73,118,2020,3,15,5,2,4,6,0,0,1,0,1,0,0,687721.4366,5305769.9486,11.510681346,47.877800291,0,2,#fc8d62,car
1246,27559,"9,20031900160909E+018",9,1,73,126,2020,3,16,5,3,2,6,0,0,1,0,0,0,0,682759.8932,5307211.3592,11.444996533,47.892188695,0,2,#fc8d62,car
1247,27569,"9,20033100712113E+018",9,7,71,146,2020,3,15,3,3,5,3,0,0,1,0,0,0,0,645131709,5347989.5182,10.955794159,48.268473443,0,2,#fc8d62,car
1248,27570,"9,20040300120711E+018",9,1,88,120,2020,4,16,6,3,9,1,0,0,1,0,0,0,0,672777962,5322973927,11.317906781,48.036657425,0,2,#fc8d62,car
1249,27573,"9,20032700141309E+018",9,1,87,177,2020,3,20,6,3,8,7,2,0,1,0,0,0,0,735734.4424,5307351.2539,12.152791266,47.876181067,0,2,#fc8d62,car
1250,27582,"9,20032000131508E+018",9,1,85,158,2020,3,8,6,3,5,3,0,1,1,0,0,0,0,666397664,5381380.4543,11.25540407,48.563415335,0,1,#66c2a5,bicycle
1251,27583,"9,2003200011051E+018",9,1,77,117,2020,3,13,6,3,4,2,0,0,1,0,0,0,0,714486.2984,5355422.9867,11.893153813,48.315584936,0,2,#fc8d62,car
1252,27586,"9,20032000110509E+018",9,1,77,133,2020,3,12,6,3,5,3,0,1,1,0,0,0,0,709744.0088,5358532.9168,11.830815744,48.345120291,0,1,#66c2a5,bicycle
1253,27588,"9,20033000161909E+018",9,1,73,120,2020,3,5,2,3,8,1,2,0,1,0,0,0,0,690197.8596,5311769.7713,11.546414055,47.931000691,2,2,#fc8d62,car
1254,27590,"9,2003280011071E+018",9,1,78,124,2020,3,16,7,3,0,1,0,1,0,0,0,0,0,701055.4899,5366108.2043,11.71731422,48.41602022,0,1,#66c2a5,bicycle
1255,27591,"9,20040200117011E+018",9,1,84,119,2020,4,18,5,2,8,6,0,0,1,0,0,0,0,695816.5804,5345977971,11.637238206,48.236757468,0,2,#fc8d62,car
1256,27596,"9,20040800210911E+018",9,2,61,0,2020,4,12,4,3,2,6,0,0,1,0,0,1,0,730510984,5380929684,12.123007526,48.539080029,0,2,#fc8d62,car
1257,27600,"9,20041200110512E+018",9,1,77,144,2020,4,15,1,3,0,1,0,1,0,0,0,0,0,713181.6874,5346593.8104,11.871127141,48.236692108,0,1,#66c2a5,bicycle
1258,27601,"9,20041600710123E+018",9,7,71,156,2020,4,14,5,3,5,2,0,0,1,0,0,0,1,655939348,5378822.2945,11.112794569,48.54310578,0,2,#fc8d62,car
1259,27604,"9,20041100120111E+018",9,1,74,113,2020,4,16,7,3,3,6,0,1,0,0,0,0,0,678951.5916,5349761.4918,11.411920908,48.275750632,0,1,#66c2a5,bicycle
1260,27605,"9,20041500120911E+018",9,1,79,145,2020,4,12,4,3,5,3,0,1,1,0,0,0,0,673299214,5336877953,11.330539124,48.161507778,0,1,#66c2a5,bicycle
1261,27606,"9,20040900161711E+018",9,1,90,138,2020,4,15,5,2,8,1,0,0,0,0,0,0,1,663371.2146,5308246.6274,11.186210003,47.906725404,0,6,#ffd92f,circle
1262,27607,"9,20041600127013E+018",9,1,84,120,2020,4,18,5,3,3,1,0,0,1,0,0,0,0,682521.5607,5333101.1762,11.452827938,48.124978956,0,2,#fc8d62,car
1263,27608,"9,20040800140113E+018",9,1,87,150,2020,4,9,4,3,5,3,0,0,1,0,0,0,0,729326.3916,5303367.4682,12.065104101,47.842708787,0,2,#fc8d62,car
1264,27610,"9,20041000120311E+018",9,1,81,144,2020,4,13,6,2,0,7,0,1,0,0,0,0,0,654723.1556,5322092.9075,11.075548103,48.033366356,0,1,#66c2a5,bicycle
1265,27614,"9,20041300117011E+018",9,1,84,119,2020,4,15,2,3,9,1,0,0,0,0,1,0,0,696108.7616,5347139.8928,11.641706939,48.247109646,1,4,#e78ac3,marker
1266,27616,"9,20040800121511E+018",9,1,81,118,2020,4,14,4,3,2,6,0,0,1,0,0,0,1,650207.7015,5328482.8012,11.017259042,48.09189923,0,2,#fc8d62,car
1267,27617,"9,20040800121311E+018",9,1,88,132,2020,4,10,4,3,4,6,0,0,1,0,1,0,0,666482.8902,5320553.4923,11.232582381,48.016569289,0,2,#fc8d62,car
1268,27620,"9,20040800120712E+018",9,1,88,120,2020,4,18,4,3,0,6,0,1,0,0,0,0,1,677967.7255,5326753.9332,11.389040564,48.06921171,0,1,#66c2a5,bicycle
1269,27621,"9,20041000710112E+018",9,7,71,112,2020,4,18,6,3,5,7,0,1,0,0,0,0,1,643319.9568,5368881.5917,10.93851109,48.456736663,0,1,#66c2a5,bicycle
1270,27622,"9,20040800120514E+018",9,1,79,119,2020,4,14,4,3,0,1,0,0,0,0,1,0,0,671871556,5339188579,11.312290335,48.182666884,0,4,#e78ac3,marker
1271,27623,"9,20041100740111E+018",9,7,77,121,2020,4,14,7,3,0,1,0,1,0,0,0,0,0,627841.3401,5321952.7585,10.715082645,48.038053973,0,1,#66c2a5,bicycle
1272,27625,"9,20040800117512E+018",9,1,84,147,2020,4,18,4,3,3,6,0,0,1,0,0,1,0,698216.5285,5341972.7669,11.667652254,48.200016821,0,2,#fc8d62,car
1273,27629,"9,20041600110911E+018",9,1,78,122,2020,4,17,5,3,4,6,0,0,1,0,1,0,0,706058.3536,5383777.2489,11.793562369,48.573173819,0,2,#fc8d62,car
1274,27630,"9,20040800110311E+018",9,1,75,115,2020,4,12,4,2,2,6,0,0,1,0,1,0,0,717552485,5336391249,11.924688571,48.143536516,0,2,#fc8d62,car
1275,27632,"9,20040900858211E+018",9,1,84,121,2020,4,16,5,3,0,7,0,1,0,0,0,0,0,704598792,5328666.1642,11.747053479,48.078411535,0,1,#66c2a5,bicycle
1276,27638,"9,20041700121912E+018",9,1,88,113,2020,4,16,6,3,0,3,0,1,1,0,0,0,0,676309.0046,5317096.7259,11.362820259,47.982859153,0,1,#66c2a5,bicycle
1277,27639,"9,20040700750113E+018",9,7,78,137,2020,4,13,3,3,4,6,0,0,1,0,0,0,1,623538.9645,5327995.8059,10.659134863,48.09324797,0,2,#fc8d62,car
1278,27642,"9,20040700740712E+018",9,7,77,114,2020,4,20,3,3,4,6,1,0,1,0,0,0,1,616728.9265,5313554.8746,10.563777164,47.964653354,0,2,#fc8d62,car
1279,27644,"9,20040900131312E+018",9,1,86,143,2020,4,17,5,2,5,3,0,0,1,0,0,0,0,687016.9015,5381757.1036,11.53478338,48.560989377,0,2,#fc8d62,car
1280,27647,"9,20040700712113E+018",9,7,71,160,2020,4,16,3,3,0,1,0,1,0,0,0,0,0,655191.3326,5352210.4514,11.092817296,48.304037917,0,1,#66c2a5,bicycle
1281,27648,"9,20041300711911E+018",9,7,72,125,2020,4,9,2,3,8,1,0,1,0,0,0,0,0,633842.3494,5347642.5126,10.803630579,48.267839432,0,1,#66c2a5,bicycle
1282,27649,"9,20040900127011E+018",9,1,74,146,2020,4,17,5,3,2,6,0,0,1,0,0,1,0,664877.8274,5351817.9483,11.223191064,48.298059021,0,2,#fc8d62,car
1283,27650,"9,20040900120518E+018",9,1,79,137,2020,4,16,5,2,4,6,0,0,0,0,1,0,1,655711.8193,5346085.8393,11.097575169,48.248845408,0,4,#e78ac3,marker
1284,27653,"9,20041400117512E+018",9,1,62,0,2020,4,10,3,3,2,6,0,0,1,0,0,0,0,701355.8498,5335636.0325,11.706852585,48.142081797,0,2,#fc8d62,car
1285,27654,"9,20040900717312E+018",9,7,72,223,2020,4,16,5,3,3,6,0,0,1,0,0,0,0,618874.9294,5363094.1932,10.60638104,48.409784481,0,2,#fc8d62,car
1286,27655,"9,20040900120514E+018",9,1,79,121,2020,4,9,5,3,4,6,0,0,1,0,0,0,0,663861.3737,5340246.8107,11.205017687,48.194297199,0,2,#fc8d62,car
1287,27658,"9,20041700110512E+018",9,1,77,126,2020,4,17,6,3,0,1,0,1,0,0,0,0,0,716860.1545,5366505.3764,11.930843266,48.414349105,0,1,#66c2a5,bicycle
1288,27664,"9,20040900120311E+018",9,1,81,114,2020,4,14,5,3,8,1,0,0,0,0,1,0,0,651653.8723,5311251.0791,11.030573346,47.936617865,0,4,#e78ac3,marker
1289,27671,"9,20041600715014E+018",9,7,72,200,2020,4,18,5,3,4,2,0,0,1,0,0,0,0,639177.5905,5344790.1558,10.87454982,48.241041277,0,2,#fc8d62,car
1290,27673,"9,20040900117011E+018",9,1,78,140,2020,4,8,5,2,8,1,0,0,1,0,0,0,0,707463.7624,5363546.9784,11.802551773,48.390928749,0,2,#fc8d62,car
1291,27674,"9,20041100131512E+018",9,1,85,158,2020,4,19,7,3,5,3,0,0,1,0,0,0,0,666814.8208,5381900.8887,11.261262417,48.567982807,0,2,#fc8d62,car
1292,27683,"9,20040900110311E+018",9,1,75,128,2020,4,17,5,3,4,6,0,1,1,0,0,0,0,713292.9065,5324674.3768,11.861647217,48.03969342,0,1,#66c2a5,bicycle
1293,27690,"9,20041100857111E+018",9,1,84,141,2020,4,23,7,2,6,6,2,1,0,1,0,0,0,698063.2584,5315921.5838,11.653514161,47.965933472,0,1,#66c2a5,bicycle
1294,27693,"9,20040900110112E+018",9,1,77,138,2020,4,18,5,3,0,1,0,1,0,0,0,0,0,730334.2525,5360217.5549,12.109227661,48.353084203,0,1,#66c2a5,bicycle
1295,27694,"9,20041100110511E+018",9,1,77,117,2020,4,11,7,3,5,1,0,0,1,0,0,0,1,717098457,5353825949,11.92751955,48.300344411,0,2,#fc8d62,car
1296,27695,"9,20041400858212E+018",9,1,84,123,2020,4,12,3,3,2,6,0,0,1,0,0,0,0,702470.8107,5332069.0781,11.720129271,48.109672361,0,2,#fc8d62,car
1297,27696,"9,20040800858211E+018",9,1,84,118,2020,4,13,4,3,5,3,0,1,0,0,0,0,1,703534.0088,5336301.0883,11.736417307,48.14736543,0,1,#66c2a5,bicycle
1298,27697,"9,20041600120911E+018",9,1,79,123,2020,4,14,5,3,2,6,0,0,1,0,0,0,0,676546.0908,5334274.1208,11.373084843,48.137208068,0,2,#fc8d62,car
1299,27700,"9,20041000120111E+018",9,1,74,122,2020,4,11,6,2,5,3,0,1,0,0,0,0,0,682929022,5351065.7574,11.466042506,48.286337487,0,1,#66c2a5,bicycle
1300,27701,"9,20040800858211E+018",9,1,84,138,2020,4,14,4,3,5,6,0,1,1,0,0,0,0,682497.1911,5331965.1548,11.45201448,48.114774532,0,1,#66c2a5,bicycle
1301,27704,"9,20041200853211E+018",9,1,84,142,2020,4,13,1,3,5,3,0,0,1,0,1,0,0,681316.0164,5318571.6215,11.430483305,47.994717753,0,2,#fc8d62,car
1302,27705,"9,20041500125014E+018",9,1,79,121,2020,4,11,4,3,5,2,0,0,1,0,1,0,0,664678.5868,5335646.3555,11.214223841,48.152726877,0,2,#fc8d62,car
1303,27706,"9,20040800852311E+018",9,1,62,0,2020,4,21,4,3,2,6,2,0,1,0,0,0,0,693185.7926,5331389.9808,11.595216456,48.106452557,0,2,#fc8d62,car
1304,27718,"9,20041100712712E+018",9,7,72,131,2020,4,19,7,3,2,3,0,0,1,0,0,0,0,617850.5718,5356171.0642,10.590603026,48.347716364,0,2,#fc8d62,car
1305,27721,"9,20041000712111E+018",9,7,71,142,2020,4,19,6,3,0,1,0,1,0,0,0,0,0,646949.8754,5350054.6215,10.980998648,48.286622329,0,1,#66c2a5,bicycle
1306,27723,"9,20041500858212E+018",9,1,84,138,2020,4,17,4,3,3,1,0,1,0,0,0,0,0,682384.4957,5330201.1266,11.449747656,48.09895035,0,1,#66c2a5,bicycle
1307,27731,"9,20041700120912E+018",9,1,79,123,2020,4,22,6,3,0,1,2,1,0,0,0,0,0,674711.2615,5332701.1522,11.347798185,48.123574414,0,1,#66c2a5,bicycle
1308,27732,"9,20040700141311E+018",9,1,87,181,2020,4,8,3,3,4,6,0,0,0,0,0,1,0,736132.0952,5310837.2263,12.160007827,47.90735181,0,5,#a6d854,bus
1309,27743,"9,20040700121311E+018",9,1,88,126,2020,4,8,3,1,4,2,0,0,1,0,1,0,0,661435515,5323566351,11.166081906,48.044952135,0,2,#fc8d62,car
1310,27747,"9,20040700120111E+018",9,1,74,143,2020,4,9,3,3,5,3,0,1,1,0,0,0,0,674675.0529,5352675.6983,11.355537741,48.303140858,0,1,#66c2a5,bicycle
1311,27749,"9,20041600852911E+018",9,1,62,0,2020,4,16,5,3,5,2,0,1,1,0,0,0,0,689212829,5330073118,11.541315708,48.095808821,0,1,#66c2a5,bicycle
1312,27750,"9,20040700110911E+018",9,1,78,125,2020,4,14,3,3,4,6,0,0,1,0,0,1,0,717277.0082,5383996.7735,11.945565866,48.571357836,0,2,#fc8d62,car
1313,27753,"9,20040700110512E+018",9,1,77,130,2020,4,17,3,3,0,1,0,1,0,0,0,0,0,707297.8979,5350877.2278,11.794081708,48.277133807,0,1,#66c2a5,bicycle
1314,27755,"9,20040800740113E+018",9,7,77,145,2020,4,23,4,3,0,7,2,0,0,0,1,0,0,631022.0406,5327632.0734,10.759473627,48.088482378,0,4,#e78ac3,marker
1315,27758,"9,20040700110311E+018",9,1,75,122,2020,4,10,3,3,0,1,0,1,0,0,0,0,0,721079.2622,5325946.7813,11.966627455,48.048477992,0,1,#66c2a5,bicycle
1316,27761,"9,20040600852911E+018",9,1,62,0,2020,4,16,2,3,0,6,0,1,1,0,0,0,0,687702.8072,5327427.6663,11.519892631,48.072477156,0,1,#66c2a5,bicycle
1317,27765,"9,20041500717011E+018",9,7,72,130,2020,4,16,4,3,8,1,0,0,1,0,0,0,0,630557.3732,5356069.8233,10.761992301,48.344307281,0,2,#fc8d62,car
1318,27766,"9,20040600852811E+018",9,1,84,137,2020,4,15,2,3,3,6,0,1,0,0,0,1,0,705762.7151,5317430.6494,11.757267217,47.977066917,0,1,#66c2a5,bicycle
1319,27767,"9,20041300710112E+018",9,7,71,113,2020,4,16,2,3,0,6,0,1,0,0,0,0,0,658765.7877,5367101.9804,11.146607749,48.437030266,0,1,#66c2a5,bicycle
1320,27771,"9,20040600712311E+018",9,7,72,147,2020,4,10,2,3,8,1,0,0,1,0,0,0,0,632062.9346,5367165.7455,10.785790365,48.443771081,0,2,#fc8d62,car
1321,27775,"9,20040600711911E+018",9,7,72,215,2020,4,16,2,3,2,6,0,0,1,0,1,0,0,634843.8815,5346702.6287,10.816820346,48.259175336,0,2,#fc8d62,car
1322,27792,"9,20041200111112E+018",9,1,78,123,2020,4,17,1,2,9,1,0,0,0,0,1,0,0,687125.5035,5361366.8848,11.527132069,48.377696686,0,4,#e78ac3,marker
1323,27793,"9,20041600712113E+018",9,7,71,130,2020,4,17,5,3,2,3,0,0,1,0,1,0,0,645851.9114,5363045.9642,10.970706105,48.403685704,0,2,#fc8d62,car
1324,27797,"9,20041500121511E+018",9,1,81,128,2020,4,11,4,3,0,1,0,1,0,0,0,0,0,638564123,5327007.9931,10.860498701,48.081275432,0,1,#66c2a5,bicycle
1325,27802,"9,20041000120713E+018",9,1,88,121,2020,4,18,6,3,4,2,0,0,1,0,0,0,0,669987.3136,5329268.4156,11.283002125,48.093993491,0,2,#fc8d62,car
1326,27806,"9,20041300131314E+018",9,1,86,152,2020,4,14,2,3,0,6,0,1,0,0,0,0,0,691988.4983,5381312.4133,11.601890672,48.555490409,0,1,#66c2a5,bicycle
1327,27814,"9,20041000710713E+018",9,7,61,0,2020,4,17,6,3,5,3,0,1,1,0,0,0,0,641323.2943,5365086.8217,10.910240264,48.423067664,0,1,#66c2a5,bicycle
1328,27816,"9,20041500854512E+018",9,1,62,0,2020,4,16,4,3,0,6,0,1,0,0,0,0,0,682327.2136,5335504.7683,11.45124747,48.146639896,0,1,#66c2a5,bicycle
1329,27818,"9,20041400120111E+018",9,1,74,147,2020,4,8,3,3,3,6,0,0,1,0,0,1,0,672239.4365,5366977.5028,11.328577872,48.43237026,0,2,#fc8d62,car
1330,27819,"9,20040900717312E+018",9,7,72,186,2020,4,18,5,3,8,1,0,0,1,0,0,0,0,638624.4982,5343646684,10.866730266,48.23088032,0,2,#fc8d62,car
1331,27821,"9,20041400740712E+018",9,7,62,0,2020,4,11,3,3,5,2,0,1,1,0,0,0,0,622297.8932,5304033.3073,10.635649543,47.87798007,0,1,#66c2a5,bicycle
1332,27823,"9,20041600117011E+018",9,1,62,0,2020,4,5,5,2,2,6,2,0,1,0,1,0,0,694865.6165,5342780.9045,11.622975288,48.208317099,0,2,#fc8d62,car
1333,27826,"9,20040900858212E+018",9,1,62,0,2020,4,18,5,3,0,1,0,1,0,0,0,0,0,688730.7965,5331732.2226,11.53558188,48.110864133,0,1,#66c2a5,bicycle
1334,27828,"9,20041500141511E+018",9,1,87,170,2020,4,6,4,3,8,1,0,0,1,0,0,0,0,733523.7941,5317840.1394,12.128954289,47.971219741,0,2,#fc8d62,car
1335,27830,"9,20041200712311E+018",9,7,72,121,2020,4,17,1,3,0,1,0,1,0,0,0,0,0,634926.1155,5374703.8267,10.82691974,48.510945308,0,1,#66c2a5,bicycle
1336,27842,"9,20041500740711E+018",9,7,62,0,2020,4,10,4,3,2,6,0,0,1,0,0,0,0,620560993,5305333.5474,10.612792345,47.89000268,0,2,#fc8d62,car
1337,27844,"9,20041300712511E+018",9,7,72,200,2020,4,21,2,3,8,1,2,0,1,0,0,0,0,632364644,5336472.9507,10.780240627,48.167707826,0,2,#fc8d62,car
1338,27853,"9,20041700117011E+018",9,1,78,145,2020,4,11,6,3,3,6,0,0,1,0,0,0,0,696423.4745,5356234664,11.650170128,48.328747965,0,2,#fc8d62,car
1339,27854,"9,20040600141311E+018",9,1,87,177,2020,4,17,2,3,5,3,0,0,1,0,0,0,0,735782.1888,5305466.7234,12.152401009,47.859233375,0,2,#fc8d62,car
1340,27866,"9,20041200141514E+018",9,1,87,159,2020,4,16,1,3,3,6,0,1,0,0,0,0,0,731263.7006,5329212.7884,12.104853203,48.074211569,0,1,#66c2a5,bicycle
1341,27867,"9,20041600717011E+018",9,7,72,202,2020,4,17,5,3,2,6,0,0,1,0,0,0,0,636318.1965,5359743753,10.840889449,48.376126271,0,2,#fc8d62,car
1342,27877,"9,20040600121511E+018",9,1,81,145,2020,4,13,2,3,5,3,0,0,1,0,0,0,0,642298.1472,5334467.9385,10.913096211,48.1475327,0,2,#fc8d62,car
1343,27882,"9,20040600120911E+018",9,1,79,118,2020,4,13,2,3,5,3,0,1,1,0,0,0,0,672709.8591,5337691.6979,11.32295068,48.168983327,0,1,#66c2a5,bicycle