fid,OBJECTID,UIDENTSTLA,ULAND,UREGBEZ,UKREIS,UGEMEINDE,UJAHR,UMONAT,USTUNDE,UWOCHENTAG,UKATEGORIE,UART,UTYP1,ULICHTVERH,IstRad,IstPKW,IstFuss,IstKrad,IstGkfz,IstSonstig,LINREFX,LINREFY,XGCSWGS84,YGCSWGS84,STRZUSTAND,Teilnehmer,color,symbol
1344,27884,"9,20040600120111E+018",9,1,74,143,2020,4,15,2,3,2,7,0,1,1,0,0,0,0,675958.6806,5352040.6159,11.37256772,48.297076403,0,1,#66c2a5,bicycle
1345,27885,"9,20040600117011E+018",9,1,84,135,2020,4,8,2,3,2,6,0,0,1,0,0,1,0,692186.6501,5344948.4988,11.587936028,48.228615431,0,2,#fc8d62,car
1346,27886,"9,20041100858214E+018",9,1,62,0,2020,4,18,7,3,2,6,0,0,1,0,0,0,0,682659.9888,5337549048,11.456594666,48.164919777,0,2,#fc8d62,car
1347,27888,"9,20040500858211E+018",9,1,62,0,2020,4,14,1,3,2,6,0,1,0,0,0,0,0,688183.5613,5342568.7163,11.533030694,48.20842608,0,1,#66c2a5,bicycle
1348,27890,"9,20041100120111E+018",9,1,74,115,2020,4,17,7,3,3,7,0,0,1,0,1,0,0,681191.2785,5347226.2593,11.440993308,48.252325608,0,2,#fc8d62,car
1349,27891,"9,20041500120111E+018",9,1,74,111,2020,4,11,4,3,5,3,0,0,1,0,0,0,1,662472232,5363441178,11.195265019,48.403174557,0,2,#fc8d62,car
1350,27893,"9,20041600121512E+018",9,1,81,130,2020,4,17,5,3,2,6,0,0,1,0,0,0,0,639580.1241,5323202.6689,10.872890823,48.046835291,0,2,#fc8d62,car
1351,27894,"9,20040500853212E+018",9,1,84,139,2020,4,16,1,2,0,7,0,1,0,0,0,0,0,687424602,5326405.9316,11.515713598,48.063375215,0,1,#66c2a5,bicycle
1352,27896,"9,20041000120111E+018",9,1,74,131,2020,4,20,6,3,0,7,1,1,0,1,0,0,0,676026.3011,5359372.3009,11.376540704,48.362961599,0,1,#66c2a5,bicycle
1353,27899,"9,20040500712711E+018",9,7,72,131,2020,4,14,1,2,8,1,0,0,0,0,1,0,0,622073.3207,5357581.8008,10.647981625,48.359600947,0,4,#e78ac3,marker
1354,27900,"9,20041300110511E+018",9,1,77,133,2020,4,18,2,3,9,1,0,0,1,0,0,0,0,713006.9315,5356114.9477,11.873574614,48.322302424,0,2,#fc8d62,car
1355,27901,"9,20040500712318E+018",9,7,72,177,2020,4,6,1,2,8,1,0,0,1,0,0,0,0,635188.7868,5376780.4474,10.831147577,48.529561318,0,2,#fc8d62,car
1356,27913,"9,20041100717312E+018",9,7,72,163,2020,4,13,7,3,9,1,0,0,1,0,0,0,0,638909256,5349428912,10.872460996,48.28281168,0,2,#fc8d62,car
1357,27918,"9,20041500858212E+018",9,1,84,131,2020,4,18,4,3,5,3,0,0,1,0,1,0,0,704056286,5338877131,11.744666212,48.170348004,0,2,#fc8d62,car
1358,27921,"9,20040900858211E+018",9,1,62,0,2020,4,16,5,3,1,6,0,0,1,0,0,0,0,688709.3893,5338006.3065,11.538074477,48.167262823,0,2,#fc8d62,car
1359,27926,"9,20041700121512E+018",9,1,81,130,2020,4,17,6,2,8,1,0,0,1,0,0,0,0,636483.5392,5325969.3704,10.8322459,48.072384484,0,2,#fc8d62,car
1360,27934,"9,20040500141512E+018",9,1,87,186,2020,4,15,1,3,7,7,0,0,0,0,1,0,0,733372522,5331790872,12.134529992,48.096603933,0,4,#e78ac3,marker
1361,27940,"9,20040900712118E+018",9,7,71,122,2020,4,17,5,2,9,6,0,0,1,0,1,0,0,652098.0257,5360385.7974,11.05408316,48.378292691,0,2,#fc8d62,car
1362,27944,"9,20041600858212E+018",9,1,84,135,2020,4,11,5,3,5,3,0,0,1,0,0,1,0,692025.3651,5345073.5197,11.585823148,48.22978792,0,2,#fc8d62,car
1363,27949,"9,20040500121911E+018",9,1,88,139,2020,4,12,1,2,8,1,0,1,0,0,0,0,0,677331.4746,5319069467,11.377325641,48.00031042,0,1,#66c2a5,bicycle
1364,27954,"9,20040500120111E+018",9,1,74,118,2020,4,10,1,2,4,2,0,1,1,0,0,0,0,671052.7077,5355604.4105,11.30791885,48.330457947,0,1,#66c2a5,bicycle
1365,27956,"9,20040500111312E+018",9,1,75,132,2020,4,16,1,2,5,3,0,1,1,0,0,0,0,707390846,5335914853,11.788019423,48.142648996,0,1,#66c2a5,bicycle
1366,27957,"9,20041200140112E+018",9,1,87,130,2020,4,16,1,2,0,1,0,1,0,0,0,0,0,714483.1072,5310389.0281,11.870465232,47.910928139,0,1,#66c2a5,bicycle
1367,27959,"9,20041500717312E+018",9,7,61,0,2020,4,12,4,3,8,1,0,0,1,0,0,0,0,641946.3099,5363559.6318,10.918139741,48.409195888,0,2,#fc8d62,car
1368,27960,"9,20040500110512E+018",9,1,77,144,2020,4,12,1,2,0,1,0,1,0,0,0,0,0,717239.4641,5348995.8624,11.926936173,48.256897754,0,1,#66c2a5,bicycle
1369,27961,"9,20041300710411E+018",9,7,61,0,2020,4,17,2,3,0,7,0,1,0,0,0,0,0,639875.2566,5360707.7726,10.88921928,48.384015964,0,1,#66c2a5,bicycle
1370,27962,"9,20040400858212E+018",9,1,84,132,2020,4,11,7,2,5,3,0,1,1,0,0,0,0,683671.6308,5329544.8048,11.466737235,48.092681165,0,1,#66c2a5,bicycle
1371,27964,"9,20041600740712E+018",9,7,62,0,2020,4,14,5,3,6,7,0,0,0,1,0,1,0,620779.6194,5304445.0532,10.615467235,47.881970646,0,3,#8da0cb,toilet
1372,27965,"9,20040400858211E+018",9,1,62,0,2020,4,13,7,3,3,6,0,0,1,0,0,0,0,687347.5149,5331649.5957,11.516979985,48.110529832,0,2,#fc8d62,car
1373,27966,"9,20041100161711E+018",9,1,90,138,2020,4,15,7,3,5,3,0,1,1,0,0,0,0,660985517,5310778.75,11.155254237,47.930094766,0,1,#66c2a5,bicycle
1374,27968,"9,20040400857111E+018",9,1,62,0,2020,4,20,7,3,0,7,2,1,0,0,0,0,0,699480.4905,5333010.5819,11.68044158,48.119077276,0,1,#66c2a5,bicycle
1375,27974,"9,20040400857111E+018",9,1,84,139,2020,4,14,7,2,2,2,0,0,1,0,1,0,0,686741.8666,5324698336,11.50581333,48.048226725,0,2,#fc8d62,car
1376,27976,"9,20040400857111E+018",9,1,84,142,2020,4,15,7,3,2,7,0,1,1,0,1,0,0,683914.3089,5317271.6836,11.464722679,47.982290846,0,1,#66c2a5,bicycle
1377,27981,"9,20041000857111E+018",9,1,62,0,2020,4,12,6,2,3,2,0,1,0,0,0,0,0,695952266,5333840.3824,11.633466271,48.127630603,0,1,#66c2a5,bicycle
1378,27982,"9,20041400858211E+018",9,1,84,147,2020,4,16,3,3,5,3,0,0,1,0,0,0,0,697371.98,5339762179,11.655271532,48.180412873,0,2,#fc8d62,car
1379,27984,"9,20041600120112E+018",9,1,74,111,2020,4,13,5,3,8,1,0,0,0,0,1,0,0,667622.1737,5358686.7384,11.262897333,48.359086033,0,4,#e78ac3,marker
1380,27987,"9,20041600712118E+018",9,7,71,130,2020,4,0,5,3,8,1,2,0,1,0,0,0,0,644819.3114,5358487.3377,10.955191372,48.362935628,0,2,#fc8d62,car
1381,27991,"9,20041500121511E+018",9,1,81,132,2020,4,12,4,3,5,3,0,0,1,0,1,0,0,643577.1778,5326515.9355,10.927604772,48.0757416,0,2,#fc8d62,car
1382,27996,"9,20041000131311E+018",9,1,86,143,2020,4,14,6,3,9,1,0,0,0,0,1,0,0,680823.0364,5381013.1498,11.450591388,48.556119579,0,4,#e78ac3,marker
1383,27999,"9,20040400712711E+018",9,7,72,137,2020,4,18,7,2,0,1,0,0,0,0,1,0,0,623542.0167,5372224.5581,10.672115239,48.490993073,0,4,#e78ac3,marker
1384,28007,"9,20041000711311E+018",9,7,61,0,2020,4,13,6,3,5,3,0,0,1,0,0,0,1,636978362,5360155308,10.849933856,48.379683966,0,2,#fc8d62,car
1385,28009,"9,20041500858211E+018",9,1,62,0,2020,4,17,4,3,3,6,0,0,1,0,0,1,0,690328.0355,5331960402,11.557120397,48.112439749,0,2,#fc8d62,car
1386,28011,"9,20041400141312E+018",9,1,63,0,2020,4,20,3,3,0,7,2,1,0,0,0,0,0,733525.2059,5302755.9151,12.120808989,47.835703417,0,1,#66c2a5,bicycle
1387,28016,"9,20041000110711E+018",9,1,78,137,2020,4,19,6,3,5,3,0,0,1,0,0,0,0,695069.36,5362458935,11.634805203,48.385105506,0,2,#fc8d62,car
1388,28018,"9,20041500147311E+018",9,1,84,145,2020,4,7,4,3,9,1,0,0,1,0,0,0,0,697625.5662,5324172.4445,11.651456935,48.040223768,0,2,#fc8d62,car
1389,28020,"9,20041200740111E+018",9,7,77,121,2020,4,16,1,3,0,3,0,1,1,0,0,0,0,628019433,5321449.54,10.717320343,48.033492802,0,1,#66c2a5,bicycle
1390,28031,"9,20041300712711E+018",9,7,72,148,2020,4,13,2,3,0,1,0,1,0,0,0,0,0,627458.3827,5354266.7274,10.719642856,48.328725676,0,1,#66c2a5,bicycle
1391,28039,"9,20040400125011E+018",9,1,79,145,2020,4,16,7,3,5,3,0,1,1,0,0,0,0,673607218,5336457447,11.334506012,48.157643629,0,1,#66c2a5,bicycle
1392,28040,"9,20041700117513E+018",9,1,75,111,2020,4,12,6,3,5,6,0,0,1,0,0,0,0,712148.1734,5338191.5804,11.853027126,48.161538832,0,2,#fc8d62,car
1393,28041,"9,20040400120111E+018",9,1,74,115,2020,4,14,7,3,0,1,0,1,0,0,0,0,0,682706.2783,5350856.7254,11.462952219,48.284522947,0,1,#66c2a5,bicycle
1394,28044,"9,20040400111311E+018",9,1,75,133,2020,4,16,7,3,4,6,0,0,1,0,0,0,1,706252723,5340674609,11.775045972,48.185791887,0,2,#fc8d62,car
1395,28048,"9,20041500710117E+018",9,7,71,113,2020,4,18,4,3,0,1,0,1,0,0,0,0,0,656989.32,5370176.1,11.123758813,48.465112914,0,1,#66c2a5,bicycle
1396,28049,"9,20040300858211E+018",9,1,62,0,2020,4,15,6,3,5,3,0,1,1,0,0,0,0,692075.1355,5340365.0041,11.584361158,48.187454178,0,1,#66c2a5,bicycle
1397,28052,"9,20040300857111E+018",9,1,84,137,2020,4,15,6,2,4,6,0,0,1,0,0,0,0,709489.4462,5312498.6214,11.804743353,47.931536397,0,2,#fc8d62,car
1398,28055,"9,20040300750118E+018",9,7,78,116,2020,4,18,6,2,8,1,0,1,0,0,0,0,0,615310.4086,5322199.3313,10.547104634,48.042657868,1,1,#66c2a5,bicycle
1399,28057,"9,20041100141512E+018",9,1,87,186,2020,4,9,7,3,5,3,0,0,1,0,1,0,0,731569.4363,5333711681,12.111391412,48.114517659,0,2,#fc8d62,car
1400,28066,"9,20040300711911E+018",9,7,72,125,2020,4,17,6,3,8,7,0,0,0,0,1,0,1,633453.2581,5347766.9397,10.798429226,48.269040423,1,4,#e78ac3,marker
1401,28067,"9,20040300710112E+018",9,7,71,114,2020,4,9,6,3,1,7,0,0,1,0,0,0,0,644229.5083,5375100.8618,10.952952544,48.51244753,0,2,#fc8d62,car
1402,28073,"9,20042500712113E+018",9,7,71,130,2020,4,15,7,2,0,1,0,1,0,0,0,0,0,647084337,5357353123,10.985355878,48.352214,0,1,#66c2a5,bicycle
1403,28081,"9,20042300858213E+018",9,1,62,0,2020,4,17,5,3,3,2,0,1,1,0,0,0,0,693823.2791,5331642.1376,11.603885712,48.108525236,0,1,#66c2a5,bicycle
1404,28083,"9,20042700140113E+018",9,1,87,117,2020,4,11,2,3,0,1,0,0,0,0,1,0,0,725411274,5306181765,12.014317919,47.86937953,0,4,#e78ac3,marker
1405,28089,"9,20042500127012E+018",9,1,74,146,2020,4,14,7,3,0,6,0,0,1,0,0,1,0,665600.4233,5351454.8545,11.232784378,48.294606152,0,2,#fc8d62,car
1406,28091,"9,20042300111319E+018",9,1,75,135,2020,4,16,5,3,9,7,0,1,0,0,0,0,0,707018281,5337866058,11.783966053,48.160304475,0,1,#66c2a5,bicycle
1407,28093,"9,20042100857112E+018",9,1,62,0,2020,4,16,3,2,3,2,0,1,1,1,0,0,0,688564.2093,5334957.0069,11.534772735,48.139898414,0,1,#66c2a5,bicycle
1408,28096,"9,20042100121712E+018",9,1,79,126,2020,4,12,3,3,0,1,0,1,0,0,0,0,0,676179.1079,5340472.5251,11.370724096,48.193028629,0,1,#66c2a5,bicycle
1409,28099,"9,20042200120912E+018",9,1,79,123,2020,4,20,4,3,5,2,2,1,1,0,0,0,0,675957.1996,5333557.7815,11.364880256,48.130931788,0,1,#66c2a5,bicycle
1410,28103,"9,20042300857112E+018",9,1,62,0,2020,4,6,5,3,3,6,0,0,1,0,1,0,0,688538.5549,5335074.3582,11.534480179,48.140960788,0,2,#fc8d62,car
1411,28105,"9,20042700120112E+018",9,1,74,113,2020,4,11,2,2,5,3,0,0,1,0,1,0,0,673756.0988,5347610.3927,11.341073614,48.257860765,0,2,#fc8d62,car
1412,28108,"9,20041800161712E+018",9,1,90,144,2020,4,19,7,3,8,7,0,0,0,0,1,0,0,657566.4673,5308535.3789,11.108692647,47.910773836,0,4,#e78ac3,marker
1413,28113,"9,20042200857112E+018",9,1,62,0,2020,4,19,4,3,3,2,0,1,1,0,0,0,0,697039.0972,5330394.4638,11.646464617,48.096325294,0,1,#66c2a5,bicycle
1414,28119,"9,20042000858212E+018",9,1,62,0,2020,4,16,2,3,5,2,0,1,1,0,0,0,0,701297.8576,5332323.7262,11.704509452,48.112332626,0,1,#66c2a5,bicycle
1415,28120,"9,20042300712113E+018",9,7,71,111,2020,4,9,5,3,8,1,0,0,1,0,0,0,0,657166139,5357729089,11.121487327,48.353165704,0,2,#fc8d62,car
1416,28127,"9,20042600110313E+018",9,1,75,122,2020,4,22,1,3,0,1,2,0,1,0,0,0,0,721735088,5325766305,11.975322117,48.046628969,0,2,#fc8d62,car
1417,28131,"9,20042600858212E+018",9,1,84,118,2020,4,17,1,3,6,4,0,1,0,1,0,0,0,702778.8808,5336728.2798,11.726480415,48.151445643,0,1,#66c2a5,bicycle
1418,28148,"9,20042600710118E+018",9,7,71,113,2020,4,9,1,3,7,7,0,1,0,0,0,0,1,658249.1281,5370239.8958,11.140813352,48.46537079,0,1,#66c2a5,bicycle
1419,28151,"9,20042300140114E+018",9,1,87,122,2020,4,17,5,3,5,3,0,0,1,0,0,0,0,718840.2705,5307990.7127,11.927483701,47.887906222,0,2,#fc8d62,car
1420,28155,"9,20041900141313E+018",9,1,63,0,2020,4,21,1,3,0,7,2,1,0,0,0,0,0,733337.4679,5303172001,12.118528137,47.839509711,0,1,#66c2a5,bicycle
1421,28160,"9,20042400120713E+018",9,1,88,120,2020,4,17,6,3,8,1,0,0,0,0,1,0,0,676774.6,5323419229,11.371660538,48.03956657,0,4,#e78ac3,marker
1422,28162,"9,20042200712313E+018",9,7,72,147,2020,4,20,4,3,5,3,0,0,1,0,0,0,0,637906.8553,5365000.7413,10.864058337,48.42305083,0,2,#fc8d62,car
1423,28163,"9,20042700712512E+018",9,7,72,200,2020,4,10,2,2,4,2,0,0,1,0,0,0,0,629162.1672,5336772.3671,10.737280624,48.171059285,0,2,#fc8d62,car
1424,28166,"9,20042400141313E+018",9,1,63,0,2020,4,10,6,3,4,2,0,1,1,0,0,0,0,734920.5294,5304974272,12.140631125,47.855124805,0,1,#66c2a5,bicycle
1425,28170,"9,20041800141312E+018",9,1,63,0,2020,4,9,7,3,5,3,0,1,1,0,0,0,0,733421.5205,5303168.5488,12.119647908,47.839448193,0,1,#66c2a5,bicycle
1426,28173,"9,20042000121912E+018",9,1,88,139,2020,4,15,2,3,4,6,0,1,0,0,0,0,0,679670.7275,5320720023,11.409348746,48.014494566,0,1,#66c2a5,bicycle
1427,28174,"9,20042300127014E+018",9,1,88,126,2020,4,17,5,3,2,6,0,0,1,0,0,1,0,660230.2079,5327945.3884,11.15156232,48.08462659,0,2,#fc8d62,car
1428,28175,"9,20042500710117E+018",9,7,71,141,2020,4,17,7,2,9,1,0,0,0,0,0,1,0,655818.4659,5375806.0614,11.110030519,48.516019146,0,5,#a6d854,bus
1429,28176,"9,20042200121712E+018",9,1,79,126,2020,4,12,4,3,2,6,0,0,1,0,0,0,0,676140.0958,5340486.8332,11.370205537,48.193168068,0,2,#fc8d62,car
1430,28181,"9,20042300858212E+018",9,1,62,0,2020,4,10,5,3,5,3,0,0,1,0,0,1,0,690859.3993,5339110427,11.567457068,48.176544651,0,2,#fc8d62,car
1431,28186,"9,20041800140114E+018",9,1,87,122,2020,4,12,7,3,5,3,0,0,1,0,1,0,0,717894.5866,5307547063,11.914626158,47.884241388,0,2,#fc8d62,car
1432,28189,"9,20042500111313E+018",9,1,75,135,2020,4,15,7,3,5,3,0,1,1,0,0,0,0,707918.9084,5338870.4638,11.796553674,48.169036424,0,1,#66c2a5,bicycle
1433,28198,"9,20041900852613E+018",9,1,84,130,2020,4,18,1,3,5,2,0,1,1,0,0,0,0,698501.6564,5345244.3382,11.673016283,48.229329537,0,1,#66c2a5,bicycle
1434,28199,"9,20042300120112E+018",9,1,74,115,2020,4,18,5,2,4,2,0,1,1,0,0,0,0,678879319,5347746943,11.410095668,48.257662682,0,1,#66c2a5,bicycle
1435,28201,"9,20042100858214E+018",9,1,84,132,2020,4,15,3,3,4,2,0,0,1,0,0,0,0,683705734,5329518344,11.467183421,48.092433489,0,2,#fc8d62,car
1436,28204,"9,20042100141312E+018",9,1,63,0,2020,4,17,3,3,5,2,0,1,1,0,0,0,0,733677.9993,5305030.0493,12.124075582,47.856078848,0,1,#66c2a5,bicycle
1437,28205,"9,20042300854713E+018",9,1,62,0,2020,4,9,5,3,5,2,0,1,1,0,0,0,0,692197.0149,5339284.1388,11.585510396,48.177702792,0,1,#66c2a5,bicycle
1438,28206,"9,20041800127011E+018",9,1,74,113,2020,4,17,7,3,8,1,0,0,1,0,0,0,0,672328.5194,5346376.8443,11.321353594,48.247161763,1,2,#fc8d62,car
1439,28207,"9,20042600858213E+018",9,1,62,0,2020,4,19,1,3,0,1,0,0,0,0,1,0,0,696819.9956,5333697.2799,11.645049027,48.126076793,0,4,#e78ac3,marker
1440,28210,"9,20041800110718E+018",9,1,78,124,2020,4,17,7,3,0,1,0,0,0,0,1,0,0,703678.4757,5367874512,11.753580075,48.431050244,0,4,#e78ac3,marker
1441,28222,"9,20042200858214E+018",9,1,84,123,2020,4,18,4,3,0,7,0,1,0,0,0,0,0,703487.1829,5331416.2298,11.733456479,48.103481502,0,1,#66c2a5,bicycle
1442,28227,"9,20042100111118E+018",9,1,78,130,2020,4,19,3,3,4,5,0,0,1,0,0,0,0,703539.0675,5355347.5562,11.745633802,48.318525155,0,2,#fc8d62,car
1443,28229,"9,20041800110517E+018",9,1,77,131,2020,4,12,7,3,4,6,0,0,1,0,0,0,0,713078.7515,5347476.3223,11.870186543,48.244656519,0,2,#fc8d62,car
1444,28230,"9,20042600852418E+018",9,1,62,0,2020,4,19,1,3,0,1,0,0,0,0,0,0,1,695854919,5333871.5364,11.632173742,48.127940557,0,6,#ffd92f,circle
1445,28233,"9,20041800110313E+018",9,1,75,123,2020,4,12,7,2,4,6,0,0,1,0,1,0,0,722605.4348,5338318.5618,11.993531237,48.159105106,0,2,#fc8d62,car
1446,28234,"9,20042600131312E+018",9,1,86,143,2020,4,14,1,2,8,1,0,0,1,0,0,0,0,685614.8673,5382536083,11.516147184,48.568407162,0,2,#fc8d62,car
1447,28236,"9,20042400712512E+018",9,7,72,168,2020,4,13,6,3,5,3,0,0,0,0,1,0,0,619134.1365,5347046.1429,10.605343679,48.265413645,0,4,#e78ac3,marker
1448,28239,"9,20042700740712E+018",9,7,62,0,2020,4,8,2,2,0,1,0,1,0,0,0,0,0,621420.0782,5304191.3522,10.623958702,47.8795681,0,1,#66c2a5,bicycle
1449,28244,"9,20042000710617E+018",9,7,61,0,2020,4,20,2,3,5,2,2,0,0,0,0,0,1,642136.5566,5359010.9039,10.919170013,48.368253041,0,6,#ffd92f,circle
1450,28246,"9,20041800110313E+018",9,1,75,124,2020,4,12,7,2,4,2,0,1,1,0,0,0,0,712628.5695,5329404.9864,11.855097119,48.082423838,0,1,#66c2a5,bicycle
1451,28251,"9,20042000857112E+018",9,1,62,0,2020,4,16,2,3,4,2,0,0,1,0,0,0,0,692121.4838,5342045225,11.585744349,48.202541502,0,2,#fc8d62,car
1452,28252,"9,20042300710612E+018",9,7,61,0,2020,4,16,5,3,1,1,0,1,0,0,1,0,0,641935.5669,5359643.2948,10.916671231,48.373984454,0,1,#66c2a5,bicycle
1453,28253,"9,20041700858212E+018",9,1,62,0,2020,4,9,6,3,3,2,0,1,0,0,0,0,1,692142.4708,5339722.2009,11.584975484,48.181656474,0,1,#66c2a5,bicycle
1454,28256,"9,20042000210912E+018",9,2,61,0,2020,4,16,2,3,0,1,0,0,0,0,1,0,0,735703807,5382442506,12.194104137,48.550739994,0,4,#e78ac3,marker
1455,28258,"9,20042500857114E+018",9,1,62,0,2020,4,15,7,3,4,6,0,1,0,0,0,0,0,688562.7493,5342130.7632,11.537934924,48.204377221,0,1,#66c2a5,bicycle
1456,28261,"9,20041900210912E+018",9,2,74,121,2020,4,13,1,3,0,1,0,1,0,0,0,0,0,724278.7847,5370701.9508,12.033206846,48.449454726,0,1,#66c2a5,bicycle
1457,28262,"9,20042200710611E+018",9,7,61,0,2020,4,6,4,3,0,1,0,0,1,0,1,0,0,640881.3091,5352341.9421,10.900000654,48.308569191,0,2,#fc8d62,car
1458,28263,"9,20042700711312E+018",9,7,72,202,2020,4,11,2,3,0,1,0,1,0,0,0,0,0,636723.9138,5358789.0069,10.846054994,48.367453484,1,1,#66c2a5,bicycle
1459,28266,"9,20041900120111E+018",9,1,74,135,2020,4,19,1,2,8,1,0,0,1,0,0,0,0,662926.6219,5354394.3609,11.19789638,48.32172659,0,2,#fc8d62,car
1460,28267,"9,20042400131513E+018",9,1,85,158,2020,4,7,6,3,5,2,0,1,1,0,0,0,0,667364.1742,5380520.8522,11.268148112,48.555430882,0,1,#66c2a5,bicycle
1461,28271,"9,20041700857112E+018",9,1,62,0,2020,4,15,6,2,6,7,0,0,1,1,0,0,0,694994.8978,5331573.3752,11.619577188,48.107549662,0,2,#fc8d62,car
1462,28274,"9,20042000120112E+018",9,1,74,131,2020,4,14,2,2,0,1,0,1,0,0,0,0,0,676572886,5358677866,11.383622147,48.356566814,0,1,#66c2a5,bicycle
1463,28275,"9,20042300125014E+018",9,1,79,142,2020,4,20,5,3,1,1,1,0,1,0,0,0,1,672747987,5340812.0638,11.324731782,48.197023461,0,2,#fc8d62,car
1464,28277,"9,20042200121512E+018",9,1,81,138,2020,4,7,4,3,4,6,0,0,1,0,0,0,0,642341.6557,5338728578,10.915107081,48.185834196,0,2,#fc8d62,car
1465,28278,"9,20041900120111E+018",9,1,74,131,2020,4,18,1,2,8,1,0,0,1,0,0,0,0,676045.9426,5364505003,11.378956096,48.409093075,0,2,#fc8d62,car
1466,28281,"9,20042500740714E+018",9,7,62,0,2020,4,15,7,2,3,6,0,1,1,0,0,0,0,622153.1093,5307955.0563,10.634824158,47.913278616,0,1,#66c2a5,bicycle
1467,28283,"9,20041900120111E+018",9,1,74,115,2020,4,17,1,3,5,3,0,0,1,0,0,0,0,682414204,5350685.88,11.45894496,48.283071536,0,2,#fc8d62,car
1468,28288,"9,20041700852412E+018",9,1,62,0,2020,4,14,6,3,4,2,0,0,1,0,0,0,1,697394641,5331321684,11.651663512,48.104548551,0,2,#fc8d62,car
1469,28290,"9,20042300858214E+018",9,1,62,0,2020,4,8,5,3,5,3,0,1,1,0,0,0,0,686479.4277,5331816.3505,11.505401882,48.112283434,0,1,#66c2a5,bicycle
1470,28298,"9,20042500141313E+018",9,1,87,177,2020,4,13,7,2,0,7,0,1,0,0,0,0,0,736495.5183,5305838.3709,12.162126443,47.862310038,0,1,#66c2a5,bicycle
1471,28299,"9,20041900710112E+018",9,7,71,112,2020,4,19,1,3,8,7,0,1,0,0,0,0,0,643421.7483,5369068.3319,10.939951071,48.458392508,0,1,#66c2a5,bicycle
1472,28300,"9,20042300117512E+018",9,1,62,0,2020,4,18,5,3,2,6,1,0,1,0,1,0,0,701922752,5335642874,11.714467909,48.141963627,0,2,#fc8d62,car
1473,28302,"9,20042100857112E+018",9,1,62,0,2020,4,16,3,2,2,6,0,0,1,0,1,0,0,701175153,5332359.1754,11.702879493,48.112689975,0,2,#fc8d62,car
1474,28303,"9,20041900111312E+018",9,1,75,133,2020,4,14,1,3,0,7,0,1,0,0,0,0,0,706153.0414,5340592329,11.773666504,48.185084844,0,1,#66c2a5,bicycle
1475,28309,"9,20042600858213E+018",9,1,84,141,2020,4,13,1,3,2,6,0,0,1,0,1,0,0,691664.6355,5314924.3578,11.567435971,47.95891793,0,2,#fc8d62,car
1476,28313,"9,20042300857112E+018",9,1,62,0,2020,4,13,5,3,2,7,0,0,1,0,1,0,0,693289189,5331436.92,11.596625247,48.106843073,0,2,#fc8d62,car
1477,28315,"9,20042700127012E+018",9,1,84,120,2020,4,17,2,3,2,6,0,0,1,0,0,0,0,680684.1487,5333468.0295,11.428314405,48.128800712,0,2,#fc8d62,car
1478,28321,"9,20042400854712E+018",9,1,62,0,2020,4,7,6,3,5,2,0,1,1,0,0,0,0,692131507,5339730265,11.584831786,48.181732268,0,1,#66c2a5,bicycle
1479,28323,"9,20042200858212E+018",9,1,84,127,2020,4,19,4,2,0,7,0,1,0,0,0,0,0,702798.6433,5322056452,11.719780344,48.019585409,0,1,#66c2a5,bicycle
1480,28326,"9,20041900110513E+018",9,1,77,133,2020,4,17,1,3,2,6,0,1,1,0,0,0,0,712706.4078,5354444628,11.868683514,48.3073951,0,1,#66c2a5,bicycle
1481,28329,"9,20042100110313E+018",9,1,75,112,2020,4,16,3,3,3,2,0,0,1,0,0,1,0,720797.8701,5318833.8423,11.959194131,47.984664674,0,2,#fc8d62,car
1482,28330,"9,20042300712512E+018",9,7,72,168,2020,4,15,5,2,4,1,0,0,1,0,1,0,0,619472935,5345592298,10.609496583,48.252275077,0,2,#fc8d62,car
1483,28331,"9,20041700717012E+018",9,7,72,223,2020,4,16,6,3,4,6,0,0,1,0,0,0,0,618301.0669,5365042.4552,10.599179044,48.427413226,0,2,#fc8d62,car
1484,28336,"9,20041700711911E+018",9,7,72,125,2020,4,16,6,3,6,6,0,1,0,1,0,0,0,633746.97,5347653.7178,10.802349472,48.267960341,0,1,#66c2a5,bicycle
1485,28337,"9,20042600115013E+018",9,1,77,143,2020,4,16,1,2,9,7,0,0,0,0,1,0,0,723583348,5365722155,12.021159874,48.404963694,0,4,#e78ac3,marker
1486,28341,"9,20042200717312E+018",9,7,71,122,2020,4,16,4,3,0,7,0,0,1,0,0,0,0,653368.9581,5361769.0382,11.071740346,48.390421344,0,2,#fc8d62,car
1487,28342,"9,20042700712718E+018",9,7,72,130,2020,4,13,2,2,5,3,0,0,1,0,0,0,0,630356.2196,5355777.6357,10.759188435,48.341721355,0,2,#fc8d62,car
1488,28346,"9,20041700710712E+018",9,7,61,0,2020,4,8,6,2,0,1,0,1,0,0,0,0,0,641406.1596,5361269.0622,10.910073384,48.388721531,0,1,#66c2a5,bicycle
1489,28354,"9,20042100710113E+018",9,7,71,169,2020,4,15,3,3,8,1,0,0,0,0,1,0,0,640335.7167,5374888.2578,10.900187427,48.511418126,0,4,#e78ac3,marker
1490,28357,"9,20042000740712E+018",9,7,62,0,2020,4,17,2,3,2,6,0,0,1,0,0,0,0,620861.6242,5304816.6799,10.616667646,47.885297542,0,2,#fc8d62,car