fid,OBJECTID,UIDENTSTLA,ULAND,UREGBEZ,UKREIS,UGEMEINDE,UJAHR,UMONAT,USTUNDE,UWOCHENTAG,UKATEGORIE,UART,UTYP1,ULICHTVERH,IstRad,IstPKW,IstFuss,IstKrad,IstGkfz,IstSonstig,LINREFX,LINREFY,XGCSWGS84,YGCSWGS84,STRZUSTAND,Teilnehmer,color,symbol
1491,28360,"9,20042600710612E+018",9,7,61,0,2020,4,18,1,3,0,1,0,1,0,0,0,0,0,641220.3036,5355561.6967,10.905648391,48.337444659,0,1,#66c2a5,bicycle
1492,28366,"9,20041900110111E+018",9,1,77,115,2020,4,18,1,3,5,3,0,1,1,0,0,0,0,734112.4998,5351216.4382,12.15515566,48.270838027,0,1,#66c2a5,bicycle
1493,28372,"9,20041800858212E+018",9,1,62,0,2020,4,14,7,3,4,2,0,1,1,0,0,0,0,684362.4788,5335410.7945,11.47854292,48.145208623,0,1,#66c2a5,bicycle
1494,28373,"9,20042400121512E+018",9,1,81,137,2020,4,13,6,3,9,1,0,0,0,0,1,0,0,646101.7918,5306103.7254,10.954534793,47.891622512,0,4,#e78ac3,marker
1495,28385,"9,20042500711912E+018",9,7,72,163,2020,4,14,7,3,2,6,0,0,1,0,0,0,0,638893.1999,5343880.8429,10.870423388,48.232927092,0,2,#fc8d62,car
1496,28386,"9,20042200121912E+018",9,1,88,141,2020,4,7,4,3,1,1,0,0,1,0,0,0,1,669886.2359,5308095.4546,11.273263901,47.903673983,0,2,#fc8d62,car
1497,28388,"9,20041900121919E+018",9,1,88,141,2020,4,15,1,3,0,1,0,0,0,0,1,0,0,669732.8405,5308071.3767,11.271203498,47.90349812,0,4,#e78ac3,marker
1498,28393,"9,20042300858213E+018",9,1,62,0,2020,4,15,5,3,5,3,0,1,1,0,0,0,0,684289178,5335411.6139,11.477558785,48.145237226,0,1,#66c2a5,bicycle
1499,28401,"9,20042500121912E+018",9,1,88,141,2020,4,12,7,3,5,2,0,0,1,0,1,0,0,669320.8364,5311875.0525,11.267189316,47.937803044,0,2,#fc8d62,car
1500,28403,"9,20042300111319E+018",9,1,75,132,2020,4,17,5,2,8,7,0,1,0,0,0,0,0,706075.3432,5330824.7682,11.767896041,48.097334483,0,1,#66c2a5,bicycle
1501,28405,"9,20042100857112E+018",9,1,88,120,2020,4,10,3,3,2,2,0,0,1,0,1,0,0,679436217,5329310553,11.409809332,48.091782001,0,2,#fc8d62,car
1502,28412,"9,20041900857111E+018",9,1,84,120,2020,4,12,1,3,4,2,0,0,0,0,1,0,1,681584423,5331986617,11.439771314,48.115228366,0,4,#e78ac3,marker
1503,28413,"9,20042300120912E+018",9,1,79,123,2020,4,17,5,3,2,6,0,0,1,0,0,0,0,676244.0534,5333636.3732,11.368764691,48.131558904,0,2,#fc8d62,car
1504,28415,"9,20042200110513E+018",9,1,77,133,2020,4,7,4,3,0,6,0,0,1,0,0,0,1,707458.1383,5361689.2225,11.801558931,48.374237147,0,2,#fc8d62,car
1505,28419,"9,20042300857112E+018",9,1,62,0,2020,4,7,5,3,5,2,0,0,0,0,0,0,1,688072.0948,5334992.5948,11.528179895,48.140363931,0,6,#ffd92f,circle
1506,28421,"9,20042600858217E+018",9,1,62,0,2020,4,14,1,3,5,3,0,1,1,0,0,0,0,692181.0258,5331289794,11.581687754,48.105855996,0,1,#66c2a5,bicycle
1507,28425,"9,20042600161912E+018",9,1,73,130,2020,4,19,1,3,0,1,0,1,0,0,0,0,0,681970.2751,5315789.1236,11.438066474,47.969519893,0,1,#66c2a5,bicycle
1508,28429,"9,20042200852112E+018",9,1,62,0,2020,4,12,4,3,3,2,0,1,1,0,0,0,0,694651.3854,5334162.9862,11.616149635,48.130929142,0,1,#66c2a5,bicycle
1509,28435,"9,20042000857112E+018",9,1,62,0,2020,4,11,2,3,5,3,0,1,1,0,0,0,0,695441345,5329904127,11.624803931,48.092410354,0,1,#66c2a5,bicycle
1510,28436,"9,20042300710612E+018",9,7,61,0,2020,4,12,5,3,0,1,0,1,0,0,0,0,0,642645.3031,5358959.0232,10.926017634,48.367671782,0,1,#66c2a5,bicycle
1511,28440,"9,20042100120518E+018",9,1,79,132,2020,4,13,3,3,5,6,0,0,1,0,0,0,0,660929.5271,5337372.1581,11.16450567,48.16920247,0,2,#fc8d62,car
1512,28443,"9,20042600857112E+018",9,1,62,0,2020,4,18,1,2,6,7,0,0,1,1,0,0,0,696545.3663,5333736.0198,11.641380239,48.126509811,0,2,#fc8d62,car
1513,28458,"9,20042000712113E+018",9,7,71,130,2020,4,9,2,3,5,3,0,1,1,0,0,0,0,647071797,5357330918,10.985178959,48.35201727,0,1,#66c2a5,bicycle
1514,28463,"9,20042000141513E+018",9,1,87,170,2020,4,5,2,3,0,1,2,1,0,0,0,0,0,735082.2085,5320654.3902,12.15134271,47.995931444,1,1,#66c2a5,bicycle
1515,28468,"9,20041900141312E+018",9,1,63,0,2020,4,11,1,3,0,1,0,1,0,0,0,0,0,734785.0655,5304908479,12.138787223,47.854583224,0,1,#66c2a5,bicycle
1516,28473,"9,20042500858214E+018",9,1,62,0,2020,4,16,7,3,5,2,0,1,1,0,0,0,0,692105.4914,5341873.4117,11.585451575,48.201002134,0,1,#66c2a5,bicycle
1517,28477,"9,20042200712112E+018",9,7,71,130,2020,4,15,4,3,5,3,0,0,0,0,1,1,0,644859038,5360713071,10.956494224,48.382938863,0,4,#e78ac3,marker
1518,28478,"9,20042700712512E+018",9,7,72,209,2020,4,7,2,3,2,1,0,0,0,0,0,1,1,636077.9641,5337124199,10.830365369,48.172779911,1,5,#a6d854,bus
1519,28488,"9,20042000120912E+018",9,1,88,121,2020,4,11,2,3,5,3,0,0,1,0,0,0,0,671949838,5329723875,11.30952105,48.09756145,0,2,#fc8d62,car
1520,28489,"9,20042300127012E+018",9,1,84,120,2020,4,14,5,3,2,6,0,0,1,0,0,0,0,681579694,5333392138,11.440306503,48.127863701,0,2,#fc8d62,car
1521,28491,"9,20042200121512E+018",9,1,81,130,2020,4,17,4,3,3,2,0,1,1,0,0,0,0,640293569,5323368825,10.882512977,48.048172994,0,1,#66c2a5,bicycle
1522,28495,"9,20042300858212E+018",9,1,62,0,2020,4,14,5,3,0,6,0,0,1,0,0,0,1,682685079,5335995403,11.456264675,48.150947382,0,2,#fc8d62,car
1523,28501,"9,20042300858217E+018",9,1,62,0,2020,4,20,5,3,4,7,1,0,1,0,0,0,0,700740.1269,5332551.5232,11.697131972,48.114555866,0,2,#fc8d62,car
1524,28511,"9,20042300120112E+018",9,1,74,115,2020,4,17,5,3,0,1,0,0,0,0,1,0,0,679807859,5348695989,11.422997951,48.265930597,0,4,#e78ac3,marker
1525,28513,"9,20042100858212E+018",9,1,62,0,2020,4,10,3,3,3,6,0,0,1,0,0,0,0,689474.9331,5339019.7225,11.548811867,48.176143696,0,2,#fc8d62,car
1526,28517,"9,20042300852712E+018",9,1,84,121,2020,4,13,5,3,3,2,0,1,1,0,0,0,0,704701.3524,5328663.4168,11.748427552,48.078353932,0,1,#66c2a5,bicycle
1527,28519,"9,20042600858213E+018",9,1,84,132,2020,4,15,1,3,5,3,0,1,1,0,0,0,0,680155.6707,5327253594,11.418595186,48.07308898,0,1,#66c2a5,bicycle
1528,28522,"9,20041700217514E+018",9,2,61,0,2020,4,6,6,3,8,1,1,0,1,0,0,0,0,730333.0383,5384470.6118,12.122559126,48.570953337,0,2,#fc8d62,car
1529,28523,"9,20042600152513E+018",9,1,83,126,2020,4,14,1,2,0,1,0,0,0,0,1,0,0,730522.9195,5338841.9515,12.100127865,48.160986583,0,4,#e78ac3,marker
1530,28534,"9,20042500110112E+018",9,1,77,115,2020,4,16,7,3,3,6,0,1,1,0,0,0,0,734812.2136,5350233.5063,12.164025252,48.261749349,0,1,#66c2a5,bicycle
1531,28536,"9,20042200858214E+018",9,1,62,0,2020,4,7,4,3,2,6,0,0,1,0,0,0,0,690064.4613,5331943.7809,11.553575433,48.112369067,0,2,#fc8d62,car
1532,28541,"9,20042100110912E+018",9,1,78,143,2020,4,19,3,2,8,1,0,0,0,0,1,0,0,721822.3343,5370537.3935,11.999945645,48.44884668,0,4,#e78ac3,marker
1533,28542,"9,20042300717012E+018",9,7,72,184,2020,4,13,5,3,1,6,0,0,1,0,1,0,0,633309.7129,5358991.9337,10.800044524,48.370008584,0,2,#fc8d62,car
1534,28546,"9,20042300210917E+018",9,2,61,0,2020,4,16,5,3,4,2,0,0,1,0,1,0,0,731597.7057,5381543.8824,12.138049058,48.54419718,0,2,#fc8d62,car
1535,28548,"9,20042600117013E+018",9,1,77,126,2020,4,17,1,3,0,1,0,0,1,0,0,0,0,719281.4907,5370554476,11.965640172,48.449890322,0,2,#fc8d62,car
1536,28550,"9,20042400710612E+018",9,7,61,0,2020,4,14,6,3,5,1,0,1,1,0,0,0,0,637467.1872,5355425.3905,10.854986754,48.337046706,0,1,#66c2a5,bicycle
1537,28552,"9,20042200717312E+018",9,7,72,223,2020,4,14,4,3,9,1,0,0,1,0,0,0,0,622158.8457,5363427.2175,10.650835324,48.412151333,0,2,#fc8d62,car
1538,28553,"9,20042700717313E+018",9,7,71,122,2020,4,5,2,3,7,7,2,0,1,0,0,1,0,656155.7532,5359360.1537,11.108463743,48.368080473,1,2,#fc8d62,car
1539,28558,"9,20042000710117E+018",9,7,71,112,2020,4,16,2,3,4,2,0,0,1,0,0,0,0,642945598,5367026139,10.932817178,48.440138786,0,2,#fc8d62,car
1540,28561,"9,20042100710718E+018",9,7,61,0,2020,4,18,3,3,8,1,0,0,1,0,0,0,0,641168.2815,5360674.3195,10.906662216,48.383427134,0,2,#fc8d62,car
1541,28567,"9,20042600710718E+018",9,7,61,0,2020,4,13,1,3,0,6,0,0,0,0,1,0,0,644545.1259,5360764.2521,10.952274634,48.383471054,0,4,#e78ac3,marker
1542,28572,"9,20042200167012E+018",9,1,62,0,2020,4,15,4,3,3,6,0,0,1,0,0,1,0,686995.9452,5331341732,11.512126472,48.107865955,0,2,#fc8d62,car
1543,28573,"9,20041800717312E+018",9,7,72,163,2020,4,16,7,3,9,1,0,0,1,0,0,0,0,638557.9769,5347769.9584,10.867184661,48.267971403,1,2,#fc8d62,car
1544,28576,"9,20042200710112E+018",9,7,71,156,2020,4,19,4,2,0,1,0,0,0,0,1,0,0,654390.4781,5383273671,11.093475499,48.583508056,0,4,#e78ac3,marker
1545,28579,"9,20041800717312E+018",9,7,72,147,2020,4,9,7,3,9,1,0,0,0,0,0,1,0,638336787,5364170676,10.869592617,48.415492841,0,5,#a6d854,bus
1546,28586,"9,20042000110112E+018",9,1,77,123,2020,4,17,2,2,8,1,0,0,0,0,1,0,0,725995.1194,5344599.4333,12.042389587,48.214338259,0,4,#e78ac3,marker
1547,28587,"9,20042300121713E+018",9,1,79,142,2020,4,20,5,2,5,3,0,1,1,0,0,0,0,672192306,5341006.0898,11.317338841,48.198918585,0,1,#66c2a5,bicycle
1548,28588,"9,20042800857114E+018",9,1,84,142,2020,4,19,3,3,4,6,0,0,1,0,0,0,0,683110112,5318320935,11.454402915,47.991953175,1,2,#fc8d62,car
1549,28590,"9,20050200740122E+018",9,7,77,121,2020,5,2,7,3,8,1,2,0,1,0,0,0,0,629183.7967,5323362.3208,10.733509568,48.050459948,0,2,#fc8d62,car
1550,28592,"9,20050300730114E+018",9,7,73,182,2020,5,19,1,3,9,1,1,0,0,0,0,0,1,625673.0519,5380749.6527,10.703515325,48.567231432,0,6,#ffd92f,circle
1551,28596,"9,20042800750112E+018",9,7,78,203,2020,4,14,3,3,2,6,0,0,1,0,0,0,1,620693.4572,5322006.4812,10.619244701,48.0399284,0,2,#fc8d62,car
1552,28609,"9,20042800712517E+018",9,7,72,209,2020,4,15,3,3,7,7,0,1,0,0,0,0,1,634371.0965,5334866.1756,10.806705038,48.152837955,0,1,#66c2a5,bicycle
1553,28614,"9,20042800712124E+018",9,7,71,130,2020,4,13,3,3,5,3,0,1,0,0,0,0,1,647195.4797,5358215889,10.987156916,48.359945415,1,1,#66c2a5,bicycle
1554,28623,"9,20050400141523E+018",9,1,87,159,2020,5,9,2,2,3,2,0,0,1,0,0,0,1,732840.9183,5327710.7852,12.125177944,48.060144265,0,2,#fc8d62,car
1555,28628,"9,20050300121916E+018",9,1,88,139,2020,5,14,1,3,0,7,0,0,0,0,1,0,1,680187.7199,5321436.2391,11.416576155,48.020787181,0,4,#e78ac3,marker
1556,28634,"9,20050200121914E+018",9,1,88,139,2020,5,15,7,3,2,6,0,0,1,0,0,0,0,674937.7832,5319251.0401,11.345337606,48.00260211,1,2,#fc8d62,car
1557,28635,"9,20050400111317E+018",9,1,75,118,2020,5,6,2,3,5,3,0,0,1,0,0,0,0,715089.2011,5338145.1265,11.892503459,48.160133413,0,2,#fc8d62,car
1558,28636,"9,20050200120714E+018",9,1,88,120,2020,5,16,7,2,6,4,0,1,0,1,0,0,0,677230.3812,5326324004,11.378973095,48.065552243,1,1,#66c2a5,bicycle
1559,28637,"9,20050200117014E+018",9,1,78,124,2020,5,14,7,3,9,1,0,0,0,0,1,0,0,702089.8948,5358822.8044,11.727774913,48.350220114,0,4,#e78ac3,marker
1560,28638,"9,20050100858216E+018",9,1,84,120,2020,5,13,6,3,0,6,0,0,1,0,0,0,0,681835.5445,5332311.8992,11.443280917,48.118080614,0,2,#fc8d62,car
1561,28640,"9,20050300121314E+018",9,1,88,145,2020,5,12,1,2,2,6,0,1,1,0,0,0,0,663417.8679,5329332.0231,11.194864482,48.096283868,0,1,#66c2a5,bicycle
1562,28642,"9,20050100712117E+018",9,7,71,142,2020,5,16,6,3,2,6,0,0,1,0,1,0,0,645606.8018,5351842.5335,10.963520597,48.303008605,1,2,#fc8d62,car
1563,28643,"9,20050300710114E+018",9,7,71,113,2020,5,17,1,3,0,7,0,1,0,0,0,0,0,657352.9656,5372188.6055,11.129432024,48.483114931,0,1,#66c2a5,bicycle
1564,28645,"9,20050100712116E+018",9,7,71,129,2020,5,2,6,2,8,1,2,0,0,0,1,0,0,657621.4888,5355319299,11.126727562,48.331387143,1,4,#e78ac3,marker
1565,28671,"9,20050100161714E+018",9,1,90,159,2020,5,3,6,3,9,1,2,0,1,0,0,0,0,662307.1304,5305004.1966,11.170761925,47.877843205,1,2,#fc8d62,car
1566,28677,"9,20050300110715E+018",9,1,78,115,2020,5,16,1,3,8,1,0,0,0,0,1,0,0,703719931,5376128.3823,11.758159254,48.505206371,0,4,#e78ac3,marker
1567,28678,"9,20050100140114E+018",9,1,87,122,2020,5,17,6,3,5,3,0,0,1,0,0,0,0,720760.4607,5305168.0798,11.951693436,47.86188624,1,2,#fc8d62,car
1568,28681,"9,20050300110116E+018",9,1,77,138,2020,5,16,1,3,5,3,0,0,1,0,0,0,0,728430591,5364705.5158,12.086007237,48.394093302,0,2,#fc8d62,car
1569,28683,"9,20050100131315E+018",9,1,86,143,2020,5,23,6,3,0,6,2,1,0,0,0,0,0,681458706,5380454.9531,11.458954727,48.550918881,1,1,#66c2a5,bicycle
1570,28684,"9,20050300852815E+018",9,1,84,146,2020,5,12,1,3,4,6,0,1,0,0,0,0,0,695310.4507,5328432.3908,11.622374976,48.079223079,0,1,#66c2a5,bicycle
1571,28690,"9,20050200858215E+018",9,1,62,0,2020,5,12,7,3,1,6,0,0,1,0,0,0,0,691449.7019,5331373.4353,11.571911236,48.106827957,0,2,#fc8d62,car
1572,28691,"9,20043000740712E+018",9,7,62,0,2020,4,16,5,3,2,6,0,0,1,0,0,0,0,620727.5897,5304149.9308,10.614689104,47.879326162,1,2,#fc8d62,car
1573,28723,"9,20050200858214E+018",9,1,62,0,2020,5,16,7,3,2,6,0,0,1,0,0,0,0,684770805,5329075269,11.481281836,48.088142986,1,2,#fc8d62,car
1574,28736,"9,20050200857115E+018",9,1,62,0,2020,5,5,7,2,3,2,2,1,0,0,0,0,1,687781.5013,5335018.3562,11.524288854,48.140681307,1,1,#66c2a5,bicycle
1575,28739,"9,20043000210913E+018",9,2,61,0,2020,4,16,5,3,0,1,0,1,0,0,0,0,0,730201.7405,5381661.7288,12.119228737,48.54576949,0,1,#66c2a5,bicycle
1576,28740,"9,20050300750918E+018",9,7,74,198,2020,5,3,1,2,8,1,2,0,1,0,0,0,0,615175.3617,5351180.4997,10.55314665,48.303327925,0,2,#fc8d62,car
1577,28750,"9,20050300712314E+018",9,7,72,147,2020,5,19,1,3,5,3,0,0,1,0,1,0,0,635948219,5364615664,10.837473282,48.42001399,0,2,#fc8d62,car
1578,28755,"9,20043000140113E+018",9,1,87,117,2020,4,15,5,3,5,3,0,1,1,0,0,0,0,725377819,5306083.4003,12.013819895,47.868507468,0,1,#66c2a5,bicycle
1579,28763,"9,20043000110313E+018",9,1,75,115,2020,4,8,5,3,1,6,0,0,1,0,0,0,0,718462.2173,5327781.4016,11.932494446,48.065863552,0,2,#fc8d62,car
1580,28764,"9,20042900858213E+018",9,1,62,0,2020,4,14,4,3,1,3,0,0,1,0,0,0,0,684879662,5335384.2388,11.48547755,48.144819838,0,2,#fc8d62,car
1581,28765,"9,20042900858213E+018",9,1,62,0,2020,4,12,4,3,1,6,0,0,1,0,0,0,1,679856.7553,5334911.1116,11.417814194,48.142006838,1,2,#fc8d62,car
1582,28767,"9,20042900857113E+018",9,1,62,0,2020,4,14,4,2,5,3,0,1,1,0,0,0,0,685512.0496,5331830206,11.492423705,48.112690478,1,1,#66c2a5,bicycle
1583,28769,"9,20042900854112E+018",9,1,62,0,2020,4,7,4,3,2,6,0,0,1,0,0,0,0,686051.8715,5335243.1827,11.501159289,48.143210243,0,2,#fc8d62,car
1584,28770,"9,20042800152513E+018",9,1,83,126,2020,4,19,3,3,8,1,0,0,1,0,0,0,0,729754.7423,5334823.8591,12.087645096,48.125166548,1,2,#fc8d62,car
1585,28773,"9,20042900740713E+018",9,7,77,152,2020,4,14,4,2,2,6,0,0,1,0,0,0,0,624320.2559,5305304.7943,10.663051636,47.889026872,0,2,#fc8d62,car
1586,28795,"9,20050300853114E+018",9,1,84,134,2020,5,16,1,2,8,1,0,0,0,0,1,0,0,691910.8859,5317820.0636,11.572024133,47.984871243,0,4,#e78ac3,marker
1587,28803,"9,20050300710114E+018",9,7,71,112,2020,5,12,1,2,0,7,0,1,0,0,0,0,0,642936.0939,5367023.8196,10.932687955,48.44012009,0,1,#66c2a5,bicycle
1588,28805,"9,20042800147312E+018",9,1,84,145,2020,4,12,3,3,9,1,0,0,0,0,0,0,1,694334.0433,5323580.4809,11.607075145,48.035913579,0,6,#ffd92f,circle
1589,28816,"9,20042800127012E+018",9,1,84,120,2020,4,9,3,3,7,6,0,0,1,0,0,0,0,682260.9408,5333227.0735,11.44938274,48.126185284,0,2,#fc8d62,car
1590,28818,"9,20042800120912E+018",9,1,79,123,2020,4,2,3,3,7,7,2,0,0,0,1,0,0,673579.4311,5331382.9207,11.332064923,48.112033724,0,4,#e78ac3,marker
1591,28822,"9,20042800115013E+018",9,1,75,123,2020,4,22,3,3,2,6,2,0,1,0,0,0,0,722274545,5337495461,11.988657915,48.15182554,1,2,#fc8d62,car
1592,28828,"9,20042800110512E+018",9,1,77,118,2020,4,15,3,3,2,6,0,0,1,0,0,0,0,708544.5316,5345248.0877,11.808090552,48.226141274,0,2,#fc8d62,car
1593,28830,"9,20042700858213E+018",9,1,62,0,2020,4,17,2,3,4,2,0,0,1,0,0,0,0,684500.1583,5332972.5915,11.479336114,48.123252825,0,2,#fc8d62,car
1594,28832,"9,20050400131519E+018",9,1,85,158,2020,5,6,2,2,4,6,0,0,1,0,0,1,0,669285.8511,5381956.4548,11.294753346,48.567819823,0,2,#fc8d62,car
1595,28838,"9,20042700854413E+018",9,1,62,0,2020,4,16,2,3,5,2,0,0,1,0,1,0,0,682837.8337,5339839.3008,11.459969358,48.18545485,0,2,#fc8d62,car
1596,28842,"9,20042900127013E+018",9,1,88,144,2020,4,13,4,3,2,6,0,0,1,0,0,1,0,666638.4485,5328895.7313,11.237915909,48.09152748,1,2,#fc8d62,car
1597,28844,"9,20042800858213E+018",9,1,62,0,2020,4,13,3,3,5,2,0,1,1,0,0,0,0,697510.5465,5333584.1294,11.654266546,48.124846007,0,1,#66c2a5,bicycle
1598,28845,"9,20050300131315E+018",9,1,86,143,2020,5,13,1,3,0,1,0,0,1,0,1,0,0,685552.0338,5378586.0379,11.513536224,48.532924146,0,2,#fc8d62,car
1599,28846,"9,20042800858213E+018",9,1,62,0,2020,4,11,3,3,3,6,0,1,1,0,0,0,0,693409.2328,5331495186,11.598262596,48.107330319,0,1,#66c2a5,bicycle
1600,28847,"9,20042800858212E+018",9,1,84,122,2020,4,8,3,3,1,7,0,0,1,0,0,1,0,687974.5184,5323659.7166,11.521881219,48.038529412,0,2,#fc8d62,car
1601,28870,"9,20050700127014E+018",9,1,88,144,2020,5,13,5,3,2,7,0,0,1,0,0,0,0,666210.9349,5328636.6363,11.232078171,48.089309797,0,2,#fc8d62,car
1602,28871,"9,20050500131515E+018",9,1,85,158,2020,5,9,3,3,0,1,0,1,0,0,0,0,0,666649.9364,5381245.6781,11.258766705,48.562136782,0,1,#66c2a5,bicycle
1603,28879,"9,20050700110317E+018",9,1,75,115,2020,5,14,5,3,8,1,0,0,1,0,0,0,0,717098.3696,5336852.7621,11.918827162,48.147838443,0,2,#fc8d62,car
1604,28880,"9,20050500120114E+018",9,1,74,115,2020,5,18,3,3,5,3,0,0,1,0,0,0,0,683370.7292,5347707.0439,11.470534807,48.256020293,0,2,#fc8d62,car
1605,28882,"9,20050700858214E+018",9,1,84,119,2020,5,16,5,3,2,7,0,0,1,0,0,0,0,696256.4933,5346472.5148,11.643385493,48.241066058,0,2,#fc8d62,car
1606,28884,"9,20050500120114E+018",9,1,74,131,2020,5,13,3,3,2,6,0,0,1,0,0,0,0,676348.2126,5358568.7263,11.380546192,48.355648555,0,2,#fc8d62,car
1607,28886,"9,20050700121514E+018",9,1,81,134,2020,5,15,5,3,5,3,0,1,1,0,0,0,0,643442.0079,5340387.2055,10.930463194,48.200500668,0,1,#66c2a5,bicycle
1608,28887,"9,20050500111316E+018",9,1,75,133,2020,5,15,3,2,0,7,0,1,0,0,0,0,0,707583.5393,5341907.0885,11.79353192,48.196433742,0,1,#66c2a5,bicycle
1609,28888,"9,20050800121517E+018",9,1,81,137,2020,5,14,6,2,9,1,0,0,0,0,1,0,0,650539.8315,5308733.6879,11.014786846,47.914244859,0,4,#e78ac3,marker
1610,28890,"9,20050500110914E+018",9,1,78,132,2020,5,19,3,3,8,1,0,0,1,0,0,0,0,713199.9897,5381851.1818,11.889269683,48.553479983,0,2,#fc8d62,car
1611,28892,"9,20050600120114E+018",9,1,74,146,2020,5,7,4,2,2,6,0,0,1,0,1,0,0,666385.1017,5352282.1743,11.243681801,48.301837781,0,2,#fc8d62,car
1612,28896,"9,20050500110914E+018",9,1,78,144,2020,5,14,3,3,5,3,0,0,1,0,0,1,0,710658644,5377627162,11.852739539,48.516385122,0,2,#fc8d62,car
1613,28900,"9,20050400858214E+018",9,1,84,123,2020,5,15,2,2,3,2,0,1,0,0,0,0,0,704211.0296,5332746.3962,11.743805138,48.115203705,0,1,#66c2a5,bicycle
1614,28902,"9,20050500858216E+018",9,1,62,0,2020,5,12,3,3,6,4,0,0,1,1,0,0,0,698470.11,5333143016,11.666941922,48.120583208,0,2,#fc8d62,car
1615,28905,"9,20050600740715E+018",9,7,77,158,2020,5,6,4,2,4,6,0,0,1,0,0,0,0,618205803,5312504989,10.583265989,47.95493985,0,2,#fc8d62,car
1616,28922,"9,20050600712118E+018",9,7,71,129,2020,5,17,4,3,5,3,0,0,1,0,0,0,0,654972404,5355637421,11.091126408,48.334902406,0,2,#fc8d62,car
1617,28928,"9,20050700121914E+018",9,1,88,141,2020,5,17,5,3,5,3,0,1,1,0,0,0,0,669799.2436,5308098.3006,11.272101916,47.903722601,0,1,#66c2a5,bicycle
1618,28929,"9,20050400717315E+018",9,7,72,111,2020,5,18,2,3,9,1,0,0,1,0,0,0,0,627637.6595,5364073.8273,10.725037731,48.416880091,1,2,#fc8d62,car
1619,28932,"9,20050400717017E+018",9,7,72,223,2020,5,18,2,3,8,1,0,0,1,0,0,1,0,619004.5263,5363108.0417,10.60813552,48.409884562,1,2,#fc8d62,car
1620,28934,"9,20050600121514E+018",9,1,81,132,2020,5,15,4,3,5,3,0,0,1,0,1,0,0,641991991,5328681816,10.907055101,48.095572301,0,2,#fc8d62,car
1621,28940,"9,20050700115016E+018",9,1,77,117,2020,5,12,5,3,8,1,0,1,0,0,0,0,0,713194.69,5354552.5854,11.875314703,48.308200778,0,1,#66c2a5,bicycle
1622,28941,"9,20050400715019E+018",9,7,71,130,2020,5,18,2,3,8,1,0,0,1,0,0,0,0,645095.8217,5362961.7372,10.960467177,48.403102876,1,2,#fc8d62,car
1623,28942,"9,20050800117515E+018",9,1,77,127,2020,5,14,6,2,8,7,0,0,1,0,0,0,0,727575.6707,5348403379,12.065678309,48.247947964,0,2,#fc8d62,car
1624,28944,"9,20050400712714E+018",9,7,72,223,2020,5,9,2,3,2,6,0,0,1,0,0,0,0,618356.1523,5363102.8994,10.599376003,48.409960416,0,2,#fc8d62,car
1625,28946,"9,20050600111316E+018",9,1,75,127,2020,5,15,4,2,5,2,0,0,1,0,1,0,0,712279.2399,5341346.5695,11.856362998,48.189844953,0,2,#fc8d62,car
1626,28947,"9,20050700161947E+018",9,1,73,137,2020,5,15,5,3,6,4,0,1,0,1,0,0,0,674446.7104,5306229.6425,11.333482201,47.885676697,0,1,#66c2a5,bicycle
1627,28950,"9,20050400711114E+018",9,7,61,0,2020,5,15,2,3,2,6,0,0,1,0,0,0,0,637380.6105,5359117.4715,10.855024235,48.370264408,0,2,#fc8d62,car
1628,28953,"9,20050600858214E+018",9,1,62,0,2020,5,10,4,3,5,3,0,1,1,0,0,0,0,687267.7676,5335093.9279,11.517423046,48.141511974,0,1,#66c2a5,bicycle
1629,28956,"9,20050700852515E+018",9,1,62,0,2020,5,14,5,3,5,2,0,1,1,0,0,0,0,697509.9029,5333584.2983,11.654257985,48.124847725,0,1,#66c2a5,bicycle
1630,28959,"9,20050500858214E+018",9,1,84,123,2020,5,12,3,3,4,2,0,0,1,0,0,0,0,704148621,5332906026,11.743044019,48.116658255,0,2,#fc8d62,car
1631,28961,"9,20050700141315E+018",9,1,87,177,2020,5,19,5,3,0,7,0,1,0,0,0,0,0,735790.3344,5304459.3368,12.151960679,47.850180243,0,1,#66c2a5,bicycle
1632,28976,"9,20050700140115E+018",9,1,87,150,2020,5,13,5,3,0,6,0,0,1,0,1,0,0,725359816,5303003.6349,12.011975098,47.840842205,0,2,#fc8d62,car
1633,28983,"9,20050500710118E+018",9,7,71,155,2020,5,14,3,3,2,2,0,0,1,0,0,1,0,650749.6444,5375138127,11.041195399,48.511251335,0,2,#fc8d62,car
1634,28986,"9,20050700121715E+018",9,1,79,126,2020,5,15,5,3,0,7,0,1,0,0,0,0,1,677423.1761,5339531.9732,11.387056773,48.184227614,0,1,#66c2a5,bicycle
1635,28999,"9,20050700110515E+018",9,1,77,130,2020,5,13,5,3,5,3,0,0,1,0,0,0,0,708229.1413,5350971.0613,11.80666416,48.277671482,0,2,#fc8d62,car
1636,29002,"9,20050800110715E+018",9,1,78,140,2020,5,21,6,2,0,1,2,0,0,0,1,0,0,707930.5037,5366455.2254,11.810289348,48.416907771,0,4,#e78ac3,marker
1637,29006,"9,20050600110317E+018",9,1,75,137,2020,5,21,4,2,4,6,2,0,0,0,1,0,1,727347.2714,5327112.8101,12.051234427,48.056752706,0,4,#e78ac3,marker