fid,OBJECTID,UIDENTSTLA,ULAND,UREGBEZ,UKREIS,UGEMEINDE,UJAHR,UMONAT,USTUNDE,UWOCHENTAG,UKATEGORIE,UART,UTYP1,ULICHTVERH,IstRad,IstPKW,IstFuss,IstKrad,IstGkfz,IstSonstig,LINREFX,LINREFY,XGCSWGS84,YGCSWGS84,STRZUSTAND,Teilnehmer,color,symbol
1638,29007,"9,20050800130524E+018",9,1,86,162,2020,5,17,6,3,5,3,0,1,1,0,0,0,0,693309.6343,5382721382,11.620430127,48.567746822,0,1,#66c2a5,bicycle
1639,29011,"9,20050600120114E+018",9,1,74,113,2020,5,18,4,3,5,3,0,1,1,0,0,0,0,678683.6066,5349889.8062,11.408366545,48.276979695,0,1,#66c2a5,bicycle
1640,29012,"9,20050700211514E+018",9,2,74,114,2020,5,19,5,3,5,3,0,0,1,0,1,0,0,735765.3632,5372558171,12.189355371,48.461931671,0,2,#fc8d62,car
1641,29014,"9,20050600857114E+018",9,1,62,0,2020,5,0,4,3,4,1,2,0,1,0,0,0,0,687549827,5331579617,11.519664521,48.109841304,0,2,#fc8d62,car
1642,29024,"9,20050800161714E+018",9,1,90,159,2020,5,17,6,2,5,3,0,1,1,0,0,0,0,666677.2994,5303309.3565,11.228511549,47.861486086,0,1,#66c2a5,bicycle
1643,29042,"9,20050600712314E+018",9,7,72,177,2020,5,18,4,3,3,2,0,0,1,0,1,0,0,636812.0659,5378730.8943,10.853763598,48.546747259,0,2,#fc8d62,car
1644,29044,"9,20050700712314E+018",9,7,72,145,2020,5,15,5,3,1,5,0,0,1,0,1,0,0,632576.5266,5369389.0949,10.793435945,48.463655622,0,2,#fc8d62,car
1645,29048,"9,20050700127014E+018",9,1,62,0,2020,5,10,5,3,2,6,0,0,1,0,0,0,0,678542.4911,5336516.7234,11.400836171,48.15680993,0,2,#fc8d62,car
1646,29050,"9,20050800131516E+018",9,1,85,131,2020,5,21,6,2,8,1,1,0,1,0,0,0,0,665030.7708,5376108.3611,11.23480332,48.516383272,0,2,#fc8d62,car
1647,29057,"9,20050600858215E+018",9,1,84,142,2020,5,13,4,2,7,7,0,1,0,0,0,0,1,680995.2697,5318587.8766,11.426194647,47.994954731,0,1,#66c2a5,bicycle
1648,29061,"9,20050700120716E+018",9,1,88,120,2020,5,15,5,3,5,3,0,0,1,0,1,0,0,676662476,5323278864,11.370099675,48.038335802,0,2,#fc8d62,car
1649,29063,"9,20050800117515E+018",9,1,77,127,2020,5,17,6,3,2,6,0,0,1,0,0,0,0,725333.7866,5348120.1817,12.035371357,48.246204468,0,2,#fc8d62,car
1650,29067,"9,20050600117516E+018",9,1,84,118,2020,5,10,4,3,1,7,0,0,1,0,0,1,0,702743.1826,5335713.8472,11.725517912,48.142340557,0,2,#fc8d62,car
1651,29076,"9,20050700853214E+018",9,1,84,113,2020,5,8,5,3,1,6,0,0,1,0,0,0,0,686313.6788,5323158.9722,11.499403492,48.034515199,0,2,#fc8d62,car
1652,29079,"9,20050500858214E+018",9,1,62,0,2020,5,12,3,2,0,7,0,0,0,0,0,0,1,694589833,5334166835,11.615325011,48.130982554,0,6,#ffd92f,circle
1653,29094,"9,20050700140119E+018",9,1,87,117,2020,5,7,5,3,0,1,0,1,0,0,0,0,0,726590.6693,5304969.3642,12.029431315,47.858071431,0,1,#66c2a5,bicycle
1654,29097,"9,20050600710614E+018",9,7,61,0,2020,5,14,4,3,0,1,0,1,0,0,0,0,0,642677.3293,5358914.4171,10.92643467,48.367263467,0,1,#66c2a5,bicycle
1655,29103,"9,20050700121914E+018",9,1,88,139,2020,5,15,5,3,8,1,0,1,0,0,0,0,0,669408.0287,5318831.0184,11.271097346,48.000315299,0,1,#66c2a5,bicycle
1656,29104,"9,20050400210915E+018",9,2,74,126,2020,5,15,2,3,5,3,0,1,1,0,0,0,0,734331.5004,5384363.7847,12.176618883,48.568511931,0,1,#66c2a5,bicycle
1657,29113,"9,20050600140717E+018",9,1,82,127,2020,5,16,4,3,5,3,0,1,1,0,0,0,0,699995.9798,5309251.1386,11.676280585,47.905382315,0,1,#66c2a5,bicycle
1658,29116,"9,20050700110524E+018",9,1,77,114,2020,5,15,5,3,9,6,0,0,1,0,0,0,0,724174.7197,5344829.7261,12.01804016,48.217052842,0,2,#fc8d62,car
1659,29118,"9,20050800117014E+018",9,1,77,126,2020,5,2,6,3,2,6,2,0,1,0,0,0,1,719003.1896,5370077.0514,11.961631923,48.445697805,0,2,#fc8d62,car
1660,29122,"9,20050600110517E+018",9,1,77,117,2020,5,18,4,2,5,3,0,1,1,0,0,0,0,716729.8767,5350687.8845,11.920946465,48.272275161,0,1,#66c2a5,bicycle
1661,29124,"9,20050600120515E+018",9,1,79,121,2020,5,12,4,3,2,6,0,0,1,0,0,0,0,666106442,5339498789,11.234912414,48.186989203,0,2,#fc8d62,car
1662,29126,"9,20050800210917E+018",9,2,74,126,2020,5,14,6,2,1,6,0,0,1,0,1,0,0,733729.9578,5382541.4161,12.167454096,48.55236698,0,2,#fc8d62,car
1663,29127,"9,20050600858214E+018",9,1,62,0,2020,5,14,4,3,2,6,0,0,1,0,0,0,1,694769.0047,5334862.1776,11.618048399,48.137177197,0,2,#fc8d62,car
1664,29129,"9,20050500160914E+018",9,1,73,118,2020,5,9,3,3,5,3,0,0,1,0,0,1,0,687308.4339,5306743.6283,11.505585384,47.886673069,0,2,#fc8d62,car
1665,29136,"9,20050700141315E+018",9,1,63,0,2020,5,14,5,3,0,6,0,0,0,0,1,0,0,732946.7573,5303178.0551,12.113317568,47.839705746,0,4,#e78ac3,marker
1666,29140,"9,20050700712515E+018",9,7,72,160,2020,5,17,5,3,0,1,0,0,0,0,1,0,0,638708572,5342639.9787,10.867532317,48.221809598,0,4,#e78ac3,marker
1667,29143,"9,20050900120915E+018",9,1,79,113,2020,5,15,7,3,0,7,0,0,1,0,0,0,1,671466.5767,5335782.0129,11.305472844,48.152152554,0,2,#fc8d62,car
1668,29150,"9,20050900120114E+018",9,1,74,141,2020,5,10,7,3,0,6,0,1,1,0,0,0,0,679042061,5355141.2137,11.415420656,48.32408187,0,1,#66c2a5,bicycle
1669,29152,"9,20050800858216E+018",9,1,84,132,2020,5,16,6,3,4,2,0,1,0,0,0,0,0,684702.1724,5326916.1956,11.479427817,48.068755772,0,1,#66c2a5,bicycle
1670,29153,"9,20051300854816E+018",9,1,84,119,2020,5,12,4,3,0,1,0,1,0,0,0,0,0,696527.9539,5346921.3188,11.647246022,48.245015466,1,1,#66c2a5,bicycle
1671,29155,"9,20050800858215E+018",9,1,84,114,2020,5,11,6,3,2,6,0,0,1,0,0,0,0,700617.2013,5317511344,11.688433434,47.979425929,0,2,#fc8d62,car
1672,29157,"9,20051300140116E+018",9,1,87,122,2020,5,15,4,3,5,3,0,1,1,0,0,0,0,717910496,5308229707,11.915183168,47.890370027,1,1,#66c2a5,bicycle
1673,29165,"9,20050800857115E+018",9,1,84,122,2020,5,18,6,3,2,6,0,1,1,0,0,0,0,687582.5918,5324157.0035,11.516846215,48.043114496,0,1,#66c2a5,bicycle
1674,29168,"9,20050800857115E+018",9,1,84,138,2020,5,14,6,3,5,3,0,1,0,0,0,0,0,682733.7754,5330022.2633,11.454358073,48.097242519,0,1,#66c2a5,bicycle
1675,29170,"9,20051300117015E+018",9,1,77,126,2020,5,3,4,3,2,6,2,0,1,0,0,1,0,716732605,5367402909,11.9295855,48.42245709,1,2,#fc8d62,car
1676,29176,"9,20051200141315E+018",9,1,87,177,2020,5,11,3,3,0,1,0,1,0,0,0,0,0,735075.6478,5305137.0982,12.142790147,47.8565309,0,1,#66c2a5,bicycle
1677,29200,"9,20051200712518E+018",9,7,72,168,2020,5,15,3,3,9,1,0,0,1,0,0,0,0,617717969,5347224.8673,10.586318083,48.267285746,0,2,#fc8d62,car
1678,29213,"9,20051400710116E+018",9,7,71,113,2020,5,17,5,2,8,1,0,0,1,0,0,0,0,661074453,5369189406,11.178601825,48.455209851,0,2,#fc8d62,car
1679,29216,"9,20051300740715E+018",9,7,62,0,2020,5,12,4,3,1,6,0,0,1,0,0,0,0,622228.4921,5304729.7546,10.634918862,47.88425693,1,2,#fc8d62,car
1680,29219,"9,20051100152516E+018",9,1,83,119,2020,5,7,2,3,2,6,0,0,1,0,0,0,1,735350.9904,5339532.0164,12.165336956,48.165417127,0,2,#fc8d62,car
1681,29221,"9,20051300858215E+018",9,1,62,0,2020,5,1,4,3,0,1,2,0,1,0,0,0,0,689404.5933,5331854.6188,11.544679389,48.11176424,0,2,#fc8d62,car
1682,29225,"9,20051300147315E+018",9,1,84,148,2020,5,8,4,3,2,6,0,0,1,0,0,0,0,693477.7517,5327300.8987,11.597282016,48.069612154,0,2,#fc8d62,car
1683,29227,"9,20051100131315E+018",9,1,86,130,2020,5,12,2,3,5,3,0,0,1,0,0,0,0,686002.6186,5373035.7022,11.517160513,48.482906085,0,2,#fc8d62,car
1684,29235,"9,20051100127015E+018",9,1,79,142,2020,5,16,2,3,3,1,0,0,1,0,0,0,0,675748797,5343771635,11.36630536,48.222804155,1,2,#fc8d62,car
1685,29236,"9,20051200858216E+018",9,1,84,141,2020,5,17,3,3,0,1,0,1,0,0,0,0,0,697993.1356,5316923.1848,11.653037101,47.974957131,0,1,#66c2a5,bicycle
1686,29237,"9,20051100127015E+018",9,7,71,129,2020,5,16,2,3,8,1,0,0,1,0,0,0,0,660295.3856,5355597.0093,11.162884586,48.333211315,1,2,#fc8d62,car
1687,29238,"9,20051100121914E+018",9,1,88,113,2020,5,15,2,3,5,3,0,0,1,0,0,0,1,675390.4488,5312691036,11.348723816,47.943505931,0,2,#fc8d62,car
1688,29239,"9,20051100117515E+018",9,1,84,123,2020,5,14,2,3,2,6,0,0,1,0,0,0,0,705124.1471,5332213.7609,11.755803071,48.110123692,0,2,#fc8d62,car
1689,29240,"9,20051300131515E+018",9,1,85,158,2020,5,15,4,3,2,6,0,0,1,0,0,0,0,666920.8223,5381007.6182,11.262339818,48.559924731,1,2,#fc8d62,car
1690,29241,"9,20051100110116E+018",9,1,77,123,2020,5,18,2,3,5,3,0,0,1,0,0,0,0,727101.8912,5344469.6695,12.057197731,48.21277743,1,2,#fc8d62,car
1691,29242,"9,20051000867254E+018",9,1,84,141,2020,5,0,1,2,0,7,2,0,1,0,0,0,0,697764.4865,5316572.5433,11.649815328,47.971876403,0,2,#fc8d62,car
1692,29244,"9,20051000858214E+018",9,1,84,132,2020,5,16,1,2,5,3,0,0,1,0,0,0,0,684854.4319,5327202.5517,11.481593571,48.071285614,0,2,#fc8d62,car
1693,29245,"9,20050800712118E+018",9,7,71,142,2020,5,14,6,3,1,6,0,0,1,0,0,0,0,645570.8705,5352058.7026,10.963110917,48.304960542,0,2,#fc8d62,car
1694,29248,"9,20050800712114E+018",9,7,71,129,2020,5,5,6,3,7,7,1,0,0,0,1,0,0,656547278,5355346405,11.112253981,48.331897835,0,4,#e78ac3,marker
1695,29249,"9,20051000712714E+018",9,7,72,148,2020,5,17,1,3,2,6,0,1,1,0,0,0,0,627748.9316,5354281.2061,10.72356543,48.328797216,0,1,#66c2a5,bicycle
1696,29252,"9,20051000712116E+018",9,7,71,130,2020,5,18,1,3,5,7,0,1,0,0,1,0,0,647121.0195,5358075.4966,10.986103235,48.358700473,0,1,#66c2a5,bicycle
1697,29254,"9,20051000711315E+018",9,7,61,0,2020,5,16,1,3,4,1,0,0,1,0,0,0,0,636893.3483,5359573.6104,10.848596904,48.374471847,0,2,#fc8d62,car
1698,29255,"9,20050800711915E+018",9,7,72,160,2020,5,17,6,3,0,7,0,1,0,0,0,0,0,636849.7286,5342562.9901,10.842494058,48.22152101,0,1,#66c2a5,bicycle
1699,29256,"9,20051200130524E+018",9,1,86,162,2020,5,16,3,3,9,1,0,0,1,0,0,0,0,693148.8392,5382642653,11.618216275,48.567088857,0,2,#fc8d62,car
1700,29259,"9,20050800711114E+018",9,7,61,0,2020,5,9,6,2,3,2,0,1,1,0,0,0,0,639371.0393,5360885.7783,10.882471964,48.385728143,0,1,#66c2a5,bicycle
1701,29260,"9,20051200127015E+018",9,1,79,142,2020,5,13,3,3,3,6,0,0,1,0,0,1,0,677172861,5342590226,11.384968398,48.21178834,0,2,#fc8d62,car
1702,29268,"9,20051400120115E+018",9,1,74,122,2020,5,14,5,3,0,1,0,0,0,0,1,0,0,684064.5909,5352203.9238,11.481832081,48.296238489,1,4,#e78ac3,marker
1703,29270,"9,20050800710715E+018",9,7,61,0,2020,5,13,6,2,0,7,0,0,0,0,1,0,0,642524.3142,5359427.4688,10.924543749,48.371911154,0,4,#e78ac3,marker
1704,29271,"9,20051200121915E+018",9,1,88,139,2020,5,13,3,2,5,3,0,1,1,0,0,0,0,671015.9277,5321142.1054,11.293556725,48.020663822,0,1,#66c2a5,bicycle
1705,29284,"9,20050800710414E+018",9,7,61,0,2020,5,18,6,3,4,2,0,0,1,0,1,0,0,640517595,5360245189,10.897735383,48.379713821,0,2,#fc8d62,car
1706,29287,"9,20051300857115E+018",9,1,62,0,2020,5,14,4,3,2,6,0,0,1,0,1,0,0,692103.2326,5342000.3426,11.585478654,48.202143635,0,2,#fc8d62,car
1707,29305,"9,20051300117015E+018",9,1,84,135,2020,5,8,4,3,2,6,0,0,1,0,0,1,0,687990.2523,5347353.3783,11.532553707,48.251488061,1,2,#fc8d62,car
1708,29310,"9,20051000210915E+018",9,2,61,0,2020,5,16,1,3,4,2,0,0,1,0,0,0,0,734439.0581,5381961.9015,12.176722112,48.546896894,0,2,#fc8d62,car
1709,29312,"9,20051200120114E+018",9,1,74,143,2020,5,17,3,3,4,2,0,0,1,0,0,0,0,676043.3106,5352154.6416,11.373755367,48.298077841,0,2,#fc8d62,car
1710,29322,"9,20051000121715E+018",9,1,79,117,2020,5,14,1,3,0,1,0,0,0,0,1,0,0,661180.6486,5346807.6945,11.171465979,48.253968047,1,4,#e78ac3,marker
1711,29324,"9,20051000120914E+018",9,1,79,123,2020,5,16,1,3,5,3,0,1,1,0,0,0,0,674937.7063,5332861.7279,11.350904437,48.124955712,0,1,#66c2a5,bicycle
1712,29325,"9,20051000120515E+018",9,1,79,147,2020,5,3,1,2,9,1,2,0,1,0,0,0,0,663213.5825,5333653.0586,11.193776716,48.135184093,1,2,#fc8d62,car
1713,29327,"9,20051000120114E+018",9,1,74,150,2020,5,16,1,3,0,6,0,0,1,0,1,0,0,683763.4432,5361094.7839,11.481653167,48.376239041,0,2,#fc8d62,car
1714,29329,"9,20051200110716E+018",9,1,78,137,2020,5,10,3,3,5,3,0,0,1,0,0,0,0,695069.36,5362458935,11.634805203,48.385105506,0,2,#fc8d62,car
1715,29331,"9,20051000117014E+018",9,1,62,0,2020,5,19,1,3,2,6,0,0,1,0,0,0,1,694880171,5344463.9382,11.623944301,48.223438736,0,2,#fc8d62,car
1716,29333,"9,20051000111115E+018",9,1,78,145,2020,5,16,1,3,0,1,0,1,0,0,0,0,0,699552.4233,5355425.8168,11.691955424,48.320499089,0,1,#66c2a5,bicycle
1717,29336,"9,20050900858215E+018",9,1,62,0,2020,5,12,7,3,2,6,0,0,1,0,0,0,0,693890.8868,5331657.3375,11.604799911,48.108641273,0,2,#fc8d62,car
1718,29337,"9,20051300858215E+018",9,1,62,0,2020,5,8,4,3,5,3,0,1,1,0,0,0,0,685629476,5328693013,11.492635489,48.084457594,0,1,#66c2a5,bicycle
1719,29338,"9,20050900857115E+018",9,1,62,0,2020,5,5,7,3,5,3,1,0,1,0,0,0,0,684614.8354,5342649.0204,11.485076425,48.210195843,0,2,#fc8d62,car
1720,29340,"9,20050900854415E+018",9,1,62,0,2020,5,18,7,3,2,6,0,0,1,0,0,0,0,684298.1436,5342589.6192,11.480791826,48.209753953,0,2,#fc8d62,car
1721,29342,"9,20051200110516E+018",9,1,77,116,2020,5,12,3,3,5,3,0,0,1,0,0,0,0,712121.6121,5365042131,11.866147133,48.402814049,0,2,#fc8d62,car
1722,29349,"9,20051400710122E+018",9,7,71,176,2020,5,17,5,3,2,2,0,0,1,0,0,0,0,645135.8931,5383956.0898,10.968304877,48.591856181,0,2,#fc8d62,car
1723,29361,"9,20050900710718E+018",9,7,61,0,2020,5,14,7,3,2,6,0,0,1,0,0,0,0,644818.6882,5356398.3683,10.954464214,48.344153035,0,2,#fc8d62,car
1724,29362,"9,20051300161915E+018",9,1,73,147,2020,5,6,4,3,5,3,0,0,1,0,0,0,0,681612.9971,5308838.8732,11.430352497,47.90714438,0,2,#fc8d62,car
1725,29363,"9,20050900710117E+018",9,7,71,155,2020,5,23,7,3,7,7,2,0,0,0,1,0,0,648631.0404,5377753.4375,11.013459587,48.535270048,0,4,#e78ac3,marker
1726,29373,"9,20051300110528E+018",9,1,77,117,2020,5,23,4,3,7,7,2,0,0,0,1,0,0,714082.66,5349004.7084,11.884464415,48.258051475,1,4,#e78ac3,marker
1727,29391,"9,20051400210918E+018",9,2,74,113,2020,5,15,5,2,5,3,0,0,1,0,1,0,0,728787.6388,5383789.4531,12.101266144,48.565400341,0,2,#fc8d62,car
1728,29394,"9,20051100858215E+018",9,1,62,0,2020,5,16,2,3,9,1,0,0,1,0,0,0,0,694798.7818,5337208.7443,11.619521971,48.158257956,1,2,#fc8d62,car
1729,29421,"9,20051300858215E+018",9,1,62,0,2020,5,8,4,3,2,6,0,0,1,0,0,0,0,692309.5943,5330973.6707,11.583270606,48.102975924,0,2,#fc8d62,car
1730,29434,"9,20050900161915E+018",9,1,73,120,2020,5,13,7,2,2,2,0,0,0,0,1,1,0,687615.2985,5308648.8549,11.510514391,47.903708982,0,4,#e78ac3,marker
1731,29435,"9,20051300712116E+018",9,7,71,130,2020,5,6,4,3,8,1,1,0,1,0,0,0,0,648292.7505,5353710.9864,11.000374893,48.319184349,1,2,#fc8d62,car
1732,29439,"9,20051300120115E+018",9,1,74,113,2020,5,14,4,3,0,1,0,0,1,0,0,0,0,677437.7124,5351274.3821,11.392170568,48.289775832,1,2,#fc8d62,car
1733,29452,"9,20051200858215E+018",9,1,84,112,2020,5,9,3,3,1,6,0,0,1,0,0,0,1,702191471,5337252.5812,11.718840679,48.156344433,0,2,#fc8d62,car
1734,29454,"9,20050900140114E+018",9,1,87,122,2020,5,13,7,3,0,7,0,0,1,1,0,0,0,717856.8878,5307296.3564,11.913996106,47.882001401,0,2,#fc8d62,car
1735,29462,"9,20050900121915E+018",9,1,88,118,2020,5,18,7,3,5,2,0,0,1,0,0,0,0,671547.5589,5311996.7765,11.297028771,47.93830508,0,2,#fc8d62,car
1736,29465,"9,20050900121514E+018",9,1,81,130,2020,5,15,7,3,0,6,0,1,1,0,0,0,0,640972.1959,5321396.1718,10.890964446,48.030284939,0,1,#66c2a5,bicycle
1737,29466,"9,20051400120115E+018",9,1,74,118,2020,5,17,5,3,0,1,0,1,0,0,0,0,0,668197.7033,5352692.9762,11.26826841,48.305051465,0,1,#66c2a5,bicycle
1738,29467,"9,20050900121315E+018",9,1,88,124,2020,5,14,7,3,5,3,0,1,1,0,0,0,0,663354.15,5318848823,11.190007889,48.002050811,0,1,#66c2a5,bicycle
1739,29470,"9,20051300210917E+018",9,2,61,0,2020,5,13,4,3,3,6,0,0,1,0,1,0,0,733215.9624,5380932.0675,12.159598717,48.538102096,0,2,#fc8d62,car
1740,29472,"9,20051700858216E+018",9,1,84,136,2020,5,19,1,3,3,6,0,1,0,0,0,0,0,698190.5775,5327048.2951,11.66036095,48.065895065,0,1,#66c2a5,bicycle
1741,29478,"9,20051700120115E+018",9,1,74,135,2020,5,16,1,2,5,3,0,0,1,0,1,0,0,661179.9555,5354100.6783,11.174239149,48.319534037,0,2,#fc8d62,car
1742,29500,"9,20051900121515E+018",9,1,81,134,2020,5,17,3,2,6,4,0,0,0,1,0,1,0,643380.9742,5340219.1614,10.929585511,48.199003441,0,3,#8da0cb,toilet
1743,29506,"9,20051600710718E+018",9,7,61,0,2020,5,20,7,3,2,2,0,0,1,0,0,0,0,643843.9614,5357570.1159,10.941717601,48.354911469,0,2,#fc8d62,car
1744,29510,"9,20051900110116E+018",9,1,77,139,2020,5,18,3,3,5,3,0,1,1,0,0,0,0,731514.2696,5359420.5772,12.124693711,48.345493378,0,1,#66c2a5,bicycle
1745,29515,"9,20051700740718E+018",9,7,77,158,2020,5,19,1,3,2,6,0,0,1,0,1,0,0,619798.7407,5308095.6068,10.603366648,47.914986876,0,2,#fc8d62,car
1746,29516,"9,20051900120115E+018",9,1,74,115,2020,5,12,3,3,5,2,0,1,1,0,0,0,0,681426.2298,5346896.5105,11.444014235,48.249294417,0,1,#66c2a5,bicycle
1747,29526,"9,20051800853115E+018",9,1,84,145,2020,5,11,2,3,0,7,0,1,0,0,0,0,0,694991.6151,5325154.8771,11.616604266,48.049863389,0,1,#66c2a5,bicycle
1748,29533,"9,20051600161915E+018",9,1,73,120,2020,5,13,7,3,0,1,0,1,0,0,0,0,0,687400.0918,5310782845,11.508565037,47.922953662,0,1,#66c2a5,bicycle
1749,29539,"9,20051600161715E+018",9,1,90,159,2020,5,19,7,3,5,3,0,0,1,0,0,0,0,662279.9075,5305109.6945,11.170437739,47.878798609,0,2,#fc8d62,car
1750,29545,"9,20051800131515E+018",9,1,85,158,2020,5,17,2,3,5,3,0,0,1,0,0,0,0,666815.2695,5381902.1142,11.261268986,48.567993704,0,2,#fc8d62,car
1751,29550,"9,20051700110518E+018",9,1,77,143,2020,5,13,1,3,0,6,0,1,1,0,1,0,0,722837.3249,5365488.9048,12.010969972,48.40313225,0,1,#66c2a5,bicycle
1752,29553,"9,20051700712716E+018",9,7,72,130,2020,5,12,1,2,0,1,0,0,0,0,1,0,0,629577247,5360183.9844,10.750038297,48.381505351,0,4,#e78ac3,marker
1753,29555,"9,20051700712519E+018",9,7,72,200,2020,5,16,1,2,4,1,0,1,0,0,1,0,0,625155.1357,5343146.3565,10.685288669,48.229182216,0,1,#66c2a5,bicycle
1754,29556,"9,20051900127015E+018",9,1,74,113,2020,5,18,3,3,2,6,0,0,1,0,0,0,1,671173.7043,5347168.1893,11.306130777,48.254588453,0,2,#fc8d62,car
1755,29557,"9,20051600131315E+018",9,1,86,143,2020,5,19,7,2,0,1,0,0,0,0,1,0,0,688158.1132,5383083.8268,11.550835162,48.57257171,0,4,#e78ac3,marker
1756,29558,"9,20051700712516E+018",9,7,72,170,2020,5,20,1,3,5,3,0,1,1,0,0,0,0,630645.5262,5334167.59,10.756422689,48.14733209,0,1,#66c2a5,bicycle
1757,29559,"9,20051800717317E+018",9,7,71,122,2020,5,11,2,2,2,6,0,0,1,0,0,1,0,653830.3396,5361326.6035,11.077806523,48.386331203,0,2,#fc8d62,car
1758,29560,"9,20051700712315E+018",9,7,72,147,2020,5,11,1,3,0,7,0,1,0,0,0,0,0,639624.2116,5365231.8272,10.887335416,48.424750378,0,1,#66c2a5,bicycle
1759,29562,"9,20051600121917E+018",9,1,88,139,2020,5,12,7,2,0,1,0,1,0,0,0,0,0,677520.9904,5319239.56,11.37993441,48.001786867,0,1,#66c2a5,bicycle
1760,29563,"9,20051700710119E+018",9,7,71,155,2020,5,14,1,2,5,3,0,1,1,0,0,0,0,649313.2801,5375129.8371,11.021756302,48.511519937,0,1,#66c2a5,bicycle
1761,29566,"9,20051600121515E+018",9,1,81,146,2020,5,14,7,3,2,6,0,0,1,0,0,0,1,650361281,5325546023,11.018286755,48.065457055,0,2,#fc8d62,car
1762,29570,"9,20051600117515E+018",9,1,62,0,2020,5,13,7,3,9,6,0,0,1,0,0,0,0,695502.4649,5344056.9091,11.632126274,48.219589183,0,2,#fc8d62,car
1763,29571,"9,20051600117015E+018",9,1,77,126,2020,5,11,7,1,3,6,0,0,1,0,0,1,0,719177.6516,5370333937,11.964122354,48.447945067,0,2,#fc8d62,car
1764,29572,"9,20051700710118E+018",9,7,71,113,2020,5,21,1,3,0,6,2,0,1,0,1,0,0,660499993,5366190.4036,11.169688729,48.428395506,0,2,#fc8d62,car
1765,29573,"9,20051900121317E+018",9,1,88,144,2020,5,10,3,3,0,1,0,1,0,0,0,0,0,669512.9104,5328295.4732,11.27624969,48.085373165,0,1,#66c2a5,bicycle
1766,29574,"9,20051600110716E+018",9,1,78,113,2020,5,14,7,2,9,1,0,0,1,0,0,0,0,691666237,5363980.7909,11.589582817,48.399826072,0,2,#fc8d62,car
1767,29578,"9,20051500857116E+018",9,1,84,142,2020,5,13,6,3,4,2,0,0,1,0,0,0,0,681312.6617,5318571.8043,11.430438455,47.994720348,0,2,#fc8d62,car
1768,29579,"9,20051600710116E+018",9,7,71,140,2020,5,18,7,2,5,3,0,1,1,0,0,0,0,654612.2491,5372785.7063,11.092589267,48.489163143,0,1,#66c2a5,bicycle
1769,29581,"9,20051500852515E+018",9,1,62,0,2020,5,7,6,3,2,1,0,0,1,0,0,0,0,698486.4201,5333135.7373,11.667157454,48.120512708,1,2,#fc8d62,car
1770,29584,"9,20051900210918E+018",9,2,61,0,2020,5,11,3,3,5,3,0,0,1,0,1,0,0,730858.6106,5381862566,12.128226809,48.547332248,0,2,#fc8d62,car
1771,29585,"9,20051500757523E+018",9,7,77,121,2020,5,12,6,3,3,6,0,0,1,0,0,1,0,627726.7223,5320574.02,10.713134544,48.025677767,0,2,#fc8d62,car
1772,29587,"9,20051900117515E+018",9,1,62,0,2020,5,10,3,3,9,6,0,0,1,0,1,0,0,696569.4841,5343108.3729,11.64603652,48.210734817,0,2,#fc8d62,car
1773,29597,"9,20051800852317E+018",9,1,62,0,2020,5,19,2,2,0,7,0,1,0,0,0,0,0,692195.5534,5331142595,11.581816404,48.104528607,0,1,#66c2a5,bicycle
1774,29598,"9,20051800131315E+018",9,1,86,126,2020,5,11,2,3,0,7,0,1,0,0,0,0,0,685269.5581,5376587.2745,11.508825606,48.515043257,0,1,#66c2a5,bicycle
1775,29602,"9,20051800854417E+018",9,1,62,0,2020,5,16,2,3,4,6,0,1,0,0,0,0,0,685956.8879,5340765.6835,11.502298693,48.192876132,0,1,#66c2a5,bicycle
1776,29612,"9,20051900140123E+018",9,1,87,117,2020,5,8,3,3,5,3,0,0,1,0,0,0,0,726544.1684,5307957.9242,12.030377006,47.884939431,0,2,#fc8d62,car
1777,29618,"9,20051500711315E+018",9,7,61,0,2020,5,9,6,2,5,3,0,1,1,0,0,0,0,636911.8398,5359581.7276,10.84884912,48.374540825,0,1,#66c2a5,bicycle
1778,29622,"9,20051600852817E+018",9,1,84,121,2020,5,16,7,3,0,7,0,1,0,0,0,0,0,703500134,5327558656,11.731792467,48.068810095,0,1,#66c2a5,bicycle
1779,29629,"9,20051700120517E+018",9,1,79,138,2020,5,19,1,2,9,1,0,0,0,0,1,0,0,648648.7064,5337909.5479,10.999624974,48.177025351,0,4,#e78ac3,marker
1780,29647,"9,20051900120115E+018",9,1,74,141,2020,5,17,3,3,8,1,0,0,0,0,1,0,0,679499.5823,5356795.2928,11.422291752,48.33882002,0,4,#e78ac3,marker
1781,29650,"9,20051900121915E+018",9,1,88,113,2020,5,15,3,3,4,6,0,0,1,0,1,0,0,677464.2532,5314287.8616,11.377128957,47.957289523,0,2,#fc8d62,car
1782,29658,"9,20051600712315E+018",9,7,72,147,2020,5,10,7,3,2,2,0,0,1,0,1,0,0,638093.5436,5365093.2477,10.866610839,48.423841728,0,2,#fc8d62,car
1783,29662,"9,20051900110718E+018",9,1,78,157,2020,5,7,3,3,9,1,0,0,1,0,0,0,0,704278.7713,5372029.1342,11.763712492,48.46818933,0,2,#fc8d62,car
1784,29663,"9,20051800120117E+018",9,1,74,136,2020,5,16,2,3,2,6,0,1,1,0,0,0,0,685367.0598,5362582.3488,11.503944075,48.389140255,0,1,#66c2a5,bicycle