fid,OBJECTID,UIDENTSTLA,ULAND,UREGBEZ,UKREIS,UGEMEINDE,UJAHR,UMONAT,USTUNDE,UWOCHENTAG,UKATEGORIE,UART,UTYP1,ULICHTVERH,IstRad,IstPKW,IstFuss,IstKrad,IstGkfz,IstSonstig,LINREFX,LINREFY,XGCSWGS84,YGCSWGS84,STRZUSTAND,Teilnehmer,color,symbol
1785,29678,"9,20051800853116E+018",9,1,84,146,2020,5,16,2,3,5,2,0,0,1,0,0,0,0,695082.3963,5328966.8528,11.619560314,48.084096445,0,2,#fc8d62,car
1786,29679,"9,20051800120115E+018",9,1,74,113,2020,5,14,2,3,2,6,0,0,1,0,0,1,0,677962.9621,5346938.6376,11.397420683,48.250654922,0,2,#fc8d62,car
1787,29687,"9,20051800141518E+018",9,1,87,124,2020,5,15,2,3,5,2,0,1,1,0,0,0,0,736263.0667,5327691844,12.171026999,48.058716374,0,1,#66c2a5,bicycle
1788,29696,"9,20051800120115E+018",9,1,74,115,2020,5,10,2,2,5,3,0,0,1,0,0,0,0,682347611,5350658496,11.458036327,48.28284458,0,2,#fc8d62,car
1789,29700,"9,20051700111323E+018",9,1,75,132,2020,5,13,1,2,0,7,0,1,0,0,0,0,0,706374.6112,5332415.5936,11.772680122,48.111533559,0,1,#66c2a5,bicycle
1790,29706,"9,20051900127015E+018",9,1,74,113,2020,5,18,3,3,3,6,0,0,1,0,0,0,1,670592269,5347741.2204,11.298534989,48.259896519,0,2,#fc8d62,car
1791,29709,"9,20051800717317E+018",9,7,61,0,2020,5,16,2,2,2,6,0,0,0,0,0,1,1,642388.8907,5363578.0817,10.924123153,48.409261949,0,5,#a6d854,bus
1792,29724,"9,20051900121515E+018",9,1,81,130,2020,5,15,3,1,4,6,0,0,1,0,0,1,0,638444.5934,5321131.6826,10.856992986,48.028459474,0,2,#fc8d62,car
1793,29730,"9,20051600710616E+018",9,7,61,0,2020,5,23,7,3,5,1,2,1,1,0,0,0,0,641527.4217,5353498.6804,10.909097569,48.318825983,0,1,#66c2a5,bicycle
1794,29738,"9,20051900117518E+018",9,1,75,111,2020,5,6,3,3,2,6,0,0,1,0,0,0,0,710537.0175,5337839.6137,11.831213232,48.158911585,0,2,#fc8d62,car
1795,29749,"9,20051800852416E+018",9,1,62,0,2020,5,19,2,3,3,6,0,0,1,0,1,0,0,696783.8634,5333693.2874,11.644562142,48.126052081,0,2,#fc8d62,car
1796,29750,"9,20051800117016E+018",9,1,62,0,2020,5,20,2,2,9,1,0,0,0,0,1,0,0,694504.8212,5341471.4586,11.61752403,48.19665915,0,4,#e78ac3,marker
1797,29752,"9,20051700152518E+018",9,1,83,139,2020,5,15,1,2,8,1,0,0,0,0,1,0,0,734357731,5331166.22,12.1473993,48.090630905,0,4,#e78ac3,marker
1798,29755,"9,20051800858216E+018",9,1,84,138,2020,5,13,2,3,0,1,0,1,0,0,0,0,0,680435.9266,5331010.0226,11.42394135,48.106776252,0,1,#66c2a5,bicycle
1799,29756,"9,20051800110119E+018",9,1,77,121,2020,5,18,2,2,8,1,0,0,1,0,0,0,0,731600.9094,5363692197,12.128212527,48.383834444,0,2,#fc8d62,car
1800,29757,"9,20051500141318E+018",9,1,87,177,2020,5,16,6,3,2,6,0,0,1,0,1,0,0,735675.9738,5305405.0432,12.150949529,47.858718213,1,2,#fc8d62,car
1801,29765,"9,20051500131315E+018",9,1,86,152,2020,5,12,6,3,4,3,0,0,1,0,0,0,0,691381.5218,5375632.3114,11.591066053,48.50462809,0,2,#fc8d62,car
1802,29768,"9,20051800110117E+018",9,1,77,139,2020,5,19,2,3,5,3,1,0,1,0,1,0,0,735962.0734,5359471.7469,12.184657848,48.344307705,0,2,#fc8d62,car
1803,29770,"9,20051500121515E+018",9,1,81,137,2020,5,17,6,2,9,1,0,0,1,0,0,0,0,648107.9342,5306970.5383,10.981653765,47.898957016,0,2,#fc8d62,car
1804,29773,"9,20051700110315E+018",9,1,75,115,2020,5,20,1,3,0,1,0,1,0,0,0,0,0,721397.0125,5328924.1466,11.972426403,48.07511943,0,1,#66c2a5,bicycle
1805,29775,"9,20051500117515E+018",9,1,75,111,2020,5,21,6,3,8,6,2,0,1,0,0,0,0,713713.7258,5338526.4613,11.874221966,48.164023693,0,2,#fc8d62,car
1806,29776,"9,20051500117515E+018",9,1,84,140,2020,5,5,6,3,8,1,1,0,1,0,0,0,0,703257.3843,5328201.9418,11.728843481,48.074668608,1,2,#fc8d62,car
1807,29778,"9,20051900121915E+018",9,1,88,139,2020,5,13,3,2,0,1,0,0,0,0,1,0,0,670758.1524,5318841.2968,11.289186398,48.000048548,0,4,#e78ac3,marker
1808,29780,"9,20051500117015E+018",9,1,62,0,2020,5,9,6,3,8,6,0,0,1,0,0,0,0,695088.7525,5343531.4951,11.626320691,48.214994416,0,2,#fc8d62,car
1809,29785,"9,20051500117015E+018",9,1,62,0,2020,5,10,6,3,3,6,0,0,1,0,0,0,0,692725791,5339112346,11.592538259,48.175998625,1,2,#fc8d62,car
1810,29793,"9,20051500110517E+018",9,1,77,113,2020,5,7,6,3,5,3,0,0,1,0,0,0,0,720712.1961,5351864.3993,11.975157365,48.281470646,1,2,#fc8d62,car
1811,29795,"9,20051900120316E+018",9,1,81,114,2020,5,17,3,2,4,2,0,1,1,0,0,0,0,657053.2448,5312894.7827,11.103418586,47.950096125,0,1,#66c2a5,bicycle
1812,29796,"9,20051500110515E+018",9,1,77,135,2020,5,10,6,3,5,3,0,0,1,0,0,0,0,720227.7994,5342801.6258,11.963925111,48.200212651,1,2,#fc8d62,car
1813,29799,"9,20051400858216E+018",9,1,62,0,2020,5,18,5,3,5,3,0,0,1,0,0,0,0,692175.8006,5331297.3108,11.58162102,48.105925132,1,2,#fc8d62,car
1814,29801,"9,20051800710417E+018",9,7,61,0,2020,5,7,2,2,4,2,0,1,1,0,0,0,0,640211.3874,5360553678,10.893705224,48.382555776,0,1,#66c2a5,bicycle
1815,29803,"9,20051400852715E+018",9,1,84,118,2020,5,19,5,3,6,4,0,0,1,1,0,0,0,704287.01,5336421883,11.746586969,48.148209606,0,2,#fc8d62,car
1816,29804,"9,20051800210918E+018",9,2,74,126,2020,5,12,2,3,0,1,0,1,0,0,0,0,0,733422.8942,5382632741,12.163350643,48.553301651,0,1,#66c2a5,bicycle
1817,29805,"9,20051600712315E+018",9,7,72,184,2020,5,13,7,3,4,2,0,0,1,0,0,0,0,634888.1612,5362457.9439,10.822459469,48.40083966,0,2,#fc8d62,car
1818,29807,"9,20051400852615E+018",9,1,84,112,2020,5,18,5,3,3,1,0,0,1,0,0,0,1,700624.7964,5341714.1632,11.699904049,48.196936466,0,2,#fc8d62,car
1819,29809,"9,20051900117015E+018",9,1,86,152,2020,5,8,3,3,2,6,0,0,1,0,0,0,0,691466.3704,5373675.3609,11.591316518,48.487014745,0,2,#fc8d62,car
1820,29811,"9,20051700161917E+018",9,1,73,147,2020,5,9,1,3,6,4,0,1,0,1,0,0,0,680630.3043,5309437.0611,11.417464766,47.912799145,0,1,#66c2a5,bicycle
1821,29816,"9,20051900141316E+018",9,1,87,177,2020,5,5,3,3,1,2,0,0,1,0,1,0,0,735732.2341,5307310.4868,12.152739537,47.875815636,0,2,#fc8d62,car
1822,29822,"9,20051700161715E+018",9,1,90,158,2020,5,15,1,2,9,7,0,1,0,0,0,0,0,653857722,5303933.9378,11.057452379,47.870300226,0,1,#66c2a5,bicycle
1823,29823,"9,20051800854117E+018",9,1,62,0,2020,5,17,2,3,1,6,0,0,1,0,0,0,0,687331.7632,5335084.0053,11.518278107,48.141403948,0,2,#fc8d62,car
1824,29824,"9,20051700858216E+018",9,1,84,132,2020,5,13,1,3,2,6,0,1,0,0,0,0,0,683344.1829,5325402.4794,11.460566846,48.055541086,0,1,#66c2a5,bicycle
1825,29825,"9,20051400717322E+018",9,7,72,111,2020,5,7,5,3,2,6,0,0,1,0,0,1,0,627820.4194,5364056902,10.727501427,48.416690843,1,2,#fc8d62,car
1826,29831,"9,20051400712524E+018",9,7,72,200,2020,5,18,5,3,5,3,0,0,1,0,0,0,0,630209.5004,5339622.2544,10.752234386,48.196473708,0,2,#fc8d62,car
1827,29835,"9,20051400712119E+018",9,7,71,146,2020,5,17,5,3,2,2,0,0,1,0,0,0,0,646229.3735,5348139.7932,10.970629194,48.269572163,0,2,#fc8d62,car
1828,29837,"9,20051800750118E+018",9,7,78,116,2020,5,15,2,3,2,6,0,0,1,0,1,0,0,618837.6784,5320390.8081,10.593909018,48.025745749,0,2,#fc8d62,car
1829,29838,"9,20051400710715E+018",9,7,61,0,2020,5,15,5,3,1,5,0,0,1,0,0,0,0,643772.7775,5360660.6286,10.941813834,48.38271583,0,2,#fc8d62,car
1830,29840,"9,20052200857116E+018",9,1,84,114,2020,5,0,6,3,6,4,2,0,1,1,0,0,0,700197.5309,5320518.6854,11.684218267,48.0065853,0,2,#fc8d62,car
1831,29851,"9,20052300210917E+018",9,2,74,121,2020,5,16,7,3,0,1,1,1,0,0,0,0,0,724522.9877,5370379.7353,12.036331959,48.446472948,1,1,#66c2a5,bicycle
1832,29854,"9,20052200717316E+018",9,7,72,147,2020,5,17,6,2,2,6,0,0,0,0,0,1,1,636129.5394,5364292.4077,10.839817767,48.417068155,0,5,#a6d854,bus
1833,29857,"9,20052400750123E+018",9,7,78,137,2020,5,15,1,2,2,6,0,1,0,0,1,0,0,621537476,5329122659,10.632587078,48.103767068,0,1,#66c2a5,bicycle
1834,29860,"9,20052100161716E+018",9,1,90,138,2020,5,10,5,3,2,6,0,0,1,0,0,0,0,664364.2341,5308403.8034,11.199548248,47.907884845,0,2,#fc8d62,car
1835,29861,"9,20052300858218E+018",9,1,84,140,2020,5,22,7,3,0,3,2,0,0,0,1,0,1,702243.2491,5328422.9663,11.715348628,48.076977341,1,4,#e78ac3,marker
1836,29874,"9,20052400717317E+018",9,7,61,0,2020,5,22,1,3,2,6,2,0,1,0,0,0,0,638689.6461,5362974.4058,10.873963377,48.404658745,0,2,#fc8d62,car
1837,29883,"9,20052200127016E+018",9,1,62,0,2020,5,17,6,3,9,1,0,0,0,0,1,0,0,678211.0268,5334748206,11.395642645,48.14100557,0,4,#e78ac3,marker
1838,29886,"9,20052100740717E+018",9,7,77,114,2020,5,8,5,2,7,7,0,0,0,0,1,0,0,616064.9433,5311787.8203,10.55440853,47.948881318,0,4,#e78ac3,marker
1839,29899,"9,20052100140117E+018",9,1,87,130,2020,5,17,5,3,0,1,0,1,0,0,0,0,0,711709.1228,5309018.0344,11.832714934,47.899529503,0,1,#66c2a5,bicycle
1840,29900,"9,20052200858216E+018",9,1,62,0,2020,5,20,6,3,4,2,1,1,1,0,0,0,0,699726.1998,5332939.1896,11.683706009,48.118358646,0,1,#66c2a5,bicycle
1841,29901,"9,20052100712715E+018",9,7,72,130,2020,5,20,5,2,0,7,0,1,0,0,0,0,0,631207.0378,5359213.8755,10.771736162,48.372444995,0,1,#66c2a5,bicycle
1842,29903,"9,20052200120518E+018",9,1,79,136,2020,5,19,6,3,2,6,1,0,1,0,0,0,0,660795.5678,5341660.1299,11.164328617,48.20778725,0,2,#fc8d62,car
1843,29909,"9,20052100712315E+018",9,7,72,177,2020,5,10,5,3,7,7,0,0,1,0,1,0,0,635817.1587,5375573.8446,10.839261379,48.518576215,0,2,#fc8d62,car
1844,29915,"9,20052100121515E+018",9,1,81,134,2020,5,15,5,3,5,3,0,1,1,0,0,0,0,643529394,5340667568,10.931733371,48.203001868,0,1,#66c2a5,bicycle
1845,29916,"9,20052200852217E+018",9,1,62,0,2020,5,10,6,3,2,6,0,0,1,0,0,0,0,694059.2484,5336831.8714,11.609416068,48.155096889,0,2,#fc8d62,car
1846,29917,"9,20052100712315E+018",9,7,72,185,2020,5,16,5,3,5,3,0,1,1,0,0,0,0,635803.7678,5383996.0315,10.84182797,48.594308599,0,1,#66c2a5,bicycle
1847,29918,"9,20052100121316E+018",9,1,88,144,2020,5,14,5,3,0,1,0,1,0,0,0,0,0,668952.8217,5325397.8305,11.267589467,48.059472003,0,1,#66c2a5,bicycle
1848,29919,"9,20052200110516E+018",9,1,77,142,2020,5,8,6,3,2,6,0,0,1,0,0,0,0,720426.3241,5349353.3806,11.970000487,48.259009582,0,2,#fc8d62,car
1849,29920,"9,20052500120917E+018",9,1,79,113,2020,5,11,2,3,2,3,0,0,1,0,0,0,1,671239874,5335799.8967,11.302434438,48.152374403,1,2,#fc8d62,car
1850,29921,"9,20052100120319E+018",9,1,81,123,2020,5,20,5,2,0,1,0,1,0,0,0,0,0,654803.1807,5327885.8444,11.07871751,48.08543225,0,1,#66c2a5,bicycle
1851,29923,"9,20052100120122E+018",9,1,74,111,2020,5,14,5,3,8,1,0,1,0,0,0,0,0,667859.0313,5362803.5777,11.267736203,48.396031616,0,1,#66c2a5,bicycle
1852,29925,"9,20052100120115E+018",9,1,74,115,2020,5,20,5,3,8,1,0,1,0,0,0,0,0,680981.7321,5348317.0754,11.438639506,48.262190417,0,1,#66c2a5,bicycle
1853,29929,"9,20052100111318E+018",9,1,75,132,2020,5,16,5,3,6,4,0,1,0,1,0,0,0,706586156,5330578.33,11.774629431,48.094954489,0,1,#66c2a5,bicycle
1854,29930,"9,20052200710719E+018",9,7,61,0,2020,5,14,6,3,0,7,0,1,0,0,0,0,0,643519.6519,5359343.5031,10.937947432,48.370930611,0,1,#66c2a5,bicycle
1855,29932,"9,20052100111315E+018",9,1,75,127,2020,5,9,5,3,2,6,0,0,1,0,1,0,0,713012.0314,5341501.5096,11.866288131,48.190991886,0,2,#fc8d62,car
1856,29935,"9,20052100110324E+018",9,1,75,122,2020,5,18,5,2,0,1,0,1,0,0,0,0,0,723210.6794,5325198.9309,11.994798426,48.041017039,0,1,#66c2a5,bicycle
1857,29938,"9,20052000858215E+018",9,1,84,131,2020,5,17,4,3,2,6,0,0,1,0,1,0,0,705483.4812,5339634.0612,11.76420551,48.176690356,0,2,#fc8d62,car
1858,29939,"9,20052400852816E+018",9,1,84,136,2020,5,13,1,3,0,2,0,1,1,0,0,0,0,698481.2043,5326511.2006,11.664008476,48.060977656,0,1,#66c2a5,bicycle
1859,29940,"9,20052000852716E+018",9,1,84,112,2020,5,19,4,3,0,7,0,1,0,0,0,0,0,701815.9611,5339273.2119,11.714755951,48.174622752,0,1,#66c2a5,bicycle
1860,29951,"9,20052400712123E+018",9,7,71,146,2020,5,10,1,3,2,6,0,0,0,0,1,0,0,646783747,5348696191,10.978288648,48.274446717,0,4,#e78ac3,marker
1861,29954,"9,20052300712123E+018",9,7,71,160,2020,5,15,7,3,4,6,0,0,1,0,0,0,0,653963.8569,5350947.7546,11.075815137,48.292985193,1,2,#fc8d62,car
1862,29956,"9,20052400740718E+018",9,7,62,0,2020,5,2,1,3,1,1,2,0,1,0,0,1,0,622176879,5307385242,10.634980675,47.908149371,0,2,#fc8d62,car
1863,29958,"9,20052200210918E+018",9,2,61,0,2020,5,18,6,3,8,1,0,1,0,0,0,0,0,732010.8718,5379648.5026,12.142583551,48.527018739,0,1,#66c2a5,bicycle
1864,29960,"9,20052300858216E+018",9,1,62,0,2020,5,16,7,3,2,6,0,0,1,0,0,0,0,692215.3493,5331138.0125,11.582079984,48.104481448,1,2,#fc8d62,car
1865,29965,"9,20052000740723E+018",9,7,77,130,2020,5,12,4,3,8,1,0,0,1,0,0,0,0,624603.8092,5308946.0642,10.667895128,47.921719722,0,2,#fc8d62,car
1866,29975,"9,20052200857117E+018",9,1,84,127,2020,5,14,6,3,4,2,0,0,1,0,1,0,0,701280.1533,5321270.4336,11.699070036,48.013001451,0,2,#fc8d62,car
1867,29978,"9,20052200110318E+018",9,1,75,115,2020,5,11,6,3,5,3,0,1,1,0,0,0,0,721353318,5328938492,11.971848017,48.075263489,0,1,#66c2a5,bicycle
1868,29980,"9,20052300127016E+018",9,1,88,121,2020,5,11,7,3,9,1,0,0,1,0,0,0,0,672284.0791,5329594.5569,11.313954379,48.096308639,1,2,#fc8d62,car
1869,29983,"9,20052100858218E+018",9,1,62,0,2020,5,13,5,3,0,3,0,1,0,0,1,0,0,682640.6849,5335924.8125,11.455638059,48.150325616,0,1,#66c2a5,bicycle
1870,29986,"9,20052000712315E+018",9,7,72,177,2020,5,6,4,3,0,1,0,1,0,0,0,0,0,637478.8361,5374129215,10.861275855,48.505224994,0,1,#66c2a5,bicycle
1871,29988,"9,20052000710718E+018",9,7,61,0,2020,5,14,4,3,0,7,0,1,0,0,0,0,0,642787.0727,5359808.9328,10.928219311,48.375281692,0,1,#66c2a5,bicycle
1872,29990,"9,20052200141516E+018",9,1,87,124,2020,5,15,6,3,2,6,0,0,1,0,0,0,0,735219.2796,5328132.3273,12.157282,48.063058976,0,2,#fc8d62,car
1873,29996,"9,20052100858216E+018",9,1,88,127,2020,5,18,5,3,0,1,0,1,0,0,0,0,0,680064.5265,5330052.5636,11.418552646,48.098274745,0,1,#66c2a5,bicycle
1874,29997,"9,20052500117016E+018",9,1,78,113,2020,5,12,2,2,3,1,0,0,1,0,0,1,0,691577.5674,5366259.6458,11.589426409,48.42033388,0,2,#fc8d62,car
1875,30021,"9,20052200141316E+018",9,1,63,0,2020,5,13,6,3,5,3,0,1,0,0,0,0,1,733745563,5304990395,12.124956035,47.855698025,0,1,#66c2a5,bicycle
1876,30023,"9,20052400120524E+018",9,1,79,121,2020,5,6,1,3,8,1,0,0,1,0,0,0,0,665930.2752,5339156.7013,11.232410389,48.183959858,0,2,#fc8d62,car
1877,30026,"9,20052300147317E+018",9,1,84,146,2020,5,15,7,3,3,1,0,0,1,0,0,0,0,695491.9228,5327929.03,11.62457864,48.074643457,1,2,#fc8d62,car
1878,30029,"9,20052300167018E+018",9,1,84,142,2020,5,15,7,3,2,6,0,0,1,0,0,0,0,681118.8052,5317448.2916,11.427368364,47.984675892,1,2,#fc8d62,car
1879,30035,"9,20052400730119E+018",9,7,73,140,2020,5,4,1,3,9,6,2,0,1,0,0,0,0,615980.5615,5372061.8501,10.569768659,48.49097085,1,2,#fc8d62,car
1880,30037,"9,20052200161916E+018",9,1,73,118,2020,5,14,6,3,4,2,0,1,1,0,0,0,0,688884.4471,5306284.8953,11.526445623,47.88208791,0,1,#66c2a5,bicycle
1881,30058,"9,20052400710616E+018",9,7,61,0,2020,5,17,1,3,2,1,0,0,1,0,0,0,0,643355.4912,5357586.1989,10.935133246,48.355167161,0,2,#fc8d62,car
1882,30064,"9,20052200858218E+018",9,1,62,0,2020,5,14,6,3,0,1,0,0,0,0,1,0,0,688428.9728,5334181.8859,11.532613783,48.132971556,0,4,#e78ac3,marker
1883,30079,"9,20052200854516E+018",9,1,62,0,2020,5,12,6,3,3,6,0,0,1,0,1,0,0,679965.8929,5334937.9152,11.419291303,48.142216913,0,2,#fc8d62,car
1884,30097,"9,20052000210918E+018",9,2,61,0,2020,5,15,4,3,3,6,0,1,0,0,0,0,0,731708.9907,5381357.7464,12.139451052,48.54248407,0,1,#66c2a5,bicycle
1885,30100,"9,20052000210917E+018",9,2,61,0,2020,5,16,4,3,0,1,0,1,0,0,0,0,0,730724.3754,5383430959,12.127279713,48.561470352,0,1,#66c2a5,bicycle
1886,30104,"9,20052400853217E+018",9,1,84,142,2020,5,13,1,3,0,1,0,0,0,0,1,0,0,682368.6571,5318351.7968,11.44448697,47.99244244,1,4,#e78ac3,marker
1887,30105,"9,20052000161516E+018",9,1,90,129,2020,5,7,4,3,9,6,0,0,1,0,0,0,0,641664.9819,5303132.6087,10.894239205,47.865899652,0,2,#fc8d62,car
1888,30115,"9,20052000152318E+018",9,1,83,126,2020,5,19,4,2,4,6,1,1,0,0,0,0,0,730554291,5338397.19,12.100308127,48.156979583,0,1,#66c2a5,bicycle
1889,30116,"9,20052400717316E+018",9,7,72,223,2020,5,18,1,2,3,6,0,0,1,0,0,0,0,616670938,5362786.3131,10.576524293,48.407427548,0,2,#fc8d62,car
1890,30124,"9,20052300858216E+018",9,1,62,0,2020,5,10,7,3,5,3,0,0,1,0,1,0,0,687110.2925,5331939.3829,11.51392325,48.113204269,1,2,#fc8d62,car
1891,30137,"9,20052200131516E+018",9,1,85,113,2020,5,20,6,3,9,1,0,0,1,0,0,0,0,669368814,5376934087,11.293834836,48.522650818,0,2,#fc8d62,car
1892,30140,"9,20052200857118E+018",9,1,62,0,2020,5,12,6,3,3,6,0,0,1,0,1,0,0,692318447,5331171.7476,11.583478668,48.104753541,0,2,#fc8d62,car
1893,30142,"9,20052000131516E+018",9,1,85,158,2020,5,13,4,3,4,2,0,0,1,0,0,0,0,666572.4011,5379461.7091,11.257002878,48.546120709,0,2,#fc8d62,car
1894,30146,"9,20052000131515E+018",9,1,85,158,2020,5,20,4,3,0,7,0,1,0,0,0,0,0,667363.6531,5380521.0749,11.268141145,48.555433023,0,1,#66c2a5,bicycle
1895,30147,"9,20052000131316E+018",9,1,86,143,2020,5,15,4,3,2,6,0,0,1,0,0,0,0,683032.5907,5377331.0417,11.478889783,48.522384144,0,2,#fc8d62,car
1896,30151,"9,20052000121716E+018",9,1,79,142,2020,5,22,4,3,7,1,2,0,0,0,1,0,0,672186.0663,5341006.1014,11.317254944,48.198920382,0,4,#e78ac3,marker
1897,30153,"9,20052000117515E+018",9,1,77,127,2020,5,11,4,3,2,6,0,0,0,0,1,0,1,724014652,5347697412,12.017403925,48.242873631,0,4,#e78ac3,marker
1898,30156,"9,20052000111336E+018",9,1,75,135,2020,5,15,4,1,5,2,0,1,0,0,0,1,0,708171102,5338962.5514,11.799986613,48.169781402,0,1,#66c2a5,bicycle
1899,30159,"9,20052000110918E+018",9,1,78,143,2020,5,10,4,2,5,3,0,0,1,0,0,0,0,720613.4374,5373887.2719,11.985385649,48.479367591,0,2,#fc8d62,car
1900,30161,"9,2005250011703E+018",9,1,77,126,2020,5,12,2,3,6,7,0,0,1,1,0,0,0,718456.3484,5369185.5301,11.953782245,48.437877889,0,2,#fc8d62,car
1901,30162,"9,20052000110523E+018",9,1,77,113,2020,5,10,4,2,5,3,0,1,1,0,0,0,0,721384226,5355713.2184,11.986221311,48.315815744,0,1,#66c2a5,bicycle
1902,30164,"9,20051900858216E+018",9,1,62,0,2020,5,14,3,3,5,3,0,1,1,0,0,0,0,695441345,5329904127,11.624803931,48.092410354,0,1,#66c2a5,bicycle
1903,30166,"9,20051900858216E+018",9,1,84,135,2020,5,20,3,3,0,1,0,1,0,0,0,0,0,689799.1041,5348129.9248,11.557245228,48.257928446,0,1,#66c2a5,bicycle
1904,30169,"9,20051900858216E+018",9,1,84,135,2020,5,18,3,3,0,3,0,1,1,0,0,0,0,689431.0779,5347334.7075,11.551935844,48.250891274,0,1,#66c2a5,bicycle
1905,30171,"9,20051900857116E+018",9,1,62,0,2020,5,0,3,3,0,6,2,0,1,0,0,0,0,689233.7457,5339039.8259,11.545579696,48.176396251,0,2,#fc8d62,car
1906,30175,"9,20051900857115E+018",9,1,84,148,2020,5,11,3,2,2,5,0,0,1,0,1,0,0,693977.8133,5327837.2843,11.60423116,48.074281191,0,2,#fc8d62,car
1907,30183,"9,20052400121916E+018",9,1,88,139,2020,5,2,1,3,8,1,2,0,1,0,0,0,0,675016.3045,5319258.9878,11.346392645,48.002652066,0,2,#fc8d62,car
1908,30192,"9,20052400712118E+018",9,7,71,145,2020,5,1,1,3,8,1,2,0,1,0,0,0,0,647690426,5343866098,10.988815339,48.230806806,0,2,#fc8d62,car
1909,30193,"9,20052200710615E+018",9,7,61,0,2020,5,10,6,3,3,2,0,0,1,0,0,0,1,641499329,5353819015,10.908826335,48.321712618,0,2,#fc8d62,car
1910,30197,"9,20051900740715E+018",9,7,77,128,2020,5,6,3,2,2,6,0,1,1,0,0,0,0,615771209,5303728259,10.5483118,47.876446542,0,1,#66c2a5,bicycle
1911,30200,"9,20052300857116E+018",9,1,62,0,2020,5,9,7,3,5,3,0,0,1,0,0,0,0,694556.0974,5334823.3144,11.615171882,48.136893038,1,2,#fc8d62,car
1912,30205,"9,20051900730317E+018",9,7,73,182,2020,5,8,3,3,5,3,0,0,1,0,0,1,0,624794.1859,5379593.6864,10.691260917,48.557012149,0,2,#fc8d62,car
1913,30209,"9,20051900717317E+018",9,7,61,0,2020,5,9,3,3,3,6,0,0,1,0,0,1,0,637611.7926,5360613.3658,10.858633849,48.383664909,0,2,#fc8d62,car
1914,30211,"9,20051900712715E+018",9,7,72,156,2020,5,17,3,3,7,7,0,0,1,0,1,0,0,629964.3906,5367467.1692,10.757520842,48.446918323,0,2,#fc8d62,car
1915,30214,"9,20051900712315E+018",9,7,72,121,2020,5,12,3,2,4,6,0,0,1,0,0,1,0,635100.4418,5376372.4561,10.829819355,48.52591178,0,2,#fc8d62,car
1916,30215,"9,20051900712116E+018",9,7,71,130,2020,5,17,3,3,2,2,0,0,1,0,1,0,0,651131.5515,5356384.1539,11.039602183,48.342546514,0,2,#fc8d62,car
1917,30219,"9,20051900710716E+018",9,7,61,0,2020,5,14,3,3,0,7,0,1,0,0,0,0,0,643475.2801,5361112.0951,10.937952346,48.38684289,0,1,#66c2a5,bicycle
1918,30220,"9,20052300110515E+018",9,1,77,143,2020,5,15,7,3,5,3,0,0,1,0,0,0,0,720970622,5365823.9406,11.985959276,48.406799258,1,2,#fc8d62,car
1919,30222,"9,20051900710116E+018",9,7,71,114,2020,5,23,3,3,8,1,2,0,0,0,1,0,0,644293.5254,5374695311,10.953678617,48.508786457,0,4,#e78ac3,marker
1920,30223,"9,20052100750118E+018",9,7,78,216,2020,5,10,5,2,4,2,0,0,1,0,1,0,0,626602.2232,5321226.7837,10.698252,48.031772065,0,2,#fc8d62,car
1921,30226,"9,20052200131516E+018",9,1,85,158,2020,5,13,6,3,8,1,0,0,1,0,0,0,0,660320.58,5379080912,11.172210798,48.544326406,0,2,#fc8d62,car
1922,30227,"9,20051900710116E+018",9,7,71,156,2020,5,19,3,3,0,1,0,0,0,0,1,0,0,654623.4043,5382594.0627,11.096378908,48.577340763,0,4,#e78ac3,marker
1923,30236,"9,20052500117016E+018",9,1,78,120,2020,5,8,2,3,3,6,0,0,1,0,0,1,0,694746.1016,5353779.2027,11.626429875,48.307199185,0,2,#fc8d62,car
1924,30242,"9,20052800710123E+018",9,7,71,162,2020,5,18,5,3,0,6,0,1,0,0,0,0,0,666334.5632,5369448.5239,11.249793877,48.456170858,0,1,#66c2a5,bicycle
1925,30250,"9,20052900120519E+018",9,1,79,147,2020,5,13,6,3,5,3,0,0,1,0,0,0,0,664342272,5335126.1318,11.20950446,48.148136931,0,2,#fc8d62,car
1926,30259,"9,20052700120117E+018",9,1,74,141,2020,5,18,4,2,2,6,0,0,0,0,1,0,0,684182.5191,5354732.7134,11.484524299,48.318933542,0,4,#e78ac3,marker
1927,30261,"9,20052800140117E+018",9,1,87,150,2020,5,16,5,3,5,3,0,0,1,0,0,0,0,726107.5913,5303593.4084,12.022262973,47.845878768,1,2,#fc8d62,car
1928,30265,"9,20052700121917E+018",9,1,88,113,2020,5,16,4,3,0,1,0,1,0,0,0,0,0,676288.8802,5317147.2307,11.362571527,47.983318714,0,1,#66c2a5,bicycle
1929,30270,"9,20052800858218E+018",9,1,62,0,2020,5,16,5,3,2,6,2,0,1,0,1,0,0,687327.7169,5332259.8916,11.516982322,48.116021189,0,2,#fc8d62,car
1930,30273,"9,20053000161916E+018",9,1,73,137,2020,5,16,7,2,4,6,0,0,1,0,1,0,0,676216.3734,5306820.1284,11.357374444,47.890501672,0,2,#fc8d62,car
1931,30278,"9,20060100121519E+018",9,1,81,113,2020,6,13,2,3,9,1,0,0,0,0,1,0,0,637277069,5305506746,10.836353445,47.888202473,0,4,#e78ac3,marker