fid,OBJECTID,UIDENTSTLA,ULAND,UREGBEZ,UKREIS,UGEMEINDE,UJAHR,UMONAT,USTUNDE,UWOCHENTAG,UKATEGORIE,UART,UTYP1,ULICHTVERH,IstRad,IstPKW,IstFuss,IstKrad,IstGkfz,IstSonstig,LINREFX,LINREFY,XGCSWGS84,YGCSWGS84,STRZUSTAND,Teilnehmer,color,symbol
1932,30279,"9,20052700110317E+018",9,1,75,121,2020,5,13,4,3,5,3,0,0,1,0,0,0,0,712228.5621,5318859.1309,11.844507899,47.987791927,0,2,#fc8d62,car
1933,30289,"9,20052600210918E+018",9,2,61,0,2020,5,17,3,3,2,6,0,1,0,0,0,0,0,730968.6174,5381911.8936,12.129742479,48.547734865,0,1,#66c2a5,bicycle
1934,30298,"9,20053100121717E+018",9,1,79,117,2020,5,10,1,2,8,1,0,0,0,0,1,0,0,660685.22,5347754.1425,11.16515583,48.26260276,0,4,#e78ac3,marker
1935,30301,"9,20052700851317E+018",9,1,62,0,2020,5,14,4,3,2,6,0,0,1,0,0,0,0,692154.5634,5339240.4495,11.584920172,48.177322962,0,2,#fc8d62,car
1936,30302,"9,20053100147318E+018",9,1,84,148,2020,5,0,1,3,8,7,2,0,1,0,0,0,0,693417.9004,5326916.7797,11.596305652,48.066177908,0,2,#fc8d62,car
1937,30307,"9,20052900857117E+018",9,1,62,0,2020,5,7,6,3,2,6,0,0,1,0,1,0,0,693364.7602,5337429.8378,11.600359389,48.160682745,0,2,#fc8d62,car
1938,30313,"9,20053100110724E+018",9,1,78,140,2020,5,20,1,3,2,6,1,0,1,0,0,0,0,708251.7736,5366694.7798,11.814744954,48.418954247,0,2,#fc8d62,car
1939,30315,"9,20052900121718E+018",9,1,79,142,2020,5,10,6,3,2,6,0,0,1,0,0,0,0,672678.9191,5341421.5764,11.324051055,48.202521438,0,2,#fc8d62,car
1940,30318,"9,20053100712317E+018",9,7,72,184,2020,5,18,1,3,5,3,0,0,1,0,1,0,0,636169.1146,5361110.1318,10.839320026,48.388444865,0,2,#fc8d62,car
1941,30319,"9,20053100120318E+018",9,1,81,114,2020,5,2,1,3,8,7,2,0,1,0,0,0,0,655857.6103,5312641.9175,11.087324869,47.948114616,0,2,#fc8d62,car
1942,30322,"9,20052700712717E+018",9,7,72,131,2020,5,8,4,3,4,6,0,0,1,0,0,0,0,617606.9843,5355754.4048,10.587200313,48.344014673,0,2,#fc8d62,car
1943,30332,"9,20052800161916E+018",9,1,73,147,2020,5,20,5,3,5,3,1,0,1,0,0,0,0,680966.3987,5309160.5898,11.4218427,47.910219121,1,2,#fc8d62,car
1944,30336,"9,20052900111318E+018",9,1,75,135,2020,5,19,6,3,0,1,0,1,0,0,0,0,0,708582937,5339152.7793,11.805612395,48.171355813,0,1,#66c2a5,bicycle
1945,30343,"9,20052700712316E+018",9,7,72,207,2020,5,10,4,3,0,1,0,1,0,0,0,0,0,640925.4838,5380806.3417,10.910170049,48.564497573,0,1,#66c2a5,bicycle
1946,30351,"9,20052700121516E+018",9,1,81,141,2020,5,22,4,3,4,1,2,0,1,0,0,0,0,643376.5058,5321406.9764,10.923200186,48.029846866,0,2,#fc8d62,car
1947,30364,"9,20053100858217E+018",9,1,62,0,2020,5,18,1,3,2,2,0,1,1,0,0,0,0,682667.6486,5341124.8587,11.458234758,48.19705917,0,1,#66c2a5,bicycle
1948,30365,"9,20052600857116E+018",9,1,84,121,2020,5,11,3,3,8,1,0,0,0,0,1,0,0,706503.4881,5328059.3834,11.772302898,48.072344748,0,4,#e78ac3,marker
1949,30367,"9,20052800121917E+018",9,1,88,139,2020,5,12,5,3,0,7,0,0,0,0,1,0,1,671217.5312,5318797.4967,11.29532225,47.999531937,1,4,#e78ac3,marker
1950,30371,"9,20052700115017E+018",9,1,75,137,2020,5,15,4,3,5,3,0,1,1,0,0,0,0,725441.0751,5330269.6424,12.027353078,48.085791472,0,1,#66c2a5,bicycle
1951,30376,"9,20052800740718E+018",9,7,62,0,2020,5,13,5,3,1,6,0,0,1,0,0,0,0,620180.3053,5307072.8818,10.608186298,47.90571731,0,2,#fc8d62,car
1952,30378,"9,20052600141316E+018",9,1,87,177,2020,5,6,3,3,4,2,0,0,1,0,1,0,0,736002997,5305638.7067,12.15544243,47.860697381,0,2,#fc8d62,car
1953,30381,"9,20052600140716E+018",9,1,82,137,2020,5,13,3,3,1,6,0,0,1,0,1,0,0,709430.9247,5304335.5095,11.799999972,47.858197051,0,2,#fc8d62,car
1954,30385,"9,20053100121518E+018",9,1,81,130,2020,5,20,1,3,8,1,0,0,1,0,0,0,0,638763817,5320182.97,10.860965264,48.019858999,0,2,#fc8d62,car
1955,30393,"9,20052900852517E+018",9,1,62,0,2020,5,13,6,3,2,6,0,0,1,0,0,0,1,700275.4242,5332861.2977,11.691040883,48.117486131,0,2,#fc8d62,car
1956,30398,"9,20053000121517E+018",9,1,81,128,2020,5,12,7,3,2,6,0,0,1,0,0,0,0,638882.5481,5327788341,10.86502559,48.088223252,0,2,#fc8d62,car
1957,30399,"9,20052700141316E+018",9,1,63,0,2020,5,12,4,3,5,3,0,1,1,0,0,0,0,733341.0752,5305223.4714,12.119682444,47.857938972,0,1,#66c2a5,bicycle
1958,30403,"9,20053100120117E+018",9,1,74,126,2020,5,9,1,3,2,6,0,0,1,0,1,0,0,683871494,5343778.1,11.475569601,48.220560279,0,2,#fc8d62,car
1959,30407,"9,20052700712518E+018",9,7,72,200,2020,5,14,4,2,5,3,0,0,1,0,1,0,0,629162.3261,5336772.4954,10.737282799,48.171060406,0,2,#fc8d62,car
1960,30415,"9,20052700121917E+018",9,1,88,141,2020,5,14,4,3,5,3,0,0,1,0,0,0,0,667174.8722,5309915.0376,11.237717241,47.920745157,0,2,#fc8d62,car
1961,30416,"9,20052600717317E+018",9,7,72,147,2020,5,20,3,3,0,6,0,0,1,0,0,0,0,632094.7059,5364506.2041,10.785381496,48.419849465,0,2,#fc8d62,car
1962,30421,"9,20052800717316E+018",9,7,72,147,2020,5,12,5,3,3,6,0,0,1,0,0,1,0,638614.4406,5363721.2049,10.873194451,48.411390305,0,2,#fc8d62,car
1963,30424,"9,20052600712316E+018",9,7,72,147,2020,5,10,3,3,4,6,0,1,0,0,0,0,0,638970.19,5365582737,10.878616124,48.428050272,0,1,#66c2a5,bicycle
1964,30430,"9,20052900121317E+018",9,1,88,126,2020,5,23,6,3,2,6,2,0,1,0,0,0,0,661336.3126,5323687.3098,11.16479742,48.046064717,0,2,#fc8d62,car
1965,30432,"9,20052600131516E+018",9,1,85,158,2020,5,12,3,3,5,6,0,0,1,0,0,0,1,663982.4922,5379614.2204,11.2219982,48.548174103,0,2,#fc8d62,car
1966,30439,"9,20052700120519E+018",9,1,79,121,2020,5,16,4,3,0,6,0,0,1,0,1,0,0,667394672,5338383.4256,11.2517919,48.176623978,0,2,#fc8d62,car
1967,30444,"9,20053000712717E+018",9,7,72,216,2020,5,13,7,2,0,7,0,1,0,0,0,0,0,622557.3403,5368586.1469,10.657727156,48.45846685,0,1,#66c2a5,bicycle
1968,30449,"9,20052900110717E+018",9,1,78,136,2020,5,6,6,3,4,6,0,0,1,0,0,0,0,695056269,5371844081,11.638994875,48.46945365,0,2,#fc8d62,car
1969,30451,"9,20052600127016E+018",9,1,74,135,2020,5,17,3,3,3,6,0,0,1,0,0,1,0,660663.0556,5355187.3155,11.167685725,48.329434714,0,2,#fc8d62,car
1970,30453,"9,20052700210919E+018",9,2,61,0,2020,5,16,4,3,4,6,0,0,1,0,0,0,0,732001.7746,5379678.2508,12.142477072,48.527289324,0,2,#fc8d62,car
1971,30454,"9,20052600121516E+018",9,1,81,133,2020,5,18,3,3,4,6,0,0,1,0,0,0,0,644355.5504,5315157.0411,10.934222194,47.973426622,0,2,#fc8d62,car
1972,30457,"9,20060100121519E+018",9,1,81,121,2020,6,21,2,2,5,3,1,0,1,0,0,0,0,639013.4564,5313181.7598,10.862044558,47.956846748,0,2,#fc8d62,car
1973,30458,"9,20052700111316E+018",9,1,75,132,2020,5,5,4,3,0,7,0,0,0,0,1,0,0,706085.0298,5332959.6471,11.769057138,48.116516448,0,4,#e78ac3,marker
1974,30465,"9,20052600120519E+018",9,1,79,136,2020,5,17,3,2,4,6,0,0,1,0,1,0,0,662250.1086,5341154.5197,11.183698899,48.202871519,0,2,#fc8d62,car
1975,30467,"9,20053000140117E+018",9,1,87,137,2020,5,13,7,2,5,3,0,0,1,0,0,0,0,729701.1954,5311121.8548,12.074228657,47.912243765,0,2,#fc8d62,car
1976,30469,"9,20052600120517E+018",9,1,79,136,2020,5,12,3,2,4,2,0,0,1,0,1,0,0,660256.0687,5341423.8147,11.156982987,48.205799102,0,2,#fc8d62,car
1977,30473,"9,20053100121516E+018",9,1,81,145,2020,5,13,1,3,9,1,0,0,0,0,1,0,0,647281286,5329615652,10.978373305,48.102768475,0,4,#e78ac3,marker
1978,30476,"9,20052600120116E+018",9,1,74,150,2020,5,11,3,2,4,2,0,0,1,0,1,0,0,682166.7567,5359207.6499,11.459293973,48.359739833,0,2,#fc8d62,car
1979,30480,"9,20053100127017E+018",9,1,74,135,2020,5,18,1,2,9,6,0,0,1,0,0,1,0,661492.9056,5354579.7267,11.178641001,48.323760908,0,2,#fc8d62,car
1980,30483,"9,20052700857118E+018",9,1,84,132,2020,5,15,4,3,0,7,0,1,0,0,0,0,0,683554.7907,5329615.0701,11.465199768,48.09334642,0,1,#66c2a5,bicycle
1981,30487,"9,20052500858217E+018",9,1,84,121,2020,5,18,2,3,5,3,0,0,1,0,0,0,0,705434.5898,5331138.4616,11.759451111,48.100360393,0,2,#fc8d62,car
1982,30489,"9,20052900858216E+018",9,1,62,0,2020,5,9,6,3,3,6,2,0,1,0,0,1,0,687408.8296,5332758.7088,11.518290325,48.120480844,0,2,#fc8d62,car
1983,30496,"9,20053100111334E+018",9,1,75,133,2020,5,18,1,2,4,2,0,0,1,0,1,0,0,710524.3168,5342158.7575,11.833182019,48.197727198,0,2,#fc8d62,car
1984,30498,"9,20052900127018E+018",9,1,74,146,2020,5,16,6,2,0,6,0,0,1,0,0,0,1,665407.0046,5351537.1251,11.230210801,48.295396341,0,2,#fc8d62,car
1985,30499,"9,20052700712316E+018",9,7,72,121,2020,5,19,4,2,0,7,0,1,0,0,0,0,0,633375.2747,5375012.8063,10.806030821,48.514054898,0,1,#66c2a5,bicycle
1986,30505,"9,20052500858217E+018",9,1,84,139,2020,5,12,2,3,1,6,0,0,1,0,0,1,0,687069.7953,5325670.5064,11.510634299,48.05686902,1,2,#fc8d62,car
1987,30512,"9,20052800167017E+018",9,1,73,130,2020,5,21,5,3,9,1,1,0,1,0,0,0,0,679545.5246,5312447.9015,11.404214581,47.940169328,1,2,#fc8d62,car
1988,30515,"9,20052500857116E+018",9,1,62,0,2020,5,13,2,3,5,3,0,0,1,0,0,0,0,695480.4257,5330341.7057,11.625528564,48.096331144,1,2,#fc8d62,car
1989,30516,"9,20052900117028E+018",9,1,78,123,2020,5,22,6,1,9,6,2,0,1,0,0,0,0,692306.1035,5359545.3939,11.59618962,48.359768848,0,2,#fc8d62,car
1990,30518,"9,20052500852318E+018",9,1,62,0,2020,5,16,2,3,3,2,0,1,1,0,0,0,0,694438.6746,5331864.5677,11.612245623,48.110336817,1,1,#66c2a5,bicycle
1991,30525,"9,20052700120116E+018",9,1,74,115,2020,5,15,4,3,5,2,0,0,1,0,1,0,0,681135.25,5347312.1762,11.440275976,48.253113898,0,2,#fc8d62,car
1992,30533,"9,20052700121518E+018",9,1,81,128,2020,5,21,4,3,2,6,2,0,1,0,0,0,0,638507.3929,5327226.3893,10.859808217,48.083251647,0,2,#fc8d62,car
1993,30538,"9,20052800858217E+018",9,1,62,0,2020,5,16,5,3,3,2,0,1,1,0,0,0,0,688324.2397,5340190.1771,11.533867268,48.187005896,0,1,#66c2a5,bicycle
1994,30543,"9,20052500717317E+018",9,7,72,147,2020,5,11,2,3,2,6,0,0,1,0,0,0,0,636052296,5364120551,10.838718624,48.415539521,0,2,#fc8d62,car
1995,30546,"9,2006010012132E+018",9,1,88,126,2020,6,12,2,3,4,6,0,1,0,0,0,0,0,660003.0912,5329031.5808,11.148921827,48.094449279,0,1,#66c2a5,bicycle
1996,30547,"9,20052600858217E+018",9,1,84,134,2020,5,15,3,3,2,6,0,0,1,0,0,1,0,692998.4347,5323434.1879,11.58911048,48.035003742,0,2,#fc8d62,car
1997,30549,"9,20052800127016E+018",9,1,74,135,2020,5,14,5,3,8,1,0,0,1,0,0,0,0,664238.2864,5352326.4339,11.214772114,48.302796623,1,2,#fc8d62,car
1998,30553,"9,20052500715022E+018",9,7,61,0,2020,5,18,2,3,6,4,0,0,1,1,0,0,0,639044.2165,5361014.7683,10.878102757,48.386960115,0,2,#fc8d62,car
1999,30559,"9,20052500712716E+018",9,7,72,148,2020,5,13,2,3,2,6,0,0,1,0,0,0,0,626140956,5347087.4,10.699731577,48.264428078,0,2,#fc8d62,car
2000,30566,"9,20053100121519E+018",9,1,81,131,2020,5,15,1,3,4,6,0,1,0,0,0,0,0,638565.4667,5334659.6978,10.863003327,48.150081179,0,1,#66c2a5,bicycle
2001,30569,"9,20052900160917E+018",9,1,73,126,2020,5,18,6,3,3,6,0,0,1,0,0,0,0,682736.4162,5307243.3313,11.444696284,47.892482782,0,2,#fc8d62,car
2002,30575,"9,20052900854818E+018",9,1,84,135,2020,5,16,6,3,5,3,0,1,1,0,0,0,0,693123.7583,5346457.9146,11.601229441,48.241896755,0,1,#66c2a5,bicycle
2003,30580,"9,20053000121718E+018",9,1,79,126,2020,5,9,7,3,2,6,0,0,1,0,0,0,0,677190.8209,5339715.0904,11.384009846,48.185938522,0,2,#fc8d62,car
2004,30584,"9,20053100710118E+018",9,7,71,165,2020,5,16,1,2,9,1,0,1,0,0,0,0,0,659736.7327,5359963.9009,11.157009348,48.372612232,0,1,#66c2a5,bicycle
2005,30585,"9,20053100120117E+018",9,1,74,115,2020,5,14,1,2,5,3,0,1,1,0,0,0,0,682103.5975,5350474.8925,11.454671057,48.281264496,0,1,#66c2a5,bicycle
2006,30588,"9,20052700712717E+018",9,7,72,130,2020,5,16,4,3,2,6,0,0,1,0,1,0,0,632307.1084,5359198.1247,10.786578378,48.372073682,0,2,#fc8d62,car
2007,30601,"9,20052900111316E+018",9,1,75,135,2020,5,16,6,3,5,3,0,0,1,0,0,0,0,707921695,5338871421,11.796591576,48.169044114,1,2,#fc8d62,car
2008,30609,"9,20052900121517E+018",9,1,81,113,2020,5,8,6,3,0,1,0,1,0,0,0,0,0,638674.4404,5308475.5921,10.855990339,47.914599776,0,1,#66c2a5,bicycle
2009,30615,"9,20052900712717E+018",9,7,72,159,2020,5,10,6,3,2,6,0,0,1,0,0,0,0,626036.1214,5361251.0635,10.70255512,48.39181858,0,2,#fc8d62,car
2010,30618,"9,20052700120522E+018",9,1,79,136,2020,5,17,4,3,5,3,0,0,1,0,1,0,0,660903.9252,5341636.2844,11.165776997,48.20754541,0,2,#fc8d62,car
2011,30637,"9,20052700111317E+018",9,1,75,111,2020,5,11,4,3,0,7,0,1,0,0,0,0,0,712232.9818,5337833.2516,11.853987437,48.158290674,0,1,#66c2a5,bicycle
2012,30651,"9,20053100121516E+018",9,1,81,143,2020,5,13,1,3,0,1,0,1,0,0,0,0,0,638348.2008,5316207.3883,10.854112477,47.984198859,0,1,#66c2a5,bicycle
2013,30657,"9,20052600852817E+018",9,1,84,140,2020,5,16,3,3,2,6,0,0,1,0,0,0,0,701249.2268,5328702.2977,11.702149704,48.079802169,0,2,#fc8d62,car
2014,30659,"9,20052700858218E+018",9,1,84,136,2020,5,15,4,3,0,1,0,1,0,0,0,0,0,698948.2294,5325566.1787,11.669830381,48.052339,0,1,#66c2a5,bicycle
2015,30665,"9,20053000121317E+018",9,1,88,132,2020,5,23,7,2,5,3,2,0,1,0,0,0,0,664312.6152,5322374.6021,11.204199114,48.033503703,0,2,#fc8d62,car
2016,30671,"9,20053100117517E+018",9,1,75,118,2020,5,15,1,2,3,6,0,0,1,0,0,0,1,715783.9208,5340047.7802,11.902799019,48.176994093,0,2,#fc8d62,car
2017,30674,"9,20052700712318E+018",9,7,72,171,2020,5,10,4,3,6,7,0,1,0,1,0,0,0,634534884,5373178.9749,10.821133757,48.497318011,0,1,#66c2a5,bicycle
2018,30682,"9,2006030071013E+018",9,7,71,144,2020,6,13,4,3,0,7,0,0,1,0,0,0,1,660123.0675,5378439.9165,11.169290301,48.538614379,0,2,#fc8d62,car
2019,30686,"9,20060500117019E+018",9,1,78,155,2020,6,16,6,3,8,1,0,0,1,0,0,0,0,721141.2998,5374172.3648,11.992669456,48.481743508,1,2,#fc8d62,car
2020,30694,"9,20060500712519E+018",9,7,72,157,2020,6,9,6,3,8,1,0,0,1,0,0,0,0,625800.2879,5332527.3066,10.690827795,48.133557755,1,2,#fc8d62,car
2021,30695,"9,2006040012702E+018",9,1,62,0,2020,6,16,5,3,2,6,0,0,1,0,0,0,0,686150.5502,5333320.5676,11.501644432,48.12590017,1,2,#fc8d62,car
2022,30705,"9,2006030021092E+018",9,2,74,194,2020,6,20,4,2,9,1,1,0,0,0,1,0,0,719267.5142,5380139.2014,11.970481694,48.536007517,0,4,#e78ac3,marker
2023,30714,"9,20060200712719E+018",9,7,72,223,2020,6,14,3,3,0,1,0,1,0,0,0,0,0,618173.0847,5361836.8406,10.596546696,48.398609035,0,1,#66c2a5,bicycle
2024,30715,"9,2006040011702E+018",9,1,77,112,2020,6,11,5,3,9,7,0,0,1,0,0,1,0,715163.4719,5366200.3403,11.907787203,48.412189863,0,2,#fc8d62,car
2025,30717,"9,20060700858219E+018",9,1,84,135,2020,6,6,1,2,9,1,0,0,1,0,0,0,0,689017.7346,5345959.0154,11.545759109,48.238650077,1,2,#fc8d62,car
2026,30718,"9,20060500167023E+018",9,1,84,132,2020,6,10,6,3,8,1,0,0,1,0,0,0,0,682332.5421,5324264.5028,11.446518163,48.045601778,1,2,#fc8d62,car
2027,30722,"9,20060700111122E+018",9,1,78,145,2020,6,22,1,3,4,3,2,0,1,0,0,0,0,695487.0237,5357960.8338,11.638350238,48.344551536,1,2,#fc8d62,car
2028,30723,"9,20060400712123E+018",9,7,71,130,2020,6,14,5,3,5,2,0,0,1,0,0,0,0,645417.1255,5357703.4143,10.962986562,48.355749687,0,2,#fc8d62,car
2029,30724,"9,20060200161919E+018",9,1,73,120,2020,6,16,3,1,5,3,0,1,1,0,0,0,0,682596.6695,5309740.4384,11.443885454,47.914969421,0,1,#66c2a5,bicycle
2030,30726,"9,20060300140119E+018",9,1,87,122,2020,6,14,4,2,8,1,0,0,1,0,0,0,0,715925.3836,5308696.0302,11.888894874,47.895231182,0,2,#fc8d62,car
2031,30729,"9,20060200161721E+018",9,1,90,138,2020,6,15,3,3,3,6,0,1,1,0,0,0,0,659419.8093,5310786.3547,11.134310675,47.930554503,0,1,#66c2a5,bicycle
2032,30739,"9,2006030085712E+018",9,1,62,0,2020,6,16,4,3,2,6,0,0,1,0,0,0,0,693068.6522,5338020.7349,11.596649802,48.166083519,0,2,#fc8d62,car
2033,30748,"9,20060200161719E+018",9,1,90,158,2020,6,12,3,1,9,1,0,0,0,0,1,0,0,652345.2985,5303013.2985,11.036916382,47.862382651,0,4,#e78ac3,marker
2034,30750,"9,20060300120536E+018",9,1,79,121,2020,6,18,4,3,5,3,0,1,1,0,0,0,0,666829.0264,5338234.3961,11.244130409,48.175432958,0,1,#66c2a5,bicycle
2035,30751,"9,20060600127019E+018",9,7,71,129,2020,6,17,7,2,3,1,0,0,1,0,0,0,0,658817.1559,5356971.3653,11.143471401,48.345940476,1,2,#fc8d62,car
2036,30752,"9,20060400161719E+018",9,1,90,159,2020,6,17,5,3,9,1,0,0,1,0,0,0,0,665056.9422,5305838.2995,11.207829802,47.884641393,1,2,#fc8d62,car
2037,30759,"9,20060500121719E+018",9,1,79,142,2020,6,12,6,2,0,3,0,0,1,0,0,0,0,671022.4049,5341364.8828,11.301752281,48.202460177,1,2,#fc8d62,car
2038,30771,"9,20060200857119E+018",9,1,62,0,2020,6,17,3,3,2,6,0,0,1,0,0,0,0,690095679,5331963567,11.554003238,48.112537589,0,2,#fc8d62,car
2039,30779,"9,20060500110321E+018",9,1,75,112,2020,6,19,6,3,5,3,0,1,1,0,0,0,0,725624.0579,5321056.6295,12.024951817,48.002952022,0,1,#66c2a5,bicycle
2040,30780,"9,20060200141319E+018",9,1,63,0,2020,6,13,3,3,5,3,0,0,1,0,1,0,0,732721819,5307415.8784,12.112596124,47.877860333,0,2,#fc8d62,car
2041,30784,"9,2006020014072E+018",9,1,82,120,2020,6,13,3,3,0,1,0,1,0,0,0,0,0,701709.1545,5306668.8599,11.697972841,47.881638091,0,1,#66c2a5,bicycle
2042,30787,"9,20060400121519E+018",9,1,81,130,2020,6,12,5,2,0,1,0,0,0,0,1,0,0,639991.9969,5323212.8079,10.87841759,48.046836263,0,4,#e78ac3,marker
2043,30789,"9,2006080012072E+018",9,1,88,120,2020,6,15,2,3,4,7,0,0,1,0,0,0,0,677122.8161,5326690.0546,11.377682173,48.068872666,0,2,#fc8d62,car
2044,30800,"9,20060700210924E+018",9,2,74,126,2020,6,13,1,3,4,2,0,0,1,0,0,0,0,732469.5692,5384440.2032,12.151461022,48.569891545,1,2,#fc8d62,car
2045,30806,"9,20060200140119E+018",9,1,87,130,2020,6,15,3,3,2,6,0,0,1,0,0,0,0,712655.1147,5310125.1056,11.845902108,47.909165103,0,2,#fc8d62,car
2046,30807,"9,20060200712123E+018",9,7,71,163,2020,6,18,3,3,5,3,0,0,1,0,0,0,0,644212.8175,5343970.9269,10.942049432,48.232549707,0,2,#fc8d62,car
2047,30808,"9,20060400110519E+018",9,1,77,133,2020,6,9,5,3,4,2,0,0,1,0,0,0,0,711469705,5361470763,11.855552826,48.370942904,0,2,#fc8d62,car
2048,30810,"9,2006070074072E+018",9,7,62,0,2020,6,19,1,3,4,2,0,0,1,0,0,0,0,623017.7492,5306247.8814,10.645904103,47.897759645,0,2,#fc8d62,car
2049,30811,"9,20060500161921E+018",9,1,73,147,2020,6,14,6,3,8,7,0,0,1,0,0,0,0,681988.8408,5308384.2041,11.435185531,47.90295075,0,2,#fc8d62,car
2050,30815,"9,2006060071732E+018",9,7,72,147,2020,6,19,7,3,9,1,1,0,1,0,0,0,0,632892.5493,5364543.6014,10.796171438,48.420017959,1,2,#fc8d62,car
2051,30816,"9,20060400711319E+018",9,7,61,0,2020,6,6,5,3,1,6,0,1,1,0,0,0,0,636527.4525,5360738.4546,10.84403693,48.385025311,0,1,#66c2a5,bicycle
2052,30817,"9,20060200140119E+018",9,1,87,122,2020,6,20,3,2,5,3,0,0,0,0,1,0,1,719698.9923,5305385.0176,11.937630559,47.864199353,0,4,#e78ac3,marker
2053,30819,"9,20060300121919E+018",9,1,88,139,2020,6,11,4,2,9,1,0,0,0,0,1,0,0,676414519,5318901907,11.364974822,47.999057796,0,4,#e78ac3,marker
2054,30823,"9,2006070014153E+018",9,1,87,159,2020,6,12,1,3,2,6,0,0,1,0,0,0,0,731558.5595,5329575.9793,12.109002577,48.077367433,1,2,#fc8d62,car
2055,30824,"9,20060400740719E+018",9,7,62,0,2020,6,16,5,3,2,6,0,0,1,0,0,0,0,623077825,5306204.9235,10.646695284,47.897361776,0,2,#fc8d62,car
2056,30825,"9,20060200131323E+018",9,1,86,152,2020,6,18,3,3,2,6,0,0,1,0,1,0,0,691674.9571,5375628.3424,11.595032736,48.504502964,0,2,#fc8d62,car
2057,30826,"9,20060300161319E+018",9,1,90,115,2020,6,13,4,3,5,3,0,1,1,0,0,0,0,671368895,5304229.8219,11.291552934,47.868526998,0,1,#66c2a5,bicycle
2058,30842,"9,2006030014732E+018",9,1,82,137,2020,6,10,4,3,3,6,0,0,1,0,0,1,0,709168785,5305112876,11.796875637,47.865268369,0,2,#fc8d62,car
2059,30843,"9,20060300117523E+018",9,1,84,112,2020,6,8,4,3,2,6,0,0,1,0,0,0,0,701937.7069,5340530.9086,11.716989358,48.185886723,0,2,#fc8d62,car
2060,30844,"9,20060600110919E+018",9,1,78,144,2020,6,14,7,3,0,3,0,0,1,0,1,0,0,707467.6446,5381183.6327,11.811351613,48.549404095,0,2,#fc8d62,car
2061,30847,"9,20060300711319E+018",9,7,72,202,2020,6,7,4,3,5,3,0,1,1,0,0,0,0,636746015,5359142.9416,10.846468334,48.370631252,0,1,#66c2a5,bicycle
2062,30862,"9,20060500712319E+018",9,7,72,184,2020,6,10,6,3,2,6,0,0,1,0,0,0,0,635157.4841,5362382.0323,10.826071902,48.400099383,0,2,#fc8d62,car
2063,30863,"9,20060200852119E+018",9,1,62,0,2020,6,12,3,3,3,6,0,0,1,0,1,0,0,694825.9077,5332413.38,11.617693083,48.115151005,0,2,#fc8d62,car
2064,30865,"9,20060400140119E+018",9,1,87,122,2020,6,17,5,3,5,3,0,0,1,0,0,0,0,718839.8783,5307990815,11.927478514,47.887907275,1,2,#fc8d62,car
2065,30872,"9,20060400857122E+018",9,1,84,136,2020,6,17,5,3,2,6,0,0,1,0,0,0,0,698836911,5325813.5913,11.668453164,48.054597268,0,2,#fc8d62,car
2066,30875,"9,20060500712119E+018",9,7,71,130,2020,6,11,6,3,4,1,0,0,1,0,0,0,0,651272.2491,5351726.1275,11.039828565,48.300632672,1,2,#fc8d62,car
2067,30878,"9,20060200127019E+018",9,1,79,123,2020,6,8,3,3,3,6,0,0,1,0,0,1,0,677709.7017,5332119.8136,11.387813397,48.117518757,0,2,#fc8d62,car
2068,30879,"9,20060500120524E+018",9,1,79,136,2020,6,20,6,3,0,1,0,1,0,0,0,0,0,660594.4799,5341665.1633,11.161625854,48.207883411,0,1,#66c2a5,bicycle
2069,30880,"9,20060200125019E+018",9,1,79,142,2020,6,18,3,3,1,6,0,0,1,0,0,0,0,672699.2875,5341524.5418,11.324366854,48.2034415,0,2,#fc8d62,car
2070,30885,"9,2006020012192E+018",9,1,88,137,2020,6,13,3,3,0,1,0,1,0,0,0,0,0,672436.1552,5314503.6079,11.309921704,47.960602852,0,1,#66c2a5,bicycle
2071,30898,"9,20060200121519E+018",9,1,81,145,2020,6,18,3,2,0,1,0,1,0,0,0,0,0,648729002,5329459854,10.997753423,48.101031267,0,1,#66c2a5,bicycle
2072,30903,"9,20060200120919E+018",9,1,79,145,2020,6,12,3,3,3,6,0,1,1,0,0,0,0,673586413,5336456175,11.334225968,48.157637874,0,1,#66c2a5,bicycle
2073,30905,"9,2006030085822E+018",9,1,62,0,2020,6,7,4,2,0,1,0,0,0,0,1,1,0,693281.8087,5337501.4102,11.599277572,48.161351235,0,4,#e78ac3,marker
2074,30911,"9,20060400120119E+018",9,1,74,113,2020,6,11,5,3,8,3,0,0,1,0,0,0,0,674666.8508,5347659.8966,11.353354191,48.258055373,0,2,#fc8d62,car
2075,30913,"9,20060800110324E+018",9,1,75,123,2020,6,16,2,3,0,3,0,0,1,0,0,0,0,726564.95,5335113023,12.044994802,48.128907528,1,2,#fc8d62,car
2076,30914,"9,20060500210921E+018",9,2,61,0,2020,6,11,6,3,5,3,0,1,1,0,0,0,0,732173.5788,5379993.0041,12.144975766,48.530053178,0,1,#66c2a5,bicycle
2077,30918,"9,20060700121519E+018",9,1,81,127,2020,6,14,1,3,8,1,0,0,1,0,0,0,0,635627.8732,5326066.2953,10.820795659,48.07343864,1,2,#fc8d62,car
2078,30919,"9,20060400712721E+018",9,7,72,137,2020,6,22,5,3,4,6,2,0,1,0,0,0,0,623152614,5371670916,10.66668388,48.486090817,1,2,#fc8d62,car
2079,30920,"9,20060200111319E+018",9,1,75,139,2020,6,12,3,3,2,6,0,0,1,0,0,0,0,708458.6847,5329927.0508,11.799430189,48.0884922,0,2,#fc8d62,car