fid,OBJECTID,UIDENTSTLA,ULAND,UREGBEZ,UKREIS,UGEMEINDE,UJAHR,UMONAT,USTUNDE,UWOCHENTAG,UKATEGORIE,UART,UTYP1,ULICHTVERH,IstRad,IstPKW,IstFuss,IstKrad,IstGkfz,IstSonstig,LINREFX,LINREFY,XGCSWGS84,YGCSWGS84,STRZUSTAND,Teilnehmer,color,symbol
2080,30925,"9,20060400210924E+018",9,2,74,126,2020,6,7,5,3,4,2,0,0,1,0,0,0,0,731900795,5383988756,12.143510973,48.566046966,0,2,#fc8d62,car
2081,30926,"9,20060200111319E+018",9,1,75,127,2020,6,7,3,3,9,7,0,0,1,0,0,0,0,711335.6689,5340507.0408,11.843265246,48.182615729,0,2,#fc8d62,car
2082,30938,"9,20060200110919E+018",9,1,78,155,2020,6,10,3,3,1,1,0,0,1,0,0,0,0,719041.9529,5375298362,11.964889276,48.492594676,0,2,#fc8d62,car
2083,30942,"9,20060400710119E+018",9,7,71,140,2020,6,23,5,3,0,7,2,1,0,0,0,0,0,654595427,5372796.6907,11.092365812,48.489266035,1,1,#66c2a5,bicycle
2084,30943,"9,20060200110919E+018",9,1,78,143,2020,6,11,3,3,2,6,0,0,1,0,0,0,0,717941.4004,5372171.3478,11.948383167,48.464882559,0,2,#fc8d62,car
2085,30945,"9,20060300121319E+018",9,1,88,144,2020,6,12,4,3,1,6,0,0,1,0,0,0,1,669701.6584,5328666.3129,11.278929505,48.088656768,0,2,#fc8d62,car
2086,30948,"9,2006010085822E+018",9,1,84,142,2020,6,18,2,2,9,1,0,1,0,0,0,0,0,683664.0088,5318786.9463,11.462019627,47.995983277,0,1,#66c2a5,bicycle
2087,30954,"9,20060500121719E+018",9,1,79,142,2020,6,12,6,3,5,3,0,0,1,0,0,0,0,670866.4167,5341477.1812,11.299699838,48.203511697,0,2,#fc8d62,car
2088,30955,"9,20060100858219E+018",9,1,62,0,2020,6,11,2,3,3,5,0,1,0,0,0,0,1,684298.5045,5335411.4778,11.477683989,48.145233301,0,1,#66c2a5,bicycle
2089,30960,"9,20060100857121E+018",9,1,62,0,2020,6,13,2,2,6,4,0,0,1,1,0,0,0,692022.7876,5340985.8383,11.58393825,48.193049893,0,2,#fc8d62,car
2090,30967,"9,20060300110119E+018",9,1,77,137,2020,6,17,4,3,2,6,0,0,1,0,0,0,0,734759.0227,5349397.8481,12.162846117,48.254262291,0,2,#fc8d62,car
2091,30968,"9,2006050085712E+018",9,1,84,112,2020,6,18,6,3,0,7,0,0,0,0,0,1,1,702445524,5337411.1143,11.722328322,48.157688312,0,5,#a6d854,bus
2092,30975,"9,20060500110719E+018",9,1,78,136,2020,6,6,6,3,4,6,0,0,1,0,0,1,0,697339.2319,5373247.0811,11.670509381,48.481349883,1,2,#fc8d62,car
2093,30976,"9,20060100854719E+018",9,1,62,0,2020,6,17,2,3,1,6,0,0,1,0,0,0,1,692053.9925,5341488.6195,11.584585126,48.197559313,0,2,#fc8d62,car
2094,30983,"9,20060400121519E+018",9,1,81,130,2020,6,18,5,3,2,6,0,0,1,0,0,0,0,638874192,5322716792,10.863266168,48.042620098,1,2,#fc8d62,car
2095,30985,"9,20060800121719E+018",9,1,79,142,2020,6,8,2,3,2,6,0,0,1,0,0,0,0,671682631,5342103.5127,11.310929468,48.208921926,0,2,#fc8d62,car
2096,30991,"9,20060400740723E+018",9,7,62,0,2020,6,17,5,3,4,2,0,0,1,0,0,0,0,623017.7492,5306247.8814,10.645904103,47.897759645,1,2,#fc8d62,car
2097,30995,"9,20060300141523E+018",9,1,87,159,2020,6,15,4,3,0,2,0,1,1,0,0,0,0,731473.9836,5328780.0795,12.107437794,48.070247912,0,1,#66c2a5,bicycle
2098,31002,"9,2006060021152E+018",9,2,74,185,2020,6,22,7,3,8,1,2,0,1,0,0,0,0,732905.0865,5372476.3493,12.150678235,48.462261816,1,2,#fc8d62,car
2099,31005,"9,20060200712135E+018",9,7,71,130,2020,6,7,3,2,4,2,0,0,1,0,0,1,0,644200.25,5362015702,10.948049011,48.394802231,0,2,#fc8d62,car
2100,31006,"9,20060400110722E+018",9,1,78,113,2020,6,15,5,2,5,3,0,0,1,0,0,0,0,692537.1871,5370067.5692,11.604132721,48.454263971,0,2,#fc8d62,car
2101,31008,"9,20060700857119E+018",9,1,62,0,2020,6,14,1,3,3,2,0,1,1,0,0,0,0,701959206,5332199942,11.713325985,48.111010833,1,1,#66c2a5,bicycle
2102,31009,"9,20060500167019E+018",9,1,62,0,2020,6,12,6,3,2,6,0,0,1,0,0,0,0,685247.2969,5329593.8007,11.487899327,48.092665541,1,2,#fc8d62,car
2103,31014,"9,20060400712119E+018",9,7,71,142,2020,6,14,5,3,1,6,0,0,1,0,0,0,0,645371.0756,5353199.7653,10.96081137,48.315266269,0,2,#fc8d62,car
2104,31028,"9,2006030085232E+018",9,1,62,0,2020,6,7,4,3,2,6,0,0,1,0,0,0,0,690532.5568,5331990.0294,11.559878601,48.112644891,0,2,#fc8d62,car
2105,31040,"9,20060300120524E+018",9,1,79,147,2020,6,14,4,3,5,2,0,1,1,0,0,0,0,663848.2731,5334689.5257,11.202699934,48.144339154,0,1,#66c2a5,bicycle
2106,31041,"9,20060600120119E+018",9,1,74,111,2020,6,20,7,3,2,6,1,0,1,0,0,0,0,664319.7485,5361297.8731,11.219370078,48.383427819,1,2,#fc8d62,car
2107,31044,"9,2006030071232E+018",9,7,72,185,2020,6,9,4,2,1,6,0,0,1,0,0,1,1,635691786,5383954.4189,10.840296449,48.593958711,0,2,#fc8d62,car
2108,31048,"9,20060500121519E+018",9,1,81,126,2020,6,19,6,3,9,1,0,1,0,0,0,0,0,634665.1576,5332281.7347,10.809839459,48.129535247,0,1,#66c2a5,bicycle
2109,31049,"9,20060100740119E+018",9,7,77,140,2020,6,16,2,3,8,1,0,0,0,0,1,0,0,627811.4457,5316358.0839,10.713014079,47.987746284,1,4,#e78ac3,marker
2110,31054,"9,20060500140119E+018",9,1,87,179,2020,6,11,6,2,5,3,0,0,1,0,0,0,0,727667.98,5314211164,12.04868913,47.940724709,1,2,#fc8d62,car
2111,31059,"9,20060100730319E+018",9,7,73,116,2020,6,14,2,1,0,1,0,1,0,0,0,0,0,618204.3369,5377342.2305,10.601350929,48.538042255,0,1,#66c2a5,bicycle
2112,31060,"9,20060200852619E+018",9,1,84,147,2020,6,13,3,3,1,5,0,0,1,0,0,0,0,696634.8019,5341535.9772,11.646186299,48.19658306,0,2,#fc8d62,car
2113,31068,"9,20060400858219E+018",9,1,84,123,2020,6,19,5,3,2,6,0,0,1,0,0,0,0,702598088,5331995.5651,11.721802289,48.108971243,1,2,#fc8d62,car
2114,31069,"9,20060100712124E+018",9,7,71,122,2020,6,20,2,2,5,3,1,1,0,0,1,0,0,651940.3572,5360978.5899,11.052169578,48.383660364,0,1,#66c2a5,bicycle
2115,31073,"9,20060100710619E+018",9,7,61,0,2020,6,17,2,3,2,1,0,0,1,0,1,0,0,641569.7744,5353291.4298,10.909598971,48.316952969,0,2,#fc8d62,car
2116,31075,"9,2006040012132E+018",9,1,88,144,2020,6,15,5,3,4,2,0,0,1,0,0,0,0,665825.35,5328307.5881,11.226776371,48.086452006,1,2,#fc8d62,car
2117,31083,"9,20060100210919E+018",9,2,74,121,2020,6,18,2,3,2,6,0,1,0,0,0,0,0,722229.9617,5372016.5699,12.006235716,48.461991955,0,1,#66c2a5,bicycle
2118,31097,"9,2006030085822E+018",9,1,62,0,2020,6,22,4,3,2,6,2,0,1,0,0,0,0,678725.4613,5334630.0492,11.402502163,48.139799156,0,2,#fc8d62,car
2119,31103,"9,20060100161923E+018",9,1,73,137,2020,6,13,2,3,6,4,0,0,1,1,0,0,0,674593.6511,5304058.8434,11.334568783,47.866121478,0,2,#fc8d62,car
2120,31104,"9,2006060071212E+018",9,7,71,130,2020,6,17,7,3,8,1,0,0,1,0,0,0,0,644542742,5362753629,10.952927089,48.401358764,1,2,#fc8d62,car
2121,31105,"9,20060400710619E+018",9,7,61,0,2020,6,18,5,3,3,2,0,0,1,0,0,0,1,643359.4399,5357586257,10.935186537,48.355166787,1,2,#fc8d62,car
2122,31107,"9,20060800117521E+018",9,1,84,129,2020,6,5,2,3,0,1,1,0,0,0,1,0,1,699876613,5324071615,11.681577119,48.038616934,1,4,#e78ac3,marker
2123,31111,"9,2006010016192E+018",9,1,73,147,2020,6,13,2,3,2,6,0,0,1,0,0,0,0,681385.6199,5308004.3077,11.426961643,47.899706591,0,2,#fc8d62,car
2124,31117,"9,20060600160919E+018",9,1,73,126,2020,6,11,7,2,5,3,0,1,1,0,0,0,0,684632184,5303962366,11.468631892,47.862447573,0,1,#66c2a5,bicycle
2125,31131,"9,20060300147319E+018",9,1,82,133,2020,6,13,4,2,2,6,0,0,1,0,0,1,0,705942.4421,5306826.8001,11.754603752,47.881713699,0,2,#fc8d62,car
2126,31132,"9,20060300111121E+018",9,1,78,130,2020,6,12,4,2,5,3,0,0,0,0,1,1,0,703819.9151,5354452.4252,11.74898529,48.31039076,0,4,#e78ac3,marker
2127,31133,"9,20060600110123E+018",9,1,77,122,2020,6,16,7,3,9,1,0,0,1,0,0,0,0,727940.4331,5358397.7718,12.075977911,48.337604257,0,2,#fc8d62,car
2128,31136,"9,20060300121518E+018",9,1,81,113,2020,6,15,4,1,4,6,0,0,1,0,0,1,0,640861.2702,5306795233,10.884693317,47.899012563,0,2,#fc8d62,car
2129,31141,"9,20060300740721E+018",9,7,62,0,2020,6,13,4,2,2,6,0,0,0,0,0,1,1,622964.8136,5304261.8395,10.644630416,47.879908028,0,5,#a6d854,bus
2130,31145,"9,20060500127019E+018",9,1,62,0,2020,6,13,6,2,2,6,0,0,0,0,0,1,1,678601.0571,5336622.1893,11.401667254,48.15774152,1,5,#a6d854,bus
2131,31161,"9,20060500712319E+018",9,7,72,217,2020,6,19,6,3,9,1,0,0,1,0,0,0,0,635958.9075,5382229.7417,10.843353028,48.578393159,0,2,#fc8d62,car
2132,31162,"9,20060400857121E+018",9,1,62,0,2020,6,8,5,2,5,3,0,1,0,0,0,0,1,696593037,5333721.81,11.642013627,48.126367382,0,1,#66c2a5,bicycle
2133,31163,"9,2006160012092E+018",9,1,79,145,2020,6,9,3,3,0,1,0,0,0,0,1,0,0,674031.99,5336802846,11.340354304,48.160632454,1,4,#e78ac3,marker
2134,31164,"9,2006120071132E+018",9,7,61,0,2020,6,13,6,3,2,6,0,0,1,0,0,0,0,636817.7344,5360361.4026,10.847832799,48.381572002,0,2,#fc8d62,car
2135,31166,"9,2006120071012E+018",9,7,71,169,2020,6,9,6,3,0,7,0,1,0,0,0,0,0,642275.3349,5375469.7849,10.926633381,48.516210391,0,1,#66c2a5,bicycle
2136,31174,"9,2006150016192E+018",9,1,73,147,2020,6,20,2,3,9,1,0,0,1,0,0,0,0,682908.4745,5310021.0422,11.448173791,47.91740294,1,2,#fc8d62,car
2137,31183,"9,20061500858221E+018",9,1,62,0,2020,6,17,2,3,2,6,0,0,1,0,0,0,0,692729.0865,5339071.1494,11.592563863,48.175627363,1,2,#fc8d62,car
2138,31219,"9,2006150012192E+018",9,1,88,139,2020,6,16,2,3,2,6,0,0,1,0,0,0,1,674520.8781,5318636.7291,11.339503284,47.997193593,1,2,#fc8d62,car
2139,31246,"9,2006150012012E+018",9,1,74,131,2020,6,23,2,2,9,1,2,0,1,0,0,0,0,677003.3659,5356172.7938,11.388375204,48.333928667,1,2,#fc8d62,car
2140,31248,"9,2006120016192E+018",9,1,73,137,2020,6,20,6,2,9,1,1,0,0,0,1,0,0,679221.2333,5307058.6704,11.397635574,47.891814032,0,4,#e78ac3,marker
2141,31259,"9,20061500210921E+018",9,2,61,0,2020,6,14,2,3,5,3,0,1,1,0,0,0,0,730723.8241,5380955.6152,12.125901012,48.539234756,1,1,#66c2a5,bicycle
2142,31272,"9,2006160011202E+018",9,1,77,133,2020,6,12,3,3,4,6,0,0,1,0,0,1,0,708215.4359,5360275.0647,11.811072873,48.361280482,0,2,#fc8d62,car
2143,31274,"9,2006140012702E+018",9,1,74,135,2020,6,22,1,3,3,1,2,0,1,0,0,0,0,661895.3111,5354334.9027,11.183971604,48.321456984,1,2,#fc8d62,car
2144,31282,"9,2006120014702E+018",9,1,63,0,2020,6,8,6,2,0,1,0,0,0,0,1,0,0,733379025,5303178.0814,12.11908597,47.839549258,0,4,#e78ac3,marker
2145,31286,"9,20061300210922E+018",9,2,61,0,2020,6,15,7,3,8,1,0,1,0,0,0,0,0,730725689,5381803.4111,12.126395699,48.54684976,0,1,#66c2a5,bicycle
2146,31291,"9,20061300210919E+018",9,2,61,0,2020,6,11,7,3,0,1,0,0,0,0,1,0,0,732595809,5378855.3113,12.150051755,48.519677275,0,4,#e78ac3,marker
2147,31292,"9,2006150085822E+018",9,1,62,0,2020,6,8,2,3,5,3,0,0,1,0,0,0,0,697584.8948,5333551.2018,11.655249308,48.124527007,1,2,#fc8d62,car
2148,31301,"9,2006160011012E+018",9,1,77,124,2020,6,14,3,3,8,7,0,0,1,0,0,0,0,725086.7783,5364784.7532,12.040942774,48.396007287,0,2,#fc8d62,car
2149,31303,"9,2006130085482E+018",9,1,84,135,2020,6,12,7,3,2,6,0,0,1,0,0,0,0,692953.0784,5349788.1872,11.600451429,48.271879582,0,2,#fc8d62,car
2150,31304,"9,2006120014012E+018",9,1,87,137,2020,6,15,6,3,5,3,0,0,1,0,0,0,0,729461.4788,5311956447,12.071469321,47.919827854,0,2,#fc8d62,car
2151,31305,"9,2006130015232E+018",9,1,83,139,2020,6,22,7,3,0,1,2,0,1,1,0,0,0,734967364,5334125.4128,12.157202902,48.116989985,0,2,#fc8d62,car
2152,31308,"9,2006120014012E+018",9,1,87,150,2020,6,12,6,3,5,3,0,0,1,0,1,0,0,728896.5221,5303472.5198,12.059422627,47.843805799,0,2,#fc8d62,car
2153,31311,"9,20061500147324E+018",9,1,84,148,2020,6,8,2,3,9,7,0,0,1,0,0,0,0,693386.88,5326699.5196,11.595791447,48.064234613,1,2,#fc8d62,car
2154,31313,"9,2006120013152E+018",9,1,85,158,2020,6,9,6,2,5,3,0,1,0,0,0,0,0,667788502,5381676.0485,11.274359692,48.565701795,0,1,#66c2a5,bicycle
2155,31317,"9,20061200131323E+018",9,1,86,143,2020,6,13,6,3,0,1,0,1,0,0,0,0,0,685398.0382,5379680035,11.511938966,48.542802159,0,1,#66c2a5,bicycle
2156,31319,"9,20061500712125E+018",9,7,71,130,2020,6,8,2,3,2,6,0,0,1,0,0,0,0,645592.3432,5357765.1679,10.965371745,48.356264559,1,2,#fc8d62,car
2157,31326,"9,2006120012152E+018",9,1,81,145,2020,6,12,6,3,0,1,0,1,0,0,0,0,0,647290.8069,5329546442,10.978477227,48.102143961,0,1,#66c2a5,bicycle
2158,31327,"9,20061200120531E+018",9,1,79,125,2020,6,16,6,1,5,3,0,0,1,0,1,0,0,662027.7077,5331409867,11.176996384,48.115319764,0,2,#fc8d62,car
2159,31328,"9,2006120012012E+018",9,1,74,135,2020,6,14,6,3,0,1,0,0,0,0,0,0,1,663209.6599,5353418.3864,11.201333983,48.312879538,0,6,#ffd92f,circle
2160,31329,"9,2006150012132E+018",9,1,88,126,2020,6,14,2,3,8,1,0,0,0,0,0,0,1,660782.0053,5324312.7193,11.157600203,48.051827459,1,6,#ffd92f,circle
2161,31330,"9,20061200117021E+018",9,1,78,120,2020,6,2,6,3,2,6,2,0,1,0,0,1,0,695014.0649,5355329.2967,11.630756343,48.321047644,0,2,#fc8d62,car
2162,31331,"9,20061100858221E+018",9,1,62,0,2020,6,19,5,3,6,4,0,1,0,1,0,0,0,694109.0349,5331703.7873,11.60774858,48.108992313,0,1,#66c2a5,bicycle
2163,31333,"9,20061100857122E+018",9,1,62,0,2020,6,18,5,3,2,6,0,0,1,0,0,0,0,688723.9174,5331698.6241,11.535474689,48.110564181,0,2,#fc8d62,car
2164,31336,"9,2006110075012E+018",9,7,78,116,2020,6,16,5,3,5,3,0,1,1,0,0,0,0,619985067,5317938.4778,10.608605781,48.003475935,0,1,#66c2a5,bicycle
2165,31346,"9,20061100717323E+018",9,7,72,223,2020,6,14,5,3,8,1,0,0,1,0,0,0,0,624669.8729,5364330.5497,10.685022328,48.419782917,0,2,#fc8d62,car
2166,31347,"9,2006110071732E+018",9,7,72,223,2020,6,16,5,2,2,6,0,0,1,0,0,0,0,623018.1382,5363669.8993,10.662513764,48.414166551,0,2,#fc8d62,car
2167,31348,"9,2006110071732E+018",9,7,72,147,2020,6,17,5,3,9,1,0,0,1,0,0,0,0,637079.9801,5364182.0817,10.852620144,48.415870065,0,2,#fc8d62,car
2168,31351,"9,20061100717022E+018",9,7,72,147,2020,6,17,5,3,2,6,0,0,1,0,0,0,0,635672.0928,5364338.7375,10.833653572,48.417583414,0,2,#fc8d62,car
2169,31355,"9,20061500110323E+018",9,1,75,137,2020,6,12,2,3,2,6,0,0,1,0,0,0,0,725355.1637,5330239.4581,12.026185156,48.085550653,1,2,#fc8d62,car
2170,31363,"9,20061300750119E+018",9,7,78,116,2020,6,16,7,3,4,2,0,1,0,0,1,0,0,619260.4125,5319676.7575,10.599377934,48.019245043,0,1,#66c2a5,bicycle
2171,31368,"9,2006130014732E+018",9,1,84,148,2020,6,16,7,3,2,6,0,0,1,0,0,0,0,695960.2221,5327255.7374,11.630550297,48.068448468,0,2,#fc8d62,car
2172,31382,"9,2006160011092E+018",9,1,78,116,2020,6,6,3,3,8,1,0,0,1,0,0,0,0,700932.1631,5382937.1925,11.723743015,48.567289345,1,2,#fc8d62,car
2173,31384,"9,20061300858221E+018",9,1,62,0,2020,6,10,7,2,5,2,0,0,1,0,1,0,0,687363776,5335078603,11.518705643,48.141345965,0,2,#fc8d62,car
2174,31411,"9,20061500858221E+018",9,1,62,0,2020,6,12,2,3,2,6,0,0,1,0,0,0,1,694359325,5336626725,11.613353002,48.153161485,1,2,#fc8d62,car
2175,31414,"9,2006130085222E+018",9,1,62,0,2020,6,10,7,3,0,7,0,0,0,0,1,0,0,694383.5159,5336570.3894,11.613652191,48.152647772,0,4,#e78ac3,marker
2176,31415,"9,2006110014132E+018",9,1,63,0,2020,6,11,5,3,2,6,0,0,1,0,0,0,0,733525.4928,5302726.0587,12.120796717,47.83543508,0,2,#fc8d62,car
2177,31416,"9,2006130014012E+018",9,1,87,179,2020,6,10,7,3,1,6,0,0,1,0,0,0,0,723318.5986,5308891.7773,11.987774156,47.894460237,0,2,#fc8d62,car
2178,31419,"9,20061100140118E+018",9,1,87,117,2020,6,20,5,2,0,1,0,1,0,0,0,0,0,726749.7121,5304847.2942,12.031490587,47.856918562,0,1,#66c2a5,bicycle
2179,31420,"9,2006110012192E+018",9,1,88,141,2020,6,13,5,2,2,6,0,1,0,0,0,0,0,665826426,5305736.0175,11.218075311,47.883523505,0,1,#66c2a5,bicycle
2180,31421,"9,2006110012192E+018",9,1,88,139,2020,6,18,5,2,0,1,0,1,0,0,0,0,0,678899.6522,5319840.6324,11.398651365,48.0068058,1,1,#66c2a5,bicycle
2181,31423,"9,20061500140736E+018",9,1,82,120,2020,6,6,2,3,5,3,0,0,1,0,0,0,0,703235.4397,5305618825,11.717870152,47.87171988,1,2,#fc8d62,car
2182,31424,"9,20061100121919E+018",9,1,88,139,2020,6,11,5,3,0,1,0,1,0,0,0,0,0,676444778,5318895.03,11.365377282,47.998987626,0,1,#66c2a5,bicycle
2183,31425,"9,2006110012152E+018",9,1,81,113,2020,6,15,5,3,0,1,0,1,0,0,0,0,0,639524.2054,5310371.2486,10.867971018,47.931462175,0,1,#66c2a5,bicycle
2184,31427,"9,2006110012092E+018",9,1,79,123,2020,6,14,5,3,4,6,0,1,0,0,0,0,0,676045.6903,5333581.3869,11.36607828,48.131119514,0,1,#66c2a5,bicycle
2185,31429,"9,2006110012092E+018",9,1,88,121,2020,6,16,5,3,0,7,0,0,0,0,1,0,0,672243307,5329668394,11.313437023,48.096983434,0,4,#e78ac3,marker
2186,31432,"9,20061100120524E+018",9,1,79,121,2020,6,20,5,3,2,6,0,0,1,0,0,0,0,664572.6376,5340058.8415,11.214508627,48.192423402,0,2,#fc8d62,car
2187,31433,"9,20061100110722E+018",9,1,78,124,2020,6,16,5,3,5,3,0,1,1,0,0,0,0,701621.7388,5365469.5505,11.724651342,48.410100151,0,1,#66c2a5,bicycle
2188,31435,"9,2006110011052E+018",9,1,77,118,2020,6,13,5,3,0,1,0,0,0,0,0,0,1,708278.9628,5344869.0492,11.804332856,48.222822457,0,6,#ffd92f,circle
2189,31437,"9,2006110011052E+018",9,1,77,113,2020,6,20,5,3,8,1,0,1,0,0,0,0,0,721444.5498,5355199.4087,11.986764187,48.311178326,0,1,#66c2a5,bicycle
2190,31440,"9,20061100110321E+018",9,1,75,128,2020,6,18,5,3,0,6,0,0,1,0,1,0,0,713074.2182,5324767.9036,11.858763503,48.040606851,0,2,#fc8d62,car
2191,31441,"9,20061100110123E+018",9,1,77,122,2020,6,17,5,3,3,2,0,0,0,0,1,0,1,728663.8211,5358372.4248,12.085711337,48.33711524,0,4,#e78ac3,marker
2192,31442,"9,2006110011012E+018",9,1,77,137,2020,6,18,5,2,1,6,0,0,0,0,1,0,0,734647.2829,5349837.6006,12.161586848,48.258253995,0,4,#e78ac3,marker
2193,31443,"9,2006130012502E+018",9,1,88,139,2020,6,13,7,3,5,3,0,1,1,0,0,0,0,679557.4748,5320596197,11.407779589,48.013413298,0,1,#66c2a5,bicycle
2194,31446,"9,20061000857122E+018",9,1,84,147,2020,6,18,4,3,3,7,0,0,1,0,0,0,0,697323.6014,5339675.8,11.654581305,48.17965159,1,2,#fc8d62,car
2195,31447,"9,2006100085712E+018",9,1,62,0,2020,6,12,4,3,2,6,0,0,1,0,0,0,0,693167.2443,5338265.0227,11.598085353,48.168249146,1,2,#fc8d62,car
2196,31458,"9,2006130012012E+018",9,1,74,115,2020,6,11,7,3,2,6,0,0,1,0,0,0,0,680659.1994,5348422.9221,11.434342817,48.263233885,0,2,#fc8d62,car
2197,31461,"9,20061000712523E+018",9,7,72,200,2020,6,9,4,3,5,3,0,0,1,0,0,0,0,631008.8607,5339679.1359,10.763003694,48.196820793,0,2,#fc8d62,car
2198,31462,"9,20061000712119E+018",9,7,71,122,2020,6,20,4,3,8,1,1,0,1,0,0,0,0,648367289,5359459693,11.003405191,48.37085431,1,2,#fc8d62,car
2199,31463,"9,20061000711119E+018",9,7,61,0,2020,6,11,4,3,2,6,0,0,1,0,0,0,0,638709.2464,5361173.2698,10.87363309,48.388459075,0,2,#fc8d62,car
2200,31464,"9,2006130011752E+018",9,1,84,114,2020,6,15,7,3,9,7,0,0,0,0,0,1,0,698780.5921,5323210.5479,11.666489673,48.031220322,0,5,#a6d854,bus
2201,31466,"9,20061000710622E+018",9,7,61,0,2020,6,18,4,3,6,2,0,0,1,1,0,0,0,641306.7935,5352381.3121,10.905748856,48.308828279,0,2,#fc8d62,car
2202,31469,"9,20061300115021E+018",9,1,77,117,2020,6,23,7,3,1,5,2,1,1,0,0,0,0,716500.5261,5355126.4145,11.920134554,48.312233959,0,1,#66c2a5,bicycle
2203,31475,"9,20061500120521E+018",9,1,79,121,2020,6,9,2,3,0,7,0,1,1,0,0,0,0,667553.1131,5338477.2464,11.253958526,48.177425663,1,1,#66c2a5,bicycle
2204,31482,"9,2006130011092E+018",9,1,78,116,2020,6,12,7,3,0,3,0,0,1,0,1,0,0,702226.3151,5382952.4739,11.741272507,48.567010534,0,2,#fc8d62,car
2205,31497,"9,2006160011012E+018",9,1,77,139,2020,6,14,3,3,6,4,0,0,1,1,0,0,0,731939935,5359632189,12.130546444,48.347238218,0,2,#fc8d62,car
2206,31501,"9,20061400857119E+018",9,1,84,136,2020,6,21,1,3,4,2,2,0,1,0,1,0,0,697553.4471,5327763.4633,11.652148559,48.072520203,1,2,#fc8d62,car
2207,31503,"9,20061600120531E+018",9,1,79,119,2020,6,11,3,3,4,6,0,0,1,0,0,0,0,671752.6965,5339197.2291,11.310696095,48.182776789,1,2,#fc8d62,car
2208,31507,"9,20061300110721E+018",9,1,78,124,2020,6,4,7,3,0,1,0,0,1,0,0,0,0,700919.3745,5358554.2835,11.711865754,48.348180438,0,2,#fc8d62,car
2209,31517,"9,20061300110721E+018",9,1,78,124,2020,6,8,7,3,0,6,0,0,1,0,0,0,0,701125.2123,5363902.7009,11.717198677,48.396178401,0,2,#fc8d62,car
2210,31522,"9,2006120085822E+018",9,1,84,144,2020,6,11,6,3,4,2,0,1,1,0,0,0,0,687523.0137,5319757503,11.514122727,48.003587211,0,1,#66c2a5,bicycle
2211,31523,"9,2006150085822E+018",9,1,62,0,2020,6,22,2,3,5,3,2,0,1,0,0,0,0,692067.7801,5340444.3961,11.584298194,48.188169956,1,2,#fc8d62,car
2212,31527,"9,2006120085712E+018",9,1,62,0,2020,6,16,6,3,4,2,0,0,1,0,0,0,0,695502.1246,5330864.0302,11.626058917,48.101018917,0,2,#fc8d62,car
2213,31534,"9,2006100016702E+018",9,1,84,132,2020,6,20,4,3,9,1,0,0,1,0,0,0,0,684500478,5326449.4311,11.476521502,48.064618552,1,2,#fc8d62,car
2214,31535,"9,2006130085822E+018",9,1,62,0,2020,6,17,7,3,2,6,0,0,1,0,0,0,0,684757.0391,5335396.3497,11.4838359,48.14496432,0,2,#fc8d62,car
2215,31537,"9,20061200852421E+018",9,1,62,0,2020,6,20,6,3,5,2,0,1,1,0,0,0,0,695106856,5331454405,11.621025209,48.106446125,0,1,#66c2a5,bicycle
2216,31545,"9,20061000140119E+018",9,1,87,137,2020,6,18,4,3,0,1,0,1,0,0,0,0,0,727580.1665,5308305.5763,12.044398094,47.887696593,0,1,#66c2a5,bicycle
2217,31552,"9,20061000127022E+018",9,1,81,127,2020,6,19,4,3,2,6,1,0,1,0,0,1,0,635141.0985,5322999.2583,10.813295019,48.045961411,1,2,#fc8d62,car
2218,31553,"9,20061000121519E+018",9,1,81,146,2020,6,6,4,3,0,6,0,1,1,0,0,0,0,651299.1756,5326832.8416,11.031323351,48.076805609,1,1,#66c2a5,bicycle
2219,31554,"9,20061000120921E+018",9,1,79,145,2020,6,7,4,3,2,6,0,0,1,0,0,0,0,674077.5908,5335245.1889,11.340329822,48.146617522,1,2,#fc8d62,car
2220,31557,"9,2006100012012E+018",9,1,74,122,2020,6,18,4,3,0,1,0,0,0,0,1,0,0,683425.8167,5351575.2784,11.472954495,48.290773486,1,4,#e78ac3,marker
2221,31558,"9,2006090085822E+018",9,1,62,0,2020,6,17,3,3,2,6,0,0,1,0,0,0,0,698830.6795,5333047.9699,11.671737292,48.11961652,0,2,#fc8d62,car
2222,31559,"9,2006090085712E+018",9,1,62,0,2020,6,18,3,3,2,6,0,0,1,0,0,1,0,687581.3498,5331558.7149,11.520078402,48.109644147,0,2,#fc8d62,car
2223,31561,"9,2006150012152E+018",9,1,81,124,2020,6,15,2,3,5,3,0,0,1,0,0,0,0,646020.0328,5317702.8617,10.957376847,47.995940895,1,2,#fc8d62,car
2224,31564,"9,20061600210924E+018",9,2,74,126,2020,6,20,3,3,5,2,0,0,1,0,0,0,0,733399.2328,5382639.1321,12.163034074,48.553367864,0,2,#fc8d62,car
2225,31570,"9,20060900712122E+018",9,7,71,130,2020,6,19,3,2,0,1,0,1,0,0,0,0,0,647131.9965,5357318.6229,10.985986729,48.3518927,0,1,#66c2a5,bicycle
2226,31571,"9,20060900711325E+018",9,7,72,202,2020,6,10,3,3,2,6,0,0,1,0,0,0,1,636727.1194,5359075.5919,10.846191428,48.370029742,1,2,#fc8d62,car