fid,OBJECTID,UIDENTSTLA,ULAND,UREGBEZ,UKREIS,UGEMEINDE,UJAHR,UMONAT,USTUNDE,UWOCHENTAG,UKATEGORIE,UART,UTYP1,ULICHTVERH,IstRad,IstPKW,IstFuss,IstKrad,IstGkfz,IstSonstig,LINREFX,LINREFY,XGCSWGS84,YGCSWGS84,STRZUSTAND,Teilnehmer,color,symbol
2227,31588,"9,2006150011132E+018",9,1,75,132,2020,6,13,2,3,2,6,0,0,1,0,0,0,1,707299.2951,5336466.8559,11.787058933,48.147639295,1,2,#fc8d62,car
2228,31613,"9,20061600111123E+018",9,1,78,130,2020,6,18,3,2,2,3,0,1,1,0,0,0,0,704887.9891,5357141.2972,11.76467982,48.334208452,0,1,#66c2a5,bicycle
2229,31615,"9,2006140012012E+018",9,1,74,131,2020,6,15,1,3,8,1,0,0,1,0,0,0,0,674561.3121,5361030.6255,11.357467639,48.378275011,1,2,#fc8d62,car
2230,31619,"9,20061300712124E+018",9,7,71,130,2020,6,15,7,3,0,1,0,1,0,0,0,0,0,649498.8943,5354792.3618,11.017018037,48.328623059,0,1,#66c2a5,bicycle
2231,31639,"9,2006090014732E+018",9,1,84,146,2020,6,13,3,3,2,6,0,0,1,0,0,0,0,694832.9837,5329438.6407,11.616430029,48.088412982,0,2,#fc8d62,car
2232,31641,"9,20061500858223E+018",9,1,62,0,2020,6,12,2,3,5,3,0,1,1,0,0,0,0,693949.0268,5331670.0964,11.605585948,48.108738247,1,1,#66c2a5,bicycle
2233,31642,"9,2006090014732E+018",9,1,82,127,2020,6,13,3,3,3,6,0,0,1,0,0,1,0,702409.1594,5311816.6991,11.709740378,47.927682839,1,2,#fc8d62,car
2234,31643,"9,20060900141524E+018",9,1,87,182,2020,6,10,3,2,2,6,0,0,1,0,0,0,1,736408.4312,5328023.8803,12.173158407,48.061645319,1,2,#fc8d62,car
2235,31644,"9,20061300853222E+018",9,1,84,122,2020,6,14,7,3,9,2,0,1,1,0,0,0,0,688426.6096,5324388.5621,11.528261148,48.044947288,0,1,#66c2a5,bicycle
2236,31645,"9,2006090014132E+018",9,1,87,142,2020,6,15,3,2,5,3,0,0,1,0,0,0,0,733659.4223,5311449.2929,12.127300447,47.913755869,0,2,#fc8d62,car
2237,31649,"9,20060900141319E+018",9,1,87,177,2020,6,23,3,3,4,1,2,0,1,0,0,0,0,735233.0437,5305208.4597,12.144929947,47.857114414,1,2,#fc8d62,car
2238,31654,"9,2006090012052E+018",9,1,79,121,2020,6,12,3,3,0,1,0,0,0,0,1,0,0,667192.5942,5339542.7685,11.249531926,48.187099625,1,4,#e78ac3,marker
2239,31656,"9,20060900120319E+018",9,1,81,114,2020,6,16,3,2,9,1,0,0,1,0,0,0,0,650037.1946,5315925726,11.010571453,47.979031536,1,2,#fc8d62,car
2240,31658,"9,20060900120119E+018",9,1,74,131,2020,6,14,3,3,8,1,0,0,1,0,0,0,0,677582469,5366099041,11.400375505,48.422990284,1,2,#fc8d62,car
2241,31660,"9,2006150071192E+018",9,7,72,125,2020,6,7,2,3,8,1,0,0,1,0,0,0,0,626621.2,5345542342,10.705737432,48.25043788,1,2,#fc8d62,car
2242,31661,"9,20060900117019E+018",9,1,62,0,2020,6,11,3,3,8,1,0,0,1,0,0,0,0,692815453,5339115.97,11.593744749,48.176003999,1,2,#fc8d62,car
2243,31662,"9,20060900117019E+018",9,1,62,0,2020,6,10,3,3,9,1,0,0,1,0,0,0,0,694502.2886,5341469.7208,11.617489188,48.196644307,1,2,#fc8d62,car
2244,31663,"9,20060900110919E+018",9,1,78,144,2020,6,17,3,2,8,1,0,0,1,0,0,0,0,707040.6764,5378984332,11.80448037,48.529783244,1,2,#fc8d62,car
2245,31666,"9,20060900110722E+018",9,1,78,133,2020,6,8,3,3,5,3,0,0,1,0,0,0,1,687963.7803,5363813.1383,11.539535873,48.399433824,1,2,#fc8d62,car
2246,31667,"9,20060800858229E+018",9,1,62,0,2020,6,13,2,3,4,2,0,0,1,0,0,0,0,687774.3962,5327553.0141,11.520907808,48.073582754,0,2,#fc8d62,car
2247,31668,"9,20061500852222E+018",9,1,62,0,2020,6,18,2,3,0,1,0,1,0,0,0,0,0,693903218,5336919734,11.607360297,48.155934156,1,1,#66c2a5,bicycle
2248,31681,"9,2006080071732E+018",9,7,71,122,2020,6,23,2,3,3,1,2,0,1,0,0,1,0,651433288,5362377986,11.045829916,48.396364026,0,2,#fc8d62,car
2249,31683,"9,2006080071272E+018",9,7,72,131,2020,6,17,2,3,7,7,0,1,0,0,0,0,1,616765.5524,5356674.8485,10.576104289,48.352448538,0,1,#66c2a5,bicycle
2250,31686,"9,2006120071732E+018",9,7,61,0,2020,6,16,6,1,2,6,0,0,1,0,1,0,0,639244.6646,5350846.7422,10.877447113,48.295486977,0,2,#fc8d62,car
2251,31691,"9,2006120071272E+018",9,7,72,115,2020,6,16,6,3,9,7,0,1,0,0,0,0,0,617470806,5368823.8226,10.58902087,48.461574562,0,1,#66c2a5,bicycle
2252,31697,"9,2006140085822E+018",9,1,62,0,2020,6,10,1,3,5,3,0,0,1,0,0,0,0,693507238,5331529221,11.599593231,48.107606454,1,2,#fc8d62,car
2253,31701,"9,2006150012092E+018",9,1,88,121,2020,6,6,2,3,0,1,0,0,1,0,0,0,0,669837.4024,5331529.1062,11.281890238,48.114356802,1,2,#fc8d62,car
2254,31708,"9,2006120071252E+018",9,7,72,160,2020,6,21,6,3,0,1,2,1,0,0,0,0,0,636162.1492,5341980.1204,10.833054492,48.216427659,0,1,#66c2a5,bicycle
2255,31723,"9,20061600110722E+018",9,1,78,138,2020,6,16,3,3,2,6,0,0,1,0,0,0,0,710589.7781,5368442.2485,11.847182856,48.433878994,0,2,#fc8d62,car
2256,31724,"9,20060800210923E+018",9,2,61,0,2020,6,14,2,3,5,3,0,0,1,0,0,0,0,731846.7141,5379830.1456,12.140464505,48.528711048,0,2,#fc8d62,car
2257,31725,"9,2006130085822E+018",9,1,62,0,2020,6,19,7,3,3,6,0,0,1,0,0,0,1,680185.7729,5334990.5807,11.422266709,48.142628085,0,2,#fc8d62,car
2258,31727,"9,2006120071232E+018",9,7,72,177,2020,6,20,6,3,2,6,0,0,1,0,0,0,0,635578571,5375926107,10.83614662,48.521795234,0,2,#fc8d62,car
2259,31731,"9,2006120071232E+018",9,7,72,145,2020,6,15,6,3,5,3,0,1,1,0,0,0,0,635503.5815,5368757.5778,10.832806465,48.457353421,0,1,#66c2a5,bicycle
2260,31741,"9,20062100710724E+018",9,7,61,0,2020,6,16,1,3,0,7,0,1,0,0,0,0,0,640834979,5365178.2641,10.90367431,48.423999231,0,1,#66c2a5,bicycle
2261,31761,"9,20062300117021E+018",9,1,84,119,2020,6,8,3,3,3,6,0,0,1,0,0,1,0,696464.0304,5348561343,11.647147111,48.25977447,0,2,#fc8d62,car
2262,31767,"9,20062300120521E+018",9,1,79,138,2020,6,14,3,2,8,1,0,0,0,0,1,0,0,651772891,5336278739,11.041042007,48.161623867,0,4,#e78ac3,marker
2263,31770,"9,20062400152322E+018",9,1,83,119,2020,6,20,4,3,2,1,0,0,1,0,0,0,0,735351303,5339532.8901,12.165341637,48.16542486,0,2,#fc8d62,car
2264,31791,"9,20062200711321E+018",9,7,61,0,2020,6,13,2,3,2,6,0,0,1,0,0,0,0,637323264,5359480571,10.854368904,48.373541837,0,2,#fc8d62,car
2265,31793,"9,20062400712119E+018",9,7,71,130,2020,6,20,4,3,5,7,0,1,0,0,1,0,0,647992.8398,5357944.5655,10.997819162,48.357319507,0,1,#66c2a5,bicycle
2266,31795,"9,2006210021093E+018",9,2,61,0,2020,6,15,1,3,3,2,0,1,1,0,0,0,0,731340.0646,5382078.0269,12.134860202,48.549090361,0,1,#66c2a5,bicycle
2267,31796,"9,20062100210924E+018",9,2,74,146,2020,6,15,1,2,5,3,0,0,1,0,1,0,0,735931.2581,5379028.6999,12.195249246,48.519990551,0,2,#fc8d62,car
2268,31800,"9,20062300710119E+018",9,7,71,141,2020,6,18,3,3,5,3,0,1,0,0,0,0,1,655766.1476,5377796.7365,11.110066177,48.533928805,0,1,#66c2a5,bicycle
2269,31808,"9,20062100141523E+018",9,1,87,170,2020,6,16,1,2,2,6,0,1,1,0,0,0,0,731445.5337,5317943.5536,12.101206052,47.972903593,0,1,#66c2a5,bicycle
2270,31812,"9,20062100131521E+018",9,1,85,113,2020,6,11,1,2,2,6,0,1,1,0,1,0,0,672235.7299,5378576.3707,11.333307955,48.536633173,0,1,#66c2a5,bicycle
2271,31814,"9,20062400121924E+018",9,1,88,113,2020,6,17,4,2,5,3,0,1,1,0,0,0,0,679946.6821,5314832716,11.410578742,47.961494593,0,1,#66c2a5,bicycle
2272,31816,"9,20062100121321E+018",9,1,88,124,2020,6,13,1,3,0,1,0,1,0,0,0,0,0,663362.6558,5318847.5566,11.190121353,48.002037252,0,1,#66c2a5,bicycle
2273,31821,"9,20062100117021E+018",9,1,62,0,2020,6,0,1,3,8,7,2,0,1,0,0,0,0,694757.0262,5344530004,11.622318383,48.224070309,0,2,#fc8d62,car
2274,31822,"9,20062100111336E+018",9,1,75,111,2020,6,16,1,3,5,3,0,0,1,0,0,0,0,712222.4419,5337066.3082,11.853463429,48.151402613,0,2,#fc8d62,car
2275,31823,"9,2006210011092E+018",9,1,78,142,2020,6,10,1,3,3,6,0,1,0,0,0,0,1,715955.2511,5377640.7529,11.924377115,48.51470836,0,1,#66c2a5,bicycle
2276,31825,"9,20062100110529E+018",9,1,77,130,2020,6,19,1,2,0,1,0,0,0,0,1,0,0,707391457,5350903178,11.795353924,48.277336364,0,4,#e78ac3,marker
2277,31826,"9,20062000854521E+018",9,1,62,0,2020,6,11,7,3,2,6,0,0,1,0,0,0,1,680062.4932,5334961.4507,11.420598656,48.14240114,0,2,#fc8d62,car
2278,31833,"9,20062400210925E+018",9,2,74,124,2020,6,7,4,3,2,6,0,0,1,0,0,0,0,725674.4969,5374664.7614,12.054192472,48.484556519,0,2,#fc8d62,car
2279,31836,"9,20062400110318E+018",9,1,75,122,2020,6,13,4,2,2,6,0,0,0,0,1,0,0,721323.8258,5327472064,11.970693574,48.062097913,0,4,#e78ac3,marker
2280,31838,"9,20062000712521E+018",9,7,72,200,2020,6,20,7,3,9,1,0,0,1,0,0,0,0,624962.4081,5342848.3781,10.682606773,48.226540516,0,2,#fc8d62,car
2281,31843,"9,20062000710123E+018",9,7,71,169,2020,6,9,7,3,5,3,0,1,1,0,0,0,0,641593677,5375316888,10.917356156,48.514989726,0,1,#66c2a5,bicycle
2282,31847,"9,20062300121921E+018",9,1,88,139,2020,6,10,3,3,2,6,0,0,1,0,0,0,0,675286.3189,5319136.3584,11.349959402,48.001475702,0,2,#fc8d62,car
2283,31863,"9,20062300852324E+018",9,1,62,0,2020,6,18,3,3,5,2,0,1,1,0,0,0,0,694092.0939,5331699.3673,11.60751922,48.108957749,0,1,#66c2a5,bicycle
2284,31873,"9,20062300117522E+018",9,1,75,135,2020,6,15,3,2,1,7,0,0,1,0,0,1,0,709872.2153,5337496.8021,11.822115436,48.156050827,0,2,#fc8d62,car
2285,31880,"9,20062300712721E+018",9,7,72,148,2020,6,9,3,1,4,2,0,0,1,0,1,0,0,626532.2884,5353938.8831,10.707055543,48.325963565,0,2,#fc8d62,car
2286,31897,"9,20062000121921E+018",9,1,88,139,2020,6,9,7,3,5,3,0,0,1,0,1,0,0,674102685,5318115776,11.333690804,47.992624368,0,2,#fc8d62,car
2287,31898,"9,20062200858225E+018",9,1,62,0,2020,6,17,2,3,2,6,0,0,1,0,0,0,0,690214.8294,5331936.8118,11.555590484,48.112261539,0,2,#fc8d62,car
2288,31899,"9,2006200012152E+018",9,1,81,130,2020,6,12,7,3,2,6,0,0,1,0,0,0,0,641911.3904,5324201281,10.904485263,48.05530089,1,2,#fc8d62,car
2289,31900,"9,20062000120529E+018",9,1,79,121,2020,6,14,7,3,0,1,0,0,0,0,1,0,0,665465.6175,5339741.1559,11.2263915,48.189335354,1,4,#e78ac3,marker
2290,31901,"9,2006200011702E+018",9,1,77,116,2020,6,20,7,3,8,7,0,0,1,0,0,0,0,710721.0038,5364090.4384,11.846769212,48.394732306,0,2,#fc8d62,car
2291,31903,"9,2006200011702E+018",9,1,78,120,2020,6,19,7,3,2,7,0,0,1,0,0,0,0,695952.4083,5350768.5105,11.641283879,48.279769138,0,2,#fc8d62,car
2292,31904,"9,20062000110721E+018",9,1,78,138,2020,6,12,7,3,7,1,0,1,0,0,0,0,0,713190.8492,5367121.7734,11.88163203,48.421139344,0,1,#66c2a5,bicycle
2293,31908,"9,20061900858223E+018",9,1,62,0,2020,6,16,6,2,5,3,0,1,1,0,0,0,0,686891.2597,5335146.4052,11.51238977,48.14209436,1,1,#66c2a5,bicycle
2294,31909,"9,20061900858222E+018",9,1,62,0,2020,6,9,6,3,5,2,0,1,1,0,0,0,0,687375.4751,5335081.2407,11.518863915,48.141366228,1,1,#66c2a5,bicycle
2295,31910,"9,20061900858221E+018",9,1,84,136,2020,6,11,6,3,1,6,0,0,1,0,0,0,1,698250.0224,5326942.7162,11.661109055,48.064927719,1,2,#fc8d62,car
2296,31912,"9,20062300167023E+018",9,1,62,0,2020,6,17,3,3,2,6,0,0,1,0,0,0,0,687200.6956,5331481.7495,11.514935808,48.109064342,0,2,#fc8d62,car
2297,31913,"9,20061900857122E+018",9,1,62,0,2020,6,22,6,3,5,3,2,0,1,0,0,0,0,698309.8857,5333228.4237,11.664831051,48.121400709,0,2,#fc8d62,car
2298,31919,"9,20062400121724E+018",9,1,79,126,2020,6,21,4,2,5,4,2,0,1,1,0,0,0,676259.9566,5340173.4667,11.371686931,48.19031791,0,2,#fc8d62,car
2299,31920,"9,20061900750124E+018",9,7,78,116,2020,6,9,6,3,5,3,0,0,1,0,0,0,0,622189341,5318003212,10.638163898,48.003640574,1,2,#fc8d62,car
2300,31926,"9,20061900740723E+018",9,7,77,158,2020,6,9,6,3,9,1,0,0,1,0,0,0,0,619267.9018,5307968852,10.596229776,47.913945825,1,2,#fc8d62,car
2301,31927,"9,20061900740721E+018",9,7,77,130,2020,6,0,6,2,9,1,2,0,1,0,0,0,0,624274894,5307879266,10.663186734,47.912189297,1,2,#fc8d62,car
2302,31931,"9,20062400710421E+018",9,7,61,0,2020,6,16,4,3,0,1,0,1,0,0,0,0,0,640625.0199,5360284.3071,10.899198451,48.380041622,0,1,#66c2a5,bicycle
2303,31933,"9,20061900717322E+018",9,7,72,147,2020,6,15,6,3,2,6,0,0,1,0,0,0,0,634786.1382,5364433.0207,10.821716218,48.418621354,0,2,#fc8d62,car
2304,31934,"9,20061900717023E+018",9,7,61,0,2020,6,14,6,3,2,6,0,0,1,0,0,0,0,640188.8381,5364036.7628,10.894563803,48.41387943,0,2,#fc8d62,car
2305,31936,"9,20061900717023E+018",9,7,61,0,2020,6,15,6,3,0,1,0,0,0,0,1,0,0,640783.5223,5354454617,10.899387893,48.327587587,1,4,#e78ac3,marker
2306,31937,"9,20061900711346E+018",9,7,72,202,2020,6,15,6,3,5,3,0,1,1,0,0,0,0,636601942,5358297312,10.844249327,48.363058599,0,1,#66c2a5,bicycle
2307,31939,"9,20062200858222E+018",9,1,62,0,2020,6,18,2,3,2,2,0,1,1,0,1,0,0,688961.9839,5329407.6197,11.537655518,48.089901614,0,1,#66c2a5,bicycle
2308,31940,"9,2006190071073E+018",9,7,61,0,2020,6,9,6,3,5,3,0,0,1,0,0,0,0,643084512,5359601.2704,10.93216293,48.373347125,0,2,#fc8d62,car
2309,31942,"9,20062300858221E+018",9,1,84,134,2020,6,12,3,3,2,6,0,0,1,0,0,0,0,692998.0757,5323434.2062,11.589105677,48.035004015,0,2,#fc8d62,car
2310,31953,"9,20062200858221E+018",9,1,84,140,2020,6,5,2,3,0,7,0,0,0,0,1,0,0,701712363,5328526588,11.708278045,48.07807673,0,4,#e78ac3,marker
2311,31954,"9,20062300120524E+018",9,1,79,121,2020,6,17,3,2,5,3,0,0,1,0,1,0,0,668155798,5338464.2091,11.262054262,48.177149255,0,2,#fc8d62,car
2312,31962,"9,20062200858221E+018",9,1,62,0,2020,6,17,2,2,2,6,0,0,1,0,0,0,0,688346.4676,5334068614,11.531455906,48.131977868,0,2,#fc8d62,car
2313,31982,"9,2006220085712E+018",9,1,62,0,2020,6,6,2,2,0,1,0,0,1,0,1,0,0,692565.3921,5331171.9638,11.586792559,48.10468089,0,2,#fc8d62,car
2314,31983,"9,20062300117023E+018",9,1,62,0,2020,6,8,3,3,2,6,0,0,1,0,0,0,0,694763.4388,5342480597,11.621463592,48.205649463,0,2,#fc8d62,car
2315,31990,"9,20062300712129E+018",9,7,71,130,2020,6,14,3,3,5,2,0,0,0,0,1,0,1,651603459,5359314.6452,11.047022247,48.368781147,0,4,#e78ac3,marker
2316,31996,"9,20062200210923E+018",9,2,61,0,2020,6,6,2,3,5,2,0,1,1,0,0,0,0,732650183,5381784399,12.152421544,48.545968325,0,1,#66c2a5,bicycle
2317,32003,"9,2006190021152E+018",9,2,74,118,2020,6,16,6,3,9,7,0,0,1,0,0,0,0,734813.9629,5367887.1083,12.173888046,48.420328812,1,2,#fc8d62,car
2318,32007,"9,20062200854721E+018",9,1,62,0,2020,6,11,2,3,5,3,0,1,1,0,0,0,0,692042.4907,5341273.2603,11.584333093,48.195627204,0,1,#66c2a5,bicycle
2319,32008,"9,20062200858222E+018",9,1,62,0,2020,6,9,2,3,5,3,0,1,1,0,0,0,0,696035695,5333806.8286,11.634570837,48.127303353,0,1,#66c2a5,bicycle
2320,32011,"9,2006190014132E+018",9,1,87,142,2020,6,7,6,3,9,1,0,0,1,0,0,0,0,732042.7929,5311701.2105,12.105832032,47.916605987,1,2,#fc8d62,car
2321,32014,"9,20061900140723E+018",9,1,82,120,2020,6,13,6,3,0,1,0,0,0,0,1,0,0,703161175,5306718694,11.717395357,47.881628175,1,4,#e78ac3,marker
2322,32026,"9,2006240021093E+018",9,2,74,121,2020,6,21,4,3,5,3,2,0,1,0,0,0,0,725121.7967,5368531.4621,12.043425161,48.429654626,1,2,#fc8d62,car
2323,32027,"9,20061900127021E+018",9,1,62,0,2020,6,17,6,3,2,6,0,0,1,0,0,0,0,686785712,5333252.2021,11.510141818,48.125099633,0,2,#fc8d62,car
2324,32030,"9,2006190012502E+018",9,1,79,142,2020,6,11,6,3,2,6,0,0,1,0,0,0,0,672711.4895,5341543.9588,11.324538843,48.203612729,1,2,#fc8d62,car
2325,32031,"9,20061900121921E+018",9,1,88,139,2020,6,18,6,3,5,3,0,1,1,0,0,0,0,668084.4675,5317169.7945,11.252717388,47.985729833,1,1,#66c2a5,bicycle
2326,32033,"9,20061900121921E+018",9,1,88,118,2020,6,19,6,3,9,1,0,0,1,0,0,0,0,670466.3453,5311122.3615,11.282217077,47.930732523,1,2,#fc8d62,car
2327,32034,"9,20061900120921E+018",9,1,79,123,2020,6,6,6,3,4,2,0,0,1,0,0,0,0,677445.5732,5331957.5262,11.384200064,48.11613358,0,2,#fc8d62,car
2328,32035,"9,2006190012012E+018",9,1,74,136,2020,6,8,6,3,2,1,0,1,1,0,0,0,0,683947.6098,5362233.74,11.484636301,48.38642246,1,1,#66c2a5,bicycle
2329,32036,"9,20061900110122E+018",9,1,77,127,2020,6,11,6,3,0,7,0,0,0,0,0,0,1,726525.8037,5349439.5312,12.052110859,48.257632761,1,6,#ffd92f,circle
2330,32038,"9,2006180085282E+018",9,1,84,136,2020,6,9,5,2,5,3,0,1,1,0,0,0,0,697835.0216,5327663.7514,11.655878335,48.071536778,0,1,#66c2a5,bicycle
2331,32046,"9,2006180071732E+018",9,7,61,0,2020,6,19,5,3,2,6,0,0,1,0,0,1,0,638369271,5362287.4668,10.869410468,48.39855236,0,2,#fc8d62,car
2332,32047,"9,20062200852722E+018",9,1,84,147,2020,6,7,2,3,2,6,0,0,1,0,0,0,0,700015.6447,5340682.6885,11.691230006,48.187858807,0,2,#fc8d62,car
2333,32049,"9,2006180071503E+018",9,7,61,0,2020,6,17,5,3,2,5,0,0,1,0,0,0,0,641483.2589,5358380802,10.910142158,48.362734194,0,2,#fc8d62,car
2334,32051,"9,20062400161922E+018",9,1,73,137,2020,6,19,4,3,5,3,0,0,1,0,0,0,0,677159.8519,5308191.5467,11.370547899,47.902570506,0,2,#fc8d62,car
2335,32055,"9,20062300854521E+018",9,1,62,0,2020,6,12,3,2,1,7,0,0,1,0,0,0,0,684753.8347,5335396.6209,11.48379298,48.144967689,0,2,#fc8d62,car
2336,32059,"9,20062400117525E+018",9,1,84,129,2020,6,10,4,3,3,6,0,0,1,0,0,0,0,700199.8929,5325036462,11.686360508,48.047186958,0,2,#fc8d62,car
2337,32070,"9,20062300121921E+018",9,1,88,139,2020,6,12,3,3,0,1,0,1,0,0,0,0,0,678926.7163,5319863.4354,11.399023417,48.007003208,0,1,#66c2a5,bicycle
2338,32073,"9,20062400160921E+018",9,1,73,118,2020,6,14,4,3,1,6,0,0,1,0,0,0,0,688105.7522,5303411.1806,11.514789773,47.856485531,0,2,#fc8d62,car
2339,32074,"9,20062200147323E+018",9,1,82,120,2020,6,16,2,3,8,1,0,0,1,0,0,0,0,703279.1464,5309040.1234,11.720064605,47.902454011,0,2,#fc8d62,car
2340,32090,"9,20062300110519E+018",9,1,77,143,2020,6,16,3,3,0,7,0,1,0,0,0,0,0,720974.0553,5365506.8835,11.985838714,48.403949513,0,1,#66c2a5,bicycle
2341,32093,"9,20062200140122E+018",9,1,87,117,2020,6,16,2,3,1,6,0,0,1,0,1,0,0,723700.8131,5307034.7152,11.991918634,47.877641283,0,2,#fc8d62,car
2342,32100,"9,20062300120121E+018",9,1,74,143,2020,6,15,3,2,3,6,0,1,0,0,0,0,1,673238536,5349970931,11.335073345,48.279222032,0,1,#66c2a5,bicycle
2343,32107,"9,20062300717322E+018",9,7,61,0,2020,6,16,3,3,2,6,0,0,1,0,0,0,1,639849.7198,5354453.9613,10.886796357,48.327788993,0,2,#fc8d62,car
2344,32111,"9,2006220012152E+018",9,1,81,130,2020,6,7,2,3,5,3,0,0,1,0,0,0,0,638989.1443,5325213.8593,10.865618851,48.065049532,0,2,#fc8d62,car
2345,32119,"9,2006180014013E+018",9,1,87,122,2020,6,16,5,3,0,6,0,0,0,0,1,0,1,720989.4023,5305174.3905,11.954753534,47.861864249,0,4,#e78ac3,marker
2346,32121,"9,20061800140125E+018",9,1,63,0,2020,6,16,5,3,2,6,0,0,1,0,0,0,0,733372.3832,5303176.5918,12.118996536,47.839538286,0,2,#fc8d62,car
2347,32123,"9,20062200120921E+018",9,1,79,123,2020,6,13,2,3,1,6,0,0,1,0,0,0,0,676385.0381,5333674715,11.370673753,48.131864513,1,2,#fc8d62,car
2348,32125,"9,2006180013152E+018",9,1,85,113,2020,6,9,5,2,4,2,0,0,1,0,1,0,0,672278.2802,5378520.5622,11.333860822,48.536119838,0,2,#fc8d62,car
2349,32129,"9,2006220012012E+018",9,1,74,143,2020,6,7,2,3,2,6,0,0,1,0,0,0,0,674332426,5352946.26,11.351033131,48.305667477,0,2,#fc8d62,car
2350,32134,"9,2006180012192E+018",9,1,88,139,2020,6,20,5,3,5,3,0,0,1,0,0,0,0,667201323,5316730.2007,11.24071949,47.982009188,0,2,#fc8d62,car
2351,32135,"9,20062200117521E+018",9,1,62,0,2020,6,22,2,3,2,6,2,0,1,0,0,0,0,697405.9523,5335187.7852,11.653605495,48.139291018,0,2,#fc8d62,car
2352,32137,"9,20061800121522E+018",9,1,81,127,2020,6,15,5,3,0,6,0,0,1,0,1,0,0,636798.6815,5327695.8282,10.837027156,48.087842014,0,2,#fc8d62,car
2353,32138,"9,2006180012152E+018",9,1,81,121,2020,6,23,5,3,4,1,2,0,1,0,0,0,0,638835.9377,5314063.0118,10.859952579,47.964809926,1,2,#fc8d62,car
2354,32140,"9,2006180012152E+018",9,1,81,146,2020,6,12,5,2,5,3,0,0,1,0,0,0,0,651671.57,5326548862,11.036219012,48.07416377,0,2,#fc8d62,car
2355,32142,"9,20061800121321E+018",9,1,88,124,2020,6,14,5,3,5,3,0,1,1,0,0,0,0,660776.1044,5315824.5226,11.154338385,47.975513364,1,1,#66c2a5,bicycle
2356,32143,"9,2006180012072E+018",9,1,88,120,2020,6,14,5,3,2,6,0,0,1,0,0,0,0,672125933,5327165.9486,11.31085342,48.074518859,0,2,#fc8d62,car
2357,32144,"9,20062400121724E+018",9,1,79,142,2020,6,15,4,3,2,6,0,0,1,0,1,0,0,673429.6068,5343964.8382,11.335185619,48.225179148,0,2,#fc8d62,car
2358,32145,"9,2006180012053E+018",9,1,79,136,2020,6,18,5,3,2,6,0,0,1,0,0,0,0,662088.2455,5341269.5507,11.181565983,48.203947034,0,2,#fc8d62,car
2359,32146,"9,2006180012032E+018",9,1,81,139,2020,6,19,5,3,0,1,0,0,0,0,1,0,0,655605.6391,5324800658,11.088362482,48.057497688,0,4,#e78ac3,marker
2360,32147,"9,20062200110323E+018",9,1,75,115,2020,6,19,2,3,5,3,0,1,1,0,0,0,0,721348837,5328944834,11.971791224,48.075322026,0,1,#66c2a5,bicycle
2361,32151,"9,20061800120121E+018",9,1,74,115,2020,6,22,5,3,5,2,2,1,1,0,0,0,0,683360976,5348922797,11.470930451,48.266950792,0,1,#66c2a5,bicycle
2362,32152,"9,2006180011702E+018",9,1,62,0,2020,6,14,5,2,2,6,0,0,0,0,0,1,1,685838.5349,5343157.1951,11.501754865,48.214406359,0,5,#a6d854,bus
2363,32153,"9,2006180011092E+018",9,1,78,125,2020,6,20,5,3,2,6,0,0,1,0,0,0,0,717006.1914,5379525.3709,11.939569567,48.531278519,0,2,#fc8d62,car
2364,32157,"9,20062400711921E+018",9,7,72,163,2020,6,16,4,3,2,6,0,0,1,0,0,0,0,641319.4012,5346129.8587,10.90382815,48.252613847,0,2,#fc8d62,car
2365,32158,"9,20061800110319E+018",9,1,75,124,2020,6,12,5,3,5,3,0,0,1,0,0,0,0,715153.0129,5328621.8189,11.888555717,48.074539792,0,2,#fc8d62,car
2366,32159,"9,20061700858222E+018",9,1,62,0,2020,6,10,4,3,2,6,0,0,1,0,0,0,0,688336.2024,5342375.9078,11.534997643,48.206647839,0,2,#fc8d62,car
2367,32160,"9,20061700857121E+018",9,1,62,0,2020,6,8,4,3,0,7,0,1,0,1,0,1,0,681896.8729,5335402.9216,11.445423832,48.145847618,1,1,#66c2a5,bicycle
2368,32161,"9,20062300141321E+018",9,1,87,177,2020,6,19,3,3,0,7,0,1,0,0,0,0,0,734964.7008,5305024.9595,12.141248261,47.85556403,0,1,#66c2a5,bicycle
2369,32162,"9,20061700854721E+018",9,1,62,0,2020,6,17,4,3,0,6,0,1,0,0,0,0,0,692045296,5340809.8583,11.584161232,48.191461428,0,1,#66c2a5,bicycle
2370,32167,"9,20062300858224E+018",9,1,62,0,2020,6,11,3,3,5,3,0,0,1,0,0,0,0,697030.6045,5330412.2519,11.646358886,48.096487789,0,2,#fc8d62,car
2371,32170,"9,20062200110123E+018",9,1,77,115,2020,6,8,2,3,2,6,0,0,1,0,0,0,0,731936.0271,5353072.9683,12.126887355,48.288316468,0,2,#fc8d62,car
2372,32174,"9,2006170071732E+018",9,7,71,130,2020,6,18,4,3,0,1,1,0,1,0,0,0,0,648692.4719,5362704.76,11.008941718,48.399954332,1,2,#fc8d62,car
2373,32178,"9,20062300121521E+018",9,1,81,141,2020,6,16,3,3,4,2,0,0,1,0,1,0,0,643938234,5319891119,10.930221451,48.016089868,0,2,#fc8d62,car
2374,32204,"9,20062300117521E+018",9,1,84,112,2020,6,10,3,3,2,6,0,0,1,0,0,0,0,702336.9745,5340230.5668,11.722212022,48.183060596,0,2,#fc8d62,car