fid,OBJECTID,UIDENTSTLA,ULAND,UREGBEZ,UKREIS,UGEMEINDE,UJAHR,UMONAT,USTUNDE,UWOCHENTAG,UKATEGORIE,UART,UTYP1,ULICHTVERH,IstRad,IstPKW,IstFuss,IstKrad,IstGkfz,IstSonstig,LINREFX,LINREFY,XGCSWGS84,YGCSWGS84,STRZUSTAND,Teilnehmer,color,symbol
2375,32211,"9,20062300712321E+018",9,7,72,171,2020,6,17,3,3,4,2,0,0,1,0,0,0,0,637834.0294,5372100.1212,10.865412347,48.486902291,0,2,#fc8d62,car
2376,32215,"9,20062100750123E+018",9,7,78,203,2020,6,16,1,3,0,1,0,1,0,0,0,0,0,622026972,5322357575,10.63722792,48.042832448,0,1,#66c2a5,bicycle
2377,32228,"9,20062200858223E+018",9,1,84,135,2020,6,10,2,3,5,2,0,0,1,0,0,1,0,692568.7118,5349021.2994,11.594927608,48.265104135,0,2,#fc8d62,car
2378,32239,"9,20061700210919E+018",9,2,61,0,2020,6,5,4,2,5,3,0,1,1,0,0,0,0,732226.8767,5382603591,12.147151482,48.55348373,0,1,#66c2a5,bicycle
2379,32240,"9,20061700210919E+018",9,2,74,126,2020,6,13,4,2,3,6,0,1,1,0,0,0,0,733391.3973,5383785.3991,12.163570664,48.563667219,0,1,#66c2a5,bicycle
2380,32249,"9,20062400120722E+018",9,1,88,120,2020,6,18,4,3,5,2,0,1,1,0,0,0,0,677325.9975,5326447.5686,11.380306654,48.066636432,0,1,#66c2a5,bicycle
2381,32252,"9,20061700127021E+018",9,1,81,127,2020,6,23,4,2,9,1,2,0,1,0,0,0,0,635239867,5323012532,10.814623779,48.046059857,1,2,#fc8d62,car
2382,32253,"9,2006170012032E+018",9,1,81,144,2020,6,12,4,3,5,3,0,0,1,0,0,0,0,655514.1423,5321582.3734,11.085966261,48.028583928,0,2,#fc8d62,car
2383,32258,"9,2006210074072E+018",9,7,77,114,2020,6,15,1,3,4,2,0,0,1,0,0,0,0,615328.2477,5311118.5021,10.544366622,47.942994557,0,2,#fc8d62,car
2384,32265,"9,20062200750123E+018",9,7,78,204,2020,6,14,2,3,5,3,0,0,1,0,0,0,0,616054.4285,5328953.2221,10.558917314,48.103265787,0,2,#fc8d62,car
2385,32267,"9,20061600740142E+018",9,7,77,121,2020,6,17,3,3,5,2,0,1,1,0,0,0,0,627985902,5321418.4329,10.716861454,48.033219774,0,1,#66c2a5,bicycle
2386,32268,"9,2006160071732E+018",9,7,61,0,2020,6,18,3,3,2,6,0,0,1,0,0,0,0,639741.1478,5364068576,10.888527573,48.41426492,0,2,#fc8d62,car
2387,32269,"9,20062400161923E+018",9,1,73,137,2020,6,17,4,3,2,6,0,1,1,0,0,0,0,675947.4369,5308277.3869,11.354373995,47.903675836,0,1,#66c2a5,bicycle
2388,32271,"9,20061600712721E+018",9,7,72,216,2020,6,7,3,3,2,6,1,0,1,0,0,0,1,624669.5848,5365985315,10.685510574,48.434663647,1,2,#fc8d62,car
2389,32272,"9,20061600711322E+018",9,7,72,148,2020,6,19,3,3,6,4,0,1,0,1,0,0,0,628526.6192,5355408.5738,10.734396765,48.33877744,0,1,#66c2a5,bicycle
2390,32273,"9,20062300857122E+018",9,1,84,138,2020,6,16,3,2,3,3,0,1,1,0,0,0,0,680851.8389,5330565088,11.42933485,48.102658826,0,1,#66c2a5,bicycle
2391,32276,"9,2006210074072E+018",9,7,77,139,2020,6,14,1,3,8,1,0,0,0,0,1,0,0,615754.8309,5306673.4743,10.548882671,47.902938969,0,4,#e78ac3,marker
2392,32296,"9,20062700120321E+018",9,1,81,114,2020,6,17,7,3,3,6,0,1,0,0,0,0,1,653649.1779,5313790.8857,11.058178682,47.958979089,0,1,#66c2a5,bicycle
2393,32300,"9,20062700121923E+018",9,1,88,139,2020,6,14,7,3,0,1,0,1,0,0,0,0,0,674294.3471,5318444.2865,11.336391039,47.995525377,0,1,#66c2a5,bicycle
2394,32303,"9,20062600712322E+018",9,7,72,171,2020,6,9,6,3,5,3,0,1,0,0,0,0,0,636911.6661,5372899.2971,10.853198047,48.494289831,0,1,#66c2a5,bicycle
2395,32309,"9,20062700110719E+018",9,1,78,124,2020,6,13,7,3,2,6,0,0,1,0,0,0,0,703780.6946,5362424.5738,11.752314509,48.382043241,0,2,#fc8d62,car
2396,32319,"9,20062600858224E+018",9,1,84,147,2020,6,15,6,3,0,1,0,0,0,0,0,0,1,696440.1239,5341373.6091,11.643494222,48.19518406,0,6,#ffd92f,circle
2397,32326,"9,20062600210929E+018",9,2,74,124,2020,6,18,6,3,4,1,0,0,1,0,0,0,0,722925.1514,5374723.5282,12.017069264,48.486065268,1,2,#fc8d62,car
2398,32329,"9,20062600210921E+018",9,2,61,0,2020,6,12,6,3,2,6,0,0,1,0,1,0,0,732743.0648,5381605.9628,12.153578428,48.544331041,0,2,#fc8d62,car
2399,32331,"9,20062600857124E+018",9,1,62,0,2020,6,11,6,2,6,7,0,0,0,1,1,0,0,695920.7234,5333839.3548,11.633042351,48.127631076,0,3,#8da0cb,toilet
2400,32338,"9,20062700140122E+018",9,1,87,122,2020,6,17,7,3,4,6,0,0,1,0,0,0,1,718428.3624,5305953.0408,11.920950666,47.869736659,0,2,#fc8d62,car
2401,32341,"9,20062600740723E+018",9,7,62,0,2020,6,12,6,3,4,6,0,0,1,0,1,0,0,618951.6607,5303478.6361,10.590761356,47.873620108,0,2,#fc8d62,car
2402,32352,"9,20062700121723E+018",9,1,79,126,2020,6,14,7,3,0,6,0,0,1,0,0,0,1,676670.1905,5340121.6268,11.377180393,48.18973794,0,2,#fc8d62,car
2403,32353,"9,20062600140122E+018",9,1,87,122,2020,6,18,6,3,2,6,0,0,1,0,0,0,0,720550.8274,5307512.0913,11.950090588,47.883020233,0,2,#fc8d62,car
2404,32360,"9,20062600131323E+018",9,1,86,143,2020,6,13,6,3,4,3,0,0,1,0,0,0,0,687878.2734,5377486.6802,11.544520533,48.522351661,0,2,#fc8d62,car
2405,32361,"9,20062700110521E+018",9,1,77,133,2020,6,15,7,3,5,6,0,0,1,0,0,0,0,710538.7254,5354053354,11.839291196,48.304604365,0,2,#fc8d62,car
2406,32364,"9,20062700117522E+018",9,1,84,131,2020,6,11,7,3,3,6,0,0,1,0,1,0,0,703860.7208,5338426.7115,11.741822954,48.16636301,0,2,#fc8d62,car
2407,32368,"9,20062600127024E+018",9,1,79,142,2020,6,14,6,1,2,6,0,0,1,0,1,0,0,675871.5006,5343669.9789,11.367913824,48.221856351,0,2,#fc8d62,car
2408,32369,"9,20062600121521E+018",9,1,81,113,2020,6,14,6,1,4,6,0,0,0,0,1,1,0,639601.8345,5308596.0227,10.868434587,47.915481522,0,4,#e78ac3,marker
2409,32371,"9,20062600120321E+018",9,1,81,114,2020,6,16,6,3,0,1,0,1,0,0,0,0,0,657490138,5311263496,11.108668957,47.935321659,0,1,#66c2a5,bicycle
2410,32372,"9,20062600120122E+018",9,1,74,136,2020,6,14,6,3,0,1,0,0,0,0,1,0,0,681187.9294,5365756.5559,11.448916554,48.418885374,0,4,#e78ac3,marker
2411,32373,"9,20062600858223E+018",9,1,62,0,2020,6,8,6,2,5,5,0,1,1,0,0,0,0,689841.8316,5339738.7059,11.554063473,48.182496391,0,1,#66c2a5,bicycle
2412,32374,"9,20062600117522E+018",9,1,84,112,2020,6,12,6,3,2,6,0,0,1,0,0,0,0,701853.4208,5340584.6102,11.715882161,48.186396112,0,2,#fc8d62,car
2413,32376,"9,20062600111122E+018",9,1,78,123,2020,6,13,6,2,8,1,0,0,0,0,1,0,0,685951.2505,5362328.8974,11.511715295,48.386690309,0,4,#e78ac3,marker
2414,32377,"9,20062500858222E+018",9,1,62,0,2020,6,14,5,3,4,7,0,0,1,0,0,0,0,699211.0134,5333035.0368,11.676836113,48.119381416,0,2,#fc8d62,car
2415,32379,"9,20062500858221E+018",9,1,62,0,2020,6,15,5,3,1,6,0,0,1,0,0,0,0,685482.3048,5328727.4005,11.49067614,48.084809523,0,2,#fc8d62,car
2416,32380,"9,20062500854723E+018",9,1,62,0,2020,6,21,5,3,0,6,1,0,1,0,1,0,0,694043.8839,5340248.4869,11.61076895,48.18580866,0,2,#fc8d62,car
2417,32382,"9,20062500852519E+018",9,1,62,0,2020,6,17,5,3,0,1,0,1,0,0,0,0,0,698810.1742,5333050.4162,11.671463209,48.119644908,0,1,#66c2a5,bicycle
2418,32383,"9,20062500852122E+018",9,1,62,0,2020,6,7,5,3,0,1,0,1,0,0,0,0,0,694655.5284,5334345.8111,11.616288781,48.132571031,0,1,#66c2a5,bicycle
2419,32384,"9,20062600853224E+018",9,1,84,122,2020,6,0,6,2,0,7,2,1,0,0,0,0,0,687946.9308,5323414.2785,11.521403761,48.036331435,1,1,#66c2a5,bicycle
2420,32385,"9,20062500852122E+018",9,1,62,0,2020,6,20,5,3,0,1,0,0,0,0,1,0,0,695002.5966,5333032.4887,11.620347642,48.120661219,0,4,#e78ac3,marker
2421,32402,"9,20062500750134E+018",9,7,78,137,2020,6,18,5,3,5,3,0,0,1,0,0,0,0,625245.1515,5332382.0893,10.683327096,48.132361308,0,2,#fc8d62,car
2422,32405,"9,20062700120922E+018",9,1,79,123,2020,6,18,7,3,4,2,0,0,1,0,0,0,0,676847.1826,5333344.2053,11.376742418,48.12876524,0,2,#fc8d62,car
2423,32407,"9,20062500740723E+018",9,7,77,130,2020,6,12,5,3,5,3,0,0,1,0,1,0,0,624281.2555,5307859.8329,10.663266232,47.912013292,0,2,#fc8d62,car
2424,32410,"9,20062500712128E+018",9,7,71,168,2020,6,17,5,3,5,3,0,1,1,0,0,0,0,647402.3052,5342438.3161,10.984441388,48.218036035,0,1,#66c2a5,bicycle
2425,32411,"9,20062600717322E+018",9,7,72,223,2020,6,20,6,3,9,1,1,0,1,0,0,0,0,618855.0066,5363094.3072,10.606111961,48.409789264,1,2,#fc8d62,car
2426,32412,"9,20062500710123E+018",9,7,71,113,2020,6,16,5,3,5,3,0,1,1,0,0,0,0,657377.0065,5371080.3033,11.129339909,48.473145039,0,1,#66c2a5,bicycle
2427,32417,"9,20062700110923E+018",9,1,78,143,2020,6,11,7,2,8,6,0,0,1,0,0,0,0,720404.6691,5373780.7657,11.982508397,48.478483917,0,2,#fc8d62,car
2428,32429,"9,20062700110323E+018",9,1,75,115,2020,6,17,7,3,0,3,0,0,1,0,1,0,0,720977507,5329562167,11.967131949,48.080997518,0,2,#fc8d62,car
2429,32440,"9,20062600858221E+018",9,1,84,141,2020,6,13,6,3,1,6,0,0,1,0,0,0,0,698063.2629,5315669.5474,11.653398123,47.963668272,0,2,#fc8d62,car
2430,32456,"9,20062700120122E+018",9,1,74,137,2020,6,5,7,2,4,6,0,0,1,0,0,0,0,661415.1124,5351794.5614,11.176526708,48.298741596,0,2,#fc8d62,car
2431,32462,"9,20062700121922E+018",9,1,88,139,2020,6,11,7,3,0,1,0,1,1,0,0,0,0,679309319,5320227.6617,11.404300886,48.010170119,0,1,#66c2a5,bicycle
2432,32465,"9,20062600710129E+018",9,7,71,112,2020,6,18,6,3,5,3,0,0,1,0,0,0,0,647078.2258,5368574.5693,10.989205164,48.453108975,0,2,#fc8d62,car
2433,32471,"9,20062700110521E+018",9,1,77,120,2020,6,12,7,2,0,1,0,1,0,0,0,0,0,721871793,5362827438,11.996536809,48.379561453,0,1,#66c2a5,bicycle
2434,32481,"9,20062600858223E+018",9,1,62,0,2020,6,8,6,3,5,2,0,1,0,0,0,1,0,693852.1131,5331648813,11.604275696,48.108576458,0,1,#66c2a5,bicycle
2435,32486,"9,20062700140723E+018",9,1,82,120,2020,6,12,7,3,3,2,0,1,1,0,0,0,0,701721.3978,5306636.8699,11.698121474,47.881346738,1,1,#66c2a5,bicycle
2436,32487,"9,20062500215029E+018",9,2,74,146,2020,6,16,5,2,0,1,0,1,0,0,0,0,0,733603.5598,5377452.0594,12.1628927,48.506698303,0,1,#66c2a5,bicycle
2437,32491,"9,20062500210923E+018",9,2,61,0,2020,6,18,5,3,5,3,0,0,1,0,0,0,0,732031.58,5380859682,12.143537686,48.537890867,0,2,#fc8d62,car
2438,32492,"9,20062500210918E+018",9,2,61,0,2020,6,18,5,3,4,2,0,1,1,0,0,0,0,731665.2897,5379739.3757,12.137960447,48.527962648,0,1,#66c2a5,bicycle
2439,32493,"9,20062600857122E+018",9,1,62,0,2020,6,10,6,2,5,3,0,0,1,0,0,1,0,677950.9566,5335310.6441,11.392384817,48.146134179,0,2,#fc8d62,car
2440,32501,"9,20062500161722E+018",9,1,90,138,2020,6,14,5,2,4,2,0,0,1,0,0,0,0,663512.9867,5307047.3016,11.187651186,47.895906412,0,2,#fc8d62,car
2441,32503,"9,2006260074013E+018",9,7,77,145,2020,6,6,6,2,8,1,0,0,1,0,0,0,0,629324.2605,5326459.2543,10.736330243,48.078282072,0,2,#fc8d62,car
2442,32512,"9,20062500140723E+018",9,1,82,120,2020,6,13,5,3,0,1,0,0,0,0,1,0,0,701721.8431,5306635.6764,11.698126866,47.881335871,0,4,#e78ac3,marker
2443,32513,"9,20062700121521E+018",9,1,81,130,2020,6,16,7,3,1,6,0,0,1,0,0,0,0,642242.0325,5324575.9822,10.909044609,48.058596621,0,2,#fc8d62,car
2444,32514,"9,20062500140122E+018",9,1,87,137,2020,6,7,5,2,4,3,0,0,1,0,1,1,0,731396.7774,5307409.0039,12.094897157,47.878277352,0,2,#fc8d62,car
2445,32520,"9,20062500127021E+018",9,1,62,0,2020,6,7,5,2,2,6,0,0,1,0,0,0,0,686887.1842,5333216.3486,11.511488385,48.124747589,0,2,#fc8d62,car
2446,32523,"9,20062500120929E+018",9,1,79,123,2020,6,8,5,3,2,7,0,0,1,0,1,0,0,676176.6752,5333617.9553,11.367852298,48.131411995,0,2,#fc8d62,car
2447,32524,"9,20062500120121E+018",9,1,74,113,2020,6,15,5,3,0,7,0,0,0,0,1,1,0,674790773,5345310116,11.354052277,48.236898572,1,4,#e78ac3,marker
2448,32525,"9,20062700111321E+018",9,1,75,118,2020,6,22,7,3,2,6,2,0,1,0,0,0,0,715560.6926,5338106.8044,11.898816215,48.159629421,0,2,#fc8d62,car
2449,32526,"9,20062500117522E+018",9,1,84,112,2020,6,22,5,3,3,6,2,0,1,0,0,0,0,703393.4815,5339038.3178,11.735838806,48.17200896,0,2,#fc8d62,car
2450,32527,"9,20062500117522E+018",9,1,84,114,2020,6,10,5,3,5,3,0,0,1,0,0,0,0,698727.7034,5323116.3771,11.665737327,48.030390429,0,2,#fc8d62,car
2451,32529,"9,2006250011073E+018",9,1,78,124,2020,6,7,5,3,5,3,0,1,1,0,0,0,0,704227872,5365099546,11.759647522,48.405936298,0,1,#66c2a5,bicycle
2452,32530,"9,20062500110523E+018",9,1,77,113,2020,6,15,5,3,5,3,0,0,1,0,0,0,0,723531.4186,5358336.2976,12.016533723,48.338626794,0,2,#fc8d62,car
2453,32532,"9,20062400858222E+018",9,1,62,0,2020,6,17,4,3,4,6,0,1,0,0,0,0,0,682779.1093,5342296.9088,11.460238032,48.207562149,0,1,#66c2a5,bicycle
2454,32533,"9,20062400858222E+018",9,1,62,0,2020,6,19,4,3,5,3,0,1,1,0,0,0,0,689644.6637,5340139.8171,11.551592623,48.186160447,0,1,#66c2a5,bicycle
2455,32534,"9,20062600858222E+018",9,1,84,132,2020,6,17,6,2,6,6,0,1,0,1,0,0,0,683334.5304,5325394.8831,11.460434174,48.055475577,0,1,#66c2a5,bicycle
2456,32535,"9,20062400854723E+018",9,1,62,0,2020,6,20,4,3,2,6,0,1,0,0,0,0,0,692057.9362,5340664.8583,11.584265569,48.190154386,0,1,#66c2a5,bicycle
2457,32536,"9,20062400852823E+018",9,1,84,146,2020,6,16,4,3,6,4,0,0,1,1,0,0,0,697452.9807,5328492453,11.651138091,48.079103055,0,2,#fc8d62,car
2458,32537,"9,20062700110521E+018",9,1,77,131,2020,6,15,7,3,3,6,0,1,0,0,0,0,0,712657.4253,5345746.2029,11.863650203,48.229251881,0,1,#66c2a5,bicycle
2459,32545,"9,20062600853121E+018",9,1,84,148,2020,6,10,6,3,6,4,0,0,1,1,0,0,0,694171.7138,5327501.2566,11.606678921,48.071202054,0,2,#fc8d62,car
2460,32555,"9,20062900140122E+018",9,1,87,122,2020,6,11,2,3,1,6,0,0,1,0,0,0,0,720490.0808,5307516.8416,11.949281579,47.883083779,0,2,#fc8d62,car
2461,32559,"9,20062900717322E+018",9,7,72,111,2020,6,10,2,1,3,3,0,0,1,0,0,1,0,627611.6321,5364059.5144,10.724681779,48.416756655,1,2,#fc8d62,car
2462,32560,"9,20063000858222E+018",9,1,84,145,2020,6,7,3,3,5,3,0,0,1,0,0,0,0,699237.6529,5324808.5609,11.673357322,48.045439779,0,2,#fc8d62,car
2463,32566,"9,20062900120122E+018",9,1,74,121,2020,6,21,2,3,5,2,1,0,1,0,0,0,0,690669.5854,5355611.4534,11.572338619,48.324908589,0,2,#fc8d62,car
2464,32567,"9,20063000127022E+018",9,1,74,135,2020,6,18,3,3,2,6,0,0,1,0,0,0,0,663616.6121,5352926.7256,11.206627968,48.308354346,0,2,#fc8d62,car
2465,32571,"9,20063000854523E+018",9,1,62,0,2020,6,17,3,3,5,3,0,0,0,0,1,0,0,683940.4652,5335427.2106,11.47288201,48.145478339,0,4,#e78ac3,marker
2466,32578,"9,20063000120122E+018",9,1,74,143,2020,6,15,3,3,4,2,0,0,1,0,1,0,0,673018.1384,5353073.5889,11.333376288,48.307172895,0,2,#fc8d62,car
2467,32581,"9,20062800140722E+018",9,1,82,120,2020,6,18,1,3,5,3,1,0,1,0,0,0,0,702542.9328,5306004.5077,11.708800748,47.875404881,1,2,#fc8d62,car
2468,32586,"9,20063000161922E+018",9,1,73,147,2020,6,9,3,3,2,6,0,0,1,0,0,0,0,682616.8917,5307380.3803,11.443156741,47.893748759,0,2,#fc8d62,car
2469,32592,"9,20063000215029E+018",9,2,61,0,2020,6,16,3,3,5,3,0,1,1,0,0,0,0,731857.0873,5381228.3831,12.141382508,48.541267324,0,1,#66c2a5,bicycle
2470,32593,"9,20062800710123E+018",9,7,71,144,2020,6,11,1,3,0,1,0,1,0,0,0,0,0,662652.1742,5372386.1246,11.201168014,48.483541919,0,1,#66c2a5,bicycle
2471,32594,"9,20062900857124E+018",9,1,62,0,2020,6,7,2,3,2,6,0,0,1,0,0,1,1,694196.9738,5336757.7442,11.611232169,48.154388624,1,2,#fc8d62,car
2472,32595,"9,20070100121925E+018",9,1,88,141,2020,7,13,4,3,2,6,0,0,1,0,0,0,0,670797.6476,5309563684,11.286031112,47.9166316,0,2,#fc8d62,car
2473,32603,"9,20062800120122E+018",9,1,74,115,2020,6,15,1,3,8,1,0,0,1,0,0,0,0,682039.3212,5346127.9268,11.451934992,48.242210185,0,2,#fc8d62,car
2474,32607,"9,20070100120125E+018",9,1,74,115,2020,7,10,4,3,3,2,0,1,1,0,0,0,0,681845.4653,5346427.1934,11.449454884,48.244955795,0,1,#66c2a5,bicycle
2475,32610,"9,20062800120122E+018",9,1,74,126,2020,6,15,1,3,2,6,0,0,1,0,0,0,0,682963.1969,5344567.7643,11.463693244,48.227920749,0,2,#fc8d62,car
2476,32613,"9,20063000140722E+018",9,1,82,127,2020,6,2,3,3,7,7,2,0,1,0,0,0,0,698620.5467,5309212.8441,11.657877916,47.905465445,0,2,#fc8d62,car
2477,32614,"9,20062800117522E+018",9,1,77,135,2020,6,18,1,3,9,6,0,0,1,0,0,0,0,718989.6855,5344322.2064,11.948069647,48.214303153,0,2,#fc8d62,car
2478,32615,"9,20062900712531E+018",9,7,72,209,2020,6,23,2,3,5,1,2,0,1,0,0,0,1,634831.0431,5337312.5972,10.813661735,48.174739849,0,2,#fc8d62,car
2479,32616,"9,20063000857122E+018",9,1,62,0,2020,6,18,3,3,2,6,0,0,1,0,0,0,0,688280448,5340194.4297,11.533280542,48.187057099,0,2,#fc8d62,car
2480,32617,"9,20062800115024E+018",9,1,75,132,2020,6,13,1,3,5,3,0,0,1,0,1,0,0,705665723,5334937152,11.764384096,48.134422864,0,2,#fc8d62,car
2481,32620,"9,20062800110922E+018",9,1,78,143,2020,6,13,1,2,5,3,0,0,1,0,0,0,0,714542.9495,5372182664,11.902475498,48.466152268,0,2,#fc8d62,car
2482,32622,"9,20063000858223E+018",9,1,62,0,2020,6,17,3,3,5,2,0,1,1,0,0,0,0,688074.1052,5334992.4677,11.528206837,48.140362195,0,1,#66c2a5,bicycle
2483,32623,"9,20062800110321E+018",9,1,75,122,2020,6,9,1,3,0,1,0,1,0,0,0,0,0,719953.2042,5327063.3461,11.952111796,48.058899459,0,1,#66c2a5,bicycle
2484,32626,"9,20062700858223E+018",9,1,84,135,2020,6,17,7,3,2,6,0,0,1,0,0,0,0,692082.0216,5345066326,11.58658202,48.229706111,0,2,#fc8d62,car
2485,32632,"9,20062700852322E+018",9,1,62,0,2020,6,19,7,3,2,6,0,0,1,0,0,0,0,690565.5672,5331997.5786,11.560325022,48.112702868,0,2,#fc8d62,car
2486,32635,"9,20062700757524E+018",9,7,77,121,2020,6,15,7,3,8,6,0,0,1,0,0,0,0,626907.7127,5320319.5589,10.702079253,48.023552604,0,2,#fc8d62,car
2487,32637,"9,20062800710423E+018",9,7,61,0,2020,6,14,1,3,0,7,0,1,0,0,0,0,0,640282.8642,5360499.7036,10.894652028,48.382054566,0,1,#66c2a5,bicycle
2488,32638,"9,20062900858223E+018",9,1,84,119,2020,6,12,2,3,3,2,0,1,1,0,0,0,0,696804.0411,5347327.4937,11.651149593,48.24858018,1,1,#66c2a5,bicycle
2489,32639,"9,20062800858223E+018",9,1,62,0,2020,6,11,1,3,5,3,0,0,1,0,0,0,0,687331.2319,5331968.1736,11.516901363,48.113398102,0,2,#fc8d62,car
2490,32640,"9,20063000121522E+018",9,1,81,138,2020,6,6,3,3,2,6,0,0,1,0,0,0,0,641017.9748,5334600.5951,10.895938984,48.149010667,0,2,#fc8d62,car
2491,32644,"9,20062900210934E+018",9,2,61,0,2020,6,10,2,3,0,1,0,1,0,0,0,0,0,731591.7465,5382188.5969,12.138326863,48.549990733,1,1,#66c2a5,bicycle
2492,32647,"9,20063000210929E+018",9,2,74,146,2020,6,14,3,2,4,2,0,1,1,0,0,0,0,733331.4573,5377634.1754,12.15931617,48.508435306,0,1,#66c2a5,bicycle
2493,32649,"9,20062900854823E+018",9,1,84,135,2020,6,18,2,3,5,3,0,0,1,0,0,0,0,689842.4592,5347318.7233,11.557464904,48.250624532,0,2,#fc8d62,car
2494,32650,"9,20070100121925E+018",9,1,88,139,2020,7,8,4,3,5,2,0,1,1,0,0,0,0,674702.9015,5318882.97,11.34204149,47.999357512,0,1,#66c2a5,bicycle
2495,32652,"9,20063000711323E+018",9,7,61,0,2020,6,19,3,3,2,6,0,0,1,0,0,0,0,637449.95,5359463.72,10.856073189,48.373362734,0,2,#fc8d62,car
2496,32654,"9,20062800161923E+018",9,1,73,120,2020,6,16,1,3,2,6,0,0,1,0,1,0,0,690445.6115,5311781.3624,11.549732744,47.93103131,0,2,#fc8d62,car
2497,32655,"9,20062900140125E+018",9,1,87,137,2020,6,19,2,3,5,3,0,0,1,0,0,0,0,730507.5312,5307781.3417,12.083220136,47.881942346,1,2,#fc8d62,car
2498,32657,"9,20063000740724E+018",9,7,77,130,2020,6,11,3,3,2,6,0,0,1,0,1,0,0,624647001,5309198659,10.668546095,47.923983034,0,2,#fc8d62,car
2499,32659,"9,20062800161922E+018",9,1,73,120,2020,6,16,1,2,8,1,0,0,0,0,1,0,0,690445675,5311781.4028,11.549733611,47.931031654,0,4,#e78ac3,marker
2500,32666,"9,20070100117025E+018",9,1,84,119,2020,7,17,4,3,2,6,0,0,1,0,0,0,0,696360.22,5349216.3555,11.646053948,48.265693356,0,2,#fc8d62,car
2501,32670,"9,20062800161722E+018",9,1,90,138,2020,6,9,1,3,0,7,0,1,0,0,0,0,0,660578.5389,5312706.3421,11.150528581,47.947527726,0,1,#66c2a5,bicycle
2502,32678,"9,20062900717322E+018",9,7,71,122,2020,6,4,2,3,8,7,2,0,0,0,0,1,0,655303.9336,5359958.4195,11.097191194,48.373669387,1,5,#a6d854,bus
2503,32679,"9,20063000858222E+018",9,1,62,0,2020,6,17,3,3,1,6,0,0,1,0,0,0,1,695221.2035,5335006.6289,11.624186371,48.138336896,0,2,#fc8d62,car
2504,32686,"9,20063000127022E+018",9,1,74,146,2020,6,17,3,3,2,6,0,0,1,0,0,1,0,667305.7028,5350694.5384,11.255457008,48.287322567,0,2,#fc8d62,car
2505,32689,"9,20063000750119E+018",9,7,78,203,2020,6,17,3,2,8,1,0,0,0,0,1,0,0,619767.2801,5326949.0492,10.608208354,48.084554026,0,4,#e78ac3,marker
2506,32693,"9,20063000854824E+018",9,1,84,135,2020,6,10,3,3,5,3,0,1,1,0,0,0,0,689635.6098,5347744.9854,11.554872181,48.254517625,0,1,#66c2a5,bicycle
2507,32699,"9,20062800852323E+018",9,1,62,0,2020,6,15,1,3,1,6,0,0,1,0,0,0,0,692241.4811,5331180.6049,11.582449838,48.104856378,0,2,#fc8d62,car
2508,32700,"9,20063000121323E+018",9,1,88,124,2020,6,10,3,3,9,1,0,1,0,0,0,0,0,661202.4252,5316607.0174,11.160340346,47.982441378,0,1,#66c2a5,bicycle
2509,32708,"9,20062700712322E+018",9,7,72,184,2020,6,8,7,3,4,2,0,1,1,0,0,0,0,636062.7227,5361334.5031,10.837956371,48.390485359,0,1,#66c2a5,bicycle
2510,32713,"9,20062700712124E+018",9,7,71,163,2020,6,18,7,3,5,3,0,0,1,0,0,0,0,644212479,5343969782,10.942044487,48.232539489,0,2,#fc8d62,car
2511,32715,"9,20062800710421E+018",9,7,61,0,2020,6,15,1,3,0,1,0,1,0,0,0,0,0,640688051,5360359.51,10.900074399,48.380703766,0,1,#66c2a5,bicycle
2512,32716,"9,20062900858222E+018",9,1,84,122,2020,6,8,2,3,5,2,0,1,1,0,0,0,0,688415.1142,5324366.4358,11.528097323,48.044751802,1,1,#66c2a5,bicycle
2513,32717,"9,20070100127025E+018",9,1,62,0,2020,7,8,4,3,2,6,0,0,1,0,0,0,0,685641.1227,5333176.1306,11.494742155,48.124750664,0,2,#fc8d62,car
2514,32719,"9,20063000740719E+018",9,7,62,0,2020,6,18,3,3,5,3,0,0,1,0,1,0,0,622600.0266,5306531.8452,10.640398292,47.900393475,0,2,#fc8d62,car
2515,32728,"9,20063000858224E+018",9,1,84,129,2020,6,16,3,3,0,7,0,0,0,0,1,0,0,701423.3276,5324951.4494,11.702718164,48.046038099,0,4,#e78ac3,marker
2516,32730,"9,20070100120125E+018",9,1,74,126,2020,7,17,4,3,6,7,0,1,0,1,0,0,0,683578.2387,5344037.1964,11.471737335,48.222974071,0,1,#66c2a5,bicycle
2517,32739,"9,20062900712722E+018",9,7,72,111,2020,6,18,2,3,5,3,0,0,1,0,0,0,1,627062.1734,5365046.2503,10.717558272,48.4257409,0,2,#fc8d62,car
2518,32740,"9,20063000857122E+018",9,1,84,145,2020,6,21,3,3,4,6,0,0,1,0,0,0,0,696425.0697,5324280.6074,11.635417716,48.041566319,0,2,#fc8d62,car
2519,32746,"9,20062900117522E+018",9,1,75,111,2020,6,16,2,3,2,6,0,0,1,0,0,0,0,711805664,5338130888,11.848396658,48.161107643,0,2,#fc8d62,car
2520,32747,"9,20063000121922E+018",9,1,88,113,2020,6,16,3,3,5,2,0,1,1,0,0,0,0,675944.7307,5315431.5378,11.357260866,47.967990062,0,1,#66c2a5,bicycle
2521,32755,"9,20063000852323E+018",9,1,62,0,2020,6,14,3,3,2,6,0,0,1,0,0,0,0,692361.4865,5330856.5393,11.583914136,48.101907497,0,2,#fc8d62,car