fid,OBJECTID,UIDENTSTLA,ULAND,UREGBEZ,UKREIS,UGEMEINDE,UJAHR,UMONAT,USTUNDE,UWOCHENTAG,UKATEGORIE,UART,UTYP1,ULICHTVERH,IstRad,IstPKW,IstFuss,IstKrad,IstGkfz,IstSonstig,LINREFX,LINREFY,XGCSWGS84,YGCSWGS84,STRZUSTAND,Teilnehmer,color,symbol
2522,32762,"9,20063000117028E+018",9,1,62,0,2020,6,8,3,3,2,6,0,0,1,0,0,0,0,694917.0142,5343001.7335,11.623767819,48.210286001,0,2,#fc8d62,car
2523,32764,"9,20063000740729E+018",9,7,62,0,2020,6,20,3,3,5,3,0,1,1,0,0,0,0,622708.3185,5305820.1464,10.641644229,47.893972,0,1,#66c2a5,bicycle
2524,32769,"9,20062900217518E+018",9,2,74,113,2020,6,9,2,3,3,6,0,0,1,0,0,1,0,728386.3449,5383980.9183,12.095939882,48.567266602,0,2,#fc8d62,car
2525,32772,"9,20063000211522E+018",9,2,74,185,2020,6,15,3,2,5,3,0,0,1,0,0,0,0,731552358,5367858957,12.129855592,48.421282796,0,2,#fc8d62,car
2526,32774,"9,20062900857122E+018",9,1,62,0,2020,6,6,2,3,2,6,0,0,1,0,0,0,1,688054.4339,5334993.6096,11.527943174,48.140378272,1,2,#fc8d62,car
2527,32776,"9,20070100121925E+018",9,1,88,113,2020,7,15,4,2,5,3,0,0,1,0,0,0,0,679950518,5314832714,11.41063008,47.961493497,0,2,#fc8d62,car
2528,32790,"9,20070100117526E+018",9,1,77,115,2020,7,20,4,3,8,7,2,0,1,0,0,0,0,733050381,5349274.7739,12.139794311,48.253787202,1,2,#fc8d62,car
2529,32796,"9,20063000140124E+018",9,1,87,179,2020,6,19,3,3,4,6,0,0,1,0,0,0,0,721178638,5316697.5354,11.963190791,47.965338067,0,2,#fc8d62,car
2530,32797,"9,20062900712124E+018",9,7,71,146,2020,6,5,2,3,7,7,1,0,0,0,1,0,0,647277.7397,5348591.6885,10.984905919,48.273392401,1,4,#e78ac3,marker
2531,32798,"9,20063000857122E+018",9,1,62,0,2020,6,6,3,3,2,6,0,0,1,0,0,0,0,693136.0857,5338190.7471,11.597632984,48.167591049,0,2,#fc8d62,car
2532,32801,"9,20062900740723E+018",9,7,62,0,2020,6,19,2,3,0,1,0,1,0,0,0,0,0,621420.8091,5304199.1124,10.623970655,47.879637756,0,1,#66c2a5,bicycle
2533,32802,"9,20063000858222E+018",9,1,84,122,2020,6,14,3,3,1,6,0,0,1,0,1,0,0,688420.0367,5324375.9106,11.528167475,48.044835512,0,2,#fc8d62,car
2534,32809,"9,20063000127028E+018",9,1,62,0,2020,6,20,3,3,2,6,1,0,1,0,1,0,0,678067.6251,5335519.1565,11.394039114,48.147975869,0,2,#fc8d62,car
2535,32811,"9,20063000751323E+018",9,7,78,173,2020,6,4,3,3,2,6,1,0,1,0,0,0,0,615527.3082,5320406.9192,10.549530122,48.026497987,0,2,#fc8d62,car
2536,32817,"9,20062800710423E+018",9,7,61,0,2020,6,14,1,3,1,6,0,0,1,0,1,0,0,636894.1618,5359573.3116,10.848607786,48.374468984,0,2,#fc8d62,car
2537,32822,"9,20062800857122E+018",9,1,62,0,2020,6,11,1,3,0,7,0,1,0,1,0,0,0,694641.4151,5333922.1133,11.615905754,48.128767323,0,1,#66c2a5,bicycle
2538,32823,"9,20063000121522E+018",9,1,81,138,2020,6,6,3,2,4,6,0,1,1,0,0,0,0,641019.3254,5334600.4837,10.895957095,48.149009365,0,1,#66c2a5,bicycle
2539,32832,"9,20062900852722E+018",9,1,84,123,2020,6,19,2,3,5,3,0,1,0,0,0,0,1,703366.5323,5331810.0819,11.732025389,48.107059487,0,1,#66c2a5,bicycle
2540,32833,"9,20070100120128E+018",9,1,74,151,2020,7,21,4,2,8,1,2,0,1,0,0,0,0,679564.7458,5360355.5803,11.424689155,48.370803395,0,2,#fc8d62,car
2541,32835,"9,20062900858222E+018",9,1,62,0,2020,6,16,2,2,5,2,0,1,1,0,0,0,0,695108.0768,5331453.1017,11.621040995,48.106434038,0,1,#66c2a5,bicycle
2542,32837,"9,20063000740723E+018",9,7,62,0,2020,6,20,3,3,9,1,0,0,1,0,0,0,0,621194.6322,5304470.6818,10.621023066,47.882122925,0,2,#fc8d62,car
2543,32847,"9,20063000858224E+018",9,1,62,0,2020,6,18,3,3,0,7,0,1,0,0,0,1,0,695169.5253,5331388.7391,11.621836145,48.105836751,0,1,#66c2a5,bicycle
2544,32859,"9,20070300852825E+018",9,1,84,137,2020,7,22,6,3,8,1,2,0,1,0,0,0,0,705803509,5313202285,11.755790139,47.939054222,0,2,#fc8d62,car
2545,32867,"9,20070300141326E+018",9,1,87,177,2020,7,15,6,3,2,6,0,0,1,0,0,0,0,735763.1389,5307967.2798,12.153510623,47.881704748,0,2,#fc8d62,car
2546,32881,"9,20070300131526E+018",9,1,85,166,2020,7,18,6,3,5,2,0,0,1,0,0,0,0,672550.9097,5383560.1504,11.339640144,48.581344816,0,2,#fc8d62,car
2547,32883,"9,20070300131329E+018",9,1,86,146,2020,7,12,6,3,3,6,0,0,1,0,1,0,0,685407.1233,5371092.6222,11.508248264,48.465617946,0,2,#fc8d62,car
2548,32887,"9,20070400717325E+018",9,7,72,147,2020,7,3,7,3,2,6,2,0,1,0,0,0,0,630712.1421,5364283.3668,10.766634713,48.41813402,0,2,#fc8d62,car
2549,32895,"9,20070300127025E+018",9,1,84,120,2020,7,6,6,3,9,1,0,0,1,0,0,0,0,682112.3041,5333362.5183,11.447444997,48.127445305,0,2,#fc8d62,car
2550,32898,"9,20070300121526E+018",9,1,81,129,2020,7,18,6,3,8,1,0,0,1,0,0,0,0,641675553,5303825808,10.894607732,47.872130894,0,2,#fc8d62,car
2551,32899,"9,20070300121326E+018",9,1,88,126,2020,7,16,6,3,5,3,0,0,0,0,1,0,1,660798191,5324302.4531,11.157813388,48.051731081,0,4,#e78ac3,marker
2552,32901,"9,20070300120726E+018",9,1,88,120,2020,7,19,6,3,0,1,0,0,0,0,1,0,0,678504.3667,5327030.5286,11.396353417,48.071548126,0,4,#e78ac3,marker
2553,32903,"9,20070300112027E+018",9,1,78,130,2020,7,11,6,3,4,6,0,0,1,0,0,0,0,703096861,5354310.8279,11.739176676,48.309350877,0,2,#fc8d62,car
2554,32907,"9,20070300110725E+018",9,1,78,137,2020,7,12,6,3,2,4,0,0,1,0,0,0,1,692360.7729,5363596.7857,11.598780693,48.39616341,0,2,#fc8d62,car
2555,32908,"9,20070300110525E+018",9,1,77,117,2020,7,17,6,3,0,1,0,1,0,0,0,0,0,716936655,5354282904,11.925575459,48.304505627,0,1,#66c2a5,bicycle
2556,32909,"9,20070300110525E+018",9,1,77,117,2020,7,7,6,3,2,6,0,0,1,0,0,0,0,715980.4869,5352406.3181,11.911738322,48.287971458,0,2,#fc8d62,car
2557,32910,"9,20070400141526E+018",9,1,87,159,2020,7,10,7,3,8,1,0,0,0,0,1,0,0,731700.1584,5328374.6479,12.110249776,48.066523486,0,4,#e78ac3,marker
2558,32911,"9,20070400110726E+018",9,1,78,124,2020,7,7,7,3,8,1,0,0,1,0,0,0,0,702365.2489,5366448.7304,11.735159285,48.418661079,0,2,#fc8d62,car
2559,32913,"9,2007030011033E+018",9,1,75,131,2020,7,14,6,1,4,6,0,1,1,0,0,1,0,709170.5165,5322827878,11.805506973,48.024463827,0,1,#66c2a5,bicycle
2560,32914,"9,20070300110326E+018",9,1,75,116,2020,7,22,6,2,0,1,2,1,0,0,0,0,0,708839.7094,5320768.8134,11.800072704,48.006068459,0,1,#66c2a5,bicycle
2561,32917,"9,20070200857125E+018",9,1,62,0,2020,7,9,5,2,5,3,0,0,1,0,1,0,0,695143.3112,5337784.0512,11.624413835,48.163322885,0,2,#fc8d62,car
2562,32919,"9,20070200852828E+018",9,1,84,137,2020,7,5,5,3,0,7,0,1,0,0,0,0,0,706907.6798,5316322.3874,11.772057968,47.966738157,1,1,#66c2a5,bicycle
2563,32923,"9,20070200852126E+018",9,1,62,0,2020,7,8,5,3,3,6,0,1,0,0,0,0,0,694625.0241,5334174.3815,11.615800922,48.13103962,0,1,#66c2a5,bicycle
2564,32933,"9,20070200717327E+018",9,7,61,0,2020,7,15,5,3,2,6,0,0,1,0,1,0,0,637549.9332,5360330.3343,10.857706169,48.381133423,0,2,#fc8d62,car
2565,32936,"9,20070200717326E+018",9,7,72,223,2020,7,11,5,3,8,1,0,0,1,0,0,0,0,622455.1342,5363459.8163,10.6548471,48.412386982,1,2,#fc8d62,car
2566,32939,"9,20070200717326E+018",9,7,72,147,2020,7,13,5,3,3,3,0,0,1,0,0,0,0,638433.4645,5364049.6996,10.870858545,48.414383822,0,2,#fc8d62,car
2567,32941,"9,20070200712725E+018",9,7,72,223,2020,7,16,5,3,5,3,0,0,1,0,0,0,0,618332.9662,5363250.3589,10.5991044,48.411290878,0,2,#fc8d62,car
2568,32943,"9,20070200712725E+018",9,7,72,130,2020,7,12,5,3,1,6,0,0,1,0,0,0,0,632603.3235,5358188.3907,10.790257857,48.362931768,1,2,#fc8d62,car
2569,32946,"9,20070200712125E+018",9,7,71,130,2020,7,12,5,2,4,2,0,1,1,0,0,0,0,651997.9463,5356554.8856,11.051348501,48.343873684,1,1,#66c2a5,bicycle
2570,32949,"9,20070200710726E+018",9,7,61,0,2020,7,10,5,3,2,6,0,0,1,0,0,0,0,642761129,5359800.9656,10.927866463,48.375215925,0,2,#fc8d62,car
2571,32950,"9,20070200710726E+018",9,7,61,0,2020,7,11,5,3,5,3,0,1,1,0,0,0,0,643194.3379,5360560.6311,10.933971918,48.38194827,0,1,#66c2a5,bicycle
2572,32952,"9,20070200710124E+018",9,7,71,112,2020,7,11,5,3,0,1,0,0,0,0,1,0,0,642328.7278,5366039.3731,10.924145984,48.431406114,1,4,#e78ac3,marker
2573,32965,"9,20070400140725E+018",9,1,82,120,2020,7,18,7,3,5,3,0,0,1,0,0,0,0,701195.9782,5307086.2808,11.691311122,47.885550642,0,2,#fc8d62,car
2574,32976,"9,20070400711126E+018",9,7,61,0,2020,7,12,7,3,2,6,0,0,1,0,1,0,0,639057652,5360990571,10.878276123,48.386739577,0,2,#fc8d62,car
2575,32982,"9,20070400117025E+018",9,1,62,0,2020,7,12,7,3,2,6,0,0,1,0,0,0,0,691670.2594,5344883.7995,11.58096052,48.228190176,0,2,#fc8d62,car
2576,32998,"9,20070300857125E+018",9,1,62,0,2020,7,15,6,3,4,2,0,0,1,0,0,0,0,697042.6655,5330404.7198,11.646517224,48.096416366,0,2,#fc8d62,car
2577,33025,"9,20070300712535E+018",9,7,72,170,2020,7,15,6,3,0,1,0,1,0,0,0,0,0,631257.6529,5332989.0421,10.764284873,48.136607744,0,1,#66c2a5,bicycle
2578,33028,"9,20070400717326E+018",9,7,61,0,2020,7,4,7,3,2,6,2,0,1,0,0,1,0,641309.2182,5363803.4322,10.909617727,48.411531191,0,2,#fc8d62,car
2579,33035,"9,20070400131326E+018",9,1,86,143,2020,7,19,7,3,4,1,0,0,1,0,0,0,0,680955.2666,5380660.7819,11.452228566,48.552914332,0,2,#fc8d62,car
2580,33037,"9,20070100217526E+018",9,2,74,113,2020,7,16,4,2,8,1,0,0,1,0,0,0,0,730013.0869,5384387.6609,12.118182474,48.57032567,0,2,#fc8d62,car
2581,33046,"9,20070400710136E+018",9,7,71,144,2020,7,23,7,3,4,6,2,1,1,0,0,0,0,658374.9567,5375424.2966,11.144479516,48.511947487,0,1,#66c2a5,bicycle
2582,33053,"9,20070400110926E+018",9,1,78,143,2020,7,7,7,2,5,3,0,0,1,0,1,0,0,717732.0233,5372225.5541,11.94558275,48.465442069,0,2,#fc8d62,car
2583,33054,"9,20070200210926E+018",9,2,61,0,2020,7,14,5,3,0,6,0,0,1,0,0,0,0,731655.0075,5382219.2392,12.139199823,48.55024263,0,2,#fc8d62,car
2584,33060,"9,20070100210928E+018",9,2,74,146,2020,7,18,4,2,5,3,0,0,1,0,1,0,0,735595.9369,5379728.5368,12.191110558,48.526402649,0,2,#fc8d62,car
2585,33067,"9,20070300852127E+018",9,1,62,0,2020,7,12,6,3,4,2,0,0,1,0,0,0,1,694994.6168,5332995.1272,11.620223442,48.120327873,0,2,#fc8d62,car
2586,33077,"9,20070200127026E+018",9,1,62,0,2020,7,7,5,3,2,6,0,0,1,0,0,0,1,678321594,5334451921,11.397003562,48.13831126,1,2,#fc8d62,car
2587,33081,"9,20070200127025E+018",9,7,71,129,2020,7,19,5,3,9,1,0,0,1,0,0,0,0,660051.3059,5355987.9829,11.159742139,48.336788132,1,2,#fc8d62,car
2588,33082,"9,20070200121525E+018",9,1,81,141,2020,7,16,5,2,0,1,0,1,0,0,0,0,0,643799.3911,5318959.4729,10.928048229,48.007743705,0,1,#66c2a5,bicycle
2589,33083,"9,20070200120926E+018",9,1,79,113,2020,7,17,5,3,5,3,0,1,1,0,0,0,0,671068.8338,5335826.3802,11.300147258,48.152658511,0,1,#66c2a5,bicycle
2590,33085,"9,20070200117526E+018",9,1,84,112,2020,7,14,5,3,2,6,0,0,1,0,0,0,1,701937.2263,5340531.2148,11.716983045,48.185889627,0,2,#fc8d62,car
2591,33088,"9,20070200117026E+018",9,1,77,116,2020,7,21,5,3,9,1,2,0,1,0,0,0,0,711587.5644,5364368.5436,11.858601128,48.396941068,1,2,#fc8d62,car
2592,33091,"9,20070200117025E+018",9,1,77,116,2020,7,18,5,3,9,7,0,0,1,0,0,1,0,712859.3775,5364952.6934,11.876057295,48.401761808,0,2,#fc8d62,car
2593,33092,"9,20070200110725E+018",9,1,78,124,2020,7,16,5,3,6,5,0,0,1,1,0,0,0,702968.6546,5363770.6217,11.742010197,48.39440092,1,2,#fc8d62,car
2594,33094,"9,20070200110525E+018",9,1,77,113,2020,7,18,5,3,8,1,0,0,1,0,0,0,0,721269.9161,5357038.6483,11.985376996,48.327764015,0,2,#fc8d62,car
2595,33096,"9,20070200110328E+018",9,1,75,124,2020,7,18,5,2,2,6,0,0,1,0,0,0,0,715038402,5328660.7656,11.887038617,48.074928404,1,2,#fc8d62,car
2596,33098,"9,20070400711926E+018",9,7,72,215,2020,7,17,7,3,8,7,0,0,1,0,0,0,0,633104059,5347696714,10.793703677,48.268482413,0,2,#fc8d62,car
2597,33100,"9,20070100858226E+018",9,1,84,121,2020,7,18,4,3,4,1,0,1,0,0,0,0,0,703188237,5330570578,11.72904289,48.095977195,0,1,#66c2a5,bicycle
2598,33103,"9,20070100858226E+018",9,1,62,0,2020,7,18,4,2,2,6,0,0,1,0,1,0,0,686188247,5331792.8613,11.501483405,48.112157491,0,2,#fc8d62,car
2599,33104,"9,20070100141527E+018",9,1,87,170,2020,7,7,4,3,1,6,0,0,1,0,0,0,1,734299.8662,5318707975,12.139809736,47.978732544,0,2,#fc8d62,car
2600,33106,"9,20070100858226E+018",9,1,62,0,2020,7,15,4,3,2,6,0,0,1,0,0,0,0,692701.9649,5339086.9156,11.592206562,48.175777289,0,2,#fc8d62,car
2601,33107,"9,20070100858225E+018",9,1,62,0,2020,7,12,4,3,3,2,0,1,1,0,0,0,0,688376.2564,5334973.2216,11.532255913,48.140099826,0,1,#66c2a5,bicycle
2602,33109,"9,20070100854626E+018",9,1,84,138,2020,7,14,4,3,5,2,0,0,1,0,1,0,0,680626.9567,5330459.2553,11.426272082,48.101771297,0,2,#fc8d62,car
2603,33119,"9,2007030021093E+018",9,2,74,126,2020,7,16,6,3,5,3,0,1,1,0,0,0,0,734331.8386,5384363.9349,12.176623545,48.568513154,0,1,#66c2a5,bicycle
2604,33120,"9,20070100750147E+018",9,7,78,203,2020,7,11,4,3,0,6,0,1,0,0,1,0,0,620912.6073,5322551.8524,10.622337679,48.044791733,0,1,#66c2a5,bicycle
2605,33124,"9,20070400121725E+018",9,1,79,126,2020,7,13,7,3,2,6,0,0,1,0,0,0,0,676787.0504,5340022.6061,11.378710175,48.188815315,0,2,#fc8d62,car
2606,33135,"9,20070100140125E+018",9,1,87,117,2020,7,17,4,3,5,3,0,0,1,0,1,0,0,725438.3492,5306406.8842,12.014796881,47.871392708,1,2,#fc8d62,car
2607,33138,"9,20070300857126E+018",9,1,84,136,2020,7,9,6,3,5,3,0,0,1,0,1,0,0,698644.4618,5327200.0287,11.666517208,48.06711758,0,2,#fc8d62,car
2608,33143,"9,2007010074014E+018",9,7,77,141,2020,7,18,4,2,9,1,0,0,0,0,1,0,0,629419.1836,5308614.3187,10.732222198,47.917782225,0,4,#e78ac3,marker
2609,33146,"9,20070100740125E+018",9,7,77,121,2020,7,16,4,3,0,3,0,0,1,0,1,0,0,628945147,5321966943,10.729888309,48.037959563,0,2,#fc8d62,car
2610,33150,"9,20070100717027E+018",9,7,71,130,2020,7,15,4,3,8,1,0,0,1,0,0,0,0,645873.9837,5357826.9188,10.969192722,48.356754779,0,2,#fc8d62,car
2611,33153,"9,20070100712325E+018",9,7,72,147,2020,7,13,4,3,2,6,0,0,1,0,0,0,0,636052296,5364120551,10.838718624,48.415539521,0,2,#fc8d62,car
2612,33156,"9,20070100712325E+018",9,7,72,177,2020,7,15,4,3,2,6,0,0,1,0,0,1,1,635533.1438,5375962.4885,10.83554355,48.522132176,0,2,#fc8d62,car
2613,33168,"9,20070400730328E+018",9,7,73,182,2020,7,12,7,3,5,3,0,1,1,0,0,0,0,624587.5955,5379773.0257,10.688516074,48.558665924,0,1,#66c2a5,bicycle
2614,33181,"9,20070100127025E+018",9,1,79,142,2020,7,17,4,3,7,7,0,0,0,0,0,0,1,674461.8644,5344836.6393,11.349431492,48.23273295,0,6,#ffd92f,circle
2615,33182,"9,20070400710726E+018",9,7,61,0,2020,7,16,7,3,4,6,0,1,0,0,0,0,0,643517.3135,5359345.0185,10.937916393,48.370944769,0,1,#66c2a5,bicycle
2616,33189,"9,20070400111326E+018",9,1,75,132,2020,7,20,7,3,5,3,1,0,1,0,0,0,0,709674.9713,5336607.3012,11.819028277,48.148122792,0,2,#fc8d62,car
2617,33194,"9,20070100127025E+018",9,1,79,142,2020,7,15,4,3,2,6,0,0,1,0,0,1,0,676310.9934,5343305.8441,11.373674426,48.218461124,0,2,#fc8d62,car
2618,33203,"9,20070800121927E+018",9,1,88,141,2020,7,18,4,3,6,7,0,1,0,1,0,0,0,670588.6092,5309203.3352,11.283092959,47.913447648,0,1,#66c2a5,bicycle
2619,33216,"9,20070800110327E+018",9,1,75,115,2020,7,15,4,3,2,6,0,0,1,0,0,0,0,720203.6069,5331781.8712,11.957899461,48.101209377,0,2,#fc8d62,car
2620,33217,"9,20070500710624E+018",9,7,61,0,2020,7,0,1,3,3,1,2,0,1,0,1,0,0,643035.2748,5357580.7608,10.930811402,48.355190879,0,2,#fc8d62,car
2621,33219,"9,20070700131327E+018",9,1,86,143,2020,7,19,3,3,9,1,0,0,0,0,1,0,0,681002.3151,5380584.6493,11.452832443,48.552216471,0,4,#e78ac3,marker
2622,33220,"9,20070800117026E+018",9,1,78,124,2020,7,13,4,3,2,6,0,0,1,0,0,0,0,703344.1693,5361307.4335,11.74588542,48.37214517,0,2,#fc8d62,car
2623,33223,"9,20070700141326E+018",9,1,87,177,2020,7,19,3,3,3,2,0,1,1,0,0,0,0,735042.0628,5305107.3535,12.142325676,47.856275961,0,1,#66c2a5,bicycle
2624,33225,"9,20070500210942E+018",9,2,61,0,2020,7,18,1,3,3,6,0,0,1,0,0,0,0,731763.3382,5381276.9318,12.140141311,48.541738058,0,2,#fc8d62,car
2625,33228,"9,20070500210934E+018",9,2,74,113,2020,7,13,1,2,4,2,0,0,1,0,0,0,0,728393.9149,5383930.0325,12.096014413,48.56680673,0,2,#fc8d62,car
2626,33232,"9,20070700853224E+018",9,1,84,139,2020,7,18,3,3,4,6,0,1,0,0,0,0,0,687169.0921,5324189.0757,11.511317727,48.043524132,0,1,#66c2a5,bicycle
2627,33233,"9,20070900120126E+018",9,1,74,115,2020,7,21,5,3,3,6,1,0,0,0,1,0,0,681667425,5346615.2545,11.447139644,48.246697243,0,4,#e78ac3,marker
2628,33234,"9,20070700121526E+018",9,1,81,126,2020,7,19,3,2,5,3,0,0,1,0,0,0,0,636076.4558,5332080.1683,10.828732335,48.127422501,0,2,#fc8d62,car
2629,33236,"9,20070500210926E+018",9,2,74,194,2020,7,20,1,3,0,7,0,0,0,0,1,0,0,718261209,5383319067,11.958534408,48.564927213,0,4,#e78ac3,marker
2630,33239,"9,20070800141325E+018",9,1,87,177,2020,7,17,4,3,5,2,0,1,1,0,0,0,0,735368.7656,5305307.0887,12.14679531,47.857950791,0,1,#66c2a5,bicycle
2631,33240,"9,20070500210926E+018",9,2,61,0,2020,7,15,1,3,8,1,0,1,0,0,0,0,0,731951.7844,5380985.6862,12.142528445,48.539052233,0,1,#66c2a5,bicycle
2632,33242,"9,20070500167029E+018",9,1,62,0,2020,7,15,1,3,3,6,0,0,1,0,0,0,0,685553.0077,5330171.5148,11.492252139,48.097769404,0,2,#fc8d62,car
2633,33246,"9,20070600147328E+018",9,1,84,146,2020,7,8,2,3,0,7,0,0,0,0,1,0,0,694806.5998,5329053.2134,11.615900314,48.084956955,0,4,#e78ac3,marker
2634,33250,"9,20070800852226E+018",9,1,62,0,2020,7,15,4,3,2,7,2,0,1,0,0,0,0,694549.5197,5335557.3396,11.615418872,48.143492161,0,2,#fc8d62,car
2635,33251,"9,20070700117026E+018",9,1,84,135,2020,7,19,3,3,2,6,0,0,1,0,1,0,0,692860.1602,5344981665,11.597010778,48.228709104,0,2,#fc8d62,car
2636,33262,"9,20070600120926E+018",9,1,79,118,2020,7,12,2,3,6,4,0,0,1,1,0,0,0,672772.1253,5337498.5903,11.323708983,48.167230462,0,2,#fc8d62,car
2637,33265,"9,20070700711126E+018",9,7,61,0,2020,7,18,3,3,5,3,0,1,0,1,0,0,0,638395.5917,5361307.0725,10.869442788,48.389731101,0,1,#66c2a5,bicycle
2638,33266,"9,20070800740727E+018",9,7,62,0,2020,7,8,4,3,1,3,0,1,1,0,0,0,0,622543.9587,5304882.0835,10.63917997,47.885566779,0,1,#66c2a5,bicycle
2639,33267,"9,20070600858227E+018",9,1,84,132,2020,7,19,2,3,3,2,0,1,1,0,0,0,0,683828.1557,5329421.6406,11.46878434,48.091528954,0,1,#66c2a5,bicycle
2640,33274,"9,20070800120126E+018",9,1,74,113,2020,7,13,4,3,2,6,0,0,1,0,0,0,0,678524.1583,5347329.8439,11.405138908,48.254013601,0,2,#fc8d62,car
2641,33276,"9,20070900141326E+018",9,1,63,0,2020,7,10,5,3,0,7,0,1,0,0,0,0,0,731662.6546,5303108.5042,12.096144384,47.839544743,0,1,#66c2a5,bicycle
2642,33278,"9,20070500160926E+018",9,1,73,118,2020,7,13,1,3,0,7,0,0,0,0,1,0,0,688182137,5303412531,11.515810533,47.856475306,0,4,#e78ac3,marker
2643,33285,"9,20070800712124E+018",9,7,71,142,2020,7,18,4,3,0,1,0,1,0,0,0,0,0,645647.2316,5351617.3958,10.963987777,48.30097499,0,1,#66c2a5,bicycle
2644,33294,"9,20070800117026E+018",9,1,78,120,2020,7,8,4,3,2,6,0,0,1,0,0,0,0,695032957,5353163515,11.630009811,48.301577493,0,2,#fc8d62,car
2645,33307,"9,20070900110126E+018",9,1,77,115,2020,7,12,5,3,1,6,0,0,1,0,0,0,0,733946981,5351568596,12.153123277,48.27406265,0,2,#fc8d62,car
2646,33310,"9,20070700858226E+018",9,1,62,0,2020,7,16,3,3,5,6,0,0,1,0,1,0,0,687523.6525,5335058.4433,11.520843807,48.141117665,0,2,#fc8d62,car
2647,33312,"9,20070900121325E+018",9,1,88,124,2020,7,15,5,3,4,6,0,0,1,0,0,0,1,663041.3412,5319826.1677,11.186188856,48.010917596,0,2,#fc8d62,car
2648,33324,"9,20070700110127E+018",9,1,77,124,2020,7,23,3,3,9,7,2,0,1,0,0,0,0,725769627,5364086.8953,12.049779507,48.389493805,0,2,#fc8d62,car
2649,33329,"9,20070700120126E+018",9,1,74,115,2020,7,13,3,3,4,2,0,0,1,0,0,0,0,683264.0464,5348447.4141,11.469419545,48.262705908,0,2,#fc8d62,car
2650,33334,"9,20070800140728E+018",9,1,82,120,2020,7,12,4,1,0,1,0,0,0,0,1,0,0,701201.7595,5304860.4303,11.690351856,47.865544113,0,4,#e78ac3,marker
2651,33335,"9,20070600110326E+018",9,1,75,124,2020,7,16,2,3,1,6,0,0,1,0,0,0,0,712624.5077,5329405.5669,11.855042938,48.082430409,0,2,#fc8d62,car
2652,33337,"9,20070700211526E+018",9,2,74,114,2020,7,4,3,3,0,7,1,0,1,0,0,0,0,735112.2697,5369469.5007,12.178800934,48.434431683,0,2,#fc8d62,car
2653,33338,"9,20070700710427E+018",9,7,61,0,2020,7,13,3,3,8,7,0,0,0,0,1,0,0,640477.4311,5360283893,10.897206203,48.380070777,0,4,#e78ac3,marker
2654,33341,"9,20070600858226E+018",9,1,84,135,2020,7,8,2,2,0,7,0,1,0,0,0,0,0,689797.5086,5348162.2737,11.557238263,48.25821967,0,1,#66c2a5,bicycle
2655,33348,"9,20070800117026E+018",9,1,84,135,2020,7,18,4,3,2,6,0,0,1,0,0,0,0,687995.5569,5347234582,11.532572338,48.250418748,0,2,#fc8d62,car
2656,33352,"9,20070700145029E+018",9,1,63,0,2020,7,16,3,2,2,6,0,1,0,0,0,1,0,733576.7414,5305088.0246,12.122755234,47.856636507,0,1,#66c2a5,bicycle
2657,33369,"9,20070800117024E+018",9,1,78,120,2020,7,8,4,3,3,6,0,0,1,0,0,0,0,695002231,5353235024,11.629628958,48.302229631,0,2,#fc8d62,car
2658,33371,"9,20070500711926E+018",9,7,61,0,2020,7,15,1,3,2,6,0,0,1,0,0,0,1,642012.3148,5347465.4922,10.913605873,48.264468642,0,2,#fc8d62,car
2659,33372,"9,20070900140125E+018",9,1,87,122,2020,7,18,5,3,5,3,0,0,1,0,0,0,0,720184.6502,5307541.3682,11.945214221,47.883408972,0,2,#fc8d62,car
2660,33385,"9,20070700857126E+018",9,1,62,0,2020,7,21,3,3,2,6,2,0,1,0,0,0,0,695072.7084,5334070.3117,11.621763724,48.129967242,0,2,#fc8d62,car
2661,33388,"9,20070900120926E+018",9,1,88,121,2020,7,12,5,3,5,2,0,1,1,0,0,0,0,670052.8022,5329311.8484,11.283898241,48.094366475,0,1,#66c2a5,bicycle
2662,33389,"9,20070700121724E+018",9,1,79,142,2020,7,17,3,2,5,3,0,0,1,0,1,0,0,670859.0007,5341472.8619,11.29959837,48.203474864,0,2,#fc8d62,car
2663,33394,"9,2007080014133E+018",9,1,63,0,2020,7,7,4,3,4,6,0,1,0,0,0,0,0,733533.7681,5303192.7038,12.121158811,47.839624452,0,1,#66c2a5,bicycle
2664,33396,"9,20070600121926E+018",9,1,88,141,2020,7,13,2,2,2,6,0,0,1,0,0,0,0,665676.1065,5308995.5987,11.217317763,47.912867925,1,2,#fc8d62,car
2665,33399,"9,20070700711326E+018",9,7,61,0,2020,7,22,3,2,3,6,2,1,1,0,0,0,0,636502.1409,5360775.7008,10.843707338,48.385365703,0,1,#66c2a5,bicycle
2666,33406,"9,20070800852525E+018",9,1,62,0,2020,7,6,4,3,3,2,0,1,1,0,0,0,0,694631.9435,5334166.7469,11.615890332,48.130968887,0,1,#66c2a5,bicycle
2667,33407,"9,20070700120126E+018",9,1,74,151,2020,7,7,3,3,4,7,0,0,1,0,0,0,0,681255.3277,5363108.0649,11.448682871,48.395060512,0,2,#fc8d62,car
2668,33415,"9,20070500852927E+018",9,1,62,0,2020,7,19,1,3,0,1,0,1,0,0,0,0,0,685782556,5328710.0483,11.49469644,48.084566125,0,1,#66c2a5,bicycle
2669,33419,"9,20070800712526E+018",9,7,72,209,2020,7,17,4,3,0,7,0,0,0,0,0,0,1,634362691,5337253.25,10.807346256,48.174305379,0,6,#ffd92f,circle