fid,OBJECTID,UIDENTSTLA,ULAND,UREGBEZ,UKREIS,UGEMEINDE,UJAHR,UMONAT,USTUNDE,UWOCHENTAG,UKATEGORIE,UART,UTYP1,ULICHTVERH,IstRad,IstPKW,IstFuss,IstKrad,IstGkfz,IstSonstig,LINREFX,LINREFY,XGCSWGS84,YGCSWGS84,STRZUSTAND,Teilnehmer,color,symbol
2670,33422,"9,20070600858227E+018",9,1,62,0,2020,7,12,2,3,3,2,0,0,1,0,1,0,0,694987.5617,5333009.1066,11.620135136,48.120455675,0,2,#fc8d62,car
2671,33424,"9,20070500127028E+018",9,1,62,0,2020,7,18,1,3,1,6,0,0,1,0,0,0,0,687328.5789,5333159.6793,11.517389243,48.124108502,0,2,#fc8d62,car
2672,33429,"9,20070800121926E+018",9,1,88,139,2020,7,12,4,2,0,1,0,1,0,0,0,0,0,678984.5285,5319916.1463,11.399819844,48.007460856,0,1,#66c2a5,bicycle
2673,33433,"9,20070500121926E+018",9,1,88,113,2020,7,18,1,3,0,1,0,1,0,0,0,0,0,676847675,5314239515,11.36885735,47.95702549,0,1,#66c2a5,bicycle
2674,33435,"9,20070500121327E+018",9,1,88,124,2020,7,15,1,3,0,1,0,0,0,0,1,0,0,662350.8712,5318329.8462,11.17637116,47.997640417,0,4,#e78ac3,marker
2675,33436,"9,20070600717326E+018",9,7,61,0,2020,7,15,2,3,8,6,0,0,1,0,0,0,1,638358.9948,5362238588,10.869255603,48.398115109,0,2,#fc8d62,car
2676,33438,"9,20070500117026E+018",9,1,62,0,2020,7,5,1,2,3,6,1,0,1,0,0,0,0,694715.4413,5342237.1055,11.620706545,48.20347582,0,2,#fc8d62,car
2677,33442,"9,20070700858228E+018",9,1,62,0,2020,7,21,3,3,3,1,2,1,0,0,0,0,0,688658.0781,5336655.5441,11.53678601,48.155137262,0,1,#66c2a5,bicycle
2678,33444,"9,20070500710126E+018",9,7,71,114,2020,7,18,1,3,0,7,0,1,0,0,0,0,0,644355.0774,5375212.2539,10.954690332,48.513420221,0,1,#66c2a5,bicycle
2679,33446,"9,20070500115026E+018",9,1,78,124,2020,7,2,1,3,5,3,2,0,1,0,0,0,1,705953.2044,5362628.3636,11.781721069,48.383169125,0,2,#fc8d62,car
2680,33450,"9,20070800117026E+018",9,1,78,120,2020,7,8,4,3,1,6,0,0,1,0,0,1,0,694853446,5353574.9543,11.627781687,48.305330503,0,2,#fc8d62,car
2681,33453,"9,20070700141326E+018",9,1,87,142,2020,7,6,3,3,8,1,0,0,1,0,0,0,0,733568.2714,5317238.5652,12.129222506,47.96579909,0,2,#fc8d62,car
2682,33455,"9,20070500110526E+018",9,1,77,119,2020,7,13,1,3,4,6,0,1,0,0,0,0,0,720270.2946,5340352.5937,11.963226312,48.178193754,0,1,#66c2a5,bicycle
2683,33458,"9,20070400858226E+018",9,1,62,0,2020,7,13,7,2,1,5,0,0,0,0,1,0,1,693046.2696,5338864.0769,11.596731982,48.173669996,0,4,#e78ac3,marker
2684,33462,"9,20070700852826E+018",9,1,84,137,2020,7,14,3,3,0,7,0,0,0,0,1,0,0,708290.6683,5313806.6199,11.789345956,47.943681547,0,4,#e78ac3,marker
2685,33463,"9,20070900120126E+018",9,1,74,126,2020,7,9,5,3,4,2,0,0,1,0,0,0,1,683696.5352,5343934.7189,11.473284163,48.222018717,0,2,#fc8d62,car
2686,33464,"9,20070700120126E+018",9,1,74,131,2020,7,17,3,3,2,6,0,0,1,0,0,0,1,679291.4025,5358650.0134,11.420274748,48.35555048,0,2,#fc8d62,car
2687,33466,"9,20070400857126E+018",9,1,62,0,2020,7,13,7,3,3,6,0,0,1,0,1,0,0,690157803,5331935476,11.554824513,48.112266561,0,2,#fc8d62,car
2688,33467,"9,20070900121526E+018",9,1,81,141,2020,7,12,5,3,2,6,0,0,0,0,1,1,0,643801.4969,5320307.2605,10.928528472,48.019862623,0,4,#e78ac3,marker
2689,33470,"9,20070400857126E+018",9,1,62,0,2020,7,23,7,3,0,7,2,1,0,0,0,0,0,692243.3921,5331176.3858,11.582473582,48.104817881,0,1,#66c2a5,bicycle
2690,33473,"9,20070400857126E+018",9,1,62,0,2020,7,11,7,3,3,6,0,0,1,0,1,0,0,690724.7957,5332034.1231,11.562478445,48.112983668,0,2,#fc8d62,car
2691,33477,"9,2007070074013E+018",9,7,77,182,2020,7,15,3,3,5,3,0,0,1,0,0,0,0,626372943,5309946.8696,10.691858996,47.930374032,0,2,#fc8d62,car
2692,33480,"9,20070700110127E+018",9,1,77,138,2020,7,23,3,3,0,7,2,0,0,0,1,0,0,729000.6399,5363068.8813,12.092804881,48.379183972,0,4,#e78ac3,marker
2693,33482,"9,20070400854826E+018",9,1,84,135,2020,7,13,7,3,0,7,0,1,0,0,0,0,0,691204.2262,5347499.0728,11.575872241,48.251836139,0,1,#66c2a5,bicycle
2694,33491,"9,20070600117526E+018",9,1,75,132,2020,7,6,2,3,2,6,0,0,1,0,0,0,0,708723.3802,5336900.7035,11.806394186,48.151072277,0,2,#fc8d62,car
2695,33494,"9,2007070071073E+018",9,7,61,0,2020,7,8,3,3,7,6,0,0,0,0,1,0,0,644043.6193,5357584.2613,10.944415968,48.354993144,0,4,#e78ac3,marker
2696,33495,"9,20070800740726E+018",9,7,77,158,2020,7,14,4,3,2,6,0,0,1,0,0,0,0,619838.7511,5308010.9694,10.603878394,47.914218188,0,2,#fc8d62,car
2697,33496,"9,20070600858227E+018",9,1,62,0,2020,7,8,2,3,0,1,0,1,0,0,0,0,0,688073.4699,5334992.5078,11.528198323,48.140362743,0,1,#66c2a5,bicycle
2698,33498,"9,20070400854126E+018",9,1,62,0,2020,7,10,7,3,6,2,0,0,1,1,0,0,0,686232.3473,5331793.9105,11.502075776,48.112154028,0,2,#fc8d62,car
2699,33503,"9,20070800117531E+018",9,1,75,111,2020,7,6,4,3,2,6,0,0,1,0,0,0,0,712307.3973,5338213.1818,11.855176436,48.161679794,0,2,#fc8d62,car
2700,33508,"9,20070400852824E+018",9,1,84,136,2020,7,18,7,3,6,7,0,1,0,1,0,0,0,699778.1028,5327561.4523,11.681886362,48.070011767,0,1,#66c2a5,bicycle
2701,33512,"9,20070400852326E+018",9,1,62,0,2020,7,13,7,3,3,2,0,1,0,0,0,0,0,691772.7264,5331936.5149,11.576499286,48.111791705,0,1,#66c2a5,bicycle
2702,33513,"9,20070800711926E+018",9,7,72,186,2020,7,23,4,3,8,1,2,0,1,0,0,0,0,637624.5488,5343905.5352,10.853356277,48.233425722,0,2,#fc8d62,car
2703,33521,"9,20070800117026E+018",9,1,78,120,2020,7,3,4,3,8,1,2,0,1,0,0,0,0,694714.8249,5353894.1627,11.626061566,48.308241986,0,2,#fc8d62,car
2704,33522,"9,20070500717327E+018",9,7,72,223,2020,7,12,1,3,8,1,0,0,1,0,0,0,0,620644.2457,5363104.1531,10.630283038,48.409537834,0,2,#fc8d62,car
2705,33523,"9,20070900140128E+018",9,1,87,122,2020,7,18,5,3,5,7,0,1,1,0,0,0,0,717675.1438,5307168.5895,11.911504008,47.880914957,0,1,#66c2a5,bicycle
2706,33537,"9,20070700857126E+018",9,1,84,121,2020,7,19,3,2,0,7,0,1,0,0,0,0,0,705830.9795,5330937.9856,11.764672429,48.098430889,0,1,#66c2a5,bicycle
2707,33539,"9,20070900121324E+018",9,1,88,124,2020,7,20,5,3,8,2,1,0,1,0,0,0,0,663373.4308,5320825.9076,11.191019356,48.019821033,0,2,#fc8d62,car
2708,33544,"9,2007080014153E+018",9,1,87,124,2020,7,18,4,3,5,3,0,0,1,0,0,0,0,735917.7459,5328249.3539,12.166707045,48.063852416,0,2,#fc8d62,car
2709,33547,"9,20070900210934E+018",9,2,74,146,2020,7,6,5,2,2,2,0,0,1,0,0,0,0,734168.3891,5377006.2544,12.170278057,48.502483555,0,2,#fc8d62,car
2710,33549,"9,20070700715024E+018",9,7,61,0,2020,7,19,3,3,0,1,0,0,0,0,1,0,0,641018.2966,5357026.5423,10.903414574,48.350661194,0,4,#e78ac3,marker
2711,33551,"9,20070600858227E+018",9,1,62,0,2020,7,9,2,3,2,6,0,0,1,0,0,0,0,691943.59,5331723.8976,11.578696785,48.109829256,0,2,#fc8d62,car
2712,33554,"9,20070800854426E+018",9,1,62,0,2020,7,7,4,3,5,2,0,1,1,0,0,0,0,688077.2494,5340214.0327,11.530557988,48.187293486,0,1,#66c2a5,bicycle
2713,33555,"9,20070700120126E+018",9,1,74,122,2020,7,9,3,2,0,1,0,1,0,0,0,0,0,684539.7232,5353159.2467,11.488649845,48.304686766,0,1,#66c2a5,bicycle
2714,33563,"9,20070500858227E+018",9,1,62,0,2020,7,16,1,3,2,6,0,0,1,0,0,0,0,698063.3525,5333333.3738,11.661570677,48.12242066,0,2,#fc8d62,car
2715,33565,"9,20070700210926E+018",9,2,74,121,2020,7,20,3,2,0,1,0,0,0,0,1,0,0,725276.3212,5370663.6098,12.046657369,48.44875411,0,4,#e78ac3,marker
2716,33567,"9,20070800717326E+018",9,7,72,209,2020,7,9,4,3,8,7,0,0,1,0,0,0,0,636518.0945,5336307.5368,10.836020117,48.165341844,0,2,#fc8d62,car
2717,33568,"9,20070600852326E+018",9,1,62,0,2020,7,15,2,3,3,6,0,1,1,0,0,0,0,691804.5991,5331852.2673,11.576889169,48.111024898,0,1,#66c2a5,bicycle
2718,33574,"9,20071300140725E+018",9,1,82,120,2020,7,14,2,2,5,3,0,0,1,0,0,0,0,703235834,5305615.69,11.717873945,47.871691581,0,2,#fc8d62,car
2719,33585,"9,20071400210927E+018",9,2,61,0,2020,7,17,3,3,2,6,0,0,1,0,0,0,0,726842.6881,5380126.8837,12.072946911,48.533204844,0,2,#fc8d62,car
2720,33588,"9,20071200161724E+018",9,1,90,138,2020,7,11,1,2,3,6,0,1,0,0,0,0,0,660977.2999,5310805.6058,11.155154345,47.930338288,0,1,#66c2a5,bicycle
2721,33592,"9,2007130012093E+018",9,1,79,145,2020,7,15,2,3,1,6,0,1,1,0,0,0,0,676056.8388,5338682.8183,11.368338568,48.176974506,0,1,#66c2a5,bicycle
2722,33593,"9,20071400131326E+018",9,1,86,128,2020,7,17,3,3,3,2,0,0,1,0,0,0,1,673549.5193,5381581.5809,11.352342967,48.563284244,0,2,#fc8d62,car
2723,33595,"9,20071100210929E+018",9,2,61,0,2020,7,12,7,3,4,2,0,0,1,0,0,0,0,731872.3964,5383860.0513,12.143054911,48.564901347,0,2,#fc8d62,car
2724,33597,"9,20071300710136E+018",9,7,71,113,2020,7,12,2,2,0,1,0,0,1,0,0,0,0,654524979,5364241793,11.088255554,48.412370664,0,2,#fc8d62,car
2725,33598,"9,20071100210927E+018",9,2,74,126,2020,7,18,7,3,0,1,0,1,0,0,0,0,0,733227.7719,5383666.1415,12.161289449,48.562656857,0,1,#66c2a5,bicycle
2726,33601,"9,20071100161926E+018",9,1,73,147,2020,7,15,7,3,0,1,0,0,0,0,1,0,0,681005137,5310694521,11.423004744,47.923997104,1,4,#e78ac3,marker
2727,33607,"9,20071300120126E+018",9,1,74,115,2020,7,12,2,3,5,2,0,1,1,0,0,0,0,681426.6896,5346895.7738,11.444020108,48.249287663,0,1,#66c2a5,bicycle
2728,33608,"9,20071400117527E+018",9,1,75,132,2020,7,18,3,3,2,6,0,0,1,0,0,0,0,707094.1822,5336530.2917,11.784335507,48.148276154,0,2,#fc8d62,car
2729,33614,"9,20071100140726E+018",9,1,82,127,2020,7,8,7,3,6,2,0,0,1,1,0,0,0,699928.3074,5309619.6202,11.675546834,47.908715141,1,2,#fc8d62,car
2730,33620,"9,20071300851527E+018",9,1,62,0,2020,7,17,2,3,2,6,0,0,1,0,0,0,0,687861.7516,5331605.9796,11.523862513,48.109986338,0,2,#fc8d62,car
2731,33626,"9,20071400110727E+018",9,1,78,124,2020,7,16,3,3,2,6,0,0,1,0,1,0,0,702320.3055,5364232.4314,11.733484165,48.398759203,0,2,#fc8d62,car
2732,33628,"9,20071100120536E+018",9,1,79,121,2020,7,18,7,3,5,3,0,1,1,0,0,0,0,667484.8209,5339058.7485,11.25326978,48.182671336,0,1,#66c2a5,bicycle
2733,33631,"9,20071100120527E+018",9,1,79,130,2020,7,11,7,2,8,1,0,0,1,0,0,0,0,656995.0816,5335254.5479,11.110843479,48.151147439,1,2,#fc8d62,car
2734,33632,"9,20071100117526E+018",9,1,75,118,2020,7,16,7,3,8,6,0,0,1,0,0,0,0,714826.5175,5339170.1392,11.889493268,48.169432436,0,2,#fc8d62,car
2735,33634,"9,20071400161929E+018",9,1,84,144,2020,7,20,3,2,8,7,0,1,0,0,0,0,0,685133.9986,5316476.7826,11.480709977,47.97479389,0,1,#66c2a5,bicycle
2736,33637,"9,20071100117026E+018",9,1,78,120,2020,7,2,7,3,3,6,2,0,1,0,0,1,0,693592.0841,5354226696,11.611088441,48.311575174,1,2,#fc8d62,car
2737,33641,"9,20071100115027E+018",9,1,77,120,2020,7,20,7,3,0,1,0,1,0,0,0,0,0,721661.1903,5361978.1082,11.993248779,48.372004825,1,1,#66c2a5,bicycle
2738,33642,"9,20071000858226E+018",9,1,84,114,2020,7,16,6,3,2,6,0,0,1,0,0,0,0,696917.3509,5319916776,11.640010615,48.002194387,0,2,#fc8d62,car
2739,33645,"9,20071000858225E+018",9,1,84,148,2020,7,15,6,3,2,6,0,0,1,0,1,0,0,693983.2599,5327826.4012,11.604299266,48.07418172,0,2,#fc8d62,car
2740,33648,"9,20071000858224E+018",9,1,84,138,2020,7,7,6,2,5,3,0,0,0,0,1,0,1,680867397,5330718.38,11.429608616,48.10403234,0,4,#e78ac3,marker
2741,33651,"9,20071000852127E+018",9,1,62,0,2020,7,7,6,3,2,6,0,0,1,0,0,0,0,695022.8223,5333226.1806,11.620707736,48.122395845,0,2,#fc8d62,car
2742,33656,"9,20071200141324E+018",9,1,87,177,2020,7,13,1,2,6,6,0,1,0,1,0,0,0,735761.6367,5304481.8766,12.15158994,47.850393261,0,1,#66c2a5,bicycle
2743,33666,"9,20071000711326E+018",9,7,61,0,2020,7,7,6,3,7,7,0,1,0,0,0,0,0,636993.3329,5359538.5774,10.849934941,48.374135136,0,1,#66c2a5,bicycle
2744,33670,"9,20071000710434E+018",9,7,61,0,2020,7,21,6,3,4,2,2,0,1,0,0,0,0,640516.3553,5360246.1939,10.897718986,48.379723132,1,2,#fc8d62,car
2745,33671,"9,20071300120727E+018",9,1,88,120,2020,7,10,2,3,5,3,0,0,1,0,1,0,0,677259.5509,5326487.7812,11.379432187,48.067016383,0,2,#fc8d62,car
2746,33672,"9,20071400120528E+018",9,1,79,121,2020,7,17,3,3,0,1,0,1,0,0,0,0,0,667499979,5339021.9439,11.253459037,48.182336468,0,1,#66c2a5,bicycle
2747,33675,"9,20071200120126E+018",9,1,74,113,2020,7,16,1,3,8,1,0,1,0,0,0,0,0,669867606,5348878276,11.289235753,48.270312868,0,1,#66c2a5,bicycle
2748,33677,"9,20071300121924E+018",9,1,88,139,2020,7,15,2,3,5,3,0,1,1,0,0,0,0,675178.9706,5320399.8174,11.349037476,48.012863124,0,1,#66c2a5,bicycle
2749,33679,"9,20071200120124E+018",9,1,74,131,2020,7,15,1,2,4,6,0,1,0,0,0,0,0,670641.8031,5363227.9397,11.305471847,48.399099448,0,1,#66c2a5,bicycle
2750,33684,"9,20071300712326E+018",9,7,72,217,2020,7,15,2,3,2,6,0,0,1,0,0,0,0,636397.7055,5380406.3731,10.848701155,48.561902785,0,2,#fc8d62,car
2751,33689,"9,20071200117026E+018",9,1,78,120,2020,7,3,1,3,9,1,2,0,1,0,0,0,0,694320.4165,5354596.1603,11.621071394,48.31467231,0,2,#fc8d62,car
2752,33691,"9,20071300110126E+018",9,1,77,137,2020,7,19,2,3,8,1,0,1,0,0,0,0,0,734667.63,5349197.8575,12.161505892,48.252499602,0,1,#66c2a5,bicycle
2753,33692,"9,20071400117024E+018",9,1,84,135,2020,7,18,3,3,2,6,0,0,1,0,0,1,0,688099575,5347546138,11.534110636,48.253188148,0,2,#fc8d62,car
2754,33693,"9,20071200110126E+018",9,1,77,137,2020,7,23,1,3,8,1,2,0,1,0,0,0,1,734997.5464,5349290.1221,12.165994789,48.2532062,0,2,#fc8d62,car
2755,33703,"9,20071300161724E+018",9,1,90,144,2020,7,13,2,2,0,7,0,1,0,0,0,0,0,657498.8306,5309068.2419,11.10798277,47.915581542,0,1,#66c2a5,bicycle
2756,33704,"9,20071100858227E+018",9,1,62,0,2020,7,10,7,3,5,2,0,1,1,0,0,0,0,688384.7204,5334058.9466,11.531965245,48.131879655,1,1,#66c2a5,bicycle
2757,33707,"9,20071300858227E+018",9,1,62,0,2020,7,21,2,2,5,3,2,1,0,0,0,0,1,687794.3423,5335017202,11.524460789,48.140667143,0,1,#66c2a5,bicycle
2758,33708,"9,20071100858225E+018",9,1,62,0,2020,7,12,7,3,0,7,0,0,0,0,0,0,1,685779701,5328688.0721,11.494648583,48.084369424,0,6,#ffd92f,circle
2759,33716,"9,20071100857126E+018",9,1,62,0,2020,7,13,7,3,5,2,0,0,1,0,0,0,0,691759.6585,5331906.8932,11.576310584,48.111529402,1,2,#fc8d62,car
2760,33722,"9,20071100854427E+018",9,1,62,0,2020,7,22,7,3,5,3,2,0,1,0,1,0,0,684576.9289,5342930.9159,11.48468932,48.212740653,1,2,#fc8d62,car
2761,33727,"9,20071300851524E+018",9,1,62,0,2020,7,9,2,3,3,6,0,0,1,0,1,0,0,688101.6895,5333843.9384,11.528070124,48.130030824,0,2,#fc8d62,car
2762,33755,"9,20071400210948E+018",9,2,61,0,2020,7,18,3,3,9,7,0,0,1,0,0,0,0,734972.9236,5381195.8456,12.183512527,48.539816143,0,2,#fc8d62,car
2763,33758,"9,20071100750127E+018",9,7,78,203,2020,7,11,7,3,0,7,0,0,0,0,1,0,1,620876956,5322385235,10.621812477,48.043300011,1,4,#e78ac3,marker
2764,33762,"9,20071300121524E+018",9,1,81,146,2020,7,8,2,3,2,6,0,1,1,0,0,0,0,646330.0186,5324611.2564,10.963889014,48.057989345,0,1,#66c2a5,bicycle
2765,33763,"9,20071400131326E+018",9,1,86,143,2020,7,17,3,3,0,2,0,0,1,0,1,0,0,685310.9908,5377409.7257,11.509751458,48.522423004,0,2,#fc8d62,car
2766,33767,"9,20071300711327E+018",9,7,72,202,2020,7,16,2,3,2,6,0,0,1,0,0,0,0,634622.2345,5359016.5249,10.817765785,48.369951106,0,2,#fc8d62,car
2767,33776,"9,20071100712127E+018",9,7,71,130,2020,7,8,7,3,0,1,0,0,0,0,1,0,0,645602.4753,5357726297,10.965494987,48.355912722,1,4,#e78ac3,marker
2768,33778,"9,20071300120127E+018",9,1,74,126,2020,7,10,2,3,2,6,0,0,1,0,0,0,0,683501.9806,5344104.5883,11.470740741,48.223601881,0,2,#fc8d62,car
2769,33779,"9,20071400120126E+018",9,1,74,113,2020,7,10,3,3,5,3,0,1,1,0,0,0,0,677968.7235,5346940.2093,11.397498888,48.250667432,0,1,#66c2a5,bicycle
2770,33780,"9,20071100710726E+018",9,7,61,0,2020,7,18,7,3,0,7,0,1,0,0,0,0,0,643993.2242,5357576.1702,10.943733333,48.354931887,0,1,#66c2a5,bicycle
2771,33793,"9,20071300854426E+018",9,1,62,0,2020,7,20,2,3,0,7,0,1,0,0,0,0,0,685217.0884,5341558.9159,11.492699543,48.200222162,0,1,#66c2a5,bicycle
2772,33799,"9,20071200852927E+018",9,1,62,0,2020,7,17,1,3,0,1,0,1,0,0,0,0,0,685833849,5328877.0629,11.495457188,48.086052388,0,1,#66c2a5,bicycle
2773,33800,"9,20071400111324E+018",9,1,75,132,2020,7,17,3,3,0,7,0,0,0,0,1,0,0,707925361,5330111.4704,11.7923667,48.090323634,0,4,#e78ac3,marker
2774,33823,"9,20071300121927E+018",9,1,88,139,2020,7,17,2,3,5,2,0,0,1,0,0,0,0,669684.3369,5319007.7116,11.274868407,48.001830515,0,2,#fc8d62,car
2775,33824,"9,20071400137028E+018",9,1,86,162,2020,7,18,3,3,2,6,0,0,1,0,0,0,0,690886.2045,5384156.1415,11.588272736,48.581383785,0,2,#fc8d62,car
2776,33827,"9,20071300140128E+018",9,1,87,122,2020,7,14,2,3,5,2,0,0,1,0,0,0,1,719796.57,5313824757,11.943232783,47.940001042,0,2,#fc8d62,car
2777,33833,"9,20071000131329E+018",9,1,86,143,2020,7,11,6,3,2,6,0,0,1,0,0,0,0,687975241,5382487.1189,11.548088908,48.567263741,0,2,#fc8d62,car
2778,33840,"9,20071000127026E+018",9,1,88,145,2020,7,15,6,3,2,6,0,0,1,0,0,0,0,663716.7246,5328027.4554,11.198375184,48.084478553,0,2,#fc8d62,car
2779,33844,"9,20071000127026E+018",9,1,81,130,2020,7,1,6,3,8,1,2,0,1,0,0,0,0,637180.4373,5323514.2138,10.840808981,48.050157105,0,2,#fc8d62,car
2780,33845,"9,20071300120927E+018",9,1,88,121,2020,7,21,2,3,4,2,2,0,1,0,1,0,0,670044.3408,5329307324,11.283782891,48.094328059,0,2,#fc8d62,car
2781,33846,"9,20071400121926E+018",9,1,88,113,2020,7,16,3,2,4,6,0,1,0,0,0,0,0,676043.6749,5315599.2588,11.35865402,47.969470603,0,1,#66c2a5,bicycle
2782,33848,"9,20071000121327E+018",9,1,88,124,2020,7,18,6,3,2,6,0,0,1,0,0,0,0,661466.5185,5316892.9494,11.163984454,47.984945533,0,2,#fc8d62,car
2783,33851,"9,20071000117024E+018",9,1,78,124,2020,7,22,6,3,0,1,2,0,0,0,1,0,0,705908489,5362721986,11.781163725,48.384025008,1,4,#e78ac3,marker
2784,33853,"9,20071000111331E+018",9,1,75,135,2020,7,8,6,3,3,6,0,0,1,0,0,0,0,708766.3049,5339415.0586,11.808204559,48.173652483,0,2,#fc8d62,car
2785,33855,"9,2007100011133E+018",9,1,75,133,2020,7,13,6,2,5,3,0,1,1,0,0,0,0,706531.5695,5340981.6142,11.778942417,48.188460141,0,1,#66c2a5,bicycle
2786,33857,"9,20071000111327E+018",9,1,75,133,2020,7,8,6,3,5,3,0,0,1,0,0,0,0,708587376,5341471592,11.80681024,48.192191434,0,2,#fc8d62,car
2787,33859,"9,20071300712727E+018",9,7,72,223,2020,7,7,2,3,2,6,0,0,1,0,1,1,0,618060.8767,5365609.2059,10.596093142,48.432555093,0,2,#fc8d62,car
2788,33860,"9,20071000110126E+018",9,1,77,122,2020,7,12,6,2,6,4,0,0,1,1,0,0,0,728603.98,5358359044,12.084897767,48.33701668,0,2,#fc8d62,car
2789,33861,"9,20070900858227E+018",9,1,62,0,2020,7,17,5,3,5,3,0,1,1,0,0,0,0,698130.86,5333312284,11.662467024,48.122210117,0,1,#66c2a5,bicycle
2790,33862,"9,20070900858227E+018",9,1,62,0,2020,7,15,5,3,2,6,0,0,1,0,0,0,0,688767.3973,5338675.1764,11.539150826,48.173257454,0,2,#fc8d62,car
2791,33865,"9,20070900858227E+018",9,1,62,0,2020,7,18,5,3,4,2,0,1,1,0,0,0,0,685145.2146,5331930.2112,11.487543373,48.113696121,0,1,#66c2a5,bicycle
2792,33866,"9,20071300117527E+018",9,1,84,112,2020,7,4,2,3,2,6,2,0,1,0,0,0,0,702347.7464,5340244.6584,11.722363486,48.183183803,0,2,#fc8d62,car
2793,33867,"9,20071400117526E+018",9,1,75,132,2020,7,16,3,3,2,6,0,0,1,0,0,0,0,708031.5985,5336814.0717,11.797062,48.150520407,0,2,#fc8d62,car
2794,33869,"9,20070900855124E+018",9,1,62,0,2020,7,17,5,3,5,3,0,0,1,0,0,0,0,686184937,5335220728,11.502936546,48.142969485,0,2,#fc8d62,car
2795,33872,"9,20070900854328E+018",9,1,62,0,2020,7,16,5,3,2,6,0,0,1,0,0,0,0,690242.9704,5339034.1931,11.559139289,48.176044302,0,2,#fc8d62,car
2796,33873,"9,20070900852127E+018",9,1,62,0,2020,7,11,5,3,1,6,0,0,1,0,0,0,0,694730044,5332184583,11.61630198,48.113123984,0,2,#fc8d62,car
2797,33877,"9,20071300161924E+018",9,1,73,120,2020,7,9,2,3,9,1,0,0,1,0,0,0,0,683818255,5308066653,11.459506339,47.899574729,0,2,#fc8d62,car
2798,33881,"9,20071400110541E+018",9,1,77,126,2020,7,16,3,3,4,2,0,0,1,0,0,0,0,719081.3794,5370487.1354,11.962902336,48.449354978,0,2,#fc8d62,car
2799,33890,"9,20071400160927E+018",9,1,73,118,2020,7,17,3,3,5,3,0,0,1,0,0,0,0,687308.8926,5306754.5144,11.505596236,47.886770787,0,2,#fc8d62,car
2800,33895,"9,20071200712526E+018",9,7,72,157,2020,7,11,1,3,2,6,0,0,0,0,1,0,0,627230935,5334921.6656,10.710763252,48.154805661,0,4,#e78ac3,marker
2801,33897,"9,20070900740726E+018",9,7,62,0,2020,7,16,5,3,0,1,0,1,0,0,0,0,0,621437.5716,5304317.8268,10.624228138,47.880702273,0,1,#66c2a5,bicycle
2802,33898,"9,20070900740724E+018",9,7,77,158,2020,7,6,5,3,4,6,0,0,1,0,0,0,0,619349.86,5311551.1935,10.598318917,47.946149419,0,2,#fc8d62,car
2803,33899,"9,20071400211524E+018",9,2,74,114,2020,7,17,3,3,0,1,0,0,0,0,1,0,0,734237.0918,5372043415,12.168426376,48.457878499,0,4,#e78ac3,marker
2804,33904,"9,20071300851526E+018",9,1,62,0,2020,7,6,2,3,5,2,0,1,1,0,0,0,0,689690217,5331900796,11.54853339,48.112094285,0,1,#66c2a5,bicycle
2805,33908,"9,20070900715025E+018",9,7,61,0,2020,7,15,5,3,0,1,0,1,0,0,0,0,0,641488.3613,5357827.1924,10.910024835,48.357755206,0,1,#66c2a5,bicycle
2806,33910,"9,20070900712326E+018",9,7,72,171,2020,7,6,5,2,4,6,0,1,0,0,0,1,0,637400.7496,5372242.9232,10.859598625,48.488281184,0,1,#66c2a5,bicycle
2807,33911,"9,20071300131329E+018",9,1,86,143,2020,7,17,2,3,0,1,0,1,0,0,0,0,0,684656.4982,5377291.7121,11.500843928,48.521555156,0,1,#66c2a5,bicycle
2808,33915,"9,20070900712129E+018",9,7,71,130,2020,7,14,5,3,5,3,0,0,1,0,0,0,1,647083.4464,5357357.6423,10.985345443,48.352254841,0,2,#fc8d62,car
2809,33917,"9,20070900711927E+018",9,7,72,163,2020,7,16,5,3,3,2,0,1,1,0,0,0,0,639612.8083,5346119.6738,10.880846839,48.252900539,0,1,#66c2a5,bicycle
2810,33920,"9,20070900711927E+018",9,7,72,163,2020,7,17,5,3,5,2,0,0,1,0,0,0,0,640442984,5345905168,10.891953372,48.25078829,0,2,#fc8d62,car
2811,33921,"9,20070900710627E+018",9,7,61,0,2020,7,14,5,3,3,1,0,0,1,0,0,0,0,641861.4631,5359690.4311,10.915687034,48.374424946,0,2,#fc8d62,car
2812,33923,"9,20070900710127E+018",9,7,71,156,2020,7,17,5,3,5,2,0,0,1,0,0,0,1,654490.0284,5383253.2432,11.09481683,48.583299863,0,2,#fc8d62,car
2813,33933,"9,20071300121526E+018",9,1,81,113,2020,7,12,2,3,0,7,0,0,0,0,1,0,0,638404.6538,5308600.1229,10.852421508,47.915777921,0,4,#e78ac3,marker
2814,33943,"9,20071300210924E+018",9,2,61,0,2020,7,14,2,3,5,3,0,1,1,0,0,0,0,734125.6703,5381567.1052,12.172260536,48.543467647,0,1,#66c2a5,bicycle
2815,33946,"9,20071200858227E+018",9,1,62,0,2020,7,9,1,3,5,2,0,1,1,0,0,0,0,682925.6427,5338836.7909,11.460718076,48.176418417,0,1,#66c2a5,bicycle
2816,33947,"9,20071400111327E+018",9,1,75,127,2020,7,15,3,2,0,1,0,1,0,0,0,0,0,712750.3655,5341915.6575,11.86297919,48.194800963,0,1,#66c2a5,bicycle