fid,OBJECTID,UIDENTSTLA,ULAND,UREGBEZ,UKREIS,UGEMEINDE,UJAHR,UMONAT,USTUNDE,UWOCHENTAG,UKATEGORIE,UART,UTYP1,ULICHTVERH,IstRad,IstPKW,IstFuss,IstKrad,IstGkfz,IstSonstig,LINREFX,LINREFY,XGCSWGS84,YGCSWGS84,STRZUSTAND,Teilnehmer,color,symbol
2817,33951,"9,20071300120127E+018",9,1,74,126,2020,7,15,2,3,2,6,0,0,1,0,0,0,0,683842.5238,5343804.0858,11.475191203,48.220802246,0,2,#fc8d62,car
2818,33952,"9,20071400120129E+018",9,1,74,111,2020,7,10,3,3,0,6,0,0,1,0,0,1,0,670367.5709,5363517.2973,11.301887337,48.401774723,0,2,#fc8d62,car
2819,33964,"9,20071300858225E+018",9,1,62,0,2020,7,14,2,3,0,7,0,1,0,0,0,0,1,693922.5374,5340071.2424,11.609057144,48.184252718,0,1,#66c2a5,bicycle
2820,33999,"9,20071300740727E+018",9,7,62,0,2020,7,14,2,2,4,6,0,0,1,0,0,0,0,623154.8156,5306237.9084,10.647734339,47.897643656,0,2,#fc8d62,car
2821,34005,"9,2007180074014E+018",9,7,77,121,2020,7,11,7,3,5,3,0,0,1,0,1,0,0,627227657,5321323637,10.706666539,48.032518783,0,2,#fc8d62,car
2822,34009,"9,20071900852829E+018",9,1,84,137,2020,7,14,1,3,6,4,0,1,0,1,0,0,0,707510.4725,5316790.1794,11.780349892,47.970746928,0,1,#66c2a5,bicycle
2823,34019,"9,20071500717326E+018",9,7,72,223,2020,7,18,4,3,8,1,0,0,1,0,0,0,0,616221.0144,5362647.1277,10.570408502,48.406258956,1,2,#fc8d62,car
2824,34022,"9,20072000131327E+018",9,1,86,143,2020,7,16,2,3,2,6,0,0,1,0,0,0,0,685312.7832,5380194.3647,11.51101382,48.547449978,0,2,#fc8d62,car
2825,34024,"9,20071500712528E+018",9,7,72,151,2020,7,16,4,3,2,6,0,0,1,0,0,0,0,632235585,5343098374,10.780569651,48.227314019,0,2,#fc8d62,car
2826,34025,"9,20071700127027E+018",9,1,62,0,2020,7,11,6,3,3,6,0,0,1,0,0,1,0,683580.3087,5342561.8962,11.471126578,48.209712784,0,2,#fc8d62,car
2827,34027,"9,20071800160927E+018",9,1,73,126,2020,7,15,7,3,4,2,0,0,1,0,0,0,0,685627628,5303802232,11.481859889,47.860721301,0,2,#fc8d62,car
2828,34033,"9,20071500712141E+018",9,7,71,130,2020,7,10,4,2,5,3,0,0,1,0,0,1,0,645613227,5357728468,10.965640788,48.355929763,0,2,#fc8d62,car
2829,34035,"9,20071700740736E+018",9,7,62,0,2020,7,11,6,3,5,3,0,1,1,0,0,0,0,622498.4634,5306714.2557,10.639091743,47.902053414,0,1,#66c2a5,bicycle
2830,34038,"9,20071900121924E+018",9,1,88,118,2020,7,12,1,2,5,3,0,1,1,0,0,0,0,671546.5306,5312671.0507,11.297283706,47.944367107,0,1,#66c2a5,bicycle
2831,34039,"9,20071500712128E+018",9,7,71,122,2020,7,7,4,3,5,3,0,0,1,0,0,0,0,655830806,5358905631,11.103910894,48.364074376,0,2,#fc8d62,car
2832,34042,"9,20072000121527E+018",9,1,81,141,2020,7,14,2,3,0,3,0,0,1,0,1,0,0,643875.8526,5320130662,10.929465798,48.018257901,0,2,#fc8d62,car
2833,34044,"9,20071500710434E+018",9,7,61,0,2020,7,17,4,3,0,7,0,1,0,1,0,0,0,640279.8185,5360503.4368,10.894612163,48.382088811,0,1,#66c2a5,bicycle
2834,34045,"9,20071700120127E+018",9,1,74,131,2020,7,14,6,3,2,6,0,0,1,0,0,0,0,676988.4064,5356814.3568,11.388443039,48.339699759,0,2,#fc8d62,car
2835,34057,"9,20072000110334E+018",9,1,75,137,2020,7,7,2,3,3,2,0,1,1,0,0,0,0,727734.3734,5330112.6377,12.058019882,48.083565914,0,1,#66c2a5,bicycle
2836,34058,"9,2007170071073E+018",9,7,61,0,2020,7,13,6,3,5,3,0,0,1,0,0,0,1,642778.0027,5359790.6965,10.928090706,48.375119772,0,2,#fc8d62,car
2837,34061,"9,20071900110325E+018",9,1,75,112,2020,7,14,1,3,4,6,0,0,1,0,1,0,0,723190746,5319975.82,11.991812608,47.994095039,0,2,#fc8d62,car
2838,34065,"9,20072000120127E+018",9,1,74,113,2020,7,17,2,3,2,6,0,0,1,0,0,0,0,677279.7985,5351339.7232,11.390070962,48.290407424,0,2,#fc8d62,car
2839,34069,"9,2007160085823E+018",9,1,62,0,2020,7,16,5,3,3,6,0,0,1,0,0,0,0,692831.5398,5339012.1345,11.593913813,48.175065877,1,2,#fc8d62,car
2840,34071,"9,20071800121329E+018",9,1,88,132,2020,7,22,7,3,0,1,2,1,0,0,0,0,0,663455.9136,5323023.3142,11.192963088,48.039555819,0,1,#66c2a5,bicycle
2841,34080,"9,2007170021093E+018",9,2,61,0,2020,7,19,6,3,5,3,0,1,1,0,0,0,0,731415.6741,5381103.9567,12.135342134,48.540312554,0,1,#66c2a5,bicycle
2842,34081,"9,20071900857125E+018",9,1,62,0,2020,7,11,1,3,5,3,0,0,1,0,0,0,1,693378.1481,5337427.9068,11.600538359,48.160661319,0,2,#fc8d62,car
2843,34092,"9,20071800110127E+018",9,1,77,123,2020,7,15,7,3,8,1,0,0,0,0,1,0,0,724863.0349,5339108.8614,12.024264842,48.165411224,0,4,#e78ac3,marker
2844,34099,"9,20071800710728E+018",9,7,61,0,2020,7,19,7,3,0,3,0,1,1,0,0,0,0,643486.8672,5360894335,10.938034396,48.38488228,0,1,#66c2a5,bicycle
2845,34112,"9,20071900125029E+018",9,1,79,121,2020,7,12,1,3,4,2,0,0,1,0,0,0,0,667972.9883,5338395.2717,11.259569821,48.176577865,0,2,#fc8d62,car
2846,34116,"9,20072000127027E+018",9,1,88,121,2020,7,20,2,3,5,1,0,0,1,0,0,0,0,670105.1885,5329183.8198,11.284550225,48.093201532,0,2,#fc8d62,car
2847,34117,"9,20071700857124E+018",9,1,84,140,2020,7,16,6,3,2,6,0,0,1,0,0,0,0,701248.3274,5328702.5787,11.702137774,48.079804979,0,2,#fc8d62,car
2848,34128,"9,20071900712136E+018",9,7,71,130,2020,7,20,1,3,8,1,0,0,1,0,0,0,0,644481.0158,5361532.6234,10.951673503,48.390394439,0,2,#fc8d62,car
2849,34135,"9,2007190012013E+018",9,1,74,126,2020,7,13,1,3,5,3,0,0,1,0,0,0,0,684250.9138,5344656.8923,11.481054938,48.228349143,0,2,#fc8d62,car
2850,34139,"9,20072000121324E+018",9,1,88,144,2020,7,11,2,3,3,6,0,1,0,0,0,0,1,668837827,5325005.65,11.265892533,48.05597672,0,1,#66c2a5,bicycle
2851,34142,"9,20071700117524E+018",9,1,84,129,2020,7,5,6,3,8,1,1,0,0,0,0,0,1,701313.5266,5326467.9968,11.701959985,48.059702081,1,6,#ffd92f,circle
2852,34147,"9,20071700120924E+018",9,1,79,123,2020,7,13,6,3,8,1,0,0,0,0,1,0,0,676323.0194,5334710.9806,11.370269906,48.141196965,0,4,#e78ac3,marker
2853,34151,"9,20071700710125E+018",9,7,71,113,2020,7,16,6,3,5,3,0,0,1,0,0,0,0,657316.3272,5372189538,11.12893691,48.483132484,0,2,#fc8d62,car
2854,34154,"9,20071800857127E+018",9,1,84,138,2020,7,11,7,2,1,2,0,1,1,0,0,0,0,678991.9504,5331006.0388,11.404559365,48.107147815,0,1,#66c2a5,bicycle
2855,34158,"9,20072000120124E+018",9,1,74,115,2020,7,4,2,3,5,3,1,0,1,0,0,0,0,683265.9354,5348453.1917,11.469447477,48.262757293,0,2,#fc8d62,car
2856,34162,"9,20071600858227E+018",9,1,84,120,2020,7,14,5,2,2,6,0,0,1,0,1,0,0,681993348,5332618.6396,11.445530219,48.120792759,0,2,#fc8d62,car
2857,34164,"9,20071800120127E+018",9,1,74,118,2020,7,12,7,2,5,3,0,0,1,0,0,0,0,668683.6427,5354879.0571,11.275690501,48.324574048,0,2,#fc8d62,car
2858,34180,"9,20071900858228E+018",9,1,84,121,2020,7,20,1,2,4,6,0,1,0,0,0,0,0,702596.2523,5329652.7545,11.720665733,48.087917285,0,1,#66c2a5,bicycle
2859,34187,"9,20071700858224E+018",9,1,62,0,2020,7,14,6,3,5,3,0,0,0,1,0,1,0,687894.4099,5329439.9868,11.523347283,48.090508132,0,3,#8da0cb,toilet
2860,34205,"9,20071900852928E+018",9,1,62,0,2020,7,11,1,3,0,7,0,0,1,0,1,0,0,688285351,5328262.78,11.528073276,48.079811701,0,2,#fc8d62,car
2861,34212,"9,20071700757525E+018",9,7,78,203,2020,7,16,6,2,8,7,0,0,1,0,0,0,0,622078.9252,5321974841,10.637815538,48.039380418,0,2,#fc8d62,car
2862,34215,"9,20071900131529E+018",9,1,85,113,2020,7,10,1,2,0,1,0,0,0,0,1,0,0,672260.0299,5378544.3194,11.333623618,48.536338398,0,4,#e78ac3,marker
2863,34219,"9,20072000137025E+018",9,1,86,152,2020,7,13,2,2,2,6,0,0,0,0,0,1,0,691141783,5378236814,11.58901695,48.52810822,0,5,#a6d854,bus
2864,34226,"9,20071900161927E+018",9,1,73,130,2020,7,10,1,3,3,2,0,1,1,0,0,0,0,680959.3258,5312061.8331,11.422966459,47.936301139,0,1,#66c2a5,bicycle
2865,34227,"9,20071700712727E+018",9,7,72,148,2020,7,10,6,3,1,6,0,0,1,0,1,0,0,628213.2539,5354296.1812,10.729831576,48.328837857,0,2,#fc8d62,car
2866,34230,"9,20071900110327E+018",9,1,75,122,2020,7,13,1,2,8,1,0,0,0,0,1,0,0,723408.5177,5322347553,11.995962533,48.015328728,0,4,#e78ac3,marker
2867,34235,"9,20071900121924E+018",9,1,88,137,2020,7,14,1,3,2,6,0,1,1,0,0,0,0,672385265,5314121912,11.30908757,47.957185134,0,1,#66c2a5,bicycle
2868,34239,"9,20072000121924E+018",9,1,88,113,2020,7,18,2,3,0,1,0,1,0,0,0,0,0,676243.0786,5317279.4475,11.362012502,47.984519904,0,1,#66c2a5,bicycle
2869,34242,"9,20071700120127E+018",9,1,74,131,2020,7,14,6,3,5,3,0,0,1,0,0,0,0,676859159,5357269197,11.386891413,48.343824432,0,2,#fc8d62,car
2870,34245,"9,20071800147324E+018",9,1,82,133,2020,7,12,7,3,2,6,0,0,1,0,0,0,0,704501.1721,5307625.0479,11.735726724,47.889348289,0,2,#fc8d62,car
2871,34255,"9,2007200011133E+018",9,1,75,135,2020,7,13,2,3,5,3,0,0,1,0,0,0,1,709117.0462,5338744.9412,11.812587069,48.167515463,0,2,#fc8d62,car
2872,34261,"9,20071500140127E+018",9,1,87,122,2020,7,19,4,3,0,1,0,1,0,0,0,0,0,720166.3958,5305224.5914,11.943790078,47.862597849,1,1,#66c2a5,bicycle
2873,34263,"9,20071600217525E+018",9,2,74,124,2020,7,13,5,3,3,6,0,0,1,0,0,0,0,724416.9785,5377403.6592,12.03867018,48.50961217,1,2,#fc8d62,car
2874,34264,"9,2007200012053E+018",9,1,79,138,2020,7,17,2,2,5,3,0,0,1,0,1,0,0,654667.1818,5336766.7737,11.080115551,48.165314255,0,2,#fc8d62,car
2875,34268,"9,2007170011033E+018",9,1,75,114,2020,7,18,6,2,2,6,0,1,0,0,0,0,0,718535.5047,5324194.0966,11.931645312,48.033605402,0,1,#66c2a5,bicycle
2876,34270,"9,20071800127027E+018",9,1,74,135,2020,7,23,7,3,0,6,2,0,1,0,0,0,0,661971.2485,5354268.9334,11.184969887,48.320844461,0,2,#fc8d62,car
2877,34277,"9,2007150012153E+018",9,1,81,130,2020,7,13,4,3,9,6,0,0,1,0,0,0,0,636234.9813,5325170038,10.828656114,48.065249643,0,2,#fc8d62,car
2878,34278,"9,20071700210931E+018",9,2,61,0,2020,7,23,6,3,0,1,2,1,0,0,0,0,0,732386633,5380583677,12.148186464,48.535280219,0,1,#66c2a5,bicycle
2879,34279,"9,20071900858225E+018",9,1,62,0,2020,7,11,1,3,1,7,0,1,1,0,0,0,0,682885.5883,5340168.3105,11.460752901,48.188398436,0,1,#66c2a5,bicycle
2880,34283,"9,20071500120127E+018",9,1,74,126,2020,7,18,4,3,6,4,0,0,1,1,0,0,0,683493.3466,5344111.5632,11.47062762,48.223667072,0,2,#fc8d62,car
2881,34285,"9,20071600740135E+018",9,7,77,140,2020,7,20,5,3,9,1,0,0,1,0,0,0,0,628366.2593,5318126.2409,10.720975449,48.003536441,1,2,#fc8d62,car
2882,34286,"9,20071700857124E+018",9,1,62,0,2020,7,10,6,2,5,3,0,1,1,0,0,0,0,695011.4209,5333467.6102,11.620665139,48.124569203,0,1,#66c2a5,bicycle
2883,34288,"9,20071500120127E+018",9,1,74,136,2020,7,6,4,3,0,1,0,1,0,0,0,0,0,682412888,5364856882,11.465065898,48.410445508,0,1,#66c2a5,bicycle
2884,34289,"9,20071800110129E+018",9,1,77,127,2020,7,19,7,3,0,1,0,1,0,0,0,0,0,726201388,5349379233,12.04771402,48.257206911,0,1,#66c2a5,bicycle
2885,34291,"9,20071500110728E+018",9,1,78,124,2020,7,16,4,3,0,7,0,0,0,0,1,0,1,702848.7174,5363945.5056,11.740476293,48.396011059,1,4,#e78ac3,marker
2886,34293,"9,2007160021093E+018",9,2,61,0,2020,7,18,5,3,8,1,0,0,1,0,0,0,0,733063.0142,5382144.6967,12.158208162,48.549051541,1,2,#fc8d62,car
2887,34296,"9,2007180071213E+018",9,7,71,146,2020,7,21,7,3,0,1,2,1,0,0,0,0,0,647696.4466,5348687.5303,10.990578909,48.27415663,0,1,#66c2a5,bicycle
2888,34298,"9,20071500110725E+018",9,1,78,124,2020,7,16,4,3,0,7,0,0,0,0,1,0,1,702848.7174,5363945.5056,11.740476293,48.396011059,1,4,#e78ac3,marker
2889,34303,"9,20071400858228E+018",9,1,62,0,2020,7,18,3,3,4,2,0,0,1,0,0,0,0,686889366,5335146658,11.512364449,48.142097189,0,2,#fc8d62,car
2890,34304,"9,20071600210929E+018",9,2,61,0,2020,7,12,5,3,3,2,0,1,1,0,0,0,0,731975.7566,5380948.0273,12.142831755,48.538705091,1,1,#66c2a5,bicycle
2891,34307,"9,20071600210926E+018",9,2,61,0,2020,7,7,5,3,3,6,0,0,1,0,0,1,0,731770.1164,5379791.8046,12.139407269,48.528394919,1,2,#fc8d62,car
2892,34310,"9,20071400857128E+018",9,1,62,0,2020,7,14,3,3,0,7,0,1,0,0,0,0,0,692078.0923,5340324.0655,11.584382389,48.187085339,0,1,#66c2a5,bicycle
2893,34313,"9,20072000127027E+018",9,1,62,0,2020,7,14,2,3,2,6,0,0,1,0,0,0,0,687113.9189,5333177.1809,11.51451513,48.124328938,0,2,#fc8d62,car
2894,34315,"9,20071400857127E+018",9,1,84,141,2020,7,18,3,2,9,7,0,0,1,0,0,0,0,697811852,5316578.3858,11.650451957,47.971914276,0,2,#fc8d62,car
2895,34316,"9,20071700120927E+018",9,1,79,123,2020,7,15,6,3,1,6,0,0,1,0,0,0,0,676573.6571,5334206.2429,11.373426913,48.136590248,0,2,#fc8d62,car
2896,34321,"9,20072000140128E+018",9,1,87,150,2020,7,22,2,2,0,1,2,1,0,0,0,0,0,728959863,5304326165,12.060719621,47.851452888,0,1,#66c2a5,bicycle
2897,34323,"9,20071400854426E+018",9,1,62,0,2020,7,16,3,3,0,1,0,1,0,0,0,0,0,685134.5165,5341686.7972,11.491645136,48.201395685,0,1,#66c2a5,bicycle
2898,34329,"9,2007170074073E+018",9,7,62,0,2020,7,16,6,3,2,6,0,0,1,0,1,0,0,620717.1658,5305021.9316,10.614793529,47.887170717,0,2,#fc8d62,car
2899,34332,"9,20071900121527E+018",9,1,81,145,2020,7,12,1,3,0,1,0,0,0,0,1,0,0,647291.9311,5329632.8139,10.978522133,48.102920328,0,4,#e78ac3,marker
2900,34333,"9,20071400853124E+018",9,1,84,141,2020,7,16,3,3,5,3,0,1,1,0,0,0,0,697098.3579,5319172974,11.642093063,47.995453612,0,1,#66c2a5,bicycle
2901,34336,"9,20072000121524E+018",9,1,81,145,2020,7,13,2,3,2,6,0,0,1,0,0,1,0,647629.9892,5330738.7601,10.983443075,48.112786325,0,2,#fc8d62,car
2902,34339,"9,20071700117527E+018",9,1,84,129,2020,7,7,6,3,3,1,0,0,1,0,0,1,0,699862.2438,5324369.2323,11.681523462,48.041296196,1,2,#fc8d62,car
2903,34344,"9,20071600147327E+018",9,1,84,145,2020,7,14,5,3,8,1,0,0,1,0,0,0,0,697646.9812,5324009.0834,11.651668535,48.038748936,1,2,#fc8d62,car
2904,34345,"9,20072000160924E+018",9,1,73,118,2020,7,11,2,1,5,3,0,0,1,0,1,0,0,687308.7966,5306752.4388,11.505594053,47.886752158,0,2,#fc8d62,car
2905,34348,"9,20071700710627E+018",9,7,61,0,2020,7,20,6,3,2,2,1,0,1,0,0,0,0,641462.8943,5354306.9917,10.908498857,48.326108503,0,2,#fc8d62,car
2906,34349,"9,20071600147327E+018",9,1,62,0,2020,7,20,5,3,9,1,2,0,1,0,0,0,0,694570.1312,5331245.0121,11.613727266,48.104728329,1,2,#fc8d62,car
2907,34351,"9,20071800858227E+018",9,1,62,0,2020,7,13,7,3,2,6,0,0,1,0,1,0,0,690496.8127,5331981.9602,11.559395258,48.112583057,0,2,#fc8d62,car
2908,34354,"9,20071600141536E+018",9,1,87,150,2020,7,14,5,3,0,7,0,1,1,0,0,0,0,728745.5699,5304337.5126,12.057865185,47.851631133,1,1,#66c2a5,bicycle
2909,34355,"9,20072000120127E+018",9,1,74,113,2020,7,12,2,2,3,6,0,0,1,0,1,0,0,674432.2668,5344961.2474,11.349084556,48.233861224,0,2,#fc8d62,car
2910,34359,"9,20071600858229E+018",9,1,62,0,2020,7,6,5,3,5,3,0,0,1,0,0,1,0,692822.9771,5331227.3031,11.590274124,48.105100361,0,2,#fc8d62,car
2911,34361,"9,20071600712327E+018",9,7,72,184,2020,7,14,5,3,4,2,0,1,1,0,0,0,0,635612.7167,5361847.7664,10.832046588,48.39519753,0,1,#66c2a5,bicycle
2912,34362,"9,20071800120127E+018",9,1,74,137,2020,7,20,7,2,0,1,1,1,0,0,0,0,0,658681.0124,5351072.6746,11.139415662,48.292943108,0,1,#66c2a5,bicycle
2913,34366,"9,20071600141327E+018",9,1,63,0,2020,7,11,5,3,0,1,0,1,0,0,0,0,0,733197212,5305308775,12.117807984,47.858757563,0,1,#66c2a5,bicycle
2914,34371,"9,2007170021093E+018",9,2,61,0,2020,7,17,6,3,0,7,0,0,0,1,0,0,1,730047.6047,5381674.9984,12.117150749,48.545945223,0,3,#8da0cb,toilet
2915,34372,"9,20071900853227E+018",9,1,84,122,2020,7,18,1,3,0,7,0,1,0,0,0,0,0,689630.4391,5327023.5994,11.545565336,48.068275122,0,1,#66c2a5,bicycle
2916,34377,"9,20072000110125E+018",9,1,77,137,2020,7,12,2,2,0,1,0,0,1,0,1,0,0,734647.3577,5349837.5279,12.161587814,48.258253314,0,2,#fc8d62,car
2917,34383,"9,20071700858228E+018",9,1,84,137,2020,7,10,6,2,0,7,0,1,0,0,0,0,0,706907.6798,5316322.3874,11.772057968,47.966738157,0,1,#66c2a5,bicycle
2918,34403,"9,20071400712525E+018",9,7,72,209,2020,7,13,3,2,3,6,0,1,0,0,0,0,0,632699.8968,5336377.9311,10.784717693,48.16678345,0,1,#66c2a5,bicycle
2919,34406,"9,20071700852727E+018",9,1,84,121,2020,7,13,6,3,1,6,0,0,1,0,0,0,0,705267.8631,5331201.9714,11.757244827,48.10098486,0,2,#fc8d62,car
2920,34407,"9,20071600127027E+018",9,1,81,132,2020,7,21,5,3,8,1,2,0,1,0,0,0,0,646802.6154,5324720.4627,10.970265316,48.058862743,1,2,#fc8d62,car
2921,34410,"9,20071400712328E+018",9,7,72,207,2020,7,6,3,3,4,6,1,0,1,0,0,1,0,640110.4822,5381071.6595,10.899218832,48.567065832,0,2,#fc8d62,car
2922,34412,"9,20071600121926E+018",9,1,88,113,2020,7,16,5,3,8,1,0,0,1,0,0,0,0,675340.5519,5312404.4527,11.347939476,47.940943287,1,2,#fc8d62,car
2923,34415,"9,20071400712124E+018",9,7,71,142,2020,7,16,3,3,5,3,0,0,1,0,0,0,0,645246.5349,5353921.6016,10.959381166,48.32178522,0,2,#fc8d62,car
2924,34419,"9,20071900211524E+018",9,2,74,114,2020,7,16,1,3,2,6,0,0,1,0,1,0,0,734543678,5371489629,12.172256595,48.452789847,0,2,#fc8d62,car
2925,34421,"9,20071600120127E+018",9,1,74,131,2020,7,12,5,3,0,1,0,0,0,0,1,0,0,678128.6476,5358663.1358,11.404598562,48.355997481,1,4,#e78ac3,marker
2926,34423,"9,20071900117024E+018",9,1,77,116,2020,7,17,1,3,2,6,0,0,1,0,0,0,0,711948.3463,5364525.4932,11.863548264,48.398230165,0,2,#fc8d62,car
2927,34426,"9,20071600110925E+018",9,1,78,155,2020,7,14,5,3,2,6,0,0,1,0,0,0,0,716293053,5374394.4618,11.927263987,48.485425365,1,2,#fc8d62,car
2928,34427,"9,20072000120927E+018",9,1,79,145,2020,7,8,2,3,2,6,0,0,1,0,0,0,1,673975.9855,5335468.8342,11.339056406,48.148655767,0,2,#fc8d62,car
2929,34429,"9,20071900121929E+018",9,1,88,139,2020,7,13,1,3,5,3,0,1,1,0,0,0,0,675977458,5319001962,11.359161857,48.000077683,0,1,#66c2a5,bicycle
2930,34432,"9,20071500858226E+018",9,1,84,119,2020,7,11,4,3,8,1,0,0,1,0,0,0,0,693472.0124,5347375.2526,11.606334263,48.250035145,0,2,#fc8d62,car
2931,34433,"9,20072000127027E+018",9,1,79,123,2020,7,6,2,3,3,6,0,0,1,0,0,0,0,677361.5858,5332074.6158,11.383121304,48.11720952,0,2,#fc8d62,car
2932,34436,"9,20071700120525E+018",9,1,79,121,2020,7,22,6,3,5,3,2,0,1,0,0,0,0,668400.21,5338054824,11.265177263,48.17340421,0,2,#fc8d62,car
2933,34439,"9,20071900160927E+018",9,1,73,126,2020,7,16,1,2,8,7,0,0,0,0,1,0,0,684664.8741,5303529.51,11.468883697,47.858547217,0,4,#e78ac3,marker
2934,34441,"9,20071500857127E+018",9,1,62,0,2020,7,0,4,3,2,6,2,0,1,0,1,0,0,701436386,5332288.0319,11.706351622,48.111968047,0,2,#fc8d62,car
2935,34443,"9,20071800852225E+018",9,1,62,0,2020,7,21,7,3,2,6,2,0,1,0,0,0,0,694828.5707,5334873.9235,11.618853579,48.13726453,0,2,#fc8d62,car
2936,34446,"9,20071500852328E+018",9,1,62,0,2020,7,17,4,3,6,4,0,1,0,1,0,0,0,694460.5099,5331880.6721,11.612546001,48.110474891,0,1,#66c2a5,bicycle
2937,34447,"9,20072000117024E+018",9,1,84,135,2020,7,9,2,3,9,1,0,0,1,0,0,0,0,688179.2978,5348478.7276,11.5355983,48.261546564,0,2,#fc8d62,car
2938,34451,"9,20071600852927E+018",9,1,62,0,2020,7,18,5,3,5,2,0,1,1,0,0,0,0,685102.9891,5328938.2403,11.485678991,48.086814919,1,1,#66c2a5,bicycle
2939,34453,"9,20071800117028E+018",9,1,84,119,2020,7,10,7,3,3,6,0,0,1,0,0,0,0,696126.5283,5347151.7432,11.641951492,48.247210652,0,2,#fc8d62,car
2940,34457,"9,20071700110728E+018",9,1,78,115,2020,7,14,6,2,0,3,0,0,1,0,1,0,0,704086203,5374320913,11.762229039,48.488845695,0,2,#fc8d62,car
2941,34462,"9,20071500852125E+018",9,1,62,0,2020,7,22,4,3,5,2,2,0,1,0,0,0,0,695008.8626,5333475.6864,11.620634491,48.124642572,1,2,#fc8d62,car
2942,34468,"9,20071900858227E+018",9,1,84,121,2020,7,13,1,2,0,7,0,1,0,0,0,0,0,706151.9758,5325736.0268,11.766469759,48.051579412,0,1,#66c2a5,bicycle
2943,34475,"9,20071700857129E+018",9,1,84,140,2020,7,11,6,3,5,3,0,1,0,0,1,0,0,701061.5823,5328156694,11.699376429,48.074957986,0,1,#66c2a5,bicycle
2944,34489,"9,20072500131528E+018",9,1,85,158,2020,7,13,7,3,6,4,0,0,1,1,0,0,0,666751.6785,5381017.6343,11.260053222,48.560059776,0,2,#fc8d62,car
2945,34490,"9,20072200854824E+018",9,1,84,135,2020,7,17,4,3,2,6,0,0,1,0,1,0,0,689307.1208,5346774.1149,11.550017002,48.245889772,0,2,#fc8d62,car
2946,34504,"9,2007220011034E+018",9,1,75,115,2020,7,19,4,3,3,6,0,0,1,0,0,0,1,723654.1429,5330113.6984,12.003309787,48.085019708,0,2,#fc8d62,car
2947,34506,"9,20072500121325E+018",9,1,88,132,2020,7,12,7,3,0,1,0,1,0,0,0,0,0,666160.2145,5324741.1139,11.229883254,48.05430131,0,1,#66c2a5,bicycle
2948,34507,"9,20072200740725E+018",9,7,77,130,2020,7,11,4,2,0,1,0,1,0,0,0,0,0,624604.2408,5308959.1555,10.667904689,47.921837375,0,1,#66c2a5,bicycle
2949,34508,"9,20072400712128E+018",9,7,71,122,2020,7,15,6,3,5,3,0,0,1,0,1,0,0,652515542,5361514.1605,11.060127458,48.388336753,0,2,#fc8d62,car
2950,34523,"9,20072400140128E+018",9,1,87,150,2020,7,16,6,3,5,3,0,1,1,0,0,0,0,728440478,5304455415,12.053854969,47.852798937,0,1,#66c2a5,bicycle
2951,34526,"9,20072100854824E+018",9,1,84,135,2020,7,17,3,3,0,1,0,1,0,0,0,0,0,689739.1292,5347317.1552,11.556073629,48.250641378,1,1,#66c2a5,bicycle
2952,34527,"9,20072300712529E+018",9,7,72,200,2020,7,18,5,2,5,3,0,0,1,0,1,0,0,630854.6193,5337477617,10.760250804,48.177055132,0,2,#fc8d62,car
2953,34529,"9,20072500120125E+018",9,1,74,126,2020,7,15,7,3,1,6,0,0,1,0,0,0,0,683328.8908,5344254.89,11.468477439,48.225002904,0,2,#fc8d62,car
2954,34530,"9,20072200710128E+018",9,7,71,112,2020,7,15,4,3,6,4,0,0,1,1,0,0,0,642728.9364,5366842.6244,10.929826829,48.438537891,0,2,#fc8d62,car
2955,34533,"9,20072600117028E+018",9,1,62,0,2020,7,13,1,3,8,1,0,0,1,0,0,0,0,692811.0593,5339102699,11.593679688,48.175886056,0,2,#fc8d62,car
2956,34539,"9,20072200161947E+018",9,1,73,137,2020,7,10,4,3,2,6,0,0,1,0,0,0,0,679259.1272,5308252.1011,11.398637814,47.902531743,0,2,#fc8d62,car
2957,34540,"9,20072300858225E+018",9,1,62,0,2020,7,15,5,3,2,6,0,0,1,0,0,0,0,688795.8388,5331702.0083,11.536441458,48.110573285,0,2,#fc8d62,car
2958,34544,"9,20072100141531E+018",9,1,87,124,2020,7,11,3,2,5,3,0,0,1,0,0,0,0,732995.4539,5329598.0039,12.128277219,48.077041992,0,2,#fc8d62,car
2959,34548,"9,20072100141325E+018",9,1,87,177,2020,7,16,3,3,5,3,0,0,1,0,0,0,0,736124.5828,5304205688,12.156283386,47.847778842,0,2,#fc8d62,car
2960,34555,"9,20072300210935E+018",9,2,61,0,2020,7,16,5,3,4,2,0,0,1,0,0,0,0,733058.0008,5381065.1452,12.157536464,48.539356166,0,2,#fc8d62,car
2961,34556,"9,20072500854629E+018",9,1,88,127,2020,7,9,7,2,5,2,0,0,1,0,1,0,0,679536.6409,5329566.5393,11.411264417,48.094054798,0,2,#fc8d62,car
2962,34565,"9,20072200858228E+018",9,1,84,123,2020,7,12,4,3,5,2,0,1,1,0,0,0,0,703717.8434,5331694.7299,11.736684249,48.105910603,0,1,#66c2a5,bicycle
2963,34566,"9,20072100710731E+018",9,7,61,0,2020,7,10,3,3,3,6,0,1,0,0,0,1,0,644160502,5357596.0311,10.945996829,48.355072299,0,1,#66c2a5,bicycle