fid,OBJECTID,UIDENTSTLA,ULAND,UREGBEZ,UKREIS,UGEMEINDE,UJAHR,UMONAT,USTUNDE,UWOCHENTAG,UKATEGORIE,UART,UTYP1,ULICHTVERH,IstRad,IstPKW,IstFuss,IstKrad,IstGkfz,IstSonstig,LINREFX,LINREFY,XGCSWGS84,YGCSWGS84,STRZUSTAND,Teilnehmer,color,symbol
3111,35097,"9,20073100127028E+018",9,1,81,127,2020,7,13,6,3,2,6,0,0,1,0,0,0,0,635358.2501,5323015.3589,10.81621229,48.046060185,0,2,#fc8d62,car
3112,35099,"9,20072800120128E+018",9,1,74,113,2020,7,19,3,3,4,2,0,0,1,0,0,0,0,677712.5307,5351091.7771,11.395795415,48.288057322,0,2,#fc8d62,car
3113,35101,"9,20072900740729E+018",9,7,62,0,2020,7,12,4,2,9,1,0,1,0,0,0,0,0,621702828,5303542.0134,10.627555872,47.873674573,0,1,#66c2a5,bicycle
3114,35102,"9,2007280011013E+018",9,1,77,137,2020,7,17,3,3,3,2,0,0,1,0,1,0,0,733175.0626,5346975.6642,12.140205769,48.233087821,0,2,#fc8d62,car
3115,35107,"9,20072900137028E+018",9,1,86,162,2020,7,16,4,2,9,7,0,0,1,0,0,1,0,691227.5528,5383493.7589,11.592591598,48.57532683,0,2,#fc8d62,car
3116,35108,"9,20072700858228E+018",9,1,84,134,2020,7,9,2,3,4,2,0,1,1,0,0,0,0,694267.6892,5323323.6489,11.606069448,48.033625409,0,1,#66c2a5,bicycle
3117,35110,"9,20072700857128E+018",9,1,62,0,2020,7,17,2,3,0,6,0,0,1,0,0,0,1,684335.5575,5332100.2999,11.476749198,48.115459839,0,2,#fc8d62,car
3118,35112,"9,20072700852834E+018",9,1,84,136,2020,7,15,2,3,1,7,0,1,1,0,0,0,0,698427.1673,5326615.9965,11.663332622,48.061936301,0,1,#66c2a5,bicycle
3119,35113,"9,20072700852728E+018",9,1,84,123,2020,7,12,2,3,5,3,0,1,1,0,0,0,0,703827.7264,5331955.9349,11.738283419,48.108222836,0,1,#66c2a5,bicycle
3120,35114,"9,2007300085713E+018",9,1,62,0,2020,7,7,5,2,9,1,0,0,0,0,1,0,0,689155.5679,5331738053,11.541285419,48.110790534,0,4,#e78ac3,marker
3121,35115,"9,20073000127028E+018",9,1,62,0,2020,7,11,5,2,3,6,0,0,1,0,1,0,0,678859.5688,5333344.8569,11.403763662,48.128208818,0,2,#fc8d62,car
3122,35116,"9,20072700852728E+018",9,1,84,121,2020,7,17,2,3,1,6,0,0,1,0,0,0,0,705177.0671,5331244342,11.756047048,48.101394871,0,2,#fc8d62,car
3123,35117,"9,20073100712535E+018",9,7,72,200,2020,7,15,6,2,5,3,0,1,1,0,0,0,0,629154.3903,5336766.0856,10.737174163,48.171004377,0,1,#66c2a5,bicycle
3124,35120,"9,2007280074014E+018",9,7,77,121,2020,7,14,3,3,0,3,0,1,0,0,0,0,0,628963.9136,5322287872,10.730236623,48.040841893,0,1,#66c2a5,bicycle
3125,35128,"9,20072900710736E+018",9,7,61,0,2020,7,16,4,3,0,3,0,1,1,0,0,0,0,643555.5196,5360579.3299,10.938853497,48.382034315,0,1,#66c2a5,bicycle
3126,35129,"9,20072800717328E+018",9,7,72,223,2020,7,16,3,3,3,1,0,0,1,0,0,0,0,616435.0874,5362702.7563,10.573315413,48.406719723,1,2,#fc8d62,car
3127,35134,"9,20072800710628E+018",9,7,61,0,2020,7,22,3,3,0,1,2,1,0,0,0,0,0,640432091,5352401657,10.89396558,48.309206035,0,1,#66c2a5,bicycle
3128,35136,"9,2007310021093E+018",9,2,61,0,2020,7,15,6,3,3,6,0,0,1,0,1,0,0,732754.3946,5381580.6981,12.153717587,48.544099893,0,2,#fc8d62,car
3129,35142,"9,20073000852429E+018",9,1,62,0,2020,7,10,5,3,2,6,0,0,1,0,0,0,0,697199.4112,5331425.9837,11.649092039,48.105546392,0,2,#fc8d62,car
3130,35143,"9,20073000120128E+018",9,1,74,115,2020,7,8,5,2,5,3,0,0,1,0,1,0,0,680757628,5348494962,11.43569866,48.26385335,0,2,#fc8d62,car
3131,35148,"9,20072700740729E+018",9,7,62,0,2020,7,13,2,2,4,6,0,0,1,0,0,1,0,623543491,5303197.1918,10.652062319,47.870221872,0,2,#fc8d62,car
3132,35154,"9,20073100147335E+018",9,1,82,133,2020,7,17,6,3,2,6,0,0,1,0,0,0,0,703790.7715,5308122.3075,11.726469188,47.894043167,0,2,#fc8d62,car
3133,35157,"9,20080100110332E+018",9,1,75,112,2020,8,21,7,2,0,1,2,0,1,0,0,0,0,724218.3603,5318155.3654,12.004617629,47.977379178,1,2,#fc8d62,car
3134,35158,"9,20072900857128E+018",9,1,84,132,2020,7,14,4,3,2,6,0,0,1,0,0,0,0,683776.1654,5329122.2506,11.467957946,48.088852824,0,2,#fc8d62,car
3135,35161,"9,20080100120533E+018",9,1,79,121,2020,8,13,7,3,5,3,0,0,1,0,0,0,0,666676.4136,5338371.3823,11.242132863,48.176704513,0,2,#fc8d62,car
3136,35163,"9,20073000717328E+018",9,7,71,122,2020,7,12,5,3,3,1,0,0,1,0,1,0,0,654820.2823,5360394624,11.09082524,48.377709967,0,2,#fc8d62,car
3137,35164,"9,20072900858228E+018",9,1,62,0,2020,7,17,4,3,2,6,0,0,1,0,1,0,0,690617.8668,5339046.7929,11.564182793,48.176045209,0,2,#fc8d62,car
3138,35169,"9,20072700710628E+018",9,7,61,0,2020,7,15,2,2,1,1,0,0,0,0,1,1,0,641458.9773,5358561.1222,10.909875162,48.364361005,0,4,#e78ac3,marker
3139,35178,"9,20073100854529E+018",9,1,62,0,2020,7,5,6,3,0,1,1,0,1,0,0,0,0,684394.0657,5335410.3735,11.478966975,48.145195684,0,2,#fc8d62,car
3140,35197,"9,20073100127028E+018",9,1,74,113,2020,7,11,6,3,3,6,0,0,1,0,0,0,0,671627.3607,5346856.8454,11.312111232,48.251666943,0,2,#fc8d62,car
3141,35198,"9,20073000140728E+018",9,1,82,137,2020,7,21,5,3,0,1,2,1,0,0,0,0,0,711502.5266,5303305.8561,11.827158289,47.848265658,0,1,#66c2a5,bicycle
3142,35208,"9,20072900127028E+018",9,1,62,0,2020,7,14,4,3,2,6,0,0,1,0,0,0,0,678734.5534,5336784.6009,11.403528986,48.15916393,0,2,#fc8d62,car
3143,35214,"9,20080100147332E+018",9,1,84,145,2020,8,17,7,3,3,3,0,0,1,0,0,0,0,693371.5711,5325475.1292,11.595032708,48.053234611,0,2,#fc8d62,car
3144,35217,"9,2007300085453E+018",9,1,62,0,2020,7,18,5,3,5,3,0,0,1,0,0,0,0,683871.5598,5335418889,11.471952951,48.145423459,0,2,#fc8d62,car
3145,35218,"9,20073000121528E+018",9,1,81,128,2020,7,8,5,3,5,3,0,1,1,0,0,0,0,639630.9756,5328044383,10.875154232,48.090362116,0,1,#66c2a5,bicycle
3146,35220,"9,20073100710131E+018",9,7,71,156,2020,7,20,6,3,5,3,1,0,1,0,0,0,1,654484.7836,5383254.9847,11.094746409,48.583316813,0,2,#fc8d62,car
3147,35226,"9,20073100110536E+018",9,1,77,116,2020,7,16,6,3,4,6,0,0,1,0,0,0,0,711296.8804,5359723622,11.852344745,48.355301927,0,2,#fc8d62,car
3148,35227,"9,2007300013133E+018",9,1,86,146,2020,7,19,5,3,8,1,0,1,0,0,0,0,0,685139.0252,5371186.0075,11.504666281,48.466536236,0,1,#66c2a5,bicycle
3149,35246,"9,2007300011053E+018",9,1,77,117,2020,7,15,5,3,5,3,0,0,1,0,0,1,0,716842.0169,5357295.3665,11.925849558,48.331604893,0,2,#fc8d62,car
3150,35265,"9,20080100117032E+018",9,1,77,126,2020,8,15,7,3,2,6,0,0,1,0,0,0,1,718063.1403,5368757083,11.94825002,48.434164745,0,2,#fc8d62,car
3151,35268,"9,20073000710731E+018",9,7,61,0,2020,7,8,5,3,5,3,0,1,0,0,0,0,1,643197.2025,5360561.9501,10.934011033,48.38195948,0,1,#66c2a5,bicycle
3152,35269,"9,20072900858228E+018",9,1,84,145,2020,7,16,4,3,2,6,0,0,1,0,0,0,0,699084.8146,5325237.1962,11.671508216,48.049339742,0,2,#fc8d62,car
3153,35274,"9,2007290012153E+018",9,1,81,141,2020,7,14,4,3,2,6,0,0,1,0,0,0,0,643938.0983,5319896781,10.930221533,48.016140812,0,2,#fc8d62,car
3154,35281,"9,20073100127029E+018",9,1,62,0,2020,7,15,6,3,2,6,0,0,1,0,0,0,0,686834.0565,5333244.0264,11.51078727,48.125011961,0,2,#fc8d62,car
3155,35284,"9,20073100852629E+018",9,1,84,147,2020,7,18,6,3,5,2,0,1,1,0,0,0,0,696166.8807,5340883681,11.639594928,48.190865376,0,1,#66c2a5,bicycle
3156,35291,"9,2007310085483E+018",9,1,84,135,2020,7,10,6,2,5,3,0,0,1,0,0,0,1,686622.8857,5347511.1677,11.514220969,48.253310375,0,2,#fc8d62,car
3157,35292,"9,20072900851528E+018",9,1,62,0,2020,7,16,4,3,3,6,2,0,1,0,0,0,0,689628.2645,5331891804,11.547697899,48.112031912,0,2,#fc8d62,car
3158,35297,"9,2007290012153E+018",9,1,81,128,2020,7,22,4,3,0,1,2,1,0,0,0,0,0,639032.0573,5327843114,10.867050047,48.08868319,0,1,#66c2a5,bicycle
3159,35304,"9,20073100111347E+018",9,1,75,135,2020,7,10,6,2,6,3,0,0,1,1,0,0,0,709063.0289,5338907.2162,11.811941231,48.168991445,0,2,#fc8d62,car
3160,35319,"9,20072900121525E+018",9,1,81,146,2020,7,13,4,3,5,3,0,0,1,0,0,0,0,649390.1659,5325552617,11.005262164,48.065744517,0,2,#fc8d62,car
3161,35326,"9,20073000858235E+018",9,1,62,0,2020,7,18,5,3,1,6,0,0,1,0,1,0,0,696856.9364,5333681.2193,11.645537505,48.125921029,0,2,#fc8d62,car
3162,35327,"9,20073000127029E+018",9,1,74,146,2020,7,13,5,1,8,7,0,0,0,1,0,0,1,667224.8575,5350753.5516,11.254391366,48.287874445,0,3,#8da0cb,toilet
3163,35329,"9,20073100712729E+018",9,7,72,115,2020,7,6,6,3,0,7,0,0,0,0,1,0,1,618053953,5371750732,10.597732327,48.487786921,1,4,#e78ac3,marker
3164,35350,"9,20072700210942E+018",9,2,74,146,2020,7,15,2,3,0,6,0,1,0,0,0,1,0,734831.4072,5376046.5078,12.178700362,48.493615171,0,1,#66c2a5,bicycle
3165,35352,"9,20072700210942E+018",9,2,61,0,2020,7,22,2,2,5,2,2,1,1,0,0,0,0,734318.7911,5381659.0601,12.174924736,48.544221547,0,1,#66c2a5,bicycle
3166,35353,"9,2008010014154E+018",9,1,87,124,2020,8,12,7,2,4,1,0,0,1,0,0,0,0,735589784,5329607282,12.16305999,48.076172337,0,2,#fc8d62,car
3167,35355,"9,20073000852929E+018",9,1,62,0,2020,7,21,5,3,0,7,1,0,1,0,0,0,0,684775.3269,5329073.3927,11.48134169,48.08812481,0,2,#fc8d62,car
3168,35356,"9,20073000120135E+018",9,1,74,131,2020,7,19,5,3,1,6,0,0,1,0,0,0,0,676992.0899,5355063.2631,11.387757288,48.323958424,0,2,#fc8d62,car
3169,35357,"9,2007270021093E+018",9,2,74,126,2020,7,15,2,3,3,2,0,1,1,0,0,0,0,733870.4353,5384074.5984,12.170216093,48.566086474,0,1,#66c2a5,bicycle
3170,35369,"9,20072700167028E+018",9,1,62,0,2020,7,16,2,3,0,7,0,0,1,0,0,1,0,685282.2139,5329884.8248,11.488494105,48.095271274,0,2,#fc8d62,car
3171,35370,"9,20080100110731E+018",9,1,78,150,2020,8,14,7,3,5,3,0,0,1,0,1,0,0,688958.6557,5372688.1829,11.556966117,48.478901315,0,2,#fc8d62,car
3172,35371,"9,20072900857129E+018",9,1,84,119,2020,7,11,4,2,6,7,0,0,1,1,0,0,0,696917.9085,5347431762,11.652730292,48.249481892,0,2,#fc8d62,car
3173,35376,"9,20073000110528E+018",9,1,77,117,2020,7,17,5,3,0,1,0,1,0,0,0,0,0,716030457,5355087903,11.913783127,48.312048647,0,1,#66c2a5,bicycle
3174,35377,"9,2007270016173E+018",9,1,90,158,2020,7,18,2,2,5,2,0,0,1,0,1,0,0,649814175,5305907293,11.004099461,47.889000344,0,2,#fc8d62,car
3175,35390,"9,2007310085473E+018",9,1,62,0,2020,7,17,6,3,3,6,0,0,1,0,0,1,0,692061.9658,5340619.7209,11.584299321,48.189747485,0,2,#fc8d62,car
3176,35397,"9,20072900121325E+018",9,1,88,117,2020,7,15,4,3,4,2,0,0,1,0,0,0,0,663915497,5315284.8592,11.196167516,47.969865004,0,2,#fc8d62,car
3177,35403,"9,20073100111131E+018",9,1,78,120,2020,7,12,6,3,1,1,0,0,1,0,0,1,0,695250.9037,5353126.3083,11.63292838,48.301175892,0,2,#fc8d62,car
3178,35404,"9,20072900117528E+018",9,1,75,132,2020,7,17,4,3,2,6,0,0,1,0,0,0,0,706735346,5336262473,11.779386878,48.145986155,0,2,#fc8d62,car
3179,35410,"9,20073100127028E+018",9,1,81,130,2020,7,14,6,3,2,6,0,0,1,0,0,0,0,635855.9996,5322978.0949,10.822875677,48.045619339,0,2,#fc8d62,car
3180,35412,"9,20072700141534E+018",9,1,87,170,2020,7,13,2,3,3,2,0,1,0,0,0,0,0,733425.8522,5320117834,12.128881489,47.991717795,0,1,#66c2a5,bicycle
3181,35420,"9,20072900110128E+018",9,1,77,139,2020,7,16,4,3,1,6,0,0,1,0,0,0,0,734631192,5357741179,12.165760662,48.32925777,0,2,#fc8d62,car
3182,35423,"9,20072700141325E+018",9,1,87,177,2020,7,16,2,3,5,2,0,0,1,0,1,0,0,735951.5533,5304406.0995,12.154083392,47.849642819,0,2,#fc8d62,car
3183,35427,"9,2007300085473E+018",9,1,62,0,2020,7,22,5,2,0,7,2,1,0,0,0,0,0,695134.7334,5341710.7887,11.626101768,48.198616867,0,1,#66c2a5,bicycle
3184,35428,"9,20073000121728E+018",9,1,79,142,2020,7,15,5,3,1,7,0,1,1,0,0,0,0,672707.4687,5341537.5605,11.324482169,48.203556306,0,1,#66c2a5,bicycle
3185,35430,"9,20073100712328E+018",9,7,72,171,2020,7,22,6,2,4,2,2,0,1,0,1,0,0,638225.7913,5369097208,10.869718748,48.459815132,0,2,#fc8d62,car
3186,35435,"9,2007300013133E+018",9,1,86,143,2020,7,10,5,3,5,7,0,1,1,0,0,0,0,683225.1008,5377452.5813,11.481547881,48.523420381,0,1,#66c2a5,bicycle
3187,35446,"9,2007270012703E+018",9,1,62,0,2020,7,17,2,3,2,6,0,0,1,0,0,0,0,687537.0977,5333126.7932,11.520174116,48.123751524,0,2,#fc8d62,car
3188,35447,"9,2007310016193E+018",9,1,73,147,2020,7,12,6,2,2,6,0,0,1,0,0,0,0,680918.2075,5309456.5563,11.42132254,47.912893242,0,2,#fc8d62,car
3189,35449,"9,20072700127028E+018",9,1,88,144,2020,7,6,2,3,7,7,0,0,1,0,0,0,0,669042576,5329134.6802,11.2702713,48.093042511,0,2,#fc8d62,car
3190,35451,"9,2007270012153E+018",9,1,81,131,2020,7,20,2,3,5,3,0,1,1,0,0,0,0,634484169,5333023595,10.807642515,48.136244693,0,1,#66c2a5,bicycle
3191,35452,"9,20073000750134E+018",9,7,78,204,2020,7,0,5,2,0,1,2,1,0,0,0,0,0,616208.2356,5325797.3464,10.560123663,48.074854729,0,1,#66c2a5,bicycle
3192,35453,"9,20073000110735E+018",9,1,78,115,2020,7,19,5,3,4,6,0,0,1,0,0,0,0,705553.2695,5374447.2088,11.782123066,48.489502568,0,2,#fc8d62,car
3193,35454,"9,20072700121528E+018",9,1,81,113,2020,7,16,2,3,8,1,0,0,1,0,0,0,0,640679.8586,5307278.4034,10.882424989,47.903397267,0,2,#fc8d62,car
3194,35458,"9,20072700120531E+018",9,1,79,121,2020,7,7,2,3,2,6,0,0,1,0,0,0,0,668460.6591,5337983.1021,11.265961291,48.172743418,0,2,#fc8d62,car
3195,35463,"9,20072700120125E+018",9,1,74,143,2020,7,19,2,3,0,1,0,0,0,0,1,0,0,675669.5821,5352368.9898,11.368809707,48.300108485,0,4,#e78ac3,marker
3196,35464,"9,20073100141328E+018",9,1,87,142,2020,7,15,6,3,8,7,0,1,0,0,0,0,0,733084293,5309673.5895,12.118655331,47.898012219,0,1,#66c2a5,bicycle
3197,35469,"9,20072700110525E+018",9,1,77,116,2020,7,19,2,3,2,6,0,0,1,0,0,0,0,714742.1503,5359634.5891,11.898746422,48.353339968,0,2,#fc8d62,car
3198,35472,"9,20072700110336E+018",9,1,75,113,2020,7,23,2,3,9,1,2,0,1,0,0,0,0,713884.0408,5316708.4977,11.865597218,47.967915107,0,2,#fc8d62,car
3199,35473,"9,20080100120531E+018",9,1,79,136,2020,8,11,7,3,0,7,0,1,0,0,0,0,0,660554.4022,5341625.0052,11.161071605,48.20753251,0,1,#66c2a5,bicycle
3200,35475,"9,20073000712328E+018",9,7,72,147,2020,7,18,5,3,5,3,0,0,1,0,1,0,0,634293909,5366552935,10.815746096,48.437788717,0,2,#fc8d62,car
3201,35476,"9,20072900858228E+018",9,1,84,123,2020,7,18,4,3,2,6,0,0,1,0,0,0,0,702790.9154,5331951.7003,11.724368942,48.108515681,0,2,#fc8d62,car
3202,35490,"9,20073100852728E+018",9,1,84,118,2020,7,15,6,3,5,3,0,1,0,0,0,0,0,702887.4664,5336510.8097,11.727835041,48.14945667,0,1,#66c2a5,bicycle
3203,35495,"9,20073100857129E+018",9,1,62,0,2020,7,13,6,3,2,6,0,0,1,0,0,0,0,688549.5567,5334807269,11.534509678,48.138556889,0,2,#fc8d62,car
3204,35496,"9,2007290085213E+018",9,1,62,0,2020,7,18,4,3,4,2,0,1,1,0,0,0,0,694631.4364,5334166.8452,11.615883569,48.130969926,0,1,#66c2a5,bicycle
3205,35497,"9,20072600730125E+018",9,7,73,125,2020,7,13,1,2,5,3,0,0,1,0,0,0,0,615027.8241,5379591.4503,10.558955866,48.558859896,1,2,#fc8d62,car
3206,35501,"9,20072800858229E+018",9,1,62,0,2020,7,3,3,3,0,7,2,1,0,0,0,0,0,688012.4345,5334996225,11.527380317,48.140414192,0,1,#66c2a5,bicycle
3207,35502,"9,20072600717325E+018",9,7,71,122,2020,7,15,1,3,8,1,0,0,1,0,0,0,0,653296.7735,5361837.4357,11.070790885,48.391053834,1,2,#fc8d62,car
3208,35505,"9,20072600712528E+018",9,7,72,200,2020,7,20,1,3,0,1,2,1,0,0,0,0,0,630388.2342,5337428.6848,10.753965054,48.17671098,1,1,#66c2a5,bicycle
3209,35508,"9,20072600712129E+018",9,7,71,122,2020,7,13,1,3,0,1,0,1,0,0,0,0,0,649175.2087,5360337.7003,11.014619086,48.378558054,1,1,#66c2a5,bicycle
3210,35509,"9,20073100115029E+018",9,1,77,133,2020,7,22,6,3,5,3,2,0,1,0,0,0,0,711143228,5354118306,11.847465464,48.304986553,0,2,#fc8d62,car
3211,35525,"9,20080100147331E+018",9,1,84,114,2020,8,10,7,3,2,6,0,0,1,0,0,0,0,699156.5943,5320506.0585,11.670271424,48.006796948,0,2,#fc8d62,car
3212,35527,"9,20080800110734E+018",9,1,78,124,2020,8,15,7,2,6,4,0,0,0,1,1,0,0,702423.1662,5366233.6124,11.735837361,48.41670937,0,3,#8da0cb,toilet
3213,35528,"9,20080600120131E+018",9,1,74,115,2020,8,10,5,3,3,6,0,1,1,0,0,0,0,680904373,5348418.75,11.43764159,48.263126424,0,1,#66c2a5,bicycle
3214,35530,"9,20080400750136E+018",9,7,78,209,2020,8,10,3,3,4,1,0,0,1,0,0,0,1,619322.1152,5324155721,10.601453339,48.059515569,1,2,#fc8d62,car
3215,35533,"9,20080200857136E+018",9,1,84,130,2020,8,3,1,3,8,1,2,0,1,0,0,0,0,699399.5524,5345815.7868,11.685362448,48.234183497,0,2,#fc8d62,car
3216,35540,"9,20080600117031E+018",9,1,78,120,2020,8,17,5,3,2,6,0,0,1,0,0,0,0,695837.6621,5351151.4853,11.639916363,48.283246501,0,2,#fc8d62,car
3217,35544,"9,20080600117031E+018",9,1,62,0,2020,8,14,5,3,2,6,0,0,0,0,0,1,1,685922.2501,5343218689,11.502907677,48.214934562,0,5,#a6d854,bus
3218,35550,"9,20080600111135E+018",9,1,78,130,2020,8,15,5,3,2,2,0,0,1,0,0,0,0,702320.0052,5357322.5604,11.730156612,48.336664632,0,2,#fc8d62,car
3219,35561,"9,20080700127048E+018",9,1,79,123,2020,8,13,6,3,2,6,0,0,1,0,0,1,0,676011.0236,5331800.3995,11.364877362,48.115119239,0,2,#fc8d62,car
3220,35570,"9,20080600110932E+018",9,1,78,143,2020,8,18,5,3,5,3,0,0,1,0,1,0,0,716047753,5371514916,11.922461239,48.459637784,0,2,#fc8d62,car
3221,35573,"9,20080600740736E+018",9,7,62,0,2020,8,10,5,3,5,3,0,0,1,0,1,0,0,619705.8117,5303475.2358,10.600841749,47.873449379,0,2,#fc8d62,car
3222,35576,"9,20080600110732E+018",9,1,78,137,2020,8,16,5,2,4,2,0,0,1,0,0,0,0,694312752,5366366.8478,11.626405615,48.420459787,0,2,#fc8d62,car
3223,35586,"9,20080700121331E+018",9,1,88,132,2020,8,13,6,3,1,6,0,0,1,0,0,0,0,665790.0128,5326842.0354,11.22573353,48.073285493,0,2,#fc8d62,car
3224,35587,"9,20080300717331E+018",9,7,71,130,2020,8,22,2,3,8,1,2,0,1,0,0,0,0,645939.2829,5362821.5246,10.971807885,48.401647497,1,2,#fc8d62,car
3225,35588,"9,20080800140132E+018",9,1,87,117,2020,8,19,7,3,5,3,0,1,0,0,0,0,0,725371.7797,5306058.2809,12.013726155,47.868283891,0,1,#66c2a5,bicycle
3226,35589,"9,20080600110533E+018",9,1,78,140,2020,8,0,5,3,9,1,2,0,1,0,0,0,0,706199058,5363265.8662,11.785350441,48.388817386,0,2,#fc8d62,car
3227,35591,"9,20080500121331E+018",9,1,88,132,2020,8,13,4,3,0,1,0,0,0,0,1,0,0,666702.5208,5320433.9152,11.235478875,48.015436995,1,4,#e78ac3,marker
3228,35595,"9,20080500858232E+018",9,1,62,0,2020,8,10,4,3,5,2,0,1,1,0,0,0,0,686258.6861,5331784.8922,11.502425356,48.112065266,0,1,#66c2a5,bicycle
3229,35598,"9,20080500858232E+018",9,1,84,148,2020,8,7,4,3,5,3,0,0,1,0,1,0,0,695081.6289,5327277.7454,11.618778989,48.068915564,0,2,#fc8d62,car
3230,35601,"9,20080600712731E+018",9,7,72,223,2020,8,15,5,2,4,6,0,0,1,0,0,0,1,620242427,5361619.0468,10.624430045,48.396259165,0,2,#fc8d62,car
3231,35603,"9,20080500858231E+018",9,1,84,132,2020,8,19,4,3,2,6,2,1,0,0,0,0,0,682625.2248,5324666.7782,11.450613265,48.049134119,0,1,#66c2a5,bicycle
3232,35610,"9,20080400141535E+018",9,1,87,170,2020,8,5,3,3,2,7,1,0,1,0,0,0,0,732147.0966,5322226.4314,12.112907665,48.011126561,1,2,#fc8d62,car
3233,35613,"9,20080700111332E+018",9,1,75,135,2020,8,18,6,3,5,3,0,1,1,0,0,0,0,708989269,5339468323,11.811226185,48.174057847,0,1,#66c2a5,bicycle
3234,35615,"9,20080800120931E+018",9,1,79,145,2020,8,10,7,3,0,7,0,1,0,0,0,0,0,676228856,5339173236,11.370853884,48.181335284,0,1,#66c2a5,bicycle
3235,35616,"9,20080500857131E+018",9,1,84,135,2020,8,20,4,2,5,2,0,0,1,0,1,0,0,692502.7205,5348961.6411,11.59401215,48.264588009,0,2,#fc8d62,car
3236,35621,"9,20080300117031E+018",9,1,78,120,2020,8,0,2,3,8,1,2,0,1,0,0,0,0,695336891,5352403.7568,11.633752366,48.294655636,1,2,#fc8d62,car
3237,35627,"9,20080500857131E+018",9,1,84,123,2020,8,19,4,2,0,6,0,0,0,0,1,0,0,703293.3784,5331816.8835,11.731047038,48.10714396,0,4,#e78ac3,marker
3238,35629,"9,20080400110736E+018",9,1,78,124,2020,8,15,3,3,1,6,0,0,1,0,0,0,0,703532.6463,5364825.2749,11.750131521,48.403696479,0,2,#fc8d62,car
3239,35636,"9,20080400121531E+018",9,1,81,113,2020,8,21,3,3,8,1,2,0,1,0,0,0,0,641087.4917,5305863.1396,10.887413679,47.890581039,0,2,#fc8d62,car
3240,35640,"9,20080600858231E+018",9,1,62,0,2020,8,16,5,3,2,6,0,0,1,0,0,0,0,694636933,5334157.6196,11.615953151,48.130885329,0,2,#fc8d62,car
3241,35642,"9,20080700858233E+018",9,1,84,134,2020,8,15,6,3,2,6,0,0,1,0,0,0,0,693018.3287,5323433172,11.589376621,48.034988599,0,2,#fc8d62,car
3242,35643,"9,20080500854731E+018",9,1,62,0,2020,8,11,4,3,5,2,0,1,1,0,0,0,0,692190.7895,5342921.4827,11.587073005,48.210396052,0,1,#66c2a5,bicycle
3243,35663,"9,20080700740731E+018",9,7,62,0,2020,8,17,6,3,5,3,0,0,1,0,1,0,0,622149.0914,5308074.7999,10.634804337,47.914356314,0,2,#fc8d62,car
3244,35675,"9,20080700710435E+018",9,7,61,0,2020,8,17,6,3,7,7,0,1,0,0,0,0,0,640197.7875,5360557.9538,10.893523073,48.382597245,0,1,#66c2a5,bicycle
3245,35684,"9,20080200161931E+018",9,1,73,130,2020,8,21,1,3,8,1,2,0,1,0,0,0,0,682666.7256,5316094.3285,11.44751854,47.972065011,1,2,#fc8d62,car
3246,35693,"9,20080700712331E+018",9,7,72,147,2020,8,9,6,3,4,2,0,0,1,0,1,0,0,639011.5473,5365383052,10.879108667,48.426245644,0,2,#fc8d62,car
3247,35710,"9,20080200140131E+018",9,1,87,179,2020,8,8,1,3,0,1,0,0,1,0,0,0,0,722919984,5312836971,11.984487963,47.930046819,1,2,#fc8d62,car
3248,35711,"9,20080700127031E+018",9,1,88,121,2020,8,17,6,3,2,6,0,0,1,0,0,0,0,672483.7906,5329601.1528,11.316637105,48.096313908,0,2,#fc8d62,car
3249,35718,"9,20080300167032E+018",9,1,73,137,2020,8,5,2,3,9,1,1,0,1,0,0,0,0,679146.38,5304808.8587,11.395701884,47.871610257,1,2,#fc8d62,car
3250,35719,"9,20080500740736E+018",9,7,62,0,2020,8,17,4,3,3,6,0,0,1,0,0,0,0,621445.6136,5304361.2891,10.624347877,47.881091641,0,2,#fc8d62,car
3251,35722,"9,20080200137032E+018",9,1,86,152,2020,8,14,1,3,2,6,0,0,1,0,0,0,0,691257.4776,5378399765,11.590657116,48.529537446,0,2,#fc8d62,car
3252,35724,"9,20080200131332E+018",9,1,86,128,2020,8,9,1,2,0,1,0,0,0,0,1,0,0,676430.3526,5378975.7341,11.390251435,48.53905756,0,4,#e78ac3,marker
3253,35725,"9,20080700161932E+018",9,1,73,147,2020,8,12,6,3,5,3,0,1,0,0,0,0,0,681862.2978,5308558.3346,11.433567255,47.904551929,0,1,#66c2a5,bicycle
3254,35731,"9,20080800117032E+018",9,1,86,152,2020,8,10,7,3,2,6,0,0,1,0,0,0,0,691328.5526,5373298209,11.589280608,48.483667156,0,2,#fc8d62,car
3255,35738,"9,20080700120131E+018",9,1,74,150,2020,8,19,6,3,0,1,0,1,0,0,0,0,0,680939.9966,5359231.2729,11.442758285,48.360304899,0,1,#66c2a5,bicycle
3256,35739,"9,20080300715031E+018",9,7,61,0,2020,8,12,2,3,0,7,0,1,1,0,0,0,0,641105.6714,5352310.4154,10.903014248,48.308235697,1,1,#66c2a5,bicycle
3257,35741,"9,20080500717331E+018",9,7,61,0,2020,8,14,4,3,3,6,0,0,1,0,0,1,0,639930.7943,5364059.6652,10.891086121,48.414142713,0,2,#fc8d62,car
3258,35743,"9,20080500110731E+018",9,1,78,140,2020,8,8,4,3,2,6,0,0,1,0,0,0,0,706816739,5366057.7368,11.795058984,48.413702501,0,2,#fc8d62,car