fid,OBJECTID,UIDENTSTLA,ULAND,UREGBEZ,UKREIS,UGEMEINDE,UJAHR,UMONAT,USTUNDE,UWOCHENTAG,UKATEGORIE,UART,UTYP1,ULICHTVERH,IstRad,IstPKW,IstFuss,IstKrad,IstGkfz,IstSonstig,LINREFX,LINREFY,XGCSWGS84,YGCSWGS84,STRZUSTAND,Teilnehmer,color,symbol
3259,35744,"9,2008020012703E+018",9,1,81,146,2020,8,7,1,3,8,7,0,0,1,0,0,0,0,649839.1849,5325564.8032,11.011289768,48.065748772,0,2,#fc8d62,car
3260,35749,"9,20080200121531E+018",9,1,81,127,2020,8,13,1,3,2,6,0,0,1,0,0,0,0,636775.1921,5327649191,10.836696955,48.087427674,0,2,#fc8d62,car
3261,35751,"9,20080200121531E+018",9,1,81,127,2020,8,13,1,3,2,6,0,0,1,0,0,0,0,636819.3657,5327741.3339,10.83731935,48.088246781,1,2,#fc8d62,car
3262,35754,"9,20080400120131E+018",9,1,74,147,2020,8,6,3,2,9,1,1,0,1,0,0,0,0,669884.2725,5364623.5889,11.295810604,48.411849942,1,2,#fc8d62,car
3263,35757,"9,20080200121531E+018",9,1,81,127,2020,8,12,1,3,8,1,0,0,1,0,0,0,0,636877.4006,5328038.8369,10.83819364,48.090909589,1,2,#fc8d62,car
3264,35758,"9,20080600852632E+018",9,1,84,147,2020,8,18,5,3,1,5,0,1,1,0,0,0,0,695726.5411,5340048.3393,11.633291396,48.183493683,0,1,#66c2a5,bicycle
3265,35760,"9,20080700857131E+018",9,1,62,0,2020,8,19,6,3,3,6,0,0,0,0,1,0,1,692002.9947,5331550.7794,11.579416114,48.108255386,0,4,#e78ac3,marker
3266,35761,"9,20080500712531E+018",9,7,72,200,2020,8,17,4,2,9,1,0,0,0,0,1,0,0,626483.6317,5340156.2076,10.702277647,48.202028643,0,4,#e78ac3,marker
3267,35764,"9,20080200121331E+018",9,1,88,126,2020,8,13,1,3,0,1,0,0,0,0,1,0,0,660130588,5328537854,11.150447751,48.089978306,1,4,#e78ac3,marker
3268,35767,"9,20080200120131E+018",9,1,74,126,2020,8,22,1,2,5,3,2,0,1,0,0,0,0,683833.8118,5345827.9992,11.475951953,48.23899655,1,2,#fc8d62,car
3269,35771,"9,20080200120131E+018",9,1,74,118,2020,8,14,1,3,0,7,0,0,0,0,1,0,0,669729.8661,5356648.9624,11.290506141,48.340204529,0,4,#e78ac3,marker
3270,35772,"9,20080200120131E+018",9,1,74,141,2020,8,8,1,3,8,1,0,0,0,0,0,0,1,680201.4595,5356540.1764,11.431645401,48.336327123,0,6,#ffd92f,circle
3271,35773,"9,20080200858233E+018",9,1,62,0,2020,8,4,1,3,1,5,1,0,1,0,0,0,1,698176.1576,5333291.0598,11.663065182,48.122005272,0,2,#fc8d62,car
3272,35777,"9,20080100858232E+018",9,1,84,136,2020,8,8,7,3,0,7,0,1,0,0,0,0,1,699167.0605,5327370.8935,11.673604032,48.068490245,0,1,#66c2a5,bicycle
3273,35779,"9,20080100858232E+018",9,1,62,0,2020,8,12,7,3,5,3,0,0,1,0,0,0,1,685232815,5328901102,11.487404566,48.086443389,0,2,#fc8d62,car
3274,35780,"9,20080500710632E+018",9,7,61,0,2020,8,6,4,3,1,1,0,0,0,0,1,0,1,642027.6461,5359584.7257,10.917894142,48.373437109,0,4,#e78ac3,marker
3275,35782,"9,20080300851331E+018",9,1,62,0,2020,8,7,2,3,2,6,0,0,1,0,0,0,0,693066.4164,5337693.2202,11.596471095,48.163140601,1,2,#fc8d62,car
3276,35784,"9,20080500710133E+018",9,7,71,114,2020,8,10,4,3,2,2,0,0,1,0,1,0,0,648425.2769,5372525263,11.008814287,48.488313063,0,2,#fc8d62,car
3277,35786,"9,20080100858232E+018",9,1,84,127,2020,8,14,7,2,5,3,0,0,1,0,0,0,0,702135.1434,5320871.7907,11.710333908,48.009148988,0,2,#fc8d62,car
3278,35793,"9,20080100858231E+018",9,1,84,130,2020,8,16,7,3,2,3,0,1,1,0,0,0,0,697499.7853,5343283.1235,11.658626765,48.212016551,0,1,#66c2a5,bicycle
3279,35796,"9,20080100858231E+018",9,1,62,0,2020,8,12,7,2,5,2,0,0,1,0,0,0,0,678162.1255,5334372.7499,11.394828808,48.137644253,0,2,#fc8d62,car
3280,35800,"9,20080100858231E+018",9,1,84,147,2020,8,9,7,3,2,6,0,0,1,0,0,0,0,696389.9465,5341331.0132,11.642800029,48.194816756,0,2,#fc8d62,car
3281,35801,"9,20080100857133E+018",9,1,84,122,2020,8,22,7,2,5,3,2,0,1,0,1,0,0,689312.3439,5325890.4857,11.540798052,48.058184919,0,2,#fc8d62,car
3282,35807,"9,20080100857131E+018",9,1,62,0,2020,8,22,7,2,3,6,2,1,0,0,0,0,1,689225.4732,5330245181,11.541561628,48.097351599,1,1,#66c2a5,bicycle
3283,35808,"9,20080600717331E+018",9,7,61,0,2020,8,15,5,3,2,6,0,0,1,0,0,0,0,637898.9704,5361729.3594,10.862876784,48.393637006,0,2,#fc8d62,car
3284,35810,"9,20080700131331E+018",9,1,86,152,2020,8,10,6,3,8,1,0,0,0,0,0,0,1,693699.2984,5374110.2338,11.621705927,48.490238903,0,6,#ffd92f,circle
3285,35812,"9,20080800160931E+018",9,1,73,126,2020,8,16,7,2,8,7,0,0,0,0,1,0,0,681768.2456,5304937.7749,11.430785591,47.872032464,0,4,#e78ac3,marker
3286,35815,"9,20080100857131E+018",9,1,62,0,2020,8,6,7,2,6,4,0,0,1,1,0,0,0,688801181,5331702255,11.536513266,48.110573919,0,2,#fc8d62,car
3287,35816,"9,20080600740736E+018",9,7,77,172,2020,8,11,5,3,2,6,0,0,1,0,0,0,0,628462.9276,5305226.8264,10.718420238,47.88750985,0,2,#fc8d62,car
3288,35825,"9,20080600160931E+018",9,1,73,126,2020,8,17,5,3,3,6,0,0,1,0,1,0,0,683888728,5305963953,11.45955271,47.880653245,0,2,#fc8d62,car
3289,35830,"9,20080100740731E+018",9,7,62,0,2020,8,10,7,3,1,6,0,0,1,0,0,0,0,620718.0214,5304002.1845,10.614519888,47.87799916,0,2,#fc8d62,car
3290,35831,"9,20080700121732E+018",9,1,79,142,2020,8,19,6,2,5,3,0,1,1,0,0,0,0,674814.3978,5340945656,11.352571038,48.197658852,0,1,#66c2a5,bicycle
3291,35832,"9,20080300717333E+018",9,7,71,122,2020,8,15,2,3,2,6,0,0,1,0,0,1,0,652608445,5362266662,11.061654919,48.395079828,0,2,#fc8d62,car
3292,35836,"9,20080500127031E+018",9,1,62,0,2020,8,17,4,3,2,6,1,0,1,0,0,0,0,681713.3653,5341861.9784,11.445720298,48.203958684,0,2,#fc8d62,car
3293,35843,"9,2008010074014E+018",9,7,77,177,2020,8,14,7,3,2,6,0,0,0,0,1,0,0,632899.4542,5319608.1892,10.782180221,48.015936952,0,4,#e78ac3,marker
3294,35846,"9,20080700160931E+018",9,1,73,126,2020,8,10,6,3,0,7,0,0,0,0,1,0,0,684388.3802,5305175.3763,11.465892701,47.873421406,0,4,#e78ac3,marker
3295,35850,"9,20080100712331E+018",9,7,72,145,2020,8,12,7,2,1,3,0,0,1,0,1,0,0,635255.2771,5368778.8507,10.829456586,48.45759813,0,2,#fc8d62,car
3296,35852,"9,20080100710631E+018",9,7,61,0,2020,8,13,7,3,0,1,0,1,0,0,0,0,0,641002.9406,5352325.1419,10.901634489,48.308391024,0,1,#66c2a5,bicycle
3297,35854,"9,20080400147331E+018",9,1,82,133,2020,8,13,3,3,9,1,0,0,1,0,0,0,0,703837.9401,5308331.0244,11.727198076,47.895903958,1,2,#fc8d62,car
3298,35857,"9,2008070011134E+018",9,1,75,111,2020,8,15,6,2,4,3,0,1,1,0,0,0,0,712222512,5337069779,11.853466101,48.151433778,0,1,#66c2a5,bicycle
3299,35858,"9,20080300710733E+018",9,7,61,0,2020,8,14,2,3,4,2,0,0,1,0,0,0,0,643930.2097,5360714.1849,10.943957205,48.383161478,0,2,#fc8d62,car
3300,35859,"9,20080800121932E+018",9,1,88,139,2020,8,16,7,3,5,3,0,1,1,0,0,0,0,670992.0173,5318805.9955,11.292304931,47.99966869,0,1,#66c2a5,bicycle
3301,35861,"9,20080600125031E+018",9,1,79,125,2020,8,17,5,3,2,6,0,0,1,0,0,0,0,660880.3618,5332396.5038,11.16196445,48.124481108,0,2,#fc8d62,car
3302,35862,"9,20080400854732E+018",9,1,62,0,2020,8,18,3,3,0,7,0,0,0,0,1,0,0,692067.2409,5340450.2022,11.584293572,48.188222302,0,4,#e78ac3,marker
3303,35865,"9,20080300117531E+018",9,1,84,112,2020,8,8,2,3,2,6,0,0,1,0,0,0,1,701507.8426,5340783.5414,11.711332272,48.188293576,1,2,#fc8d62,car
3304,35872,"9,20080600152532E+018",9,1,83,123,2020,8,13,5,3,0,7,0,0,0,0,1,0,0,734652.9526,5341136.6603,12.156849112,48.180090035,0,4,#e78ac3,marker
3305,35874,"9,20080400110933E+018",9,1,78,155,2020,8,7,3,3,5,3,0,0,1,0,0,0,0,712722.8011,5376189462,11.879923052,48.502771628,1,2,#fc8d62,car
3306,35875,"9,20080800210933E+018",9,2,74,124,2020,8,17,7,3,5,3,0,0,1,0,1,0,0,722860714,5374683111,12.016176876,48.485725006,0,2,#fc8d62,car
3307,35876,"9,20080500161931E+018",9,1,73,147,2020,8,12,4,3,5,3,0,1,1,0,0,0,0,680556.0794,5307917.7502,11.415836301,47.899162465,0,1,#66c2a5,bicycle
3308,35881,"9,20080400127031E+018",9,7,71,129,2020,8,0,3,3,8,1,2,0,1,0,0,0,0,660062.6958,5355947.3374,11.159880279,48.336419834,1,2,#fc8d62,car
3309,35884,"9,20080600858231E+018",9,1,84,127,2020,8,12,5,3,5,3,0,0,1,0,0,0,0,701744.9745,5323394.2448,11.706295483,48.031941821,0,2,#fc8d62,car
3310,35886,"9,20080800110531E+018",9,1,77,133,2020,8,19,7,2,0,1,0,0,0,0,0,0,1,711116.6587,5353757.2131,11.846927024,48.301750786,0,6,#ffd92f,circle
3311,35888,"9,20080600121931E+018",9,1,88,139,2020,8,12,5,3,1,5,0,1,0,0,0,0,0,680613371,5322038.4619,11.422533256,48.026080441,0,1,#66c2a5,bicycle
3312,35892,"9,20080200853231E+018",9,1,84,122,2020,8,12,1,3,0,7,0,1,0,0,0,0,0,687976.0096,5323692.2493,11.521915485,48.03882139,1,1,#66c2a5,bicycle
3313,35900,"9,20080700131531E+018",9,1,85,158,2020,8,23,6,3,8,1,2,0,1,0,0,0,0,661068.9246,5382697.2969,11.183742213,48.576645176,0,2,#fc8d62,car
3314,35918,"9,20080400160931E+018",9,1,73,118,2020,8,12,3,3,0,1,0,0,0,0,1,0,0,695627.8046,5308409.5875,11.617509323,47.89916541,1,4,#e78ac3,marker
3315,35921,"9,20080700710631E+018",9,7,61,0,2020,8,15,6,3,0,7,0,1,0,0,0,0,0,641060.4718,5356849.7791,10.903924284,48.349062381,0,1,#66c2a5,bicycle
3316,35925,"9,20080200712135E+018",9,7,71,145,2020,8,5,1,3,8,1,0,0,1,0,0,0,0,647711.8081,5343768.8703,10.9890692,48.229927613,0,2,#fc8d62,car
3317,35935,"9,20080500147332E+018",9,1,84,145,2020,8,9,4,3,2,6,0,0,1,0,0,0,0,693520.1966,5324695.3419,11.59667254,48.046180947,0,2,#fc8d62,car
3318,35937,"9,20080600740732E+018",9,7,77,139,2020,8,8,5,2,0,1,0,1,0,0,0,0,0,617250475,5306862.94,10.568939253,47.904371379,0,1,#66c2a5,bicycle
3319,35939,"9,20080700717334E+018",9,7,61,0,2020,8,17,6,3,9,1,0,0,0,0,1,0,1,639873.8985,5355531.3251,10.887480008,48.337471058,1,4,#e78ac3,marker
3320,35950,"9,20080700121331E+018",9,1,88,126,2020,8,9,6,2,4,2,0,0,1,0,0,0,0,660210.2269,5328128.3662,11.151362847,48.086276711,0,2,#fc8d62,car
3321,35951,"9,20080300717331E+018",9,7,72,223,2020,8,23,2,3,8,1,2,0,1,0,0,0,0,616385.3272,5362688.7075,10.572639401,48.406602571,1,2,#fc8d62,car
3322,35956,"9,20080700127031E+018",9,1,79,123,2020,8,15,6,3,1,6,0,0,1,0,0,0,0,674679.7937,5331118.6854,11.346727427,48.109357549,0,2,#fc8d62,car
3323,35963,"9,20080300167032E+018",9,1,88,113,2020,8,19,2,3,8,1,1,0,1,0,0,0,0,680005.8491,5314665.7602,11.411300738,47.95997715,1,2,#fc8d62,car
3324,35972,"9,20080400131531E+018",9,1,85,166,2020,8,19,3,2,4,2,0,0,1,0,0,0,0,674381298,5383571662,11.364441533,48.580941525,0,2,#fc8d62,car
3325,35975,"9,20080700110132E+018",9,1,77,137,2020,8,12,6,3,2,6,0,1,0,0,1,0,0,735508.6004,5345772.3874,12.170913706,48.221416679,0,1,#66c2a5,bicycle
3326,35977,"9,20080800120131E+018",9,1,74,115,2020,8,22,7,3,0,1,2,1,0,0,0,0,0,683262.4163,5348388682,11.469372159,48.262178471,0,1,#66c2a5,bicycle
3327,35979,"9,20080600120931E+018",9,1,79,123,2020,8,18,5,3,0,1,0,0,0,0,1,0,0,676132.8195,5334926.4989,11.367804504,48.143186999,0,4,#e78ac3,marker
3328,35983,"9,20080300110541E+018",9,1,77,133,2020,8,16,2,3,3,6,0,0,1,0,0,0,0,710931.6049,5360277.4853,11.847697723,48.360400764,0,2,#fc8d62,car
3329,35988,"9,20080600120735E+018",9,1,88,120,2020,8,18,5,3,2,6,0,1,0,0,0,0,0,678578.4665,5328010.0745,11.397756594,48.080332699,0,1,#66c2a5,bicycle
3330,35989,"9,20080500115031E+018",9,1,77,117,2020,8,12,4,3,4,6,0,0,1,0,0,0,0,718576892,5355172.5176,11.948125881,48.31193411,0,2,#fc8d62,car
3331,35992,"9,20080300137031E+018",9,1,86,152,2020,8,21,2,3,3,1,2,0,1,0,0,0,0,690813.2087,5376401.5209,11.583731601,48.511714019,1,2,#fc8d62,car
3332,35999,"9,20080400120533E+018",9,1,79,149,2020,8,17,3,3,8,3,0,0,1,0,1,0,0,656589.0495,5330154.4495,11.10351391,48.105393017,0,2,#fc8d62,car
3333,36003,"9,20080600857131E+018",9,1,62,0,2020,8,11,5,3,5,3,0,1,1,0,0,0,0,685111.6073,5341707.4696,11.491346129,48.201588176,0,1,#66c2a5,bicycle
3334,36005,"9,20080700858232E+018",9,1,62,0,2020,8,1,6,2,0,1,2,1,0,0,0,0,0,689852.1865,5327712022,11.548844724,48.074396818,0,1,#66c2a5,bicycle
3335,36007,"9,20080600120533E+018",9,1,79,121,2020,8,16,5,3,0,1,0,1,0,0,0,0,0,667465.8214,5339092131,11.253027532,48.182976451,0,1,#66c2a5,bicycle
3336,36008,"9,20080400740135E+018",9,7,77,177,2020,8,15,3,3,6,7,0,0,1,1,0,0,0,632478519,5317231.7558,10.775804359,47.994653455,1,2,#fc8d62,car
3337,36017,"9,20080700131332E+018",9,1,86,143,2020,8,15,6,3,3,6,0,0,1,0,1,0,0,685404.6032,5377807.7713,11.511194988,48.525972887,0,2,#fc8d62,car
3338,36026,"9,20080300858231E+018",9,1,84,119,2020,8,7,2,3,5,3,0,0,1,0,0,1,0,697053345,5348434298,11.655019503,48.258449715,1,2,#fc8d62,car
3339,36027,"9,20080800161931E+018",9,1,73,130,2020,8,2,7,3,8,1,2,0,1,0,0,0,0,681093.4587,5314775.9095,11.425902913,47.960660617,0,2,#fc8d62,car
3340,36049,"9,20080500140133E+018",9,1,87,150,2020,8,17,4,3,2,6,0,0,1,0,0,0,0,730301.2264,5303403.8903,12.078133415,47.842687616,0,2,#fc8d62,car
3341,36072,"9,20080700127031E+018",9,1,62,0,2020,8,8,6,3,2,6,0,0,1,0,0,0,0,678168.5157,5334370.0439,11.394913494,48.137618139,0,2,#fc8d62,car
3342,36073,"9,20080300730331E+018",9,7,73,182,2020,8,16,2,3,8,1,0,0,1,0,0,0,0,628714.4564,5376260.5204,10.743334858,48.526247263,1,2,#fc8d62,car
3343,36083,"9,2008010016193E+018",9,1,73,118,2020,8,13,7,3,8,7,0,0,1,0,0,0,0,687584.3281,5308111.0307,11.509866547,47.898883699,0,2,#fc8d62,car
3344,36086,"9,20080700161732E+018",9,1,90,159,2020,8,22,6,2,5,3,2,0,1,0,0,0,1,663278.4651,5305794.5004,11.184042001,47.884702427,0,2,#fc8d62,car
3345,36087,"9,20080400127031E+018",9,1,62,0,2020,8,13,3,3,2,6,0,0,1,0,0,0,0,687378.1169,5333151.4781,11.518050681,48.12402021,1,2,#fc8d62,car
3346,36090,"9,20080600858232E+018",9,1,62,0,2020,8,17,5,3,2,6,0,0,1,0,0,0,0,689279.5386,5339030.4801,11.546190911,48.176298613,0,2,#fc8d62,car
3347,36093,"9,20080400147331E+018",9,1,82,137,2020,8,14,3,3,8,1,0,0,0,0,1,0,0,711834.1653,5305036.5428,11.832433303,47.863709123,1,4,#e78ac3,marker
3348,36096,"9,20080700117031E+018",9,1,78,145,2020,8,11,6,3,3,6,0,0,1,0,0,1,0,695854.1619,5355921.1313,11.642351729,48.326106864,0,2,#fc8d62,car
3349,36097,"9,20080300712131E+018",9,7,71,122,2020,8,11,2,3,8,1,0,0,1,0,0,0,0,648294.3097,5359405.3472,11.002401212,48.370382833,1,2,#fc8d62,car
3350,36098,"9,20080800127031E+018",9,1,62,0,2020,8,14,7,3,2,6,0,0,1,0,0,0,0,687328.5789,5333159.6793,11.517389243,48.124108502,0,2,#fc8d62,car
3351,36100,"9,20080600120131E+018",9,1,74,143,2020,8,10,5,3,4,6,0,0,0,0,0,1,0,670453.5486,5352971118,11.29877719,48.306948009,0,5,#a6d854,bus
3352,36101,"9,20080400857132E+018",9,1,84,139,2020,8,13,3,3,4,1,0,0,1,0,0,0,0,687398484,5324115017,11.514360079,48.042791169,1,2,#fc8d62,car
3353,36104,"9,20080300127031E+018",9,1,62,0,2020,8,12,2,3,2,6,0,0,1,0,0,0,0,686685.9981,5333269.2514,11.508810601,48.125282126,1,2,#fc8d62,car
3354,36108,"9,20080100152532E+018",9,1,83,139,2020,8,11,7,3,0,7,0,1,0,0,0,0,0,735089.1815,5334875.8328,12.159250881,48.123686287,0,1,#66c2a5,bicycle
3355,36112,"9,20080700147332E+018",9,1,84,114,2020,8,14,6,3,3,6,0,0,1,0,0,0,0,698963.8015,5320889.9137,11.667867426,48.010306844,0,2,#fc8d62,car
3356,36113,"9,20080400117531E+018",9,1,84,112,2020,8,9,3,3,2,6,0,0,1,0,0,0,0,702258.3964,5340295.5858,11.721187031,48.183669924,1,2,#fc8d62,car
3357,36114,"9,20080800210935E+018",9,2,74,124,2020,8,17,7,3,3,6,0,0,1,0,0,0,0,727910281,5377614.1035,12.086014494,48.510245073,0,2,#fc8d62,car
3358,36121,"9,20080700710646E+018",9,7,61,0,2020,8,17,6,3,5,1,0,1,0,0,0,0,0,641489503,5357831.04,10.910041533,48.357789547,0,1,#66c2a5,bicycle
3359,36131,"9,20081000858232E+018",9,1,62,0,2020,8,12,2,3,5,3,0,1,0,0,1,0,0,688707.8652,5342019.5336,11.539836643,48.20333437,0,1,#66c2a5,bicycle
3360,36136,"9,20081000140734E+018",9,1,82,137,2020,8,13,2,3,2,6,0,0,1,0,0,0,0,709132.6244,5304748.3989,11.796216417,47.862004704,0,2,#fc8d62,car
3361,36138,"9,20080900210936E+018",9,2,61,0,2020,8,19,1,3,4,2,0,0,1,0,0,0,0,731805.1556,5383931.3195,12.14218458,48.565566394,0,2,#fc8d62,car
3362,36140,"9,20081200110131E+018",9,1,77,138,2020,8,7,4,3,2,2,0,0,1,0,0,0,1,726285.8531,5363561.6266,12.056459726,48.38458996,0,2,#fc8d62,car
3363,36143,"9,20081200121531E+018",9,1,81,133,2020,8,15,4,2,5,2,0,0,1,0,1,0,0,642570373,5313679629,10.909826411,47.960541603,0,2,#fc8d62,car
3364,36148,"9,20081100141331E+018",9,1,87,177,2020,8,19,3,3,0,1,0,1,0,0,0,0,0,735607.3831,5305367.7305,12.15001359,47.858408153,0,1,#66c2a5,bicycle
3365,36150,"9,20081000712533E+018",9,7,72,151,2020,8,13,2,2,0,1,0,0,0,0,1,0,0,622540284,5342829402,10.650001799,48.226842439,0,4,#e78ac3,marker
3366,36151,"9,20081100750136E+018",9,7,78,216,2020,8,18,3,2,4,6,0,0,1,0,1,0,0,625638236,5321484.4368,10.685402399,48.034279584,0,2,#fc8d62,car
3367,36161,"9,20081000110736E+018",9,1,78,130,2020,8,11,2,3,3,6,0,0,1,0,0,0,0,702805.4086,5358819.9469,11.737419981,48.349965119,0,2,#fc8d62,car
3368,36167,"9,20081000167034E+018",9,1,88,139,2020,8,13,2,3,2,6,0,0,1,0,0,0,0,680827.7143,5322287.3804,11.42551058,48.02825735,0,2,#fc8d62,car
3369,36172,"9,20081100110336E+018",9,1,75,122,2020,8,11,3,3,2,6,0,0,1,0,0,0,0,721289.3868,5327475.6745,11.970233832,48.062142297,0,2,#fc8d62,car
3370,36178,"9,20081100710736E+018",9,7,61,0,2020,8,10,3,3,0,1,0,1,0,0,0,0,0,643064.4455,5360486.7922,10.932193502,48.38131382,0,1,#66c2a5,bicycle
3371,36184,"9,20081000854432E+018",9,1,62,0,2020,8,8,2,3,2,2,0,1,1,0,0,0,0,688078836,5340221394,11.530582573,48.187359181,0,1,#66c2a5,bicycle
3372,36197,"9,20081200117532E+018",9,1,75,132,2020,8,11,4,3,2,6,0,0,1,0,0,0,0,705299.7195,5334601.3601,11.75930871,48.131523425,0,2,#fc8d62,car
3373,36201,"9,20081000127031E+018",9,1,88,121,2020,8,10,2,3,2,6,0,0,1,0,0,0,1,671097.4737,5329287.8479,11.297907445,48.093871098,0,2,#fc8d62,car
3374,36202,"9,20081100140131E+018",9,1,87,150,2020,8,17,3,3,2,6,0,0,1,0,1,0,0,728873.7373,5304336.9706,12.059575712,47.851580642,0,2,#fc8d62,car
3375,36203,"9,20080900127031E+018",9,1,88,144,2020,8,18,1,3,1,6,0,0,1,0,0,0,0,668088.3444,5328989.1499,11.257408852,48.09198658,0,2,#fc8d62,car
3376,36204,"9,20081000710633E+018",9,7,61,0,2020,8,9,2,3,5,1,0,1,1,0,0,0,0,641785.1466,5358752248,10.914340732,48.366006353,0,1,#66c2a5,bicycle
3377,36207,"9,20081000717334E+018",9,7,61,0,2020,8,14,2,3,9,1,0,0,1,0,0,0,0,639623.9668,5352379957,10.883065604,48.309189831,0,2,#fc8d62,car
3378,36208,"9,20081100852936E+018",9,1,62,0,2020,8,9,3,3,5,3,0,1,1,0,0,0,0,685631.3785,5328692.8813,11.492660954,48.084455856,0,1,#66c2a5,bicycle
3379,36212,"9,20080900121936E+018",9,1,88,139,2020,8,11,1,3,5,3,0,1,0,0,1,0,0,679415.5245,5320417.0331,11.405802884,48.011842619,0,1,#66c2a5,bicycle
3380,36213,"9,20080900857135E+018",9,1,84,137,2020,8,13,1,2,8,7,0,0,0,0,1,0,0,708732.8099,5313495.4424,11.795108785,47.940741242,0,4,#e78ac3,marker
3381,36215,"9,20080900121532E+018",9,1,81,143,2020,8,9,1,3,8,1,0,0,0,0,1,0,0,636470.6452,5315720.9372,10.828808683,47.980227708,0,4,#e78ac3,marker
3382,36218,"9,20081100717331E+018",9,7,72,223,2020,8,21,3,3,2,6,2,0,1,0,0,0,0,621604.6193,5363268.7343,10.643302873,48.410833312,0,2,#fc8d62,car
3383,36221,"9,20080900121531E+018",9,1,81,130,2020,8,13,1,3,4,2,0,0,1,0,1,0,0,639674.2817,5323248.6061,10.874168525,48.047227775,0,2,#fc8d62,car
3384,36226,"9,20080900120535E+018",9,1,79,121,2020,8,13,1,3,8,1,0,0,0,0,1,0,0,664506.8463,5335366.5491,11.211808294,48.150255798,0,4,#e78ac3,marker
3385,36229,"9,20081100127032E+018",9,1,62,0,2020,8,15,3,3,0,6,0,0,1,0,0,0,0,679899.4552,5338101.8763,11.419736739,48.170676272,0,2,#fc8d62,car
3386,36236,"9,20080900117031E+018",9,1,78,113,2020,8,14,1,3,3,6,0,0,1,0,0,0,0,691559.3209,5366677.2707,11.589370805,48.424092759,0,2,#fc8d62,car
3387,36238,"9,20081000852532E+018",9,1,62,0,2020,8,12,2,3,5,2,0,1,1,0,0,0,0,699728.1908,5332953.0063,11.683739203,48.118482194,0,1,#66c2a5,bicycle
3388,36240,"9,20081200121532E+018",9,1,81,130,2020,8,12,4,3,4,3,0,0,1,0,0,0,1,639419.7117,5322989.2842,10.870670087,48.044951528,0,2,#fc8d62,car
3389,36241,"9,20081000858232E+018",9,1,84,138,2020,8,7,2,2,5,3,0,1,0,0,0,0,0,680169.1612,5330963.3648,11.42034129,48.106432352,0,1,#66c2a5,bicycle
3390,36243,"9,20080900111132E+018",9,1,78,145,2020,8,12,1,2,0,1,0,1,0,0,0,0,0,696454.1016,5355173.0774,11.650088271,48.319197924,0,1,#66c2a5,bicycle
3391,36246,"9,20080800858232E+018",9,1,62,0,2020,8,17,7,3,5,7,0,0,1,0,0,0,0,685466.7478,5335316.9671,11.493333146,48.14404429,0,2,#fc8d62,car
3392,36249,"9,20080800858232E+018",9,1,84,135,2020,8,10,7,3,5,2,0,0,1,0,1,0,0,689439889,5347334147,11.55205417,48.250883603,0,2,#fc8d62,car
3393,36250,"9,20081000740734E+018",9,7,77,172,2020,8,18,2,3,2,6,0,0,1,0,1,0,0,626548885,5306180253,10.693107717,47.89646467,0,2,#fc8d62,car
3394,36252,"9,20081200117032E+018",9,1,78,113,2020,8,12,4,3,2,6,0,0,1,0,0,0,0,691494.0222,5368961.7404,11.589532899,48.444643845,0,2,#fc8d62,car
3395,36255,"9,20080800852632E+018",9,1,84,147,2020,8,20,7,3,0,1,0,1,0,0,0,0,0,696687.9682,5339379.4906,11.645902522,48.177185636,0,1,#66c2a5,bicycle
3396,36256,"9,20081000117534E+018",9,1,84,123,2020,8,9,2,3,3,6,0,0,1,0,0,1,0,705151.4629,5332359.1678,11.756239542,48.111421608,0,2,#fc8d62,car
3397,36263,"9,20081000717331E+018",9,7,61,0,2020,8,15,2,3,2,6,0,0,1,0,1,0,0,637425.4123,5359303.8526,10.855689769,48.37193057,0,2,#fc8d62,car
3398,36285,"9,20081100120131E+018",9,1,74,113,2020,8,19,3,3,5,2,0,0,1,0,1,0,0,675422151,5347809.1818,11.363583561,48.259188668,0,2,#fc8d62,car
3399,36291,"9,20081100210932E+018",9,2,61,0,2020,8,18,3,3,0,6,0,1,0,0,0,0,0,733977.3005,5382435.2539,12.170741039,48.551321167,0,1,#66c2a5,bicycle
3400,36292,"9,20081100710736E+018",9,7,61,0,2020,8,14,3,3,5,3,0,1,1,0,0,0,0,641331.3352,5365088.5368,10.910349466,48.423081282,0,1,#66c2a5,bicycle
3401,36298,"9,20081000858231E+018",9,1,62,0,2020,8,9,2,3,2,6,0,0,1,0,0,0,0,688961.7005,5329407.0427,11.537651461,48.089896512,0,2,#fc8d62,car
3402,36308,"9,20081100857133E+018",9,1,62,0,2020,8,14,3,2,6,2,0,0,0,1,0,1,0,693823103,5331642.0945,11.603883329,48.108524902,0,3,#8da0cb,toilet
3403,36311,"9,20081200120131E+018",9,1,74,115,2020,8,6,4,3,4,2,0,1,1,0,0,0,0,680772.9233,5348497.4287,11.435905624,48.263871158,0,1,#66c2a5,bicycle
3404,36318,"9,20081000712135E+018",9,7,71,122,2020,8,7,2,3,8,1,0,0,0,0,0,1,0,653073.4128,5362231.8034,11.067919419,48.394653728,0,5,#a6d854,bus
3405,36323,"9,20080800712531E+018",9,7,72,200,2020,8,15,7,3,2,6,0,0,1,0,0,0,0,630976.2216,5337493.3941,10.761890653,48.177171955,0,2,#fc8d62,car