fid,OBJECTID,UIDENTSTLA,ULAND,UREGBEZ,UKREIS,UGEMEINDE,UJAHR,UMONAT,USTUNDE,UWOCHENTAG,UKATEGORIE,UART,UTYP1,ULICHTVERH,IstRad,IstPKW,IstFuss,IstKrad,IstGkfz,IstSonstig,LINREFX,LINREFY,XGCSWGS84,YGCSWGS84,STRZUSTAND,Teilnehmer,color,symbol
3406,36327,"9,20080800711932E+018",9,7,72,163,2020,8,9,7,3,0,7,0,1,0,0,0,0,0,641087593,5345970.1481,10.90065382,48.251229406,0,1,#66c2a5,bicycle
3407,36328,"9,20080900858232E+018",9,1,84,132,2020,8,10,1,2,3,6,0,1,0,0,1,0,0,683423.1533,5325464.7568,11.461652353,48.056078191,0,1,#66c2a5,bicycle
3408,36330,"9,20080800711931E+018",9,7,72,163,2020,8,14,7,3,5,3,0,0,1,0,1,0,0,639392.3383,5346304.9817,10.877939389,48.254615351,0,2,#fc8d62,car
3409,36334,"9,20081100717333E+018",9,7,72,147,2020,8,11,3,3,9,6,0,0,1,0,0,0,0,639438.7435,5364060.3027,10.884440291,48.414257517,0,2,#fc8d62,car
3410,36337,"9,20080800710134E+018",9,7,71,114,2020,8,17,7,3,5,3,0,0,1,0,1,0,0,644110.3152,5375243.4046,10.951388807,48.513756518,0,2,#fc8d62,car
3411,36340,"9,20081100110131E+018",9,1,77,139,2020,8,7,3,3,5,3,0,0,1,0,0,0,0,731327.6855,5359320.6994,12.122124465,48.344664487,0,2,#fc8d62,car
3412,36343,"9,20081100127035E+018",9,1,88,121,2020,8,5,3,2,0,7,1,0,1,0,0,0,0,669956294,5329182764,11.282551765,48.093231765,0,2,#fc8d62,car
3413,36351,"9,20081000852731E+018",9,1,84,123,2020,8,6,2,3,5,3,0,1,0,0,0,0,0,703839627,5334367547,11.739595997,48.129891481,0,1,#66c2a5,bicycle
3414,36352,"9,20081200127032E+018",9,1,84,138,2020,8,11,4,3,8,1,0,0,1,0,0,0,0,677903.6706,5332171.0735,11.390438715,48.117925378,0,2,#fc8d62,car
3415,36364,"9,20081200117532E+018",9,1,62,0,2020,8,11,4,3,9,6,0,0,1,0,0,0,0,695971.9799,5343683.1854,11.638267892,48.216085588,0,2,#fc8d62,car
3416,36368,"9,20081000120734E+018",9,1,88,120,2020,8,20,2,3,0,1,1,1,0,0,0,0,0,678165.5581,5327196.1893,11.391878202,48.073132022,0,1,#66c2a5,bicycle
3417,36369,"9,20081100140131E+018",9,1,87,150,2020,8,8,3,3,0,1,0,1,0,0,0,0,0,729771.3435,5303377.7037,12.071047797,47.842641906,0,1,#66c2a5,bicycle
3418,36374,"9,20081000717331E+018",9,7,72,149,2020,8,10,2,3,5,3,0,0,1,0,0,0,1,637747.1982,5340316.3715,10.853841138,48.201124875,0,2,#fc8d62,car
3419,36375,"9,20081100851331E+018",9,1,62,0,2020,8,15,3,3,0,1,0,1,0,0,0,0,0,693373.9576,5337432078,11.600483961,48.160700082,0,1,#66c2a5,bicycle
3420,36381,"9,20081100131332E+018",9,1,86,125,2020,8,6,3,3,8,7,0,0,1,0,0,0,0,673684.5612,5374984.9386,11.351422895,48.503951249,0,2,#fc8d62,car
3421,36385,"9,20081100717331E+018",9,7,71,130,2020,8,14,3,3,2,6,0,0,1,0,0,0,0,645150.1935,5362949.5808,10.961197172,48.402981058,0,2,#fc8d62,car
3422,36390,"9,2008100021094E+018",9,2,61,0,2020,8,11,2,3,0,3,0,1,0,0,0,0,0,731869.88,5381114364,12.14149212,48.540238386,0,1,#66c2a5,bicycle
3423,36395,"9,20081100120536E+018",9,1,79,138,2020,8,14,3,3,8,1,0,0,0,0,0,0,1,655900.8352,5335455307,11.096214822,48.153221623,0,6,#ffd92f,circle
3424,36402,"9,2008110021094E+018",9,2,74,113,2020,8,11,3,3,4,2,0,0,1,0,0,0,0,728394.3089,5383929.8644,12.096019654,48.566805077,0,2,#fc8d62,car
3425,36429,"9,20081600121533E+018",9,1,81,126,2020,8,20,1,3,0,1,1,1,0,0,0,0,0,638014135,5329146428,10.85380927,48.100624249,0,1,#66c2a5,bicycle
3426,36444,"9,20081600120536E+018",9,1,79,125,2020,8,11,1,3,8,6,0,1,0,0,0,0,0,663497.0602,5331870.9427,11.196900352,48.119089454,0,1,#66c2a5,bicycle
3427,36458,"9,20081600110345E+018",9,1,75,124,2020,8,11,1,3,4,6,0,1,0,0,0,0,0,712475.2457,5329418.6648,11.853047793,48.082597861,0,1,#66c2a5,bicycle
3428,36468,"9,2008150075014E+018",9,7,78,116,2020,8,16,7,2,5,3,0,1,1,0,0,0,0,621721496,5314042931,10.630771627,47.968112816,0,1,#66c2a5,bicycle
3429,36485,"9,2008140021754E+018",9,1,78,155,2020,8,11,6,3,2,6,0,0,1,0,0,0,0,721266.9823,5374420.3744,11.994499153,48.483927446,0,2,#fc8d62,car
3430,36488,"9,20081600121335E+018",9,1,88,124,2020,8,13,1,3,0,1,0,0,0,0,1,0,0,660359.7548,5318945.1151,11.149929055,48.003674663,0,4,#e78ac3,marker
3431,36493,"9,20081500717333E+018",9,7,72,147,2020,8,3,7,3,8,1,2,0,1,0,0,0,0,635999.8241,5364278.6566,10.83806112,48.416972518,0,2,#fc8d62,car
3432,36501,"9,20081600117032E+018",9,1,84,119,2020,8,19,1,3,3,6,0,0,1,0,0,0,0,695591.6871,5345272.3599,11.63388698,48.23048533,0,2,#fc8d62,car
3433,36509,"9,20081400127032E+018",9,1,62,0,2020,8,22,6,3,3,1,2,0,1,0,0,0,0,678467123,5334086.5598,11.398804907,48.1349862,1,2,#fc8d62,car
3434,36510,"9,20081400127032E+018",9,1,74,146,2020,8,20,6,2,8,1,1,0,1,0,0,0,0,665886.1538,5351336.7501,11.236587431,48.293469575,1,2,#fc8d62,car
3435,36511,"9,20081400127032E+018",9,1,62,0,2020,8,14,6,3,2,6,0,0,1,0,0,0,0,687427.3787,5333143.5483,11.518708528,48.123934434,0,2,#fc8d62,car
3436,36514,"9,20081400110336E+018",9,1,75,137,2020,8,17,6,2,2,2,0,0,1,0,0,0,0,726884.2916,5330100.0632,12.046615055,48.083755986,0,2,#fc8d62,car
3437,36515,"9,20081300854832E+018",9,1,84,119,2020,8,16,5,3,4,2,0,1,1,0,0,0,0,696395697,5346610137,11.645322173,48.242259796,0,1,#66c2a5,bicycle
3438,36516,"9,20081600110332E+018",9,1,75,122,2020,8,4,1,2,0,1,2,1,0,0,0,0,0,721081901,5325632734,11.966500629,48.045655351,0,1,#66c2a5,bicycle
3439,36525,"9,20081300740733E+018",9,7,62,0,2020,8,11,5,3,4,6,0,1,0,1,0,0,0,622156907,5304202801,10.633812683,47.879531289,0,1,#66c2a5,bicycle
3440,36529,"9,20081500140133E+018",9,1,87,122,2020,8,20,7,2,0,6,2,0,1,0,1,0,0,720559.3725,5305163.7024,11.949006223,47.861915962,0,2,#fc8d62,car
3441,36535,"9,20081300730333E+018",9,7,73,182,2020,8,16,5,3,2,6,0,0,1,0,0,0,0,624437.9183,5379137.3288,10.686298395,48.552979201,0,2,#fc8d62,car
3442,36536,"9,20081300730333E+018",9,7,73,122,2020,8,9,5,3,2,6,0,0,1,0,0,0,0,626324.6455,5381830.3602,10.712671932,48.576818452,0,2,#fc8d62,car
3443,36541,"9,20081300712735E+018",9,7,72,159,2020,8,10,5,3,8,1,0,0,0,0,1,0,0,625903.8979,5360411.2159,10.700518093,48.384292571,0,4,#e78ac3,marker
3444,36561,"9,20081600110532E+018",9,1,77,113,2020,8,14,1,2,4,6,0,0,1,0,0,0,0,722866.2668,5357964.5744,12.007373836,48.335522056,0,2,#fc8d62,car
3445,36566,"9,20081600120542E+018",9,1,79,138,2020,8,14,1,3,5,3,0,1,1,0,0,0,0,656597.4189,5335187.9166,11.105476024,48.150646405,0,1,#66c2a5,bicycle
3446,36577,"9,20081500858236E+018",9,1,62,0,2020,8,22,7,3,5,2,2,0,1,0,0,0,0,692043.2744,5341283.8228,11.584348405,48.1957219,0,2,#fc8d62,car
3447,36591,"9,20081200211531E+018",9,2,74,114,2020,8,19,4,3,4,6,1,0,1,0,1,0,0,735433733,5369268951,12.183027618,48.432510154,0,2,#fc8d62,car
3448,36597,"9,20081200161934E+018",9,1,73,147,2020,8,15,4,3,2,6,0,0,1,0,1,0,0,681399.4096,5308008.8352,11.427147884,47.899743391,0,2,#fc8d62,car
3449,36599,"9,20081500121932E+018",9,1,88,137,2020,8,12,7,3,2,6,0,1,0,0,0,0,0,672418751,5314472145,11.309676142,47.96032469,0,1,#66c2a5,bicycle
3450,36600,"9,20081500717335E+018",9,7,72,223,2020,8,12,7,3,0,7,0,0,1,0,0,0,0,620945.2669,5363112115,10.634351356,48.409551739,0,2,#fc8d62,car
3451,36610,"9,20081600121532E+018",9,1,81,127,2020,8,10,1,3,0,1,0,1,0,0,0,0,0,635403.3017,5326037589,10.81777328,48.073228221,0,1,#66c2a5,bicycle
3452,36619,"9,20081300160935E+018",9,1,73,118,2020,8,7,5,3,0,1,0,1,0,0,0,0,0,696873378,5308673.7,11.634277496,47.901158264,0,1,#66c2a5,bicycle
3453,36624,"9,20081600117532E+018",9,1,75,132,2020,8,16,1,3,3,6,0,0,1,0,0,0,0,705354.1041,5335847.6941,11.760639615,48.142706086,0,2,#fc8d62,car
3454,36626,"9,20081500120332E+018",9,1,81,114,2020,8,16,7,3,0,1,0,1,0,0,0,0,0,648846.5291,5316273.9518,10.994746675,47.982440806,0,1,#66c2a5,bicycle
3455,36632,"9,20081400712331E+018",9,7,72,171,2020,8,8,6,3,8,1,0,0,1,0,0,0,0,637924.0432,5372151.8321,10.866646968,48.487347511,0,2,#fc8d62,car
3456,36633,"9,20081300131334E+018",9,1,86,143,2020,8,17,5,3,2,6,0,0,1,0,0,0,0,688075.3834,5382590.1591,11.549491563,48.568159765,0,2,#fc8d62,car
3457,36634,"9,20081300131333E+018",9,1,86,143,2020,8,7,5,3,4,3,0,1,1,0,0,0,0,683244.4892,5377466.1659,11.481816184,48.52353682,0,1,#66c2a5,bicycle
3458,36636,"9,20081400711931E+018",9,7,72,125,2020,8,18,6,3,0,6,0,0,1,0,0,0,0,635480927,5346432.0576,10.825312431,48.2566064,0,2,#fc8d62,car
3459,36637,"9,20081300121732E+018",9,1,79,142,2020,8,16,5,3,8,1,0,0,1,0,0,0,0,671748.5113,5342256.0954,11.311877269,48.21027575,0,2,#fc8d62,car
3460,36638,"9,20081300121531E+018",9,1,81,137,2020,8,16,5,3,2,6,0,0,1,0,0,0,0,647810.4507,5306928962,10.977661709,47.898651766,0,2,#fc8d62,car
3461,36639,"9,20081600110336E+018",9,1,75,121,2020,8,21,1,3,0,1,2,1,0,0,0,0,0,714878.0664,5318610.2144,11.879848614,47.984670776,0,1,#66c2a5,bicycle
3462,36640,"9,20081300117033E+018",9,1,62,0,2020,8,18,5,3,2,6,0,0,1,0,0,0,0,694822.7224,5342683.6988,11.622353912,48.207456636,0,2,#fc8d62,car
3463,36641,"9,20081300117032E+018",9,1,62,0,2020,8,15,5,3,8,1,0,0,1,0,0,0,0,694627.2597,5342027.8248,11.619425017,48.201621957,0,2,#fc8d62,car
3464,36643,"9,20081300110332E+018",9,1,75,116,2020,8,14,5,3,2,6,0,0,1,0,0,0,0,709416.3011,5320522.1326,11.807673505,48.003663087,0,2,#fc8d62,car
3465,36644,"9,20081200858241E+018",9,1,62,0,2020,8,8,4,3,4,2,0,1,1,0,0,0,0,694873.1817,5331907.4802,11.618096432,48.110589713,0,1,#66c2a5,bicycle
3466,36646,"9,20081400710134E+018",9,7,71,165,2020,8,15,6,2,8,1,0,0,1,0,0,0,0,657555.2397,5362604.9375,11.128563054,48.396904515,0,2,#fc8d62,car
3467,36647,"9,20081200858232E+018",9,1,62,0,2020,8,13,4,2,5,3,0,1,1,0,0,0,0,685485.3149,5340902.6225,11.496019121,48.194244883,0,1,#66c2a5,bicycle
3468,36649,"9,20081200857134E+018",9,1,84,146,2020,8,6,4,3,5,3,0,1,0,0,0,0,0,697479.65,5328420.9107,11.651462712,48.078451816,0,1,#66c2a5,bicycle
3469,36653,"9,20081200853134E+018",9,1,84,148,2020,8,10,4,3,2,6,0,0,0,0,1,1,0,694456.7533,5327147.7397,11.610340558,48.067937904,0,4,#e78ac3,marker
3470,36656,"9,20081200853133E+018",9,1,84,141,2020,8,20,4,2,8,1,1,1,0,0,0,0,0,698078.6596,5312804691,11.652285399,47.937915301,0,1,#66c2a5,bicycle
3471,36657,"9,20081200852732E+018",9,1,84,123,2020,8,21,4,3,0,7,2,1,0,0,0,0,0,702302.1402,5332121.7972,11.717890883,48.110199731,0,1,#66c2a5,bicycle
3472,36659,"9,20081200852732E+018",9,1,84,121,2020,8,17,4,3,0,7,0,1,0,0,0,0,0,704451.3977,5328915558,11.745196164,48.080700041,0,1,#66c2a5,bicycle
3473,36661,"9,20081200757542E+018",9,7,78,203,2020,8,16,4,3,2,6,0,0,1,0,0,1,0,620395.3555,5322133.0908,10.61528257,48.041123357,0,2,#fc8d62,car
3474,36667,"9,20081600120932E+018",9,1,79,113,2020,8,14,1,3,0,7,0,1,0,0,0,0,0,670814.7811,5333345.6898,11.29573908,48.130426058,0,1,#66c2a5,bicycle
3475,36672,"9,20081500712732E+018",9,7,72,167,2020,8,15,7,2,3,2,0,1,0,0,0,0,0,624836.8921,5358074.9135,10.685419381,48.363494973,0,1,#66c2a5,bicycle
3476,36680,"9,20081600110733E+018",9,1,78,157,2020,8,12,1,3,0,6,0,0,0,0,1,0,0,705620.0218,5370480.2009,11.78107523,48.453833884,0,4,#e78ac3,marker
3477,36685,"9,20081200717333E+018",9,7,72,147,2020,8,16,4,3,3,6,0,0,1,0,0,0,0,638418.0107,5364231.1796,10.870709695,48.416019036,0,2,#fc8d62,car
3478,36686,"9,20081200712533E+018",9,7,72,149,2020,8,15,4,3,5,3,0,0,1,0,0,0,0,635278.3385,5339110.1246,10.820247706,48.190808787,0,2,#fc8d62,car
3479,36688,"9,20081200710742E+018",9,7,61,0,2020,8,14,4,3,0,3,0,1,1,0,0,0,0,643364.6999,5360671.7961,10.936309373,48.382909112,0,1,#66c2a5,bicycle
3480,36694,"9,20081400851435E+018",9,1,62,0,2020,8,20,6,2,4,6,1,1,0,0,0,0,0,688039.9618,5334994.4296,11.52774919,48.14038992,0,1,#66c2a5,bicycle
3481,36695,"9,20081600110331E+018",9,1,75,122,2020,8,11,1,3,0,1,0,1,0,0,0,0,0,719086.5906,5324834.2321,11.93935546,48.039168411,0,1,#66c2a5,bicycle
3482,36702,"9,20081200127032E+018",9,1,74,146,2020,8,18,4,3,2,6,0,0,1,0,0,0,0,668382.2905,5350021.8537,11.269690674,48.280989888,0,2,#fc8d62,car
3483,36709,"9,20081900110336E+018",9,1,75,112,2020,8,11,4,3,2,6,0,0,1,0,0,0,0,725216.8697,5319773.0905,12.018827054,47.991563375,0,2,#fc8d62,car
3484,36717,"9,20081900854734E+018",9,1,62,0,2020,8,13,4,3,0,7,0,1,0,0,0,0,0,692061.9897,5340619.4423,11.584299517,48.189744974,0,1,#66c2a5,bicycle
3485,36737,"9,20082000141333E+018",9,1,63,0,2020,8,15,5,2,6,4,0,0,0,1,0,1,0,733748.6811,5304988.5376,12.124996653,47.855680204,0,3,#8da0cb,toilet
3486,36741,"9,20081900711932E+018",9,7,72,125,2020,8,17,4,1,8,1,0,1,0,0,0,0,0,633176.2554,5347850.5024,10.794724534,48.269850155,0,1,#66c2a5,bicycle
3487,36743,"9,20081900121932E+018",9,1,88,139,2020,8,11,4,3,1,3,0,0,1,0,0,0,0,673189.5545,5317612613,11.321258569,47.988348957,0,2,#fc8d62,car
3488,36746,"9,20081700710743E+018",9,7,61,0,2020,8,9,2,3,0,7,0,0,0,0,1,0,0,642753.4439,5359787.79,10.92775827,48.375099195,1,4,#e78ac3,marker
3489,36747,"9,20081900740151E+018",9,7,77,145,2020,8,20,4,3,8,1,1,0,1,0,0,0,0,629027.5991,5325224.7607,10.731976406,48.067240431,0,2,#fc8d62,car
3490,36750,"9,20081700161732E+018",9,1,90,138,2020,8,17,2,2,4,2,0,0,1,0,0,0,0,661687314,5308686551,11.163857945,47.911107384,0,2,#fc8d62,car
3491,36759,"9,20081900120132E+018",9,1,74,118,2020,8,17,4,3,2,6,0,0,1,0,0,0,0,668493.5408,5353830.5934,11.272709036,48.315199479,0,2,#fc8d62,car
3492,36760,"9,20081700141332E+018",9,1,63,0,2020,8,16,2,3,4,2,0,0,1,0,1,0,0,732601.0005,5306859282,12.110683067,47.87290358,0,2,#fc8d62,car
3493,36768,"9,20081800117532E+018",9,1,75,132,2020,8,16,3,3,8,1,0,0,1,0,0,0,0,709010.5002,5336987895,11.810292664,48.151761512,1,2,#fc8d62,car
3494,36769,"9,20082000120542E+018",9,1,79,121,2020,8,10,5,3,0,3,0,0,1,0,0,1,0,666842.4793,5339350.6174,11.244749508,48.185464246,0,2,#fc8d62,car
3495,36774,"9,20081800854733E+018",9,1,62,0,2020,8,13,3,2,5,3,0,1,1,0,0,0,0,695295.7949,5342147.0945,11.628467682,48.202488606,1,1,#66c2a5,bicycle
3496,36775,"9,20081900217532E+018",9,1,78,155,2020,8,0,4,3,9,1,2,0,1,0,0,0,0,721302.9511,5374491.8919,11.995023106,48.484557309,1,2,#fc8d62,car
3497,36781,"9,20081900750136E+018",9,7,78,116,2020,8,10,4,3,2,6,0,0,1,0,0,0,0,619391.6847,5322320.9763,10.601874712,48.043001621,0,2,#fc8d62,car
3498,36785,"9,20081700851532E+018",9,1,62,0,2020,8,17,2,3,1,3,0,1,1,0,0,0,0,684729.8035,5332044.1097,11.482016834,48.114840532,0,1,#66c2a5,bicycle
3499,36786,"9,20082000110533E+018",9,1,77,130,2020,8,22,5,3,5,2,2,0,1,0,0,0,0,712558.5672,5352071.3651,11.865497669,48.28611995,0,2,#fc8d62,car
3500,36806,"9,20081800210934E+018",9,2,61,0,2020,8,7,3,3,2,6,0,0,1,0,0,0,0,733073414,5381052.8671,12.15773809,48.539240152,0,2,#fc8d62,car
3501,36826,"9,20081900710632E+018",9,7,61,0,2020,8,18,4,3,4,1,0,1,1,0,0,0,0,638654.9447,5356567.6732,10.87138161,48.34705841,0,1,#66c2a5,bicycle
3502,36827,"9,20081900121335E+018",9,1,88,124,2020,8,7,4,3,5,3,0,0,1,0,0,0,0,662348.5884,5318325.5295,11.176338948,47.997602186,0,2,#fc8d62,car
3503,36830,"9,20081700121732E+018",9,1,79,117,2020,8,13,2,2,1,5,0,1,1,0,0,0,0,663928.6946,5348930.1993,11.209282547,48.272344652,0,1,#66c2a5,bicycle
3504,36832,"9,20081800111136E+018",9,1,78,123,2020,8,11,3,2,5,3,0,1,1,0,0,0,0,693008.7968,5360698.3194,11.606194948,48.369916137,0,1,#66c2a5,bicycle
3505,36833,"9,20082000117533E+018",9,1,84,112,2020,8,17,5,2,2,6,0,0,1,0,0,0,0,701936.9582,5340531.3856,11.716979523,48.185891247,0,2,#fc8d62,car
3506,36838,"9,20081700121732E+018",9,1,79,142,2020,8,5,2,3,0,7,1,0,0,0,1,0,0,673026.4645,5339853.1707,11.328085432,48.188327723,1,4,#e78ac3,marker
3507,36842,"9,20081700120733E+018",9,1,88,120,2020,8,18,2,3,0,1,0,1,0,0,0,0,0,677107354,5326114.3527,11.377236337,48.063701786,0,1,#66c2a5,bicycle
3508,36843,"9,20081900111132E+018",9,1,78,145,2020,8,10,4,3,2,1,0,0,0,0,1,0,0,695978.1139,5356433.8702,11.644260546,48.330676476,0,4,#e78ac3,marker
3509,36844,"9,20081700140132E+018",9,1,87,150,2020,8,10,2,3,1,6,0,0,1,0,0,0,0,727869.1601,5303219.4195,12.045577811,47.841896676,0,2,#fc8d62,car
3510,36851,"9,20081900857133E+018",9,1,78,130,2020,8,16,4,2,4,6,0,0,1,0,0,0,0,701087.8283,5351005.2587,11.710538485,48.280286766,0,2,#fc8d62,car
3511,36853,"9,20081900147333E+018",9,1,82,137,2020,8,15,4,3,3,6,0,0,1,0,0,1,0,712762.3064,5304849.7693,11.844735784,47.861724043,0,2,#fc8d62,car
3512,36856,"9,20081700120132E+018",9,1,74,113,2020,8,16,2,3,5,3,0,0,1,0,1,0,0,677966.6265,5346939.7064,11.397470453,48.250663501,0,2,#fc8d62,car
3513,36861,"9,20081700712132E+018",9,7,71,130,2020,8,11,2,3,2,6,0,0,1,0,0,0,0,647466974,5357163.5153,10.990451083,48.350419967,1,2,#fc8d62,car
3514,36863,"9,20082000160932E+018",9,1,73,126,2020,8,15,5,3,2,6,0,0,1,0,0,0,0,684258.2111,5305249.7935,11.464185302,47.874127705,0,2,#fc8d62,car
3515,36868,"9,20081900140135E+018",9,1,87,117,2020,8,19,4,3,0,1,0,0,0,0,1,0,0,723101.7456,5306399.1724,11.98358944,47.872139214,0,4,#e78ac3,marker
3516,36871,"9,20081700120132E+018",9,1,74,151,2020,8,12,2,2,0,7,0,1,0,0,0,0,0,679047.5468,5361492.5615,11.418196031,48.381170164,0,1,#66c2a5,bicycle
3517,36873,"9,20081800161932E+018",9,1,73,147,2020,8,16,3,3,5,3,0,1,1,0,0,0,0,681271.0293,5309510382,11.426062792,47.913277469,1,1,#66c2a5,bicycle
3518,36878,"9,2008190071214E+018",9,7,71,130,2020,8,19,4,3,4,6,0,1,0,0,0,0,0,645616.0816,5357729.2421,10.965679566,48.355936065,0,1,#66c2a5,bicycle
3519,36880,"9,20081900121933E+018",9,1,88,139,2020,8,18,4,3,0,1,0,1,0,0,0,0,0,675018.9966,5319258.8197,11.346428637,48.002649818,0,1,#66c2a5,bicycle
3520,36884,"9,20081900740732E+018",9,7,77,130,2020,8,17,4,3,4,2,0,0,1,0,0,0,0,624606.3318,5309022.5831,10.667951008,47.922407404,0,2,#fc8d62,car
3521,36890,"9,20081800147345E+018",9,1,82,120,2020,8,16,3,3,0,7,0,0,1,0,0,0,0,702819.4985,5310477.8542,11.71459735,47.915520681,1,2,#fc8d62,car
3522,36893,"9,20081600710133E+018",9,7,71,113,2020,8,13,1,3,1,5,0,1,1,0,0,0,0,657390.9987,5369140.0449,11.12879916,48.455698153,0,1,#66c2a5,bicycle
3523,36896,"9,20081700120132E+018",9,1,74,131,2020,8,8,2,2,9,1,0,0,1,0,0,0,0,673821.5696,5363317.1148,11.348432096,48.399032504,1,2,#fc8d62,car
3524,36897,"9,20081900120132E+018",9,1,74,126,2020,8,18,4,3,6,6,0,1,0,1,0,0,0,683497.0046,5344108.6082,11.470675546,48.223639453,0,1,#66c2a5,bicycle
3525,36900,"9,20081600858233E+018",9,1,84,132,2020,8,0,1,3,0,7,2,1,0,0,0,0,0,683917.3435,5329377.0099,11.469961743,48.091102054,0,1,#66c2a5,bicycle
3526,36903,"9,20081700852535E+018",9,1,62,0,2020,8,17,2,3,3,2,0,1,1,0,0,0,0,701038.9642,5332407.7427,11.701074736,48.11316945,0,1,#66c2a5,bicycle
3527,36904,"9,20082000111147E+018",9,1,78,145,2020,8,18,5,1,5,3,0,0,1,0,0,0,0,696245.0997,5355658.1069,11.647497764,48.323621814,0,2,#fc8d62,car
3528,36905,"9,20081800121932E+018",9,1,88,141,2020,8,16,3,3,0,1,0,1,0,0,0,0,0,670085.9138,5308181.3969,11.275967518,47.904393716,1,1,#66c2a5,bicycle
3529,36911,"9,20081800858235E+018",9,1,62,0,2020,8,21,3,3,3,6,2,0,1,0,0,1,0,687317.9891,5332254.5261,11.51684939,48.115975824,0,2,#fc8d62,car
3530,36917,"9,20081600160932E+018",9,1,73,126,2020,8,18,1,3,8,7,0,0,0,0,1,0,0,681628.7091,5307263.8487,11.429899546,47.892981656,0,4,#e78ac3,marker
3531,36919,"9,20081900854334E+018",9,1,62,0,2020,8,14,4,3,2,6,0,0,1,0,0,0,0,688595.2345,5340170.7711,11.537501128,48.186751078,0,2,#fc8d62,car
3532,36921,"9,20081900141333E+018",9,1,87,177,2020,8,14,4,3,5,2,0,1,1,0,0,0,0,736002.2823,5305641.3045,12.155434307,47.860720982,0,1,#66c2a5,bicycle
3533,36924,"9,20081600854134E+018",9,1,62,0,2020,8,9,1,2,5,3,0,0,1,0,1,0,0,686186132,5335258844,11.502969261,48.143311736,0,2,#fc8d62,car
3534,36954,"9,20081600757536E+018",9,7,78,203,2020,8,1,1,3,8,1,2,0,1,0,0,0,0,622686.3826,5321745.1067,10.645895908,48.037197878,0,2,#fc8d62,car
3535,36962,"9,20081900117038E+018",9,1,78,150,2020,8,1,4,3,9,1,2,0,1,0,0,0,0,691070.8469,5372493.8666,11.585429106,48.476516692,1,2,#fc8d62,car
3536,36966,"9,20081900711932E+018",9,7,72,125,2020,8,11,4,3,9,1,0,0,1,0,0,0,0,633426.2938,5347747.87,10.798060021,48.268874623,0,2,#fc8d62,car
3537,36967,"9,20081900121532E+018",9,1,81,141,2020,8,13,4,2,9,1,0,0,1,0,0,0,0,642195.7081,5319878.7455,10.906863444,48.016368759,0,2,#fc8d62,car
3538,36971,"9,20081800117032E+018",9,1,78,120,2020,8,10,3,3,3,6,0,0,1,0,0,0,0,694368.5137,5354801.1519,11.621813897,48.316499844,0,2,#fc8d62,car
3539,36972,"9,20082000120132E+018",9,1,74,143,2020,8,17,5,3,5,3,0,1,1,0,0,0,0,674375.8907,5352895.6503,11.351597869,48.305200561,0,1,#66c2a5,bicycle
3540,36986,"9,20081600147333E+018",9,1,84,114,2020,8,9,1,3,3,6,0,0,1,0,0,0,0,699607.2673,5319608.1922,11.675889511,47.998586945,0,2,#fc8d62,car
3541,36987,"9,20081700851435E+018",9,1,62,0,2020,8,19,2,3,2,6,0,0,1,0,0,0,0,688320.8564,5334976.8268,11.531513544,48.140148629,0,2,#fc8d62,car
3542,36988,"9,20082000110336E+018",9,1,75,122,2020,8,19,5,2,6,4,1,0,1,1,0,0,0,720883.6625,5325619.6628,11.963837589,48.045606519,0,2,#fc8d62,car
3543,36997,"9,20081700712732E+018",9,7,72,130,2020,8,10,2,3,5,3,0,1,1,0,0,0,0,632308.1622,5357894.9448,10.786182656,48.360354963,1,1,#66c2a5,bicycle
3544,37013,"9,2008190071214E+018",9,7,71,160,2020,8,14,4,2,8,1,0,0,0,0,1,0,0,650808.4913,5349988.6715,11.032958665,48.285121825,0,4,#e78ac3,marker
3545,37019,"9,20081800127035E+018",9,7,71,129,2020,8,12,3,3,8,7,0,0,1,1,0,1,0,660471.6744,5355379.0986,11.165178527,48.331207508,0,2,#fc8d62,car
3546,37029,"9,20081900121335E+018",9,1,88,126,2020,8,21,4,3,8,1,2,0,1,0,0,0,0,659552.7624,5324665.2314,11.141247923,48.055305328,0,2,#fc8d62,car
3547,37035,"9,20081700854534E+018",9,1,62,0,2020,8,10,2,2,0,7,0,1,0,0,0,0,0,682505.2059,5334287.9879,11.453116691,48.135651572,0,1,#66c2a5,bicycle
3548,37036,"9,20082000111346E+018",9,1,75,133,2020,8,15,5,2,2,7,0,1,0,0,0,0,0,708001.3428,5342539.5676,11.799457386,48.201980578,0,1,#66c2a5,bicycle
3549,37037,"9,20081600121932E+018",9,1,88,139,2020,8,20,1,3,5,3,2,1,1,0,0,0,0,675309.0049,5319115.3803,11.350254703,48.001280898,0,1,#66c2a5,bicycle
3550,37041,"9,20082100127035E+018",9,1,79,123,2020,8,14,6,3,2,6,0,0,1,0,0,0,0,677161.1178,5332061.0557,11.380424491,48.11714343,0,2,#fc8d62,car
3551,37043,"9,20082500110535E+018",9,1,77,120,2020,8,9,3,2,9,7,0,0,1,0,0,0,0,724345.2237,5361956.0914,12.029429079,48.37085883,0,2,#fc8d62,car
3552,37045,"9,20082300110133E+018",9,1,77,115,2020,8,23,1,3,0,1,2,0,0,0,1,0,0,731959.7317,5353068.2184,12.12720383,48.288265114,0,4,#e78ac3,marker