fid,OBJECTID,UIDENTSTLA,ULAND,UREGBEZ,UKREIS,UGEMEINDE,UJAHR,UMONAT,USTUNDE,UWOCHENTAG,UKATEGORIE,UART,UTYP1,ULICHTVERH,IstRad,IstPKW,IstFuss,IstKrad,IstGkfz,IstSonstig,LINREFX,LINREFY,XGCSWGS84,YGCSWGS84,STRZUSTAND,Teilnehmer,color,symbol
3553,37050,"9,20082100127035E+018",9,1,74,146,2020,8,10,6,3,2,6,0,0,1,0,0,0,0,666607.0639,5351038.0343,11.246181637,48.290594801,0,2,#fc8d62,car
3554,37053,"9,20082100121733E+018",9,1,79,126,2020,8,12,6,2,0,7,0,0,0,0,0,0,1,676307.1704,5340424.1477,11.372425728,48.192558219,0,6,#ffd92f,circle
3555,37056,"9,20082100120736E+018",9,1,88,120,2020,8,12,6,3,8,7,0,0,1,0,0,0,0,678438008,5327734582,11.395757333,48.077895569,0,2,#fc8d62,car
3556,37063,"9,20082200854735E+018",9,1,62,0,2020,8,21,7,3,2,6,2,0,1,0,0,0,0,692157.6385,5339543.7447,11.585098629,48.18004797,0,2,#fc8d62,car
3557,37065,"9,20082200711933E+018",9,7,72,125,2020,8,15,7,3,5,2,0,1,1,0,0,0,0,636581.7711,5348950.0806,10.840949301,48.279012425,1,1,#66c2a5,bicycle
3558,37070,"9,20082100120535E+018",9,1,79,125,2020,8,12,6,3,8,1,0,0,1,0,0,0,0,659986.5289,5333086.0863,11.150220514,48.130906163,0,2,#fc8d62,car
3559,37073,"9,20082100120133E+018",9,1,74,126,2020,8,20,6,3,0,1,0,1,0,0,0,0,0,683605309,5344011852,11.472090487,48.22273843,0,1,#66c2a5,bicycle
3560,37075,"9,20082200210936E+018",9,2,61,0,2020,8,17,7,3,6,2,0,0,1,1,0,0,0,733158754,5380982286,12.158852981,48.538574447,1,2,#fc8d62,car
3561,37076,"9,20082400210936E+018",9,2,61,0,2020,8,12,2,2,5,3,0,1,1,0,0,0,0,731704.5318,5381364.3705,12.139394416,48.54254522,0,1,#66c2a5,bicycle
3562,37080,"9,20082100117034E+018",9,1,78,120,2020,8,7,6,3,2,6,0,0,1,0,1,0,0,693705.8302,5356266.6021,11.613557936,48.329873629,0,2,#fc8d62,car
3563,37082,"9,20082500127035E+018",9,1,88,121,2020,8,10,3,3,2,6,0,0,1,0,0,0,0,672368.8599,5329596.7784,11.315093007,48.096305682,0,2,#fc8d62,car
3564,37083,"9,20082200210934E+018",9,2,61,0,2020,8,8,7,3,5,3,0,1,1,0,0,0,0,732053.5119,5382554.8999,12.144778589,48.553110509,0,1,#66c2a5,bicycle
3565,37084,"9,20082000858235E+018",9,1,62,0,2020,8,19,5,3,5,2,0,1,1,0,0,0,0,692079.0617,5340310.6442,11.584389349,48.186964419,0,1,#66c2a5,bicycle
3566,37086,"9,20082000857134E+018",9,1,62,0,2020,8,15,5,3,2,6,2,0,0,0,0,1,1,688530.3338,5334510.6393,11.534120251,48.135896429,0,5,#a6d854,bus
3567,37088,"9,20082200167034E+018",9,1,84,132,2020,8,15,7,3,3,1,0,0,1,0,0,0,0,684110.3127,5325934.6796,11.471067834,48.060104317,1,2,#fc8d62,car
3568,37089,"9,20082000857133E+018",9,1,62,0,2020,8,16,5,3,4,2,0,0,1,0,0,0,0,687432.4181,5340473.7382,11.522005194,48.18981835,0,2,#fc8d62,car
3569,37096,"9,20082000857133E+018",9,1,62,0,2020,8,16,5,3,5,1,0,1,1,0,0,0,0,697025.1546,5330396.9918,11.646278726,48.096352325,0,1,#66c2a5,bicycle
3570,37098,"9,20082500120933E+018",9,1,79,123,2020,8,17,3,3,4,2,0,0,1,0,0,0,0,676722894,5333768506,11.37524951,48.132613901,0,2,#fc8d62,car
3571,37100,"9,20082300121933E+018",9,1,88,139,2020,8,17,1,3,2,6,0,0,0,0,1,0,0,675297762,5319480.1612,11.350253146,48.004563216,1,4,#e78ac3,marker
3572,37105,"9,20082000857133E+018",9,1,62,0,2020,8,19,5,2,4,2,1,0,1,0,1,0,0,694982962,5332990.0971,11.620064701,48.120286234,0,2,#fc8d62,car
3573,37108,"9,20082300140734E+018",9,1,82,133,2020,8,15,1,3,5,3,0,0,1,0,0,0,0,706152.1667,5310880.2629,11.759342128,47.918074488,0,2,#fc8d62,car
3574,37111,"9,20082300852933E+018",9,1,62,0,2020,8,17,1,3,2,6,0,0,1,0,0,0,0,685311.5847,5328864.4297,11.488445383,48.086090865,1,2,#fc8d62,car
3575,37117,"9,20082400851534E+018",9,1,62,0,2020,8,17,2,3,2,6,0,0,1,0,0,0,0,687758.2781,5331593.9878,11.522468499,48.109909062,0,2,#fc8d62,car
3576,37118,"9,20082200127035E+018",9,1,62,0,2020,8,10,7,3,2,6,0,0,1,0,0,0,1,682175.1647,5341933.5061,11.451960563,48.204469274,0,2,#fc8d62,car
3577,37119,"9,20082200858233E+018",9,1,62,0,2020,8,14,7,3,8,1,0,0,1,0,0,0,0,682594417,5342098462,11.457669023,48.205831548,1,2,#fc8d62,car
3578,37123,"9,20082200120933E+018",9,1,79,123,2020,8,17,7,3,8,1,0,0,0,0,1,0,0,676218708,5334931.0069,11.36895997,48.143203738,1,4,#e78ac3,marker
3579,37126,"9,20082200117533E+018",9,1,75,111,2020,8,21,7,3,3,6,2,0,1,0,0,0,0,711843.6775,5338136154,11.848909836,48.161142299,0,2,#fc8d62,car
3580,37129,"9,20082200117033E+018",9,1,78,113,2020,8,11,7,3,1,6,0,0,1,0,0,0,0,691524.4455,5367812.8044,11.589418668,48.434308762,0,2,#fc8d62,car
3581,37132,"9,20082000740732E+018",9,7,62,0,2020,8,16,5,3,1,6,0,0,1,0,0,0,0,623069.0024,5306085.2571,10.646543163,47.896287233,0,2,#fc8d62,car
3582,37134,"9,20082100858234E+018",9,1,62,0,2020,8,11,6,3,2,6,0,0,1,0,0,0,1,694563665,5334815.9085,11.615270111,48.136824163,0,2,#fc8d62,car
3583,37137,"9,20082100858234E+018",9,1,84,127,2020,8,8,6,3,5,2,0,1,0,0,0,0,1,703462.8228,5322124.0484,11.728709447,48.019981762,0,1,#66c2a5,bicycle
3584,37139,"9,20082200710132E+018",9,7,71,144,2020,8,11,7,3,2,2,0,0,1,0,0,0,1,660562.7857,5372472.4191,11.172946834,48.484854815,1,2,#fc8d62,car
3585,37141,"9,20082100854832E+018",9,1,74,121,2020,8,19,6,3,9,6,0,0,1,0,1,0,0,690674.8288,5353762.8424,11.571573626,48.308292405,0,2,#fc8d62,car
3586,37144,"9,20082000712733E+018",9,7,74,198,2020,8,19,5,3,9,1,0,0,0,0,1,0,0,615240.1929,5351846.1305,10.554202357,48.309302396,0,4,#e78ac3,marker
3587,37147,"9,20082000712333E+018",9,7,72,121,2020,8,21,5,3,0,7,2,0,0,0,1,0,0,633918.4134,5375314.8454,10.813478575,48.516655198,0,4,#e78ac3,marker
3588,37152,"9,20082100740734E+018",9,7,62,0,2020,8,17,6,3,2,6,0,0,1,0,0,0,0,622280.7326,5307158.4801,10.636305566,47.90609016,0,2,#fc8d62,car
3589,37157,"9,20082100740733E+018",9,7,77,158,2020,8,7,6,2,2,6,0,0,1,0,0,0,0,620383.3544,5311807.5169,10.612225413,47.948261303,0,2,#fc8d62,car
3590,37158,"9,20082000710742E+018",9,7,61,0,2020,8,13,5,2,0,7,0,1,0,0,0,0,0,643034.6284,5360484.6147,10.931790297,48.381301002,0,1,#66c2a5,bicycle
3591,37163,"9,2008210074014E+018",9,7,77,177,2020,8,17,6,3,4,1,0,0,1,0,0,0,0,633079.8429,5319173.5369,10.784463106,48.011990668,0,2,#fc8d62,car
3592,37164,"9,20082400121533E+018",9,1,81,116,2020,8,23,2,3,8,1,2,0,1,0,0,0,0,647006.8276,5338655.0151,10.977810043,48.184110234,0,2,#fc8d62,car
3593,37166,"9,20082500210933E+018",9,2,74,121,2020,8,17,3,3,5,3,0,0,1,0,1,0,0,724223.3733,5370719.5818,12.032467979,48.449632859,0,2,#fc8d62,car
3594,37170,"9,20082500110733E+018",9,1,78,124,2020,8,11,3,3,0,1,0,1,0,0,0,0,0,703993.2098,5368311.6172,11.758042651,48.434876255,0,1,#66c2a5,bicycle
3595,37172,"9,20082100712142E+018",9,7,71,142,2020,8,14,6,3,2,6,0,0,1,0,0,0,0,645313098,5353533.8401,10.960144931,48.318283401,0,2,#fc8d62,car
3596,37174,"9,20082300210942E+018",9,2,74,182,2020,8,7,1,1,8,1,0,0,0,0,1,0,0,729660187,5373229.5014,12.107263142,48.470220196,0,4,#e78ac3,marker
3597,37175,"9,20082500121533E+018",9,1,81,128,2020,8,14,3,3,4,2,0,0,1,0,1,0,0,640082.0583,5328192634,10.881257242,48.091596229,0,2,#fc8d62,car
3598,37176,"9,20082100712142E+018",9,7,71,142,2020,8,20,6,2,2,6,0,0,1,0,1,0,0,645246.1331,5353923.9415,10.959376555,48.321806352,0,2,#fc8d62,car
3599,37180,"9,20082100710134E+018",9,7,71,112,2020,8,4,6,2,8,1,2,0,0,0,1,0,0,645389172,5367664051,10.966058947,48.445314835,0,4,#e78ac3,marker
3600,37191,"9,20082200857133E+018",9,1,84,139,2020,8,14,7,3,4,6,0,0,1,0,0,0,0,687281.4789,5323966.7815,11.512726925,48.041493092,1,2,#fc8d62,car
3601,37193,"9,20082200712733E+018",9,7,72,216,2020,8,11,7,2,0,6,0,1,0,0,0,0,0,623398.7991,5368320.5037,10.669025505,48.45591354,1,1,#66c2a5,bicycle
3602,37198,"9,2008230011134E+018",9,1,75,111,2020,8,19,1,2,0,3,0,1,1,0,0,0,0,712226.6091,5337148054,11.853560146,48.152135772,0,1,#66c2a5,bicycle
3603,37210,"9,20082400712135E+018",9,7,71,146,2020,8,16,2,3,0,4,0,1,0,1,0,0,0,646425.4907,5349318.2422,10.973678705,48.280122773,0,1,#66c2a5,bicycle
3604,37229,"9,20082400210941E+018",9,2,74,146,2020,8,13,2,3,5,3,0,1,1,0,0,0,0,733457.6103,5376080.9124,12.16015328,48.49443595,0,1,#66c2a5,bicycle
3605,37234,"9,20082300161733E+018",9,1,90,144,2020,8,17,1,2,0,7,0,1,0,0,0,0,0,657617.5756,5309504.9343,11.109730641,47.919478758,0,1,#66c2a5,bicycle
3606,37250,"9,20082500121336E+018",9,1,88,132,2020,8,20,3,3,0,1,1,0,0,0,1,0,0,666694993,5320446408,11.235382864,48.015551273,0,4,#e78ac3,marker
3607,37253,"9,20082300127035E+018",9,1,74,146,2020,8,18,1,3,3,6,0,0,1,0,0,0,0,668083.2115,5350202.3756,11.265734353,48.282692195,0,2,#fc8d62,car
3608,37262,"9,20082400117033E+018",9,1,78,120,2020,8,0,2,2,7,7,2,0,1,1,0,0,0,696004.5817,5350574.1682,11.641896238,48.278006402,0,2,#fc8d62,car
3609,37268,"9,20082400852134E+018",9,1,62,0,2020,8,23,2,3,3,6,2,0,1,0,0,0,0,694597.7387,5331999767,11.614441989,48.111503363,0,2,#fc8d62,car
3610,37270,"9,20082200858234E+018",9,1,62,0,2020,8,15,7,3,0,7,0,1,0,0,0,0,0,695000815,5341360.6325,11.624140648,48.195511001,1,1,#66c2a5,bicycle
3611,37272,"9,20082200740135E+018",9,7,77,121,2020,8,15,7,3,0,7,0,1,0,0,0,0,0,628095.2549,5321904.7688,10.718473151,48.037571506,1,1,#66c2a5,bicycle
3612,37290,"9,20082200710742E+018",9,7,71,130,2020,8,12,7,3,0,7,0,1,0,0,0,0,0,644642.9101,5357624.6487,10.95251468,48.355219295,1,1,#66c2a5,bicycle
3613,37323,"9,20082500117033E+018",9,1,78,113,2020,8,12,3,3,3,6,0,0,1,0,0,0,1,691671.5601,5364461.8351,11.589874273,48.404147769,0,2,#fc8d62,car
3614,37325,"9,20082300120133E+018",9,1,74,115,2020,8,12,1,3,0,1,0,1,0,0,0,0,0,681036.5235,5349133.1058,11.439726376,48.269509738,0,1,#66c2a5,bicycle
3615,37327,"9,20082200740733E+018",9,7,77,152,2020,8,17,7,2,4,1,0,0,1,0,1,0,0,624652.1659,5303300.7342,10.666911278,47.870938853,1,2,#fc8d62,car
3616,37329,"9,20082500127035E+018",9,1,74,146,2020,8,9,3,3,2,6,0,0,1,0,0,0,0,666477.9088,5351092.1054,11.24446308,48.291114875,0,2,#fc8d62,car
3617,37330,"9,20082100210942E+018",9,2,61,0,2020,8,12,6,3,5,3,0,1,0,0,0,0,0,734440712,5381958831,12.176742759,48.546868695,0,1,#66c2a5,bicycle
3618,37337,"9,20082500161333E+018",9,1,90,115,2020,8,21,3,3,8,1,2,0,1,0,0,0,0,669110.1321,5303638583,11.261141825,47.863810205,0,2,#fc8d62,car
3619,37338,"9,20082100160932E+018",9,1,73,126,2020,8,19,6,3,2,6,0,0,0,0,1,0,0,687836.7105,5303427.8881,11.51120378,47.856714408,0,4,#e78ac3,marker
3620,37343,"9,20082200857134E+018",9,1,62,0,2020,8,20,7,3,0,3,1,1,1,0,0,0,0,688295.0869,5328288.1518,11.528215047,48.080036875,1,1,#66c2a5,bicycle
3621,37355,"9,20082300740742E+018",9,7,77,139,2020,8,10,1,2,8,1,0,0,0,0,1,0,0,615373.1934,5306788.9088,10.543808886,47.90404595,0,4,#e78ac3,marker
3622,37359,"9,20082100141542E+018",9,1,87,124,2020,8,15,6,2,9,1,0,0,0,0,1,0,0,735438.5914,5329827.3703,12.161154496,48.078205297,0,4,#e78ac3,marker
3623,37361,"9,20082400717334E+018",9,7,61,0,2020,8,18,2,3,2,6,0,0,1,0,0,0,0,643165.1308,5363390168,10.934542293,48.407396495,0,2,#fc8d62,car
3624,37362,"9,20082100141541E+018",9,1,87,170,2020,8,2,6,3,9,1,2,0,1,0,0,0,0,734449.7162,5318785.8384,12.141857207,47.979377166,0,2,#fc8d62,car
3625,37367,"9,20082100141535E+018",9,1,87,164,2020,8,18,6,2,8,1,0,0,0,0,1,0,0,733776.0841,5322288.2759,12.134751052,48.011088519,0,4,#e78ac3,marker
3626,37376,"9,20082100140734E+018",9,1,82,127,2020,8,10,6,3,8,1,0,1,0,0,0,0,0,698248.8131,5311523.9839,11.653971789,47.926352164,0,1,#66c2a5,bicycle
3627,37388,"9,20082400117033E+018",9,1,78,120,2020,8,13,2,3,3,6,0,0,1,0,0,1,0,695037.8139,5353152.2397,11.630070025,48.301474662,0,2,#fc8d62,car
3628,37394,"9,2008250021754E+018",9,2,74,113,2020,8,2,3,3,2,6,2,0,1,0,0,1,0,726717.9715,5382112.2673,12.072340213,48.551085381,0,2,#fc8d62,car
3629,37398,"9,20082500121533E+018",9,1,81,135,2020,8,12,3,3,8,7,0,1,0,0,0,0,0,643630.9314,5309217.5425,10.922536273,47.920180547,0,1,#66c2a5,bicycle
3630,37417,"9,20082700130535E+018",9,1,86,162,2020,8,11,5,2,8,1,0,0,0,0,1,0,0,694153737,5380991941,11.631053196,48.551943803,0,4,#e78ac3,marker
3631,37419,"9,20082800131535E+018",9,1,85,131,2020,8,8,6,2,5,3,0,0,1,0,0,0,0,664934008,5376249453,11.233549803,48.517677044,0,2,#fc8d62,car
3632,37424,"9,20082800852534E+018",9,1,62,0,2020,8,13,6,3,0,1,0,1,0,0,0,0,0,701581.6808,5332250.0323,11.708283478,48.11158058,0,1,#66c2a5,bicycle
3633,37432,"9,20082700111136E+018",9,1,78,130,2020,8,17,5,2,5,3,0,1,0,0,0,0,0,702454.4047,5354236348,11.730486347,48.308887508,0,1,#66c2a5,bicycle
3634,37434,"9,20082800120135E+018",9,1,74,126,2020,8,8,6,3,3,2,0,1,1,0,0,0,0,683705.6753,5343926.5755,11.473403577,48.221942874,0,1,#66c2a5,bicycle
3635,37446,"9,20083000858247E+018",9,1,62,0,2020,8,15,1,3,7,1,0,0,1,0,0,0,0,682355.4879,5335511.4608,11.451630102,48.146691948,1,2,#fc8d62,car
3636,37448,"9,20082600858233E+018",9,1,62,0,2020,8,19,4,3,3,6,0,1,0,0,0,0,0,688941.0922,5341748.2213,11.542851686,48.200826451,0,1,#66c2a5,bicycle
3637,37449,"9,20082900712735E+018",9,7,72,223,2020,8,17,7,3,8,1,0,0,1,0,0,0,0,618417.2895,5364365.2884,10.600558223,48.421301621,1,2,#fc8d62,car
3638,37450,"9,20082700854733E+018",9,1,62,0,2020,8,18,5,3,0,2,0,1,1,0,0,0,0,692485.1856,5339239764,11.589362781,48.177216742,0,1,#66c2a5,bicycle
3639,37451,"9,20082900161734E+018",9,1,90,158,2020,8,18,7,2,9,1,0,0,1,0,0,0,0,654204.9337,5304130.4268,11.062162457,47.871983696,1,2,#fc8d62,car
3640,37454,"9,20082600147334E+018",9,1,84,114,2020,8,10,4,2,9,1,0,0,0,0,1,0,0,698125.8999,5322641.3543,11.657454092,48.026308133,0,4,#e78ac3,marker
3641,37461,"9,20082800712141E+018",9,7,71,122,2020,8,17,6,3,8,1,0,0,1,0,0,0,0,648359732,5359812409,11.003427667,48.374027389,1,2,#fc8d62,car
3642,37462,"9,20082600141333E+018",9,1,63,0,2020,8,9,4,3,0,7,0,1,0,0,0,0,0,734285758,5304535447,12.131920417,47.85141411,0,1,#66c2a5,bicycle
3643,37467,"9,20083000710742E+018",9,7,61,0,2020,8,20,1,3,4,2,2,0,1,0,0,0,0,642830.9448,5360193.4974,10.928942086,48.378729571,1,2,#fc8d62,car
3644,37475,"9,20082600140734E+018",9,1,82,127,2020,8,12,4,3,8,1,0,0,1,1,0,0,0,700015.4448,5308881.92,11.676369582,47.902057891,0,2,#fc8d62,car
3645,37477,"9,20082700137034E+018",9,1,86,162,2020,8,11,5,3,3,7,0,0,1,0,0,1,0,691205.0812,5384070.1533,11.592552306,48.580513777,0,2,#fc8d62,car
3646,37482,"9,20082600140734E+018",9,1,82,120,2020,8,13,4,2,5,3,0,0,1,0,0,0,0,701198.9025,5304851.7733,11.690309668,47.865467203,0,2,#fc8d62,car
3647,37483,"9,20082700712334E+018",9,7,72,184,2020,8,16,5,3,2,6,0,1,0,0,0,0,0,635745.7948,5361688.4063,10.833791924,48.393735937,0,1,#66c2a5,bicycle
3648,37487,"9,20082900120135E+018",9,1,74,126,2020,8,17,7,3,5,3,0,0,1,0,0,0,0,683570531,5344044.4126,11.471636782,48.223041163,1,2,#fc8d62,car
3649,37494,"9,20082700121933E+018",9,1,88,113,2020,8,15,5,3,5,3,0,0,1,0,0,0,0,676309025,5317096.6746,11.362820511,47.982858686,0,2,#fc8d62,car
3650,37495,"9,20083000140136E+018",9,1,87,179,2020,8,18,1,3,9,1,0,0,1,0,0,0,0,725203.6195,5310810.6854,12.013959439,47.911042782,1,2,#fc8d62,car
3651,37500,"9,20082800757536E+018",9,7,78,116,2020,8,9,6,3,8,1,0,0,0,0,1,0,0,617192.1018,5322195.8881,10.572340351,48.042284222,0,4,#e78ac3,marker
3652,37506,"9,20083100121934E+018",9,1,88,139,2020,8,14,2,2,2,6,0,0,1,0,0,0,0,674801.5291,5319129.7422,11.343463056,48.001548952,1,2,#fc8d62,car
3653,37508,"9,2008280085824E+018",9,1,62,0,2020,8,19,6,3,5,3,2,1,1,0,0,0,0,683863.6113,5335422.7704,11.471847872,48.145460645,1,1,#66c2a5,bicycle
3654,37513,"9,20082600127035E+018",9,1,62,0,2020,8,18,4,2,2,6,1,0,1,0,0,0,0,680572.6063,5338895.4701,11.429119642,48.17761886,0,2,#fc8d62,car
3655,37516,"9,20082700117534E+018",9,1,84,131,2020,8,8,5,2,2,6,0,0,0,0,0,1,0,704314.8632,5337676629,11.747563381,48.15947655,0,5,#a6d854,bus
3656,37517,"9,20083000110735E+018",9,1,78,124,2020,8,13,1,3,4,2,0,0,1,0,0,0,0,705292.5646,5364573.3107,11.773759457,48.400861756,1,2,#fc8d62,car
3657,37518,"9,20082800120536E+018",9,1,79,121,2020,8,11,6,3,0,1,0,1,0,0,0,0,0,666024.1406,5338540.9049,11.233431637,48.178399289,0,1,#66c2a5,bicycle
3658,37521,"9,20082800717034E+018",9,7,71,122,2020,8,17,6,3,8,1,0,0,1,0,0,0,0,654079.4891,5361065.7378,11.081073852,48.383925044,1,2,#fc8d62,car
3659,37522,"9,20082600127035E+018",9,1,74,146,2020,8,11,4,2,9,7,0,0,1,0,0,0,0,665766.2651,5351386.3758,11.234991769,48.293947117,0,2,#fc8d62,car
3660,37526,"9,20082600120933E+018",9,1,79,123,2020,8,9,4,3,4,6,0,0,1,0,0,0,0,675527.1582,5333300.3606,11.358999508,48.128736484,0,2,#fc8d62,car
3661,37527,"9,20083000740736E+018",9,7,62,0,2020,8,14,1,3,2,6,0,0,1,0,0,0,0,621046.7216,5304548.9059,10.619067453,47.882854363,1,2,#fc8d62,car
3662,37529,"9,20082600854434E+018",9,1,62,0,2020,8,12,4,3,1,6,0,0,1,0,0,0,0,684602.47,5342834.3569,11.484990787,48.211865315,0,2,#fc8d62,car
3663,37531,"9,20082700854334E+018",9,1,62,0,2020,8,13,5,3,3,6,0,0,1,0,0,1,0,688699884,5338048.3955,11.537965441,48.167643944,0,2,#fc8d62,car
3664,37532,"9,20082900160934E+018",9,1,73,126,2020,8,14,7,3,2,6,0,0,1,0,0,0,0,685601.7945,5303805.4979,11.481516229,47.860758121,1,2,#fc8d62,car
3665,37533,"9,20082700110346E+018",9,1,75,122,2020,8,15,5,3,1,7,0,1,1,0,0,0,0,721022.88,5325611362,11.965698745,48.045483757,0,1,#66c2a5,bicycle
3666,37534,"9,20082900740736E+018",9,7,77,158,2020,8,6,7,2,9,7,1,0,1,0,0,0,0,620247.7545,5311173.0442,10.610232857,47.94258051,1,2,#fc8d62,car
3667,37535,"9,20082800111135E+018",9,1,78,130,2020,8,10,6,3,0,3,0,0,0,0,1,0,0,703038443,5354286279,11.738377913,48.309149023,0,4,#e78ac3,marker
3668,37539,"9,20082600117533E+018",9,1,75,132,2020,8,10,4,3,2,6,0,0,1,0,0,1,0,707257.7581,5336632891,11.786582003,48.149144871,0,2,#fc8d62,car
3669,37543,"9,20082600117036E+018",9,1,78,145,2020,8,21,4,3,2,6,2,0,1,0,0,1,0,695558.0737,5355749.0389,11.638281659,48.324651907,0,2,#fc8d62,car
3670,37551,"9,20082600111136E+018",9,1,78,145,2020,8,16,4,3,4,3,0,0,1,0,0,0,1,696817.6186,5354609.4866,11.654723534,48.314019882,0,2,#fc8d62,car
3671,37556,"9,20082600110934E+018",9,1,78,116,2020,8,18,4,3,5,3,0,0,1,0,0,0,0,703065.6778,5379971.6746,11.751183127,48.539953963,0,2,#fc8d62,car
3672,37558,"9,20082700140134E+018",9,1,87,150,2020,8,14,5,3,4,6,0,1,0,0,0,0,0,729339.2917,5303365.8118,12.065275387,47.842689304,0,1,#66c2a5,bicycle
3673,37562,"9,20082600710634E+018",9,7,61,0,2020,8,5,4,3,5,2,2,1,1,0,0,0,0,643022441,5357580439,10.930638153,48.355190893,0,1,#66c2a5,bicycle
3674,37566,"9,20082900117034E+018",9,1,78,120,2020,8,19,7,3,9,1,1,0,1,0,0,0,0,694758.4433,5353750.7448,11.626583006,48.306939628,1,2,#fc8d62,car
3675,37570,"9,2008250085824E+018",9,1,62,0,2020,8,13,3,3,5,3,0,1,1,0,0,0,0,691934122,5331791658,11.578600207,48.110441132,0,1,#66c2a5,bicycle
3676,37573,"9,20082700121533E+018",9,1,81,130,2020,8,6,5,3,5,3,0,0,1,0,0,0,0,641861.4942,5324152.0353,10.903799697,48.054869161,0,2,#fc8d62,car
3677,37574,"9,20083000121934E+018",9,1,88,139,2020,8,18,1,3,9,1,0,0,1,0,0,0,0,675961.6499,5321767.2991,11.36008481,48.024941112,1,2,#fc8d62,car
3678,37583,"9,20082500858235E+018",9,1,84,142,2020,8,19,3,3,2,6,0,1,1,0,0,0,0,683986.8511,5317048.0459,11.465598135,47.980259737,0,1,#66c2a5,bicycle
3679,37585,"9,20082800857134E+018",9,1,62,0,2020,8,12,6,3,5,2,0,1,1,0,0,0,0,681817374,5335382921,11.444347516,48.145690564,0,1,#66c2a5,bicycle
3680,37586,"9,20082500858234E+018",9,1,84,136,2020,8,13,3,3,3,2,0,1,1,0,0,0,0,697665.3338,5327952.5041,11.653736384,48.074184526,0,1,#66c2a5,bicycle
3681,37590,"9,20082500857133E+018",9,1,62,0,2020,8,17,3,3,0,7,0,1,0,0,0,0,0,694752.4985,5334134.2091,11.61749399,48.130639577,0,1,#66c2a5,bicycle
3682,37593,"9,20082700111333E+018",9,1,75,127,2020,8,16,5,3,2,7,0,0,1,0,0,0,0,711170.6441,5341803.5479,11.841692386,48.194320769,0,2,#fc8d62,car
3683,37594,"9,20082900851536E+018",9,1,62,0,2020,8,10,7,3,5,2,0,1,1,0,0,0,0,689715.1663,5331915.0404,11.548874581,48.112214884,1,1,#66c2a5,bicycle
3684,37596,"9,20082800120135E+018",9,1,74,126,2020,8,15,6,3,2,6,0,0,1,0,0,0,0,683251919,5344323.5863,11.467471728,48.225642618,0,2,#fc8d62,car
3685,37599,"9,20082800712142E+018",9,7,71,145,2020,8,15,6,2,5,3,0,0,1,0,0,0,0,647689.2055,5345958.0472,10.989528422,48.249616602,1,2,#fc8d62,car
3686,37600,"9,20082500853235E+018",9,1,84,122,2020,8,20,3,3,6,2,1,0,1,1,0,0,0,688291.3536,5323671478,11.5261328,48.038541781,0,2,#fc8d62,car
3687,37605,"9,20082500852533E+018",9,1,84,123,2020,8,15,3,3,5,3,0,1,1,0,0,0,0,703313667,5331825.9928,11.731323615,48.107219348,0,1,#66c2a5,bicycle
3688,37610,"9,20083100110334E+018",9,1,75,123,2020,8,6,2,3,0,7,1,0,1,0,0,0,0,726763.7858,5335107.2619,12.047660137,48.128784975,0,2,#fc8d62,car
3689,37611,"9,20082800210936E+018",9,2,74,126,2020,8,17,6,3,3,2,0,1,1,0,0,0,0,732895.6836,5383157.8911,12.156510921,48.558214854,1,1,#66c2a5,bicycle
3690,37612,"9,20082600858234E+018",9,1,62,0,2020,8,20,4,3,0,7,1,0,0,0,0,0,1,692116.6077,5339993.9449,11.584750774,48.184106658,0,6,#ffd92f,circle
3691,37615,"9,20082700858235E+018",9,1,62,0,2020,8,18,5,3,5,3,0,1,0,0,1,0,0,691117.5363,5332018.9078,11.567742795,48.112729184,0,1,#66c2a5,bicycle
3692,37621,"9,20082700147333E+018",9,1,82,137,2020,8,12,5,3,2,6,0,0,1,0,0,0,0,708549.9922,5305379.8377,11.788740462,47.867868645,0,2,#fc8d62,car
3693,37631,"9,20083000717335E+018",9,7,71,122,2020,8,16,1,3,2,6,0,0,1,0,0,0,0,650993.9201,5362350.9997,11.039888369,48.396226759,1,2,#fc8d62,car
3694,37635,"9,2008270075754E+018",9,7,72,179,2020,8,16,5,2,8,1,0,0,0,0,1,0,0,618425.2339,5336118.6772,10.592743195,48.167271953,0,4,#e78ac3,marker
3695,37639,"9,20082500740736E+018",9,7,62,0,2020,8,16,3,3,0,7,0,0,0,0,0,0,1,622235742,5307289.5559,10.635740929,47.907277587,0,6,#ffd92f,circle
3696,37641,"9,20082700140133E+018",9,1,87,150,2020,8,14,5,3,2,6,0,0,1,0,0,1,0,729331.6208,5303366.7968,12.065173534,47.842700889,0,2,#fc8d62,car
3697,37642,"9,20083000210947E+018",9,2,61,0,2020,8,3,1,3,0,7,2,0,1,0,0,0,0,735000.1887,5381677.4654,12.184152946,48.54413205,0,2,#fc8d62,car
3698,37644,"9,20082800141334E+018",9,1,63,0,2020,8,16,6,3,5,2,0,1,1,0,0,0,0,734269.1869,5304546.9584,12.13170547,47.851523568,0,1,#66c2a5,bicycle
3699,37648,"9,20082700712735E+018",9,7,72,159,2020,8,20,5,2,0,7,2,1,0,0,0,0,0,626798.4512,5361985.9761,10.713070164,48.398274494,0,1,#66c2a5,bicycle