fid,OBJECTID,UIDENTSTLA,ULAND,UREGBEZ,UKREIS,UGEMEINDE,UJAHR,UMONAT,USTUNDE,UWOCHENTAG,UKATEGORIE,UART,UTYP1,ULICHTVERH,IstRad,IstPKW,IstFuss,IstKrad,IstGkfz,IstSonstig,LINREFX,LINREFY,XGCSWGS84,YGCSWGS84,STRZUSTAND,Teilnehmer,color,symbol
3700,37649,"9,20082900110345E+018",9,1,75,122,2020,8,17,7,3,0,3,0,1,1,0,0,0,0,721025.5561,5325528169,11.965691655,48.044735337,1,1,#66c2a5,bicycle
3701,37656,"9,20082500740734E+018",9,7,77,158,2020,8,13,3,3,0,1,0,1,0,0,0,0,0,619420.0633,5311421132,10.5992226,47.944966591,0,1,#66c2a5,bicycle
3702,37657,"9,20082600161933E+018",9,1,73,126,2020,8,20,4,2,8,1,1,0,0,0,1,0,0,682893.0798,5307034174,11.446701578,47.890558012,0,4,#e78ac3,marker
3703,37658,"9,20082700127035E+018",9,1,62,0,2020,8,12,5,2,9,1,0,0,0,0,1,0,0,679001.0248,5333332.2445,11.40565771,48.128055681,0,4,#e78ac3,marker
3704,37659,"9,20083000147335E+018",9,1,84,145,2020,8,15,1,3,8,1,0,0,0,0,1,0,0,697087.0173,5325550.3152,11.644873828,48.052773861,1,4,#e78ac3,marker
3705,37665,"9,20082800852334E+018",9,1,62,0,2020,8,16,6,3,2,6,0,0,1,0,1,0,0,693490.2182,5331523.3104,11.599362149,48.107558501,0,2,#fc8d62,car
3706,37673,"9,20082700110934E+018",9,1,78,155,2020,8,6,5,2,5,3,0,1,1,0,0,0,0,719108479,5375207801,11.965741006,48.491757859,0,1,#66c2a5,bicycle
3707,37676,"9,20082800111336E+018",9,1,75,111,2020,8,11,6,3,3,6,0,1,0,0,0,1,0,712231.9087,5336913.5853,11.853514407,48.15002712,0,1,#66c2a5,bicycle
3708,37678,"9,20082500717335E+018",9,7,71,122,2020,8,14,3,3,8,1,0,0,1,0,0,0,0,657177.9468,5358897.4713,11.122083015,48.363667044,0,2,#fc8d62,car
3709,37681,"9,20082700120133E+018",9,1,74,121,2020,8,20,5,3,0,6,1,0,1,0,0,0,0,690650541,5356163.3506,11.572331558,48.329874562,0,2,#fc8d62,car
3710,37682,"9,20083000117034E+018",9,1,84,135,2020,8,17,1,3,0,7,0,0,1,0,0,0,0,692662191,5344996833,11.594354704,48.228905586,0,2,#fc8d62,car
3711,37683,"9,20082800121535E+018",9,1,81,132,2020,8,11,6,3,5,3,0,0,1,0,1,0,0,643697.1469,5326569.8607,10.929232613,48.076199469,0,2,#fc8d62,car
3712,37686,"9,20082800717335E+018",9,7,72,147,2020,8,14,6,3,3,3,0,0,1,0,0,0,1,639249.9789,5364062.1961,10.881891299,48.414316283,1,2,#fc8d62,car
3713,37687,"9,20082500717335E+018",9,7,71,122,2020,8,17,3,3,2,6,0,0,1,0,0,0,0,649129.4289,5362664.0518,11.014827068,48.399485122,0,2,#fc8d62,car
3714,37688,"9,20082700210946E+018",9,2,74,194,2020,8,12,5,3,2,6,0,0,1,0,0,1,0,721469.1586,5377955.5709,11.999106055,48.515616724,0,2,#fc8d62,car
3715,37691,"9,20082500717334E+018",9,7,72,223,2020,8,6,3,3,2,6,0,0,1,0,0,1,0,621609.9917,5363255.6452,10.643371648,48.410714567,0,2,#fc8d62,car
3716,37694,"9,20082600854733E+018",9,1,62,0,2020,8,16,4,3,5,2,0,1,1,0,0,0,0,694588.0042,5340826.6247,11.618346755,48.190838238,0,1,#66c2a5,bicycle
3717,37695,"9,20082900712334E+018",9,7,72,171,2020,8,21,7,2,9,6,2,0,1,0,0,0,0,638883.2433,5369993.4587,10.878904369,48.467729087,1,2,#fc8d62,car
3718,37696,"9,20082700854535E+018",9,1,62,0,2020,8,6,5,3,5,3,1,1,1,0,0,0,0,678824.1951,5334653661,11.403838088,48.139983662,0,1,#66c2a5,bicycle
3719,37700,"9,20082500712136E+018",9,7,71,146,2020,8,18,3,2,8,1,0,0,1,0,0,0,0,648577297,5349184975,11.002617916,48.278423224,0,2,#fc8d62,car
3720,37703,"9,20082800710141E+018",9,7,71,112,2020,8,14,6,2,8,1,0,0,0,0,1,0,0,646747.8443,5370087.1388,10.985270048,48.466785704,0,4,#e78ac3,marker
3721,37704,"9,20082500711333E+018",9,7,72,202,2020,8,14,3,3,0,7,0,1,1,0,0,0,0,636315.1433,5359743.5671,10.840848179,48.376125259,0,1,#66c2a5,bicycle
3722,37708,"9,20082500710634E+018",9,7,61,0,2020,8,16,3,3,2,1,0,0,1,0,0,0,0,638348655,5352293566,10.865847059,48.308693263,0,2,#fc8d62,car
3723,37718,"9,20082600161933E+018",9,1,73,137,2020,8,21,4,2,4,6,2,0,1,0,0,1,0,675298.9733,5303820.6899,11.343895237,47.863788423,0,2,#fc8d62,car
3724,37728,"9,20082600712334E+018",9,7,72,117,2020,8,18,4,3,0,1,0,0,0,0,1,0,0,632449.3068,5363079.2006,10.789721288,48.406943199,0,4,#e78ac3,marker
3725,37731,"9,20082900117534E+018",9,1,77,114,2020,8,18,7,2,9,7,0,0,1,0,0,0,0,723207.9552,5346951.2276,12.006160378,48.236454084,1,2,#fc8d62,car
3726,37738,"9,20082700121533E+018",9,1,81,130,2020,8,13,5,3,0,1,0,1,0,0,0,0,0,639905001,5323538882,10.877357523,48.049787486,0,1,#66c2a5,bicycle
3727,37747,"9,20082700712334E+018",9,7,72,207,2020,8,14,5,3,8,1,0,0,0,0,1,0,0,640613.12,5381585397,10.90620191,48.571572447,0,4,#e78ac3,marker
3728,37748,"9,20082800857135E+018",9,1,62,0,2020,8,11,6,3,3,2,0,0,1,0,0,0,1,696040299,5333805.6031,11.63463208,48.127290921,0,2,#fc8d62,car
3729,37756,"9,20082700117034E+018",9,1,78,145,2020,8,3,5,3,2,6,2,0,1,0,0,1,0,693505.3976,5356701.6693,11.611056293,48.333845104,1,2,#fc8d62,car
3730,37757,"9,20082900854135E+018",9,1,62,0,2020,8,20,7,3,5,7,2,0,1,0,0,0,0,686253.0516,5331794.8075,11.50235406,48.112156036,1,2,#fc8d62,car
3731,37758,"9,20082800120135E+018",9,1,74,113,2020,8,22,6,3,9,1,2,0,1,0,0,0,0,678279.5694,5345179.2206,11.40094129,48.234750733,1,2,#fc8d62,car
3732,37761,"9,20082800717033E+018",9,7,61,0,2020,8,17,6,3,2,6,0,0,1,0,0,0,0,642828.2938,5363479.3867,10.930023783,48.408275117,1,2,#fc8d62,car
3733,37763,"9,20082700161933E+018",9,1,73,137,2020,8,19,5,2,5,3,1,1,1,0,0,0,0,680439.6089,5307535.1766,11.41411939,47.89575614,0,1,#66c2a5,bicycle
3734,37769,"9,20082600852334E+018",9,1,62,0,2020,8,18,4,3,0,1,0,1,0,0,0,0,0,692017.9948,5331510.3781,11.579599233,48.107887742,0,1,#66c2a5,bicycle
3735,37775,"9,20083100117034E+018",9,1,62,0,2020,8,9,2,3,9,1,0,0,1,0,0,0,0,688460.2582,5344499.4214,11.537609328,48.225697197,0,2,#fc8d62,car
3736,37777,"9,20082600858234E+018",9,1,62,0,2020,8,6,4,3,2,6,1,0,1,0,0,0,0,692564887,5339134267,11.590386013,48.17624442,0,2,#fc8d62,car
3737,37778,"9,20082900740734E+018",9,7,62,0,2020,8,9,7,3,1,6,0,0,1,0,0,0,0,620725.2058,5304020.5173,10.614621059,47.878162691,0,2,#fc8d62,car
3738,37779,"9,20082800110735E+018",9,1,78,124,2020,8,3,6,3,8,1,2,0,1,0,0,0,0,704086.3143,5362503.8216,11.756475803,48.382656597,0,2,#fc8d62,car
3739,37780,"9,20082900211536E+018",9,2,74,114,2020,8,13,7,3,9,1,0,0,1,0,0,0,0,735787.0787,5371488.5062,12.1890462,48.452315254,1,2,#fc8d62,car
3740,37792,"9,20082900140134E+018",9,1,87,179,2020,8,10,7,3,8,1,0,0,1,0,0,0,0,720528388,5318673.4049,11.95550507,47.983316047,1,2,#fc8d62,car
3741,37794,"9,20082700852134E+018",9,1,62,0,2020,8,12,5,3,5,2,0,1,1,0,0,0,0,694651.0649,5334176.6121,11.616151557,48.131051704,0,1,#66c2a5,bicycle
3742,37800,"9,20082700140133E+018",9,1,87,150,2020,8,19,5,3,3,2,0,0,1,0,1,0,0,728875.3321,5304030.0439,12.059434654,47.848822467,0,2,#fc8d62,car
3743,37804,"9,20082800141334E+018",9,1,63,0,2020,8,9,6,3,5,3,0,0,1,0,1,0,0,732760.4815,5307588.1289,12.113205234,47.879393834,1,2,#fc8d62,car
3744,37805,"9,20082600710633E+018",9,7,61,0,2020,8,14,4,3,5,3,0,1,1,0,0,0,0,637521.8056,5352326.5149,10.854712537,48.309169865,0,1,#66c2a5,bicycle
3745,37809,"9,20082900117034E+018",9,1,62,0,2020,8,4,7,3,2,6,2,0,1,0,0,0,0,685799.8489,5343119.7867,11.501218203,48.214081449,1,2,#fc8d62,car
3746,37815,"9,20082700120933E+018",9,1,79,123,2020,8,13,5,3,2,6,0,0,1,0,0,0,1,676562.9709,5334234035,11.373294922,48.136843043,0,2,#fc8d62,car
3747,37816,"9,20083000120135E+018",9,1,74,121,2020,8,19,1,2,4,1,1,0,1,0,0,0,0,690893.6867,5353054.8416,11.574201987,48.301863159,1,2,#fc8d62,car
3748,37820,"9,20090100120542E+018",9,1,79,138,2020,9,18,3,3,2,6,0,0,1,0,0,0,0,654654.1597,5335438.1878,11.079457524,48.153372104,0,2,#fc8d62,car
3749,37825,"9,20090400858236E+018",9,1,84,142,2020,9,14,6,3,6,1,0,0,0,1,1,0,0,683934.3026,5317469.9891,11.465075287,47.984067642,0,3,#8da0cb,toilet
3750,37828,"9,20090100120539E+018",9,1,79,130,2020,9,18,3,3,8,1,0,0,1,0,0,0,0,657861.3841,5335930.7117,11.122733739,48.157012232,0,2,#fc8d62,car
3751,37831,"9,20090100120137E+018",9,1,74,115,2020,9,13,3,3,2,6,0,0,1,0,0,0,0,683380.9,5347680988,11.470660414,48.255783149,1,2,#fc8d62,car
3752,37833,"9,20090300137039E+018",9,1,86,162,2020,9,19,5,3,2,6,1,0,1,0,0,0,0,690701.8693,5384235.5037,11.585812349,48.582153153,0,2,#fc8d62,car
3753,37835,"9,20090100117538E+018",9,1,75,132,2020,9,9,3,3,0,7,0,0,0,0,1,0,0,709183.9915,5337085.9589,11.812670657,48.152585692,0,4,#e78ac3,marker
3754,37837,"9,20090400120936E+018",9,1,79,118,2020,9,19,6,2,5,3,1,0,1,0,1,0,0,673082003,5338440677,11.328256679,48.175615034,0,2,#fc8d62,car
3755,37841,"9,20090300127037E+018",9,1,81,127,2020,9,13,5,3,2,6,0,0,1,0,1,0,0,634676.7764,5322801461,10.807005822,48.04428083,0,2,#fc8d62,car
3756,37845,"9,20090300127037E+018",9,1,88,121,2020,9,10,5,3,5,6,0,0,1,0,0,0,0,669856.7951,5329203.3687,11.281224768,48.093443526,0,2,#fc8d62,car
3757,37847,"9,20090300127037E+018",9,1,62,0,2020,9,0,5,2,9,7,2,0,1,0,0,1,0,678165.4318,5334872.7421,11.395082384,48.142137806,0,2,#fc8d62,car
3758,37848,"9,20090100117037E+018",9,1,86,152,2020,9,18,3,3,9,1,1,0,1,0,0,0,0,691327.7334,5373296.1312,11.589268582,48.483648731,1,2,#fc8d62,car
3759,37849,"9,20090400210942E+018",9,2,61,0,2020,9,13,6,2,5,2,0,1,1,0,0,0,0,730862.5215,5381864.3197,12.128280693,48.547346562,0,1,#66c2a5,bicycle
3760,37850,"9,20090300121536E+018",9,1,81,143,2020,9,22,5,3,8,1,2,0,1,0,0,0,0,636880.7762,5315701.7818,10.834295729,47.979967833,0,2,#fc8d62,car
3761,37851,"9,20090300120137E+018",9,1,74,135,2020,9,17,5,2,9,1,0,0,0,0,1,0,0,662871.2507,5354456.5929,11.197174027,48.322300326,0,4,#e78ac3,marker
3762,37852,"9,20090100117037E+018",9,1,84,135,2020,9,13,3,3,3,6,0,0,1,0,0,1,0,688041.2944,5347947.4913,11.533504592,48.256812798,1,2,#fc8d62,car
3763,37853,"9,20090500121337E+018",9,1,88,124,2020,9,13,7,3,0,1,0,1,0,0,0,0,0,662354.0377,5318456.4653,11.176461478,47.998778006,0,1,#66c2a5,bicycle
3764,37854,"9,20090400120336E+018",9,1,81,114,2020,9,14,6,3,8,1,0,0,0,0,1,0,0,651687.4423,5311342.2211,11.031054649,47.937429433,0,4,#e78ac3,marker
3765,37855,"9,20090300117037E+018",9,1,78,120,2020,9,1,5,3,9,1,2,0,1,0,0,0,0,694166.1194,5354958.5608,11.619159251,48.317976695,0,2,#fc8d62,car
3766,37856,"9,20090400717037E+018",9,7,61,0,2020,9,14,6,3,2,6,0,0,1,0,0,0,0,641951.8594,5363674.7858,10.918253645,48.410230045,0,2,#fc8d62,car
3767,37858,"9,20090300110741E+018",9,1,78,156,2020,9,17,5,3,2,2,0,0,1,0,1,0,0,699886492,5373377832,11.705003166,48.481720271,0,2,#fc8d62,car
3768,37860,"9,20090200857136E+018",9,1,62,0,2020,9,13,4,3,1,5,0,1,1,0,0,0,0,694855.3248,5331969.1063,11.617884937,48.111149048,0,1,#66c2a5,bicycle
3769,37861,"9,20090100111351E+018",9,1,75,132,2020,9,11,3,3,5,3,0,1,0,0,0,1,0,707351663,5336137942,11.787601952,48.144666511,1,1,#66c2a5,bicycle
3770,37862,"9,20090500210937E+018",9,2,74,146,2020,9,21,7,3,7,1,2,1,0,0,0,0,0,733075.9479,5377992.2018,12.156061943,48.5117462,1,1,#66c2a5,bicycle
3771,37865,"9,20090200854438E+018",9,1,62,0,2020,9,14,4,3,5,3,0,1,1,0,0,0,0,682878445,5339623967,11.460422543,48.183507613,0,1,#66c2a5,bicycle
3772,37866,"9,20090200854338E+018",9,1,62,0,2020,9,17,4,3,0,1,0,1,0,0,0,0,0,689866.4563,5339689.3869,11.554372385,48.182045756,0,1,#66c2a5,bicycle
3773,37867,"9,20090100110341E+018",9,1,75,122,2020,9,15,3,2,3,1,0,0,1,0,0,0,0,721319.0941,5327026.8925,11.970399839,48.058099694,0,2,#fc8d62,car
3774,37868,"9,20090200854336E+018",9,1,62,0,2020,9,15,4,3,2,6,0,0,1,0,0,0,0,689424.53,5339033.0699,11.54814049,48.176278689,0,2,#fc8d62,car
3775,37869,"9,20090100110136E+018",9,1,77,139,2020,9,6,3,3,5,3,0,1,1,0,0,0,0,731062.0918,5359792302,12.118804124,48.348998214,1,1,#66c2a5,bicycle
3776,37870,"9,20090400161937E+018",9,1,73,137,2020,9,12,6,3,0,7,0,1,0,0,0,0,0,674280.1759,5309402.0162,11.332537883,47.914241203,0,1,#66c2a5,bicycle
3777,37871,"9,20090200854137E+018",9,1,62,0,2020,9,17,4,3,0,2,0,1,1,0,0,0,0,687655.7241,5335031.6498,11.522605628,48.1408379,0,1,#66c2a5,bicycle
3778,37872,"9,20090200852338E+018",9,1,62,0,2020,9,12,4,3,3,2,0,1,1,0,0,0,0,693827.8085,5331643246,11.603947,48.108533819,0,1,#66c2a5,bicycle
3779,37873,"9,2008310085824E+018",9,1,62,0,2020,8,14,2,3,1,6,0,0,1,0,0,0,1,684662819,5342451.1662,11.48563558,48.208403496,0,2,#fc8d62,car
3780,37874,"9,20090300854837E+018",9,1,84,135,2020,9,15,5,3,5,3,0,0,1,0,0,1,0,689839.4134,5347318.4942,11.557423813,48.250623385,0,2,#fc8d62,car
3781,37880,"9,20090200750147E+018",9,7,78,116,2020,9,14,4,3,5,3,0,0,1,0,0,0,0,620404.5882,5318015.4935,10.614249491,48.0040897,0,2,#fc8d62,car
3782,37881,"9,20083100857134E+018",9,1,84,136,2020,8,19,2,3,1,7,0,0,1,0,0,0,0,698689.5527,5326117.3142,11.666618836,48.057372823,0,2,#fc8d62,car
3783,37886,"9,20090500110536E+018",9,1,77,126,2020,9,19,7,3,0,3,0,0,1,0,1,0,0,720363.89,5367723723,11.97876988,48.42407996,1,2,#fc8d62,car
3784,37891,"9,20090500120737E+018",9,1,88,120,2020,9,11,7,1,8,1,0,0,0,0,1,0,0,676427.8392,5325021.3916,11.367672793,48.054064998,0,4,#e78ac3,marker
3785,37892,"9,2009030071505E+018",9,7,61,0,2020,9,21,5,3,1,1,2,0,1,0,0,0,0,641482.6342,5358571.7137,10.910197938,48.364450938,0,2,#fc8d62,car
3786,37895,"9,2009020071734E+018",9,7,61,0,2020,9,20,4,3,2,6,2,0,1,0,0,0,0,639761.0974,5352787.5814,10.885049043,48.312824829,0,2,#fc8d62,car
3787,37897,"9,20090200717337E+018",9,7,72,163,2020,9,15,4,3,2,6,0,0,1,0,0,0,0,638577.8104,5346438.8885,10.867015722,48.255998094,0,2,#fc8d62,car
3788,37898,"9,20090200712537E+018",9,7,72,170,2020,9,8,4,3,5,3,0,0,1,0,0,0,0,630638.0505,5334242.5182,10.75634523,48.148007434,0,2,#fc8d62,car
3789,37901,"9,20090300211539E+018",9,2,74,118,2020,9,13,5,3,5,3,0,0,1,0,0,0,0,735478.4075,5367642254,12.182717246,48.417881454,0,2,#fc8d62,car
3790,37902,"9,20090400141337E+018",9,1,87,177,2020,9,13,6,3,2,6,0,0,1,0,0,0,0,736123.1956,5304206.1564,12.156265128,47.847783559,0,2,#fc8d62,car
3791,37904,"9,20090400857139E+018",9,1,62,0,2020,9,16,6,2,3,6,0,0,1,0,1,0,0,687651.4442,5333393.3495,11.521826545,48.12611371,0,2,#fc8d62,car
3792,37915,"9,20090500137037E+018",9,1,86,162,2020,9,13,7,3,2,6,0,0,1,0,0,1,0,691107.3075,5383933.3326,11.591165116,48.579313989,0,2,#fc8d62,car
3793,37931,"9,20090400210937E+018",9,2,74,113,2020,9,22,6,3,0,1,2,1,0,0,0,0,0,729653809,5381779.9528,12.111880873,48.547032295,0,1,#66c2a5,bicycle
3794,37935,"9,20090400111351E+018",9,1,75,133,2020,9,16,6,3,3,6,0,0,1,0,0,1,0,710925546,5341329176,11.838162746,48.190139585,0,2,#fc8d62,car
3795,37937,"9,20090400711137E+018",9,7,61,0,2020,9,13,6,3,2,6,0,0,1,0,0,0,0,638336.1627,5361315.5767,10.868643268,48.389820607,0,2,#fc8d62,car
3796,37940,"9,20090400120542E+018",9,1,79,136,2020,9,13,6,2,5,3,0,0,0,0,1,1,0,660251.8604,5341420.6717,11.1569252,48.205771908,0,4,#e78ac3,marker
3797,37961,"9,20090300210937E+018",9,2,74,194,2020,9,10,5,2,0,1,0,1,0,0,0,0,0,723638.5357,5380008.5998,12.02954175,48.533291994,0,1,#66c2a5,bicycle
3798,37969,"9,20090200161738E+018",9,1,90,138,2020,9,20,4,3,5,3,2,1,1,0,0,0,0,660988.0313,5310616.6847,11.155227305,47.928637017,0,1,#66c2a5,bicycle
3799,37970,"9,20090500120137E+018",9,1,74,151,2020,9,20,7,2,5,3,2,0,1,0,0,0,0,678959.1913,5360680.4857,11.416658113,48.373895823,1,2,#fc8d62,car
3800,37971,"9,20090300711137E+018",9,7,61,0,2020,9,7,5,3,5,2,0,0,1,0,1,0,0,638507.1971,5361281.7779,10.870941174,48.389479158,0,2,#fc8d62,car
3801,37985,"9,20090400853238E+018",9,1,84,142,2020,9,10,6,3,5,3,0,1,1,0,0,0,0,683437481,5318302257,11.4587788,47.991691472,0,1,#66c2a5,bicycle
3802,37989,"9,20090200141342E+018",9,1,63,0,2020,9,16,4,3,2,6,0,0,1,0,0,0,0,730860.5245,5303379.5716,12.085584654,47.842268569,0,2,#fc8d62,car
3803,37991,"9,20090500110137E+018",9,1,77,115,2020,9,14,7,2,2,2,0,0,1,0,1,0,0,730246.5726,5347610.7662,12.101172803,48.239863093,0,2,#fc8d62,car
3804,37993,"9,20090200141336E+018",9,1,63,0,2020,9,13,4,3,5,3,0,1,1,0,0,0,0,734923086,5304976946,12.140666702,47.855147894,0,1,#66c2a5,bicycle
3805,38003,"9,20090400121337E+018",9,1,88,124,2020,9,18,6,3,0,1,0,1,0,0,0,0,0,662737.8244,5318833.8827,11.181745667,48.00207367,0,1,#66c2a5,bicycle
3806,38004,"9,20090200131536E+018",9,1,85,158,2020,9,18,4,2,0,1,0,1,0,0,0,0,0,661213.2616,5382995.8397,11.18581338,48.579291876,0,1,#66c2a5,bicycle
3807,38017,"9,20090400210951E+018",9,2,61,0,2020,9,14,6,2,8,7,0,0,1,0,0,0,0,732227.3752,5381555.4437,12.146573866,48.544068309,0,2,#fc8d62,car
3808,38018,"9,20090200121937E+018",9,1,88,139,2020,9,18,4,3,0,1,0,1,0,0,0,0,0,675986.5426,5319001.2998,11.359283267,48.000069229,0,1,#66c2a5,bicycle
3809,38019,"9,20090200121536E+018",9,1,81,130,2020,9,14,4,3,2,6,0,0,1,0,0,0,0,642244.1857,5324554.4702,10.909066337,48.058402703,0,2,#fc8d62,car
3810,38021,"9,20090500131339E+018",9,1,86,143,2020,9,16,7,3,8,1,0,1,0,0,0,0,0,681729.5519,5382449.3933,11.463492262,48.568766465,0,1,#66c2a5,bicycle
3811,38022,"9,2009040012034E+018",9,1,81,114,2020,9,8,6,2,5,2,0,0,1,0,1,0,0,657002.4662,5312662.6802,11.102654293,47.948021694,0,2,#fc8d62,car
3812,38023,"9,20090200121536E+018",9,1,81,130,2020,9,14,4,2,4,2,0,1,1,0,0,0,0,639365.5195,5322922.9957,10.869921779,48.044367275,0,1,#66c2a5,bicycle
3813,38025,"9,20090400717339E+018",9,7,71,130,2020,9,11,6,3,9,6,0,0,1,0,0,0,0,643557.6995,5363303.4729,10.939814128,48.406527698,0,2,#fc8d62,car
3814,38027,"9,2009020011134E+018",9,1,75,139,2020,9,17,4,3,0,7,1,0,1,0,1,0,0,710091.5254,5330657.5335,11.821689829,48.094520378,1,2,#fc8d62,car
3815,38029,"9,20090200110136E+018",9,1,77,139,2020,9,18,4,3,8,1,0,1,0,0,0,0,0,732002.7148,5359547.0701,12.131345593,48.346450528,0,1,#66c2a5,bicycle
3816,38034,"9,20090100858237E+018",9,1,62,0,2020,9,13,3,3,6,4,0,0,0,1,1,0,0,694926.0516,5331724.9245,11.618722547,48.108932797,1,3,#8da0cb,toilet
3817,38035,"9,20090100852836E+018",9,1,84,137,2020,9,12,3,3,8,7,0,0,1,0,0,0,0,707331.7196,5316024.4987,11.777588523,47.963923945,1,2,#fc8d62,car
3818,38037,"9,20090300717037E+018",9,7,61,0,2020,9,15,5,3,4,3,0,0,1,0,1,0,0,640728.7142,5355570.8794,10.89902167,48.337636908,0,2,#fc8d62,car
3819,38038,"9,20090100852836E+018",9,1,84,129,2020,9,17,3,3,2,2,0,0,0,0,0,0,1,699251.6035,5324811.8081,11.673545811,48.045464609,0,6,#ffd92f,circle
3820,38039,"9,20090100852537E+018",9,1,62,0,2020,9,15,3,3,2,6,0,0,1,0,0,0,0,701019.0497,5332416944,11.700811818,48.113258428,0,2,#fc8d62,car
3821,38041,"9,20090300858237E+018",9,1,62,0,2020,9,16,5,3,0,7,0,0,0,0,0,0,1,693585.1934,5339575.5017,11.604297495,48.17990008,0,6,#ffd92f,circle
3822,38049,"9,20090500160937E+018",9,1,73,126,2020,9,17,7,2,0,7,0,1,0,0,0,0,0,684592.0485,5303746.0058,11.468003404,47.860514234,0,1,#66c2a5,bicycle
3823,38054,"9,20090500117037E+018",9,1,84,119,2020,9,8,7,3,9,6,0,0,1,0,0,0,0,693755.5876,5344871.3636,11.609005027,48.227444902,0,2,#fc8d62,car
3824,38066,"9,20090100710637E+018",9,7,61,0,2020,9,16,3,2,3,1,0,0,0,0,1,0,1,638190.4934,5354147.6811,10.86432272,48.325399897,0,4,#e78ac3,marker
3825,38071,"9,20090100710137E+018",9,7,71,156,2020,9,18,3,3,0,1,0,0,0,0,1,0,0,654827.1642,5383217.1952,11.09937162,48.582892553,1,4,#e78ac3,marker
3826,38072,"9,20090400858236E+018",9,1,62,0,2020,9,14,6,2,2,7,0,0,1,0,0,1,0,688495.2494,5340185034,11.536163551,48.18690895,0,2,#fc8d62,car
3827,38084,"9,20090400120936E+018",9,1,88,121,2020,9,7,6,3,3,6,0,0,1,0,0,0,1,670071.3366,5329276.7095,11.284132964,48.094045634,0,2,#fc8d62,car
3828,38103,"9,20090400117537E+018",9,1,84,112,2020,9,16,6,3,3,6,0,0,1,0,0,0,0,701516.2664,5340800.2108,11.711453393,48.188440709,0,2,#fc8d62,car
3829,38105,"9,20090400712737E+018",9,7,72,115,2020,9,18,6,3,5,3,0,0,1,0,0,0,0,617779.6661,5371028.2795,10.59381802,48.48134141,0,2,#fc8d62,car
3830,38120,"9,20090300852136E+018",9,1,62,0,2020,9,16,5,3,0,6,0,0,1,0,1,0,0,694550.4468,5334771361,11.615072282,48.136427829,0,2,#fc8d62,car
3831,38132,"9,20090500110347E+018",9,1,75,122,2020,9,3,7,3,9,1,2,1,0,0,0,0,0,721110.6401,5325876.8146,11.967011785,48.047838472,0,1,#66c2a5,bicycle
3832,38138,"9,20090500120337E+018",9,1,81,114,2020,9,12,7,2,9,1,0,0,0,0,1,0,0,652668.4708,5311955.8759,11.044399357,47.942714144,0,4,#e78ac3,marker
3833,38139,"9,20090300712336E+018",9,7,72,145,2020,9,7,5,3,8,1,0,0,1,0,0,0,0,636116.1548,5368146.8171,10.840889008,48.451729349,0,2,#fc8d62,car
3834,38151,"9,20090400854838E+018",9,1,84,119,2020,9,19,6,3,5,3,0,1,1,0,0,0,0,696236.4455,5346228725,11.643002823,48.238881268,0,1,#66c2a5,bicycle
3835,38167,"9,20090500147042E+018",9,1,87,150,2020,9,22,7,3,5,3,2,0,1,0,0,0,0,728777.8729,5303479285,12.057842677,47.843908808,1,2,#fc8d62,car
3836,38169,"9,2009010021094E+018",9,2,61,0,2020,9,13,3,3,5,3,0,0,1,0,0,0,0,732675222,5378761124,12.151073026,48.518801797,0,2,#fc8d62,car
3837,38172,"9,20090100210939E+018",9,2,61,0,2020,9,17,3,3,2,6,0,0,1,0,0,0,0,734691.53,5381846.3652,12.18007261,48.545764706,1,2,#fc8d62,car
3838,38180,"9,20090400110738E+018",9,1,78,137,2020,9,16,6,3,5,3,0,0,1,0,1,0,0,691740.9532,5363405244,11.590328443,48.394630712,0,2,#fc8d62,car
3839,38187,"9,20090400120542E+018",9,1,79,128,2020,9,14,6,3,5,3,0,0,1,0,0,0,0,657347053,5343337139,11.118566675,48.223728959,0,2,#fc8d62,car
3840,38201,"9,20090100140741E+018",9,1,82,120,2020,9,18,3,3,2,3,0,1,1,0,0,0,0,701975.3296,5306163.4456,11.701292683,47.877012074,1,1,#66c2a5,bicycle
3841,38210,"9,20090500161936E+018",9,1,73,120,2020,9,8,7,3,0,1,0,0,0,0,1,0,0,692416.5471,5313329.6326,11.576784497,47.944358797,0,4,#e78ac3,marker
3842,38213,"9,20090100127039E+018",9,1,62,0,2020,9,12,3,3,2,6,0,0,1,0,0,1,0,684236.8155,5342571.5277,11.47995925,48.209609142,0,2,#fc8d62,car
3843,38214,"9,20090100127037E+018",9,1,74,146,2020,9,14,3,3,8,1,0,0,1,0,0,0,1,667323.3883,5350685.0335,11.255691471,48.287232446,0,2,#fc8d62,car
3844,38216,"9,20090500120137E+018",9,1,74,126,2020,9,15,7,3,4,2,0,0,1,0,0,0,0,683833.7908,5345828.1245,11.475951725,48.238997683,0,2,#fc8d62,car
3845,38217,"9,20090300710637E+018",9,7,61,0,2020,9,13,5,3,5,1,0,0,1,0,0,0,0,641905.2816,5357634.3696,10.915584771,48.355927859,0,2,#fc8d62,car
3846,38218,"9,20090100127037E+018",9,1,74,113,2020,9,11,3,2,2,6,0,0,1,0,0,1,0,680217.2882,5341896.2911,11.425617645,48.204693567,1,2,#fc8d62,car
3847,38221,"9,2009010012174E+018",9,1,79,134,2020,9,10,3,2,4,6,0,0,1,0,0,0,0,668882.6461,5344969.2756,11.274412995,48.235435571,1,2,#fc8d62,car