fid,OBJECTID,UIDENTSTLA,ULAND,UREGBEZ,UKREIS,UGEMEINDE,UJAHR,UMONAT,USTUNDE,UWOCHENTAG,UKATEGORIE,UART,UTYP1,ULICHTVERH,IstRad,IstPKW,IstFuss,IstKrad,IstGkfz,IstSonstig,LINREFX,LINREFY,XGCSWGS84,YGCSWGS84,STRZUSTAND,Teilnehmer,color,symbol
3848,38223,"9,20090100121736E+018",9,1,79,142,2020,9,16,3,3,5,2,0,0,1,0,0,0,0,670978095,5341133203,11.301063094,48.200389402,0,2,#fc8d62,car
3849,38224,"9,20090100121536E+018",9,1,81,130,2020,9,12,3,3,9,1,0,0,1,0,0,0,0,640507755,5325520733,10.886092275,48.067476303,1,2,#fc8d62,car
3850,38229,"9,20090900858239E+018",9,1,62,0,2020,9,18,4,3,4,6,0,1,0,0,0,0,0,685308.1981,5335335.7579,11.491211943,48.144259391,0,1,#66c2a5,bicycle
3851,38231,"9,20090500857136E+018",9,1,62,0,2020,9,13,7,3,5,3,0,1,1,0,0,0,0,701498.3564,5332286.7385,11.707182637,48.111936822,0,1,#66c2a5,bicycle
3852,38245,"9,2009050075134E+018",9,7,78,203,2020,9,17,7,3,4,6,0,1,0,0,0,0,0,622382.1939,5322245478,10.641959838,48.041756309,0,1,#66c2a5,bicycle
3853,38247,"9,20090900131537E+018",9,1,85,113,2020,9,15,4,2,4,6,0,0,1,0,0,0,1,669363.7713,5376446.5445,11.29356863,48.518269584,0,2,#fc8d62,car
3854,38252,"9,20090800121537E+018",9,1,81,130,2020,9,16,3,3,1,7,0,0,1,1,0,0,0,636481.4226,5326219.1087,10.832297254,48.0746307,0,2,#fc8d62,car
3855,38264,"9,20090500750939E+018",9,7,74,198,2020,9,15,7,3,0,1,0,0,1,0,0,0,0,616165.0074,5351179.6,10.566486673,48.303138869,0,2,#fc8d62,car
3856,38266,"9,20090900121937E+018",9,1,88,139,2020,9,10,4,3,0,1,0,1,0,0,0,0,0,679401.1719,5320394.5702,11.405601207,48.011644724,0,1,#66c2a5,bicycle
3857,38269,"9,20090600712738E+018",9,7,72,130,2020,9,2,1,3,9,7,2,0,1,0,0,0,0,631344.4299,5356996.6296,10.77289823,48.352478267,1,2,#fc8d62,car
3858,38271,"9,20090800120137E+018",9,1,74,126,2020,9,22,3,3,0,1,2,1,0,0,0,0,0,683069.5736,5344480.4782,11.465086584,48.227105487,0,1,#66c2a5,bicycle
3859,38275,"9,20091000127037E+018",9,1,62,0,2020,9,13,5,3,0,1,0,0,0,0,1,0,0,678065757,5335318063,11.393929907,48.146168744,0,4,#e78ac3,marker
3860,38280,"9,20090800854738E+018",9,1,62,0,2020,9,14,3,3,3,6,0,0,1,0,0,0,0,692066.9036,5340562.2267,11.584339693,48.18922925,0,2,#fc8d62,car
3861,38287,"9,20090900120137E+018",9,1,74,115,2020,9,18,4,3,5,3,0,1,1,0,0,0,0,681023.0446,5347495.0551,11.438843973,48.254789787,0,1,#66c2a5,bicycle
3862,38293,"9,20090800110546E+018",9,1,77,117,2020,9,18,3,3,5,3,0,0,1,0,0,0,0,715749.1566,5355108.2826,11.910004503,48.312327768,0,2,#fc8d62,car
3863,38297,"9,20091000110137E+018",9,1,77,115,2020,9,7,5,3,0,7,0,1,0,0,0,0,0,734110.4475,5350942.6206,12.154976482,48.268379052,0,1,#66c2a5,bicycle
3864,38299,"9,20090500712537E+018",9,7,72,179,2020,9,11,7,3,5,3,0,0,1,0,1,0,0,619531.0766,5337040.0062,10.607869092,48.175350799,0,2,#fc8d62,car
3865,38302,"9,20090800750137E+018",9,7,78,203,2020,9,18,3,2,8,1,0,0,0,0,1,0,0,621126.0551,5324587.6556,10.625776805,48.063060214,0,4,#e78ac3,marker
3866,38309,"9,20090500712155E+018",9,7,71,111,2020,9,10,7,3,0,1,0,1,0,0,0,0,0,658354.3738,5358198.0121,11.137691433,48.357084663,0,1,#66c2a5,bicycle
3867,38321,"9,20090900858237E+018",9,1,62,0,2020,9,16,4,3,5,2,0,1,1,0,0,0,0,694651.1637,5334163.0285,11.616146678,48.13092959,0,1,#66c2a5,bicycle
3868,38322,"9,20090900145042E+018",9,1,87,150,2020,9,17,4,2,9,7,0,0,1,0,0,0,0,725391.1899,5303284.7752,12.012540197,47.84335725,0,2,#fc8d62,car
3869,38323,"9,20090500712138E+018",9,7,71,122,2020,9,10,7,3,1,6,0,0,1,0,0,0,0,652509.2123,5361505.2807,11.060038792,48.388258448,0,2,#fc8d62,car
3870,38325,"9,20090700121537E+018",9,1,81,137,2020,9,19,2,2,8,1,0,0,1,0,0,0,0,648136.6806,5306981.7252,10.982041989,47.899050972,0,2,#fc8d62,car
3871,38326,"9,20090800740737E+018",9,7,77,130,2020,9,13,3,3,2,6,0,0,1,0,0,0,0,622917.9148,5308752.6036,10.645282952,47.920305293,0,2,#fc8d62,car
3872,38328,"9,20090900710639E+018",9,7,61,0,2020,9,13,4,3,6,1,0,1,0,1,0,0,0,639621088,5356333108,10.884336254,48.344736429,0,1,#66c2a5,bicycle
3873,38332,"9,20090500710642E+018",9,7,61,0,2020,9,15,7,3,0,3,0,1,1,0,0,0,0,637009.6393,5355372.1586,10.848798623,48.336667427,0,1,#66c2a5,bicycle
3874,38343,"9,20090900852737E+018",9,1,84,118,2020,9,8,4,2,0,1,0,0,0,0,1,0,0,702502.8104,5335848.8028,11.722354503,48.143629923,0,4,#e78ac3,marker
3875,38344,"9,20090900140137E+018",9,1,87,117,2020,9,7,4,3,9,7,0,0,1,0,0,0,0,725720.9434,5305259.4255,12.017971509,47.860983668,0,2,#fc8d62,car
3876,38347,"9,20090700110337E+018",9,1,75,119,2020,9,7,2,3,0,7,0,0,1,0,0,0,0,727916808,5322054502,12.056175866,48.011104172,0,2,#fc8d62,car
3877,38355,"9,20090900160938E+018",9,1,73,118,2020,9,16,4,3,1,6,0,0,1,0,0,0,0,687817.2582,5305643.2122,11.511906541,47.876633074,0,2,#fc8d62,car
3878,38358,"9,20090900120542E+018",9,1,79,138,2020,9,16,4,2,8,1,0,0,0,0,1,0,0,653595.5115,5335784.9856,11.065357908,48.156746767,0,4,#e78ac3,marker
3879,38362,"9,20091000711937E+018",9,7,72,125,2020,9,8,5,3,5,3,0,1,1,0,0,0,0,636185.7597,5348161.1053,10.835360219,48.272003161,0,1,#66c2a5,bicycle
3880,38364,"9,20090800111139E+018",9,1,78,123,2020,9,18,3,3,2,1,0,0,1,0,0,0,0,686938.3098,5360564.6382,11.524249899,48.37054169,0,2,#fc8d62,car
3881,38367,"9,20090600717338E+018",9,7,71,130,2020,9,10,1,3,9,6,0,0,1,0,0,0,0,645350.2934,5362919.1857,10.963888647,48.402661663,0,2,#fc8d62,car
3882,38369,"9,2009080012074E+018",9,1,88,120,2020,9,16,3,2,5,3,0,1,0,0,0,0,1,674165.6163,5326701.9609,11.338024362,48.069794027,0,1,#66c2a5,bicycle
3883,38373,"9,2009100014074E+018",9,1,82,120,2020,9,14,5,3,0,7,0,1,1,0,0,0,0,700243.8203,5307814.0075,11.678926467,47.892388793,0,1,#66c2a5,bicycle
3884,38376,"9,20090700160937E+018",9,1,73,118,2020,9,17,2,3,8,1,0,0,0,0,1,0,0,698032864,5305236.5112,11.64819872,47.869908893,0,4,#e78ac3,marker
3885,38377,"9,20090900110537E+018",9,1,77,117,2020,9,12,4,3,2,6,0,0,1,0,0,0,0,714488.9172,5355421163,11.893188163,48.315567661,0,2,#fc8d62,car
3886,38383,"9,20090700857138E+018",9,1,62,0,2020,9,1,2,3,5,2,2,0,1,0,0,0,0,694832643,5332435355,11.617793521,48.115346447,1,2,#fc8d62,car
3887,38387,"9,20090900858239E+018",9,1,62,0,2020,9,8,4,3,5,2,0,1,1,0,0,0,0,688378.2026,5334052525,11.531874892,48.131823866,0,1,#66c2a5,bicycle
3888,38391,"9,20090700131338E+018",9,1,86,143,2020,9,17,2,2,5,2,0,0,1,0,1,0,0,683479.6997,5378887.5602,11.485624256,48.536243447,0,2,#fc8d62,car
3889,38393,"9,20091000120138E+018",9,1,74,113,2020,9,12,5,3,2,6,0,0,1,0,0,0,0,674524.0852,5345051.5435,11.350357192,48.234647657,0,2,#fc8d62,car
3890,38397,"9,20090700147337E+018",9,1,82,133,2020,9,18,2,3,2,6,0,0,1,0,0,0,0,706809.2255,5306364.9196,11.765962435,47.877284241,0,2,#fc8d62,car
3891,38410,"9,20090900854838E+018",9,1,84,119,2020,9,16,4,3,6,7,0,1,0,1,0,0,0,696959.6628,5347618.8155,11.653379175,48.251149995,0,1,#66c2a5,bicycle
3892,38414,"9,20090700117037E+018",9,1,84,149,2020,9,15,2,3,9,1,0,0,1,0,0,0,0,690302.3556,5351662.0279,11.565608536,48.289523113,0,2,#fc8d62,car
3893,38415,"9,20090800710143E+018",9,7,71,113,2020,9,7,3,3,5,3,0,1,1,0,0,0,0,657755.7803,5368359.2807,11.133435266,48.448587558,0,1,#66c2a5,bicycle
3894,38431,"9,20090700712139E+018",9,7,71,129,2020,9,5,2,3,8,1,2,0,1,0,0,0,0,657967.6448,5355898.6963,11.131611972,48.336509748,0,2,#fc8d62,car
3895,38440,"9,20090600852337E+018",9,1,62,0,2020,9,14,1,3,2,6,0,0,1,0,0,0,0,691937.8083,5331718.7327,11.578616868,48.109784577,0,2,#fc8d62,car
3896,38443,"9,20090800121937E+018",9,1,88,139,2020,9,15,3,3,1,5,0,1,1,0,0,0,0,676276.5568,5318928.4122,11.363137848,47.999334115,0,1,#66c2a5,bicycle
3897,38450,"9,20090700211537E+018",9,2,74,114,2020,9,18,2,2,9,1,0,0,0,0,1,0,0,735433733,5369268951,12.183027618,48.432510154,0,4,#e78ac3,marker
3898,38453,"9,2009090021094E+018",9,2,61,0,2020,9,7,4,3,2,6,0,0,1,0,0,0,0,732742.9864,5381606.1375,12.153577465,48.544332639,0,2,#fc8d62,car
3899,38456,"9,20090900121938E+018",9,1,88,113,2020,9,17,4,3,2,6,0,0,1,0,0,0,0,676185.6064,5317562.9221,11.361359232,47.987084046,0,2,#fc8d62,car
3900,38459,"9,20090600712738E+018",9,7,72,115,2020,9,3,1,3,8,1,2,0,1,0,0,0,0,615444.5929,5368411.0334,10.561509203,48.458237401,0,2,#fc8d62,car
3901,38462,"9,20090800120137E+018",9,1,74,135,2020,9,16,3,2,1,3,0,0,1,0,0,0,0,663869.2644,5352853.2568,11.210004219,48.307628457,0,2,#fc8d62,car
3902,38471,"9,20090800858239E+018",9,1,62,0,2020,9,18,3,3,5,2,0,1,0,0,0,0,1,684647.1651,5329121.3829,11.479643029,48.088593313,0,1,#66c2a5,bicycle
3903,38473,"9,20090800210937E+018",9,2,74,194,2020,9,7,3,3,0,1,0,0,0,0,1,0,0,722233.4893,5382652.0452,12.011945764,48.557539452,0,4,#e78ac3,marker
3904,38477,"9,20090700852939E+018",9,1,62,0,2020,9,8,2,3,2,6,0,0,1,0,0,0,0,685226.5161,5328853.6488,11.487299485,48.086018683,0,2,#fc8d62,car
3905,38478,"9,20090900120337E+018",9,1,81,123,2020,9,16,4,3,4,2,0,0,1,0,0,0,1,654801.3663,5328006.1989,11.078736785,48.086514813,0,2,#fc8d62,car
3906,38484,"9,20090800110739E+018",9,1,78,124,2020,9,13,3,3,4,2,0,0,1,0,0,1,0,702855507,5359048016,11.73820528,48.351998541,0,2,#fc8d62,car
3907,38488,"9,20091000110541E+018",9,1,77,131,2020,9,7,5,3,5,3,0,0,1,0,0,0,0,711257.8618,5348265.1657,11.846084176,48.252354159,0,2,#fc8d62,car
3908,38494,"9,20090600210942E+018",9,2,61,0,2020,9,21,1,3,4,2,2,0,1,0,0,0,0,731874.8444,5383857.5042,12.143086623,48.564877562,0,2,#fc8d62,car
3909,38496,"9,20090900740738E+018",9,7,77,158,2020,9,16,4,3,5,3,0,0,1,0,0,0,0,622879.6322,5308757.6574,10.644772191,47.920358084,0,2,#fc8d62,car
3910,38501,"9,20090600210938E+018",9,2,61,0,2020,9,8,1,3,5,2,0,1,1,0,0,0,0,732025447,5380869.3933,12.143460133,48.537980369,0,1,#66c2a5,bicycle
3911,38506,"9,20090900852937E+018",9,1,62,0,2020,9,7,4,3,2,6,0,0,1,0,0,0,0,689191.5418,5330634.7432,11.541279018,48.100863126,0,2,#fc8d62,car
3912,38507,"9,20090900140137E+018",9,1,87,122,2020,9,19,4,2,0,3,0,1,1,0,0,0,0,718796.6182,5308445.4806,11.927130999,47.892007466,0,1,#66c2a5,bicycle
3913,38511,"9,20090900858238E+018",9,1,62,0,2020,9,9,4,3,2,6,0,0,1,0,0,0,1,692257.9752,5331090581,11.582630616,48.104042277,0,2,#fc8d62,car
3914,38514,"9,20090600121536E+018",9,1,81,130,2020,9,13,1,3,3,1,0,0,1,0,1,0,0,636845.6013,5323166.2787,10.836206989,48.047100188,1,2,#fc8d62,car
3915,38515,"9,20090700121738E+018",9,1,79,142,2020,9,12,2,3,5,3,0,1,1,0,0,0,0,674816.47,5340945643,11.352598895,48.197658165,0,1,#66c2a5,bicycle
3916,38518,"9,20090900712338E+018",9,7,72,177,2020,9,14,4,3,0,7,0,1,0,0,0,0,0,634127.9274,5379207.9966,10.81756724,48.551616986,0,1,#66c2a5,bicycle
3917,38535,"9,20090800121337E+018",9,1,88,132,2020,9,14,3,3,0,1,0,1,0,0,0,0,0,666455053,5325076572,11.233967417,48.057240328,0,1,#66c2a5,bicycle
3918,38538,"9,20090700110739E+018",9,1,78,124,2020,9,16,2,3,5,2,0,0,1,0,0,0,0,703010.0466,5363869.9331,11.742616718,48.395280035,0,2,#fc8d62,car
3919,38546,"9,20090900161947E+018",9,1,73,137,2020,9,17,4,3,0,1,0,1,0,0,0,0,0,674237.1941,5309639.4261,11.332059067,47.916387163,0,1,#66c2a5,bicycle
3920,38549,"9,20090900120937E+018",9,1,79,145,2020,9,16,4,3,4,2,0,0,1,0,0,0,0,675243.2321,5337613.4351,11.356962638,48.167586402,0,2,#fc8d62,car
3921,38554,"9,20090800120137E+018",9,1,74,111,2020,9,18,3,3,2,6,0,0,1,0,0,0,0,664360.5318,5361209.8745,11.219886067,48.382626103,0,2,#fc8d62,car
3922,38558,"9,20091000120942E+018",9,1,88,121,2020,9,17,5,3,5,3,0,1,0,0,1,0,0,672936.6816,5330878.1842,11.323232236,48.107671193,0,1,#66c2a5,bicycle
3923,38564,"9,20091000141338E+018",9,1,87,177,2020,9,10,5,3,5,2,0,1,0,0,0,0,1,736337.0956,5305690.6708,12.159930823,47.861041429,0,1,#66c2a5,bicycle
3924,38568,"9,20090900111339E+018",9,1,75,132,2020,9,7,4,3,3,7,0,0,1,0,0,0,0,706358.7226,5330686.7945,11.771630938,48.096002885,0,2,#fc8d62,car
3925,38575,"9,20090800110537E+018",9,1,77,133,2020,9,5,3,3,5,3,2,0,1,0,0,0,0,711141.7228,5354118.0385,11.847445057,48.304984652,0,2,#fc8d62,car
3926,38579,"9,20090900858243E+018",9,1,62,0,2020,9,18,4,3,0,7,0,0,0,1,0,0,1,692576.8335,5331172.8754,11.586946504,48.104685625,0,3,#8da0cb,toilet
3927,38582,"9,20090600120139E+018",9,1,74,115,2020,9,2,1,3,5,2,2,0,1,0,0,0,0,683261.1847,5348432.5631,11.469374589,48.262573249,1,2,#fc8d62,car
3928,38590,"9,20090600120137E+018",9,1,74,131,2020,9,14,1,3,5,3,0,0,1,0,0,0,0,676100125,5359928.8699,11.377769508,48.367943931,1,2,#fc8d62,car
3929,38603,"9,20090900857137E+018",9,1,84,127,2020,9,18,4,3,5,3,0,1,1,0,0,0,0,702216023,5322008833,11.711953305,48.019342094,0,1,#66c2a5,bicycle
3930,38606,"9,20090600111346E+018",9,1,75,111,2020,9,0,1,3,1,1,2,0,1,0,0,0,0,712129.4744,5337071.5321,11.852217633,48.151480564,0,2,#fc8d62,car
3931,38607,"9,20090700120137E+018",9,1,74,113,2020,9,13,2,3,5,3,0,0,0,0,1,0,0,675605217,5347794312,11.366041781,48.259004293,0,4,#e78ac3,marker
3932,38608,"9,20090800710438E+018",9,7,61,0,2020,9,15,3,3,3,6,0,1,0,0,0,0,0,640715.1275,5360394.8943,10.900451722,48.38101589,0,1,#66c2a5,bicycle
3933,38609,"9,2009080014154E+018",9,1,87,124,2020,9,18,3,3,2,6,0,0,1,0,0,0,1,732994.4465,5329598201,12.128263822,48.077044131,0,2,#fc8d62,car
3934,38610,"9,2009090071044E+018",9,7,61,0,2020,9,12,4,3,0,7,0,1,0,0,0,0,0,640698671,5360373.6135,10.900222468,48.380828212,0,1,#66c2a5,bicycle
3935,38620,"9,2009070071214E+018",9,7,71,145,2020,9,5,2,3,8,1,1,0,1,0,0,0,0,647488.2136,5346296966,10.98694064,48.252710752,0,2,#fc8d62,car
3936,38625,"9,20090900852439E+018",9,1,62,0,2020,9,18,4,3,2,6,0,1,0,0,0,0,0,695143.5034,5334046.6608,11.622703339,48.129732978,0,1,#66c2a5,bicycle
3937,38629,"9,20090600858237E+018",9,1,62,0,2020,9,14,1,3,4,3,0,1,1,0,0,0,0,684434.3333,5335409.8027,11.479507554,48.14517888,0,1,#66c2a5,bicycle
3938,38631,"9,20090800121937E+018",9,1,88,137,2020,9,16,3,3,0,6,0,0,1,0,1,0,0,673561.8138,5315857.8428,11.325534732,47.97247303,0,2,#fc8d62,car
3939,38639,"9,20090900120338E+018",9,1,81,115,2020,9,12,4,3,0,1,0,1,0,0,0,0,0,658572.5355,5327197.2703,11.129041513,48.078314887,0,1,#66c2a5,bicycle
3940,38643,"9,20091000711138E+018",9,7,61,0,2020,9,14,5,3,4,2,0,0,1,0,0,0,0,639314.5238,5360881.4487,10.881707607,48.385701697,0,2,#fc8d62,car
3941,38648,"9,2009060071274E+018",9,7,72,167,2020,9,11,1,2,0,1,0,1,0,0,0,0,0,628248.92,5359017064,10.731750789,48.371283281,0,1,#66c2a5,bicycle
3942,38650,"9,20090800120539E+018",9,1,79,119,2020,9,7,3,3,4,2,1,1,1,0,0,0,0,671314734,5339080777,11.304761911,48.181848178,0,1,#66c2a5,bicycle
3943,38654,"9,20091000131339E+018",9,1,86,143,2020,9,16,5,3,4,1,0,0,1,0,0,0,0,680955.4061,5380661.1483,11.452230614,48.552917585,0,2,#fc8d62,car
3944,38658,"9,20090900110137E+018",9,1,77,139,2020,9,13,4,3,0,1,0,1,0,0,0,0,0,731201952,5359697.5948,12.120637008,48.348096265,0,1,#66c2a5,bicycle
3945,38664,"9,20090700854737E+018",9,1,62,0,2020,9,11,2,3,3,6,0,0,1,0,0,1,0,690591.5391,5339046.5014,11.563828871,48.176050486,0,2,#fc8d62,car
3946,38669,"9,20090800110739E+018",9,1,78,138,2020,9,17,3,3,2,6,0,0,1,0,0,0,0,713529.7075,5369674531,11.887506627,48.443961327,0,2,#fc8d62,car
3947,38673,"9,20091000115038E+018",9,1,78,157,2020,9,9,5,2,0,6,0,1,0,0,0,0,0,704476596,5369821.8359,11.765307344,48.448290338,0,1,#66c2a5,bicycle
3948,38676,"9,20090500858236E+018",9,1,84,122,2020,9,12,7,3,2,2,0,1,1,0,0,0,0,688025988,5323780056,11.522623884,48.039595917,0,1,#66c2a5,bicycle
3949,38677,"9,20090700140741E+018",9,1,82,133,2020,9,13,2,2,9,1,0,0,1,0,0,0,0,707576.4845,5307088.1314,11.776559207,47.883536058,0,2,#fc8d62,car
3950,38688,"9,20091000210939E+018",9,2,61,0,2020,9,19,5,2,2,2,1,0,1,0,1,0,0,732697.6772,5381687.1798,12.153009776,48.545077422,0,2,#fc8d62,car
3951,38691,"9,20090900854637E+018",9,1,88,127,2020,9,16,4,3,2,6,0,0,1,0,1,0,0,679843.2904,5329892.5048,11.415516398,48.096898451,0,2,#fc8d62,car
3952,38694,"9,20090700117037E+018",9,1,78,150,2020,9,11,2,3,2,6,0,0,1,0,0,0,0,691132325,5371902.8826,11.585989994,48.471186679,0,2,#fc8d62,car
3953,38700,"9,20091500857138E+018",9,1,62,0,2020,9,17,3,2,6,4,0,0,1,1,0,0,0,698796.2203,5333052.3086,11.6712768,48.119666272,0,2,#fc8d62,car
3954,38701,"9,20091300117037E+018",9,1,78,145,2020,9,13,1,2,8,1,0,0,0,0,0,0,1,696652756,5356333.7261,11.653306392,48.329566951,0,6,#ffd92f,circle
3955,38704,"9,20091200740739E+018",9,7,62,0,2020,9,16,7,3,2,6,0,0,1,0,0,0,0,621435.3723,5304305.9516,10.624195395,47.880595887,0,2,#fc8d62,car
3956,38712,"9,20091500140151E+018",9,1,87,117,2020,9,13,3,3,2,6,0,0,1,0,0,0,0,723338.0229,5305010.4898,11.986027411,47.859579566,0,2,#fc8d62,car
3957,38713,"9,20091200712141E+018",9,7,71,145,2020,9,18,7,3,5,3,0,1,1,0,0,0,0,649517.0615,5344480.7542,11.01361425,48.23590534,0,1,#66c2a5,bicycle
3958,38717,"9,20091400710638E+018",9,7,61,0,2020,9,14,2,3,5,2,0,1,0,0,0,0,1,641388.48,5357505955,10.908569337,48.354889133,0,1,#66c2a5,bicycle
3959,38719,"9,20091200710742E+018",9,7,61,0,2020,9,12,7,3,3,6,0,0,1,0,0,0,0,643407.4376,5361246168,10.937082293,48.388063825,0,2,#fc8d62,car
3960,38722,"9,20091400131539E+018",9,1,85,158,2020,9,10,2,3,2,6,0,0,1,0,0,0,1,669921296,5380340.6395,11.302700169,48.553123276,0,2,#fc8d62,car
3961,38723,"9,20091200710139E+018",9,7,71,113,2020,9,6,7,3,8,1,1,0,1,0,0,0,0,655685.0078,5366471.0165,11.104748899,48.432126886,0,2,#fc8d62,car
3962,38728,"9,20091500117538E+018",9,1,75,132,2020,9,16,3,3,2,6,0,0,1,0,0,0,0,706735346,5336262473,11.779386878,48.145986155,0,2,#fc8d62,car
3963,38734,"9,20091500121738E+018",9,1,79,142,2020,9,18,3,3,2,6,0,0,1,0,0,0,0,674218.4705,5341065.3815,11.344607441,48.198898885,0,2,#fc8d62,car
3964,38744,"9,20091400121538E+018",9,1,81,130,2020,9,15,2,3,9,1,0,0,1,0,0,0,0,640376.1077,5323228.8362,10.883573977,48.046896033,0,2,#fc8d62,car
3965,38750,"9,20091500111338E+018",9,1,75,135,2020,9,17,3,3,5,3,0,1,1,0,0,0,0,707670.9907,5338787.7588,11.793182852,48.168374258,0,1,#66c2a5,bicycle
3966,38754,"9,20091600127039E+018",9,1,81,115,2020,9,7,4,3,2,6,0,0,1,0,0,0,0,657987.2444,5327160.3894,11.121175178,48.078128587,0,2,#fc8d62,car
3967,38755,"9,20091300117037E+018",9,1,78,113,2020,9,10,1,3,2,6,0,0,1,0,0,0,0,691577325,5366584.8827,11.589571706,48.423256964,0,2,#fc8d62,car
3968,38764,"9,20091600131341E+018",9,1,86,152,2020,9,10,4,3,4,6,0,0,0,0,0,1,0,688428.1655,5375354.2792,11.550997424,48.503022024,0,5,#a6d854,bus
3969,38770,"9,20091500710637E+018",9,7,61,0,2020,9,21,3,3,5,3,2,0,1,0,0,0,0,639810.2172,5352480.1788,10.885609305,48.310049863,0,2,#fc8d62,car
3970,38771,"9,2009140011034E+018",9,1,75,128,2020,9,14,2,3,4,6,0,0,1,0,1,0,0,714186.7063,5323115.2182,11.87284381,48.025383953,0,2,#fc8d62,car
3971,38774,"9,20091300717338E+018",9,7,72,223,2020,9,7,1,3,8,1,0,0,1,0,0,0,0,624582.0856,5364357086,10.683844223,48.420038914,0,2,#fc8d62,car
3972,38778,"9,20091500110342E+018",9,1,75,122,2020,9,19,3,2,5,1,0,1,1,0,0,0,0,720452.8406,5325108.2111,11.957801441,48.041159969,0,1,#66c2a5,bicycle
3973,38781,"9,20091100210942E+018",9,2,61,0,2020,9,15,6,3,5,3,0,0,1,0,0,0,0,732267.9975,5382025.2054,12.147385323,48.548273022,0,2,#fc8d62,car
3974,38782,"9,2009150085824E+018",9,1,84,119,2020,9,8,3,3,0,3,0,0,1,0,1,0,0,697258.9934,5348874.7523,11.65799258,48.262344134,0,2,#fc8d62,car
3975,38783,"9,20091300111338E+018",9,1,75,132,2020,9,18,1,3,9,1,0,0,1,0,0,0,0,709428.5962,5336527.6621,11.8156808,48.147488305,0,2,#fc8d62,car
3976,38797,"9,20091300857137E+018",9,1,84,141,2020,9,16,1,3,5,2,0,0,1,0,1,0,0,698062.7764,5316745.4928,11.653887333,47.973338564,0,2,#fc8d62,car
3977,38810,"9,20091300110541E+018",9,1,77,126,2020,9,10,1,2,5,3,0,1,1,0,0,0,0,719251.5445,5370168.1774,11.965033507,48.446430083,0,1,#66c2a5,bicycle
3978,38818,"9,20091100161938E+018",9,1,73,147,2020,9,15,6,3,0,1,0,1,0,0,0,0,0,681782.4747,5309612.9126,11.432944637,47.914054376,0,1,#66c2a5,bicycle
3979,38845,"9,20091500120138E+018",9,1,74,126,2020,9,14,3,3,5,3,0,1,1,0,0,0,0,683358.3635,5344228659,11.468862553,48.22475861,0,1,#66c2a5,bicycle
3980,38849,"9,20091300210938E+018",9,2,61,0,2020,9,11,1,3,2,6,0,0,1,0,0,0,0,734719.1814,5381814.4864,12.180428725,48.545468013,0,2,#fc8d62,car
3981,38855,"9,20091400117538E+018",9,1,77,135,2020,9,8,2,3,2,6,0,0,1,0,0,0,0,716842.9183,5341168.6165,11.917597832,48.186704619,0,2,#fc8d62,car
3982,38861,"9,20091400127037E+018",9,1,79,142,2020,9,7,2,3,1,6,0,0,1,0,0,0,0,675925471,5343625.2626,11.368621276,48.221439427,0,2,#fc8d62,car
3983,38867,"9,20091500117538E+018",9,1,84,112,2020,9,9,3,3,2,6,0,0,1,0,0,0,1,702336.9745,5340230.5668,11.722212022,48.183060596,0,2,#fc8d62,car
3984,38874,"9,20091400161938E+018",9,1,73,120,2020,9,17,2,3,0,1,0,1,0,0,0,0,0,689398.6202,5310779.7863,11.535289328,47.922338899,0,1,#66c2a5,bicycle
3985,38878,"9,20091300858239E+018",9,1,62,0,2020,9,14,1,2,0,1,0,1,0,0,0,0,0,686126.3329,5335260.1832,11.50216674,48.14334127,0,1,#66c2a5,bicycle
3986,38881,"9,20091300712147E+018",9,7,71,145,2020,9,13,1,2,8,1,0,0,0,0,1,0,0,647650.8169,5343956.1718,10.988313679,48.231625918,0,4,#e78ac3,marker
3987,38885,"9,20091400857138E+018",9,1,62,0,2020,9,11,2,3,2,6,0,0,1,0,1,0,0,695110.8345,5334941.9145,11.622674747,48.137789123,0,2,#fc8d62,car
3988,38889,"9,20091500858238E+018",9,1,84,145,2020,9,16,3,3,5,3,0,1,1,0,0,0,0,698660.85,5324599054,11.665529293,48.043736612,0,1,#66c2a5,bicycle
3989,38890,"9,20091300110538E+018",9,1,77,113,2020,9,12,1,3,0,1,0,0,0,0,1,0,0,724866.6381,5358268.9716,12.034490253,48.33754826,0,4,#e78ac3,marker
3990,38893,"9,20091500110745E+018",9,1,78,124,2020,9,6,3,3,0,1,1,0,0,0,0,0,1,702169.1012,5367084.0437,11.732817545,48.424433141,0,6,#ffd92f,circle
3991,38897,"9,20091600121338E+018",9,1,88,117,2020,9,17,4,3,4,2,0,1,1,0,0,0,0,665671.3502,5315967.2745,11.219937625,47.975548156,0,1,#66c2a5,bicycle
3992,38898,"9,2009130011034E+018",9,1,75,124,2020,9,14,1,3,5,3,0,0,1,0,1,0,0,715037.5214,5328661.0296,11.887026943,48.074931073,0,2,#fc8d62,car
3993,38912,"9,20091600210943E+018",9,2,61,0,2020,9,10,4,3,2,6,0,0,1,0,0,1,0,732841.2363,5383020.1164,12.155697094,48.556997488,0,2,#fc8d62,car
3994,38919,"9,20091300110139E+018",9,1,77,127,2020,9,14,1,3,0,1,0,1,0,0,0,0,0,726838.2345,5350392.5655,12.056825131,48.266083036,0,1,#66c2a5,bicycle