fid,OBJECTID,UIDENTSTLA,ULAND,UREGBEZ,UKREIS,UGEMEINDE,UJAHR,UMONAT,USTUNDE,UWOCHENTAG,UKATEGORIE,UART,UTYP1,ULICHTVERH,IstRad,IstPKW,IstFuss,IstKrad,IstGkfz,IstSonstig,LINREFX,LINREFY,XGCSWGS84,YGCSWGS84,STRZUSTAND,Teilnehmer,color,symbol
3995,38920,"9,20091400141338E+018",9,1,63,0,2020,9,13,2,3,3,6,0,1,0,0,0,0,0,734408.5688,5304449.0127,12.133512783,47.850592818,0,1,#66c2a5,bicycle
3996,38926,"9,20091200147337E+018",9,1,84,114,2020,9,10,7,3,2,6,0,0,1,0,0,0,0,699526.4231,5319769.5766,11.674881985,48.000062597,0,2,#fc8d62,car
3997,38927,"9,20091400147038E+018",9,1,87,150,2020,9,11,2,3,5,3,0,0,1,0,1,0,0,728876.3287,5303474.5157,12.059154176,47.843830919,0,2,#fc8d62,car
3998,38937,"9,20091500140741E+018",9,1,82,133,2020,9,16,3,3,2,6,0,0,1,0,0,0,0,704379.5975,5306252.4306,11.733452722,47.877051136,0,2,#fc8d62,car
3999,38946,"9,20091500740738E+018",9,7,77,158,2020,9,15,3,3,2,6,0,0,1,0,0,0,0,620102.7921,5310069.6668,10.607984655,47.93268422,0,2,#fc8d62,car
4000,38950,"9,20091300121738E+018",9,1,79,142,2020,9,20,1,3,9,1,2,0,1,0,0,0,0,673132.5572,5339546.1121,11.329386541,48.185538528,0,2,#fc8d62,car
4001,38951,"9,20091200121546E+018",9,1,81,146,2020,9,13,7,3,5,2,0,0,1,0,1,0,0,648460.2588,5325287.7525,10.992695921,48.063580057,0,2,#fc8d62,car
4002,38954,"9,20091500117538E+018",9,1,84,131,2020,9,18,3,3,3,6,0,0,1,0,1,0,0,704239.3578,5337796.2319,11.746606635,48.160575627,0,2,#fc8d62,car
4003,38955,"9,20091200121537E+018",9,1,81,145,2020,9,16,7,3,0,3,0,0,1,0,1,0,0,643257238,5331283402,10.92491204,48.118682403,0,2,#fc8d62,car
4004,38961,"9,20091500121943E+018",9,1,88,139,2020,9,18,3,3,5,3,0,1,1,0,0,0,0,679414.2349,5320415.2643,11.405784867,48.011827081,0,1,#66c2a5,bicycle
4005,38962,"9,20091200121537E+018",9,1,81,130,2020,9,14,7,3,5,2,0,1,1,0,0,0,0,639479889,5323126.4056,10.871521756,48.04617142,0,1,#66c2a5,bicycle
4006,38965,"9,20091300211537E+018",9,2,74,185,2020,9,20,1,1,6,4,2,0,1,1,0,0,0,732401.4478,5369549.6735,12.142251807,48.436157896,0,2,#fc8d62,car
4007,38968,"9,20091200121537E+018",9,1,81,122,2020,9,14,7,3,5,7,0,0,1,0,0,0,0,648822417,5331765908,10.999812066,48.1217444,0,2,#fc8d62,car
4008,38969,"9,20091100131537E+018",9,1,85,158,2020,9,19,6,3,8,1,0,0,0,0,1,0,0,667542.5982,5381688.9725,11.271034421,48.565883742,0,4,#e78ac3,marker
4009,38971,"9,20091400121938E+018",9,1,88,141,2020,9,14,2,2,5,3,0,1,1,0,0,0,0,670231.3667,5308391.9104,11.277995356,47.906247697,0,1,#66c2a5,bicycle
4010,38972,"9,20091200121537E+018",9,1,81,135,2020,9,21,7,3,8,1,2,1,0,0,0,0,0,643832.9142,5309458.7753,10.925318802,47.922304484,0,1,#66c2a5,bicycle
4011,38974,"9,20091300121537E+018",9,1,81,130,2020,9,16,1,3,8,1,0,0,1,0,0,0,0,636928.1625,5323425.4564,10.837397138,48.049413132,0,2,#fc8d62,car
4012,38975,"9,20091200121537E+018",9,1,81,113,2020,9,12,7,3,0,7,0,1,0,0,0,0,0,642680.3827,5307890.2623,10.909380977,47.908457471,0,1,#66c2a5,bicycle
4013,38978,"9,20091500117038E+018",9,1,84,119,2020,9,16,3,3,2,6,0,0,1,0,1,0,0,695751.4425,5345756.8268,11.636259724,48.234790092,0,2,#fc8d62,car
4014,38980,"9,20091200121537E+018",9,1,81,143,2020,9,11,7,1,9,1,0,0,1,0,0,0,0,636691658,5314882383,10.83150206,47.972639724,0,2,#fc8d62,car
4015,38983,"9,20091200858237E+018",9,1,84,120,2020,9,12,7,3,3,6,0,0,1,0,1,0,0,681289.8782,5331813.6369,11.435743984,48.113757388,0,2,#fc8d62,car
4016,38986,"9,20091200120137E+018",9,1,74,113,2020,9,15,7,3,5,3,0,0,1,0,0,0,0,678217.9324,5350252.9201,11.402248856,48.280374894,0,2,#fc8d62,car
4017,38987,"9,20091100127037E+018",9,1,79,123,2020,9,12,6,3,2,6,0,0,1,0,1,0,0,677161.1178,5332061.0557,11.380424491,48.11714343,0,2,#fc8d62,car
4018,38989,"9,20091300857137E+018",9,1,84,114,2020,9,13,1,3,4,2,0,0,1,0,0,0,0,701961.2731,5319667.9606,11.707438626,47.998384976,0,2,#fc8d62,car
4019,38990,"9,20091200120137E+018",9,1,74,115,2020,9,8,7,2,5,2,0,1,1,0,0,0,0,679414.8811,5349490.0344,11.41804418,48.273179487,0,1,#66c2a5,bicycle
4020,38994,"9,20091200117542E+018",9,1,75,118,2020,9,15,7,2,8,7,0,0,1,0,0,0,0,715995.0941,5340260.0404,11.90574387,48.178829585,0,2,#fc8d62,car
4021,38995,"9,20091100121338E+018",9,1,88,117,2020,9,8,6,2,5,3,0,0,0,0,1,1,0,665677.0389,5315967.3751,11.220013831,47.975547588,0,4,#e78ac3,marker
4022,38996,"9,20091500712141E+018",9,7,71,130,2020,9,7,3,3,0,6,0,1,0,0,0,0,0,644971.3245,5360725.2132,10.958014056,48.383022244,0,1,#66c2a5,bicycle
4023,38997,"9,20091400111339E+018",9,1,75,133,2020,9,10,2,3,0,7,0,1,0,0,0,0,0,708609571,5341439114,11.807092578,48.191892296,0,1,#66c2a5,bicycle
4024,38998,"9,20091200117037E+018",9,1,84,135,2020,9,9,7,2,9,1,0,0,0,0,1,0,0,688061.0806,5347550.6002,11.533594542,48.253239677,0,4,#e78ac3,marker
4025,39001,"9,20091200110342E+018",9,1,75,137,2020,9,17,7,3,4,6,0,0,1,0,0,0,0,728936.0289,5330253.5809,12.074207238,48.084401856,0,2,#fc8d62,car
4026,39004,"9,20091500110739E+018",9,1,78,124,2020,9,15,3,3,5,3,0,1,1,0,0,0,0,702681.3084,5364182.2821,11.738331565,48.398192622,0,1,#66c2a5,bicycle
4027,39006,"9,20091100858239E+018",9,1,62,0,2020,9,10,6,3,5,3,0,0,1,0,1,0,0,695068.4128,5331492435,11.620526718,48.106799696,0,2,#fc8d62,car
4028,39007,"9,20091100120138E+018",9,1,74,150,2020,9,16,6,3,6,7,0,0,1,1,0,0,0,680945.1069,5359222.2584,11.442823334,48.360222409,0,2,#fc8d62,car
4029,39008,"9,20091600110743E+018",9,1,78,130,2020,9,5,4,3,4,2,2,0,1,0,0,0,0,702780.8942,5358695.8194,11.737029705,48.348857534,0,2,#fc8d62,car
4030,39009,"9,20091200854141E+018",9,1,62,0,2020,9,17,7,3,5,3,0,1,1,0,0,0,0,685306.0133,5331886.3362,11.489682629,48.113254984,0,1,#66c2a5,bicycle
4031,39010,"9,20091300141538E+018",9,1,87,170,2020,9,14,1,2,0,1,0,1,0,0,0,0,0,734776.3752,5321384.3011,12.147648582,48.002601005,0,1,#66c2a5,bicycle
4032,39012,"9,20091100857137E+018",9,1,62,0,2020,9,18,6,3,4,6,0,1,0,0,0,0,0,688709.8057,5336072.45,11.53722231,48.149880998,0,1,#66c2a5,bicycle
4033,39014,"9,20091300121537E+018",9,1,81,137,2020,9,16,1,2,2,2,0,1,0,0,1,0,0,649030.2033,5306782.57,10.993920907,47.897053265,0,1,#66c2a5,bicycle
4034,39015,"9,20091100854739E+018",9,1,62,0,2020,9,21,6,3,0,7,2,1,0,0,0,0,0,694203.6448,5340494.4833,11.613028599,48.187970742,0,1,#66c2a5,bicycle
4035,39016,"9,20091100854537E+018",9,1,62,0,2020,9,14,6,3,0,7,0,1,0,0,0,0,0,681742.5492,5335365.8752,11.443335246,48.145558724,0,1,#66c2a5,bicycle
4036,39017,"9,20091100852839E+018",9,1,84,136,2020,9,7,6,3,5,3,0,1,0,0,0,0,0,697990.9954,5326848.2081,11.657592261,48.064158776,0,1,#66c2a5,bicycle
4037,39019,"9,20091300120547E+018",9,1,79,125,2020,9,13,1,3,2,6,0,0,1,0,1,0,0,661250.8762,5332362.6243,11.166927041,48.124082768,0,2,#fc8d62,car
4038,39021,"9,20091500147341E+018",9,1,82,137,2020,9,13,3,2,2,6,0,0,0,0,0,1,0,710359.2469,5305158.3047,11.812796082,47.865287935,0,5,#a6d854,bus
4039,39035,"9,20091100120137E+018",9,1,74,131,2020,9,12,6,2,8,1,0,0,0,0,1,0,0,677286.4466,5360688.9434,11.394093603,48.374443965,0,4,#e78ac3,marker
4040,39036,"9,20091500857138E+018",9,1,62,0,2020,9,16,3,3,2,6,0,0,1,0,0,0,0,687882.2715,5331596.2883,11.524133646,48.109893178,0,2,#fc8d62,car
4041,39037,"9,20091200852938E+018",9,1,62,0,2020,9,20,7,3,5,2,2,1,1,0,0,0,0,685236.2055,5328847.1921,11.487426672,48.085957831,0,1,#66c2a5,bicycle
4042,39045,"9,20091100111346E+018",9,1,75,111,2020,9,17,6,3,4,3,0,0,1,0,1,0,0,712188293,5337436029,11.853189189,48.154736235,0,2,#fc8d62,car
4043,39048,"9,20091500140138E+018",9,1,87,137,2020,9,6,3,3,5,3,0,0,1,0,0,0,0,729702.1566,5311120.4684,12.074240764,47.912230965,0,2,#fc8d62,car
4044,39049,"9,2009110073034E+018",9,7,73,116,2020,9,17,6,2,5,3,0,0,0,0,1,1,0,619977277,5380805.6749,10.626357665,48.568851413,0,4,#e78ac3,marker
4045,39050,"9,20091000858238E+018",9,1,62,0,2020,9,17,5,3,2,6,0,0,1,0,0,0,0,698182.7046,5333276.9587,11.663146506,48.121876504,0,2,#fc8d62,car
4046,39055,"9,20091100730339E+018",9,7,73,116,2020,9,18,6,2,3,2,0,0,1,0,1,0,0,619998.2896,5380959.5279,10.62668677,48.570230938,0,2,#fc8d62,car
4047,39056,"9,20091000858237E+018",9,1,62,0,2020,9,17,5,3,1,1,0,1,1,0,0,0,0,696994862,5329298.5437,11.645365573,48.086489452,0,1,#66c2a5,bicycle
4048,39059,"9,2009110071734E+018",9,7,71,122,2020,9,9,6,3,3,6,0,0,1,0,0,1,0,655399894,5359871.7653,11.098454092,48.372866695,0,2,#fc8d62,car
4049,39061,"9,2009130012034E+018",9,1,81,139,2020,9,14,1,3,3,6,0,0,1,0,0,0,0,655638297,5324578.4994,11.088719651,48.05549227,0,2,#fc8d62,car
4050,39062,"9,20091000858237E+018",9,1,84,114,2020,9,10,5,3,2,6,0,0,1,0,0,0,0,699266.7391,5324763.6964,11.673726276,48.04502749,0,2,#fc8d62,car
4051,39065,"9,20091100711938E+018",9,7,72,163,2020,9,16,6,3,2,6,0,0,1,0,1,0,0,639619135,5346115572,10.880930671,48.252862262,0,2,#fc8d62,car
4052,39067,"9,20091100711139E+018",9,7,61,0,2020,9,7,6,3,0,2,0,1,1,0,0,0,0,639367291,5360885.64,10.882421319,48.385727728,0,1,#66c2a5,bicycle
4053,39068,"9,20091100710742E+018",9,7,61,0,2020,9,7,6,3,4,2,0,1,1,0,0,0,0,644638.4367,5357644.3069,10.952461087,48.355397075,0,1,#66c2a5,bicycle
4054,39070,"9,20091500120539E+018",9,1,79,147,2020,9,16,3,3,0,6,0,1,0,0,0,0,0,663684.4367,5332093.0728,11.199501483,48.121038342,0,1,#66c2a5,bicycle
4055,39071,"9,20091100710737E+018",9,7,61,0,2020,9,13,6,3,2,6,0,0,1,0,0,0,0,642460.0382,5359340429,10.923646833,48.371143046,0,2,#fc8d62,car
4056,39072,"9,20091000857137E+018",9,1,62,0,2020,9,2,5,1,0,1,2,0,0,0,1,0,0,694990.7335,5334905.0752,11.621045241,48.13749484,0,4,#e78ac3,marker
4057,39074,"9,20091300210941E+018",9,2,74,113,2020,9,18,1,3,8,1,1,0,0,0,1,0,0,730252.2475,5383798.4444,12.12109361,48.564944983,0,4,#e78ac3,marker
4058,39078,"9,20091000852837E+018",9,1,84,148,2020,9,8,5,3,2,6,0,0,1,0,0,0,0,696601.3761,5326457.0801,11.638780469,48.06107323,0,2,#fc8d62,car
4059,39080,"9,20091400117538E+018",9,1,84,130,2020,9,15,2,3,9,6,0,0,1,0,0,0,0,696961.0221,5342765.0264,11.651141806,48.207527715,0,2,#fc8d62,car
4060,39087,"9,20091500110938E+018",9,1,78,129,2020,9,18,3,2,5,6,0,0,1,0,1,0,0,712552.3652,5372235.7438,11.875608027,48.467304857,0,2,#fc8d62,car
4061,39091,"9,20091600121938E+018",9,1,88,113,2020,9,18,4,3,0,1,0,0,1,0,1,0,0,676465966,5314112805,11.363696921,47.955991724,0,2,#fc8d62,car
4062,39095,"9,20091500117538E+018",9,1,75,132,2020,9,16,3,3,2,6,0,0,1,0,0,0,0,706581.0108,5336133.5999,11.777251971,48.144878186,0,2,#fc8d62,car
4063,39106,"9,20091300858241E+018",9,1,62,0,2020,9,2,1,3,8,1,2,0,1,0,0,0,0,681846.5779,5335390.2682,11.444742899,48.145748259,0,2,#fc8d62,car
4064,39109,"9,20091300120337E+018",9,1,81,114,2020,9,11,1,3,4,2,0,0,1,0,0,0,0,656649148,5315329978,11.098897389,47.972090433,0,2,#fc8d62,car
4065,39110,"9,20091300712739E+018",9,7,72,223,2020,9,20,1,2,4,6,2,0,1,0,0,0,0,618313776,5364829.9871,10.599290808,48.425500111,0,2,#fc8d62,car
4066,39114,"9,20091400858238E+018",9,1,62,0,2020,9,9,2,2,3,6,0,0,1,0,1,0,0,693234.6309,5338405.1638,11.599054415,48.169488205,0,2,#fc8d62,car
4067,39118,"9,20091500858238E+018",9,1,84,135,2020,9,15,3,3,8,6,0,0,1,0,0,1,0,692122.7221,5344652.4299,11.586941905,48.225973833,0,2,#fc8d62,car
4068,39133,"9,20091300853237E+018",9,1,84,122,2020,9,12,1,3,4,6,0,1,0,0,0,0,0,687595.5247,5324159.9353,11.51702085,48.043137048,0,1,#66c2a5,bicycle
4069,39154,"9,20091500127039E+018",9,1,79,123,2020,9,15,3,3,3,6,0,0,1,0,0,1,0,678499.8048,5332522.4277,11.398588629,48.120916909,0,2,#fc8d62,car
4070,39167,"9,2009140074014E+018",9,7,77,121,2020,9,11,2,3,0,6,0,1,1,0,0,0,0,628479823,5321728529,10.723577065,48.035909301,0,1,#66c2a5,bicycle
4071,39171,"9,20091500740739E+018",9,7,62,0,2020,9,16,3,3,3,2,0,1,0,0,0,0,1,621301.6307,5304459008,10.622450339,47.881997724,0,1,#66c2a5,bicycle
4072,39172,"9,20091400137038E+018",9,1,86,162,2020,9,11,2,2,2,6,0,0,1,0,0,0,0,691068.2911,5382017.5186,11.58975669,48.562108301,0,2,#fc8d62,car
4073,39177,"9,20091500120138E+018",9,1,74,121,2020,9,14,3,2,4,2,0,0,1,0,1,0,0,690750.9616,5353360.7729,11.572417604,48.304655802,0,2,#fc8d62,car
4074,39179,"9,2009100074074E+018",9,7,62,0,2020,9,19,5,3,0,1,0,1,0,0,0,0,0,620635.7223,5303678.3756,10.613329213,47.875102354,0,1,#66c2a5,bicycle
4075,39186,"9,20091500717338E+018",9,7,72,162,2020,9,9,3,3,2,6,0,0,1,0,0,0,1,636884.8006,5335409.3913,10.840660228,48.157186601,0,2,#fc8d62,car
4076,39193,"9,20091400121939E+018",9,1,88,113,2020,9,19,2,3,0,1,1,1,0,0,0,0,0,676277921,5316552113,11.362180576,47.977971887,0,1,#66c2a5,bicycle
4077,39199,"9,20091500117042E+018",9,1,78,120,2020,9,18,3,2,3,6,0,0,1,0,0,0,0,694591.6965,5354155.5093,11.6245233,48.310628662,0,2,#fc8d62,car
4078,39205,"9,20091400161739E+018",9,1,90,157,2020,9,7,2,3,2,6,0,0,1,0,0,0,0,661512585,5302846368,11.159336779,47.858642533,0,2,#fc8d62,car
4079,39207,"9,20091000712738E+018",9,7,72,130,2020,9,17,5,3,8,2,0,0,1,0,0,0,0,632310.1821,5357896.4083,10.786210372,48.3603677,0,2,#fc8d62,car
4080,39209,"9,20091300858238E+018",9,1,84,121,2020,9,19,1,3,8,7,0,1,0,0,0,0,0,704394.5798,5328841.0501,11.744398529,48.080048674,0,1,#66c2a5,bicycle
4081,39217,"9,20091400117038E+018",9,1,78,150,2020,9,8,2,3,1,6,0,0,1,0,0,0,0,691262475,5371423.1997,11.587529707,48.466836079,0,2,#fc8d62,car
4082,39224,"9,2009150011074E+018",9,1,78,124,2020,9,19,3,3,7,1,1,0,0,0,1,0,0,701371784,5359706561,11.718516106,48.358391323,0,4,#e78ac3,marker
4083,39227,"9,20091000712538E+018",9,7,72,200,2020,9,14,5,3,6,3,0,0,1,1,0,0,0,630662.2556,5337576.2792,10.757694736,48.177981956,0,2,#fc8d62,car
4084,39228,"9,20091600120138E+018",9,1,74,115,2020,9,17,4,3,5,3,0,1,1,0,0,0,0,683268.7596,5348309.3203,11.46942317,48.261463301,0,1,#66c2a5,bicycle
4085,39234,"9,20091300117538E+018",9,1,84,112,2020,9,15,1,3,2,6,0,0,1,0,0,0,0,701507.6679,5340783.6298,11.711329967,48.188294426,0,2,#fc8d62,car
4086,39240,"9,20091300117537E+018",9,1,77,114,2020,9,11,1,2,8,7,0,0,1,0,0,0,0,722658.4416,5346711.8158,11.99864427,48.234496248,0,2,#fc8d62,car
4087,39244,"9,20091600161939E+018",9,1,73,137,2020,9,14,4,2,5,3,0,1,1,0,0,0,0,680509.9767,5307718.8095,11.415136793,47.89738709,0,1,#66c2a5,bicycle
4088,39249,"9,20091000712138E+018",9,7,71,130,2020,9,7,5,3,4,2,0,0,1,0,0,0,0,644695.6784,5363212.7404,10.955150435,48.405451694,0,2,#fc8d62,car
4089,39252,"9,20091400141337E+018",9,1,87,142,2020,9,7,2,3,2,6,0,0,1,0,0,0,0,733273.4479,5311456.8987,12.122146617,47.913964684,0,2,#fc8d62,car
4090,39283,"9,20092000710638E+018",9,7,61,0,2020,9,15,1,3,0,1,0,1,0,0,0,0,0,641095.2663,5352312.1309,10.902874574,48.308253443,0,1,#66c2a5,bicycle
4091,39287,"9,20091900710638E+018",9,7,61,0,2020,9,15,7,3,5,1,0,1,0,0,0,0,0,641940.2996,5357626.8381,10.916054666,48.355852268,0,1,#66c2a5,bicycle
4092,39288,"9,20092000712541E+018",9,7,72,178,2020,9,16,1,3,0,6,0,1,1,0,0,0,0,622113.8924,5344512.6712,10.644748125,48.242062497,0,1,#66c2a5,bicycle
4093,39296,"9,20091800147338E+018",9,1,84,114,2020,9,8,6,3,9,7,0,0,1,0,0,0,0,700713.2805,5315600.7704,11.688827363,47.96222488,0,2,#fc8d62,car
4094,39297,"9,20091900120338E+018",9,1,81,139,2020,9,15,7,3,5,7,0,1,0,0,0,0,0,656039.5831,5325956.8675,11.094604241,48.067787277,0,1,#66c2a5,bicycle
4095,39300,"9,20092000131542E+018",9,1,85,158,2020,9,19,1,2,3,1,0,1,0,0,0,0,0,666191.4675,5381481.5826,11.252651864,48.564379107,0,1,#66c2a5,bicycle
4096,39307,"9,20091800141339E+018",9,1,87,177,2020,9,17,6,3,5,3,0,1,1,0,0,0,0,735619.9535,5305373.9742,12.150184792,47.858459637,0,1,#66c2a5,bicycle
4097,39313,"9,20091800140138E+018",9,1,87,130,2020,9,17,6,3,2,6,0,0,1,0,0,0,0,711801.8101,5310376.4689,11.834620514,47.911706237,0,2,#fc8d62,car
4098,39316,"9,20091800853241E+018",9,1,84,142,2020,9,7,6,3,5,2,0,0,1,0,1,0,0,683217234,5316849741,11.455209791,47.978698026,0,2,#fc8d62,car
4099,39323,"9,20091800131341E+018",9,1,86,143,2020,9,8,6,3,0,3,0,0,1,0,1,0,0,684673.8408,5377296.4656,11.501080674,48.521592779,0,2,#fc8d62,car
4100,39326,"9,20091800858239E+018",9,1,62,0,2020,9,18,6,3,5,2,0,1,1,0,0,0,0,692088.4739,5341845891,11.585210333,48.200759935,0,1,#66c2a5,bicycle
4101,39329,"9,20092000121739E+018",9,1,79,142,2020,9,15,1,3,0,1,0,1,0,0,0,0,0,672779.9637,5341712.4127,11.32552824,48.205108405,0,1,#66c2a5,bicycle
4102,39330,"9,20092100117542E+018",9,1,84,114,2020,9,21,2,3,9,7,2,0,1,0,0,0,0,698868.4581,5323261.9037,11.667690844,48.031654525,0,2,#fc8d62,car
4103,39332,"9,20092200121539E+018",9,1,81,122,2020,9,5,3,3,5,3,2,0,1,0,0,0,0,648406.2189,5331709.3941,10.994203216,48.121333409,0,2,#fc8d62,car
4104,39337,"9,20091800127042E+018",9,1,62,0,2020,9,15,6,3,2,6,0,0,1,0,0,0,0,680406.8833,5341886.1805,11.428162807,48.204548835,0,2,#fc8d62,car
4105,39338,"9,2009180012704E+018",9,1,74,113,2020,9,0,6,3,3,6,2,0,1,0,0,0,0,672427.4903,5346309.0039,11.322658017,48.246525005,0,2,#fc8d62,car
4106,39343,"9,20091800127039E+018",9,1,62,0,2020,9,11,6,2,2,6,2,0,0,0,0,1,0,678844.7882,5336951.9152,11.405080351,48.160636923,0,5,#a6d854,bus
4107,39345,"9,20091800121538E+018",9,1,81,130,2020,9,12,6,2,0,1,0,1,0,0,0,0,0,639262.7049,5322818571,10.868509063,48.043450692,0,1,#66c2a5,bicycle
4108,39348,"9,20092000750141E+018",9,7,78,169,2020,9,16,1,2,9,1,0,0,0,0,1,0,0,620623.5276,5331884.7301,10.621096744,48.128781204,0,4,#e78ac3,marker
4109,39350,"9,20092100853239E+018",9,1,84,139,2020,9,13,2,3,1,6,0,0,1,0,0,0,0,686717.3856,5324514.4844,11.505404955,48.046581336,0,2,#fc8d62,car
4110,39351,"9,20091800120938E+018",9,1,79,123,2020,9,8,6,3,5,3,0,0,1,0,0,0,0,676634.0181,5334042.9535,11.374169826,48.135105649,0,2,#fc8d62,car
4111,39352,"9,2009190085824E+018",9,1,62,0,2020,9,20,7,3,2,6,1,0,1,0,0,0,0,693193.6452,5331392.5398,11.595322993,48.106473176,0,2,#fc8d62,car
4112,39353,"9,20092000857139E+018",9,1,62,0,2020,9,0,1,1,6,4,2,0,1,1,0,0,1,695623.4797,5343031.8625,11.633281,48.21033945,0,2,#fc8d62,car
4113,39354,"9,20091800120338E+018",9,1,81,120,2020,9,14,6,2,5,3,0,0,1,0,0,0,0,651390628,5320048547,11.030150764,48.015783237,0,2,#fc8d62,car
4114,39355,"9,20092100858239E+018",9,1,62,0,2020,9,11,2,3,2,6,0,0,1,0,0,0,0,688308.5268,5340191.8126,11.533656793,48.187025254,0,2,#fc8d62,car
4115,39356,"9,2009180011704E+018",9,1,78,143,2020,9,1,6,2,8,1,2,0,0,0,0,1,0,720634.3191,5373168.3272,11.985288506,48.472901113,0,5,#a6d854,bus
4116,39359,"9,2009170085824E+018",9,1,84,141,2020,9,9,5,2,2,6,0,0,1,0,1,0,0,698700.7091,5311440.8466,11.659976277,47.925465054,0,2,#fc8d62,car
4117,39361,"9,2009170085824E+018",9,1,84,112,2020,9,16,5,3,5,3,0,0,1,0,0,0,0,702431.4566,5337559.9989,11.722210212,48.159030782,0,2,#fc8d62,car
4118,39362,"9,20091900210941E+018",9,2,74,124,2020,9,20,7,3,8,1,2,0,1,0,0,0,0,726443.7882,5376595.3382,12.065634631,48.501623325,0,2,#fc8d62,car
4119,39366,"9,20091700858238E+018",9,1,62,0,2020,9,15,5,3,5,3,0,0,1,0,0,0,0,694593.1609,5332009.6854,11.614385077,48.111593905,0,2,#fc8d62,car
4120,39367,"9,20092000210942E+018",9,2,61,0,2020,9,11,1,3,4,6,0,1,0,0,0,0,0,732046.3198,5382553.3388,12.144680405,48.553099146,0,1,#66c2a5,bicycle
4121,39369,"9,20091700854739E+018",9,1,62,0,2020,9,8,5,3,5,2,0,1,1,0,0,0,0,695098.7515,5341616.4559,11.625574705,48.197780115,0,1,#66c2a5,bicycle
4122,39371,"9,20091900710739E+018",9,7,61,0,2020,9,13,7,3,5,3,0,1,1,0,0,0,0,640066.2827,5365247.8868,10.893312977,48.424796639,0,1,#66c2a5,bicycle
4123,39375,"9,20091700854739E+018",9,1,62,0,2020,9,15,5,3,0,7,0,1,0,0,0,0,0,694071.7883,5340309161,11.611171704,48.186345448,0,1,#66c2a5,bicycle
4124,39382,"9,20091900131339E+018",9,1,86,132,2020,9,12,7,2,0,6,0,0,0,0,1,0,0,680179.3987,5366241705,11.435506644,48.423535275,0,4,#e78ac3,marker
4125,39392,"9,20092100210941E+018",9,2,61,0,2020,9,7,2,3,2,6,0,0,1,0,0,0,0,736185774,5383518.4861,12.201235148,48.560223459,0,2,#fc8d62,car
4126,39399,"9,2009210071254E+018",9,7,72,200,2020,9,9,2,3,5,3,0,1,1,0,0,0,0,628389.5727,5339108.8665,10.727599933,48.19222753,0,1,#66c2a5,bicycle
4127,39404,"9,20091700740142E+018",9,7,77,177,2020,9,11,5,2,2,6,0,0,0,0,1,0,0,633170.7882,5316317.7198,10.784795673,47.986289886,0,4,#e78ac3,marker
4128,39407,"9,20091900110739E+018",9,1,78,113,2020,9,13,7,3,2,6,0,0,1,0,0,0,0,691424452,5365983289,11.587232925,48.417896701,0,2,#fc8d62,car
4129,39411,"9,20092100127039E+018",9,1,62,0,2020,9,12,2,2,2,6,0,0,1,0,1,0,0,682395.1362,5337812.4681,11.453149031,48.167363617,0,2,#fc8d62,car
4130,39412,"9,20091700730341E+018",9,7,73,182,2020,9,18,5,3,0,7,0,1,0,0,0,0,0,624995.5674,5379433.9928,10.693940922,48.55553601,0,1,#66c2a5,bicycle
4131,39414,"9,20091700712341E+018",9,7,72,184,2020,9,16,5,3,0,3,0,1,0,0,0,0,0,635913991,5361478335,10.835994895,48.391810758,0,1,#66c2a5,bicycle
4132,39418,"9,20092100131339E+018",9,1,86,143,2020,9,10,2,3,0,7,0,1,0,0,0,0,0,685516.0153,5379381.7724,11.513403017,48.5400866,0,1,#66c2a5,bicycle
4133,39419,"9,20091700710742E+018",9,7,61,0,2020,9,15,5,2,2,2,0,0,1,0,0,0,0,641413.6379,5365105.4537,10.911466998,48.42321492,0,2,#fc8d62,car
4134,39424,"9,20091700710651E+018",9,7,61,0,2020,9,8,5,3,2,1,0,0,1,0,0,0,0,641064448,5356836.9735,10.90397363,48.348946349,0,2,#fc8d62,car
4135,39425,"9,20091700710438E+018",9,7,61,0,2020,9,15,5,3,2,6,0,0,1,0,0,0,0,640557.6271,5360226.3227,10.898269412,48.379535264,0,2,#fc8d62,car
4136,39429,"9,20091700710139E+018",9,7,71,140,2020,9,17,5,3,5,3,0,1,1,0,0,0,0,654306.5578,5373275.3694,11.088635644,48.493640548,0,1,#66c2a5,bicycle
4137,39432,"9,20091800858238E+018",9,1,62,0,2020,9,6,6,3,5,2,0,1,1,0,0,0,0,688324.3786,5340190163,11.533869129,48.187005728,0,1,#66c2a5,bicycle
4138,39435,"9,20092000117538E+018",9,1,84,147,2020,9,18,1,3,8,1,0,0,1,0,0,0,0,699613.6324,5341401.2115,11.686164769,48.194442614,0,2,#fc8d62,car
4139,39436,"9,20092100117038E+018",9,1,62,0,2020,9,8,2,3,2,6,0,0,1,0,0,0,0,685639.0971,5342960.3289,11.498986532,48.212695238,0,2,#fc8d62,car
4140,39438,"9,20092200120938E+018",9,1,88,121,2020,9,16,3,2,4,6,0,0,1,0,0,0,0,669846.9799,5329085.6149,11.281046212,48.092387547,0,2,#fc8d62,car
4141,39461,"9,20091900857139E+018",9,1,84,123,2020,9,20,7,2,4,2,2,0,1,0,1,0,0,703697.1584,5331700.0354,11.736409235,48.105964896,0,2,#fc8d62,car
4142,39464,"9,20092100858238E+018",9,1,62,0,2020,9,15,2,3,3,6,0,0,1,0,0,0,1,693063.7599,5331345.4919,11.593558706,48.106089695,0,2,#fc8d62,car