fid,OBJECTID,UIDENTSTLA,ULAND,UREGBEZ,UKREIS,UGEMEINDE,UJAHR,UMONAT,USTUNDE,UWOCHENTAG,UKATEGORIE,UART,UTYP1,ULICHTVERH,IstRad,IstPKW,IstFuss,IstKrad,IstGkfz,IstSonstig,LINREFX,LINREFY,XGCSWGS84,YGCSWGS84,STRZUSTAND,Teilnehmer,color,symbol
4143,39481,"9,20091900710638E+018",9,7,61,0,2020,9,19,7,3,4,1,2,1,1,0,0,0,0,642422564,5359291.82,10.923124649,48.370714435,0,1,#66c2a5,bicycle
4144,39482,"9,20092000712738E+018",9,7,72,115,2020,9,17,1,2,5,2,0,1,1,0,0,0,0,617562.9831,5369186.1418,10.59036906,48.464815676,0,1,#66c2a5,bicycle
4145,39488,"9,20091900740742E+018",9,7,62,0,2020,9,17,7,3,2,6,0,0,1,0,1,0,0,620859749,5304437.8367,10.616536534,47.881890661,0,2,#fc8d62,car
4146,39501,"9,20092100161939E+018",9,1,73,137,2020,9,11,2,3,2,2,0,0,1,0,0,0,1,677767.6731,5306348.6583,11.377914774,47.88583556,0,2,#fc8d62,car
4147,39505,"9,20092200141338E+018",9,1,63,0,2020,9,7,3,3,2,6,0,0,1,0,0,0,0,732607.1496,5306667.3974,12.110661906,47.87117744,0,2,#fc8d62,car
4148,39508,"9,20092000710746E+018",9,7,61,0,2020,9,17,1,2,3,6,0,0,0,0,1,0,0,642072.1164,5363984.2039,10.919982553,48.412985075,0,4,#e78ac3,marker
4149,39524,"9,20091900121738E+018",9,1,79,142,2020,9,15,7,2,4,2,0,0,1,0,0,0,0,670855191,5341470643,11.299546245,48.203455942,0,2,#fc8d62,car
4150,39527,"9,20092000140138E+018",9,1,87,130,2020,9,11,1,3,0,1,0,1,0,0,0,0,0,713663.2282,5313522.5003,11.861060474,47.939359394,0,1,#66c2a5,bicycle
4151,39544,"9,20091800857138E+018",9,1,62,0,2020,9,13,6,3,3,2,0,1,1,0,0,0,0,694787.0805,5334126.5132,11.617954755,48.130559827,0,1,#66c2a5,bicycle
4152,39547,"9,20092000110139E+018",9,1,77,122,2020,9,11,1,3,0,1,0,1,0,0,0,0,0,727538.4132,5361075.8014,12.072007977,48.36180773,0,1,#66c2a5,bicycle
4153,39548,"9,20092000857141E+018",9,1,84,135,2020,9,2,1,1,0,7,2,0,1,0,0,0,0,691659.6216,5347364.4627,11.581939846,48.25048877,0,2,#fc8d62,car
4154,39550,"9,20092200111142E+018",9,1,78,145,2020,9,6,3,3,6,3,2,0,1,1,0,0,0,697031594,5354283228,11.657454097,48.31102117,0,2,#fc8d62,car
4155,39553,"9,2009180085824E+018",9,1,62,0,2020,9,15,6,3,2,6,0,0,1,0,0,0,0,689641.5347,5340147.2628,11.551553891,48.186228303,0,2,#fc8d62,car
4156,39556,"9,20092000127039E+018",9,1,79,123,2020,9,8,1,3,2,6,0,0,1,0,0,0,0,676562.1104,5332033.7022,11.372371772,48.117063912,0,2,#fc8d62,car
4157,39557,"9,20092100120938E+018",9,1,79,123,2020,9,11,2,3,0,7,0,1,0,0,0,0,0,673787.1323,5331602.3449,11.334942429,48.113949604,0,1,#66c2a5,bicycle
4158,39559,"9,20092200121741E+018",9,1,79,134,2020,9,18,3,3,0,1,0,1,0,0,0,0,0,668267.9895,5343409.8775,11.265522751,48.221580314,0,1,#66c2a5,bicycle
4159,39570,"9,20091700210939E+018",9,2,61,0,2020,9,16,5,3,0,1,0,1,0,0,0,0,0,732037.1095,5379551.3663,12.142884338,48.526136486,0,1,#66c2a5,bicycle
4160,39574,"9,20091800740741E+018",9,7,62,0,2020,9,19,6,3,2,6,0,0,1,0,0,0,0,622312.2754,5307094.7054,10.636709392,47.905510578,0,2,#fc8d62,car
4161,39577,"9,20092100854342E+018",9,1,62,0,2020,9,11,2,3,1,6,0,0,1,0,0,1,0,688732.1316,5338434.6514,11.538570166,48.17110607,0,2,#fc8d62,car
4162,39603,"9,20091700141338E+018",9,1,87,177,2020,9,22,5,3,5,3,2,0,1,0,0,0,0,736335.8904,5305684.0521,12.159911117,47.860982412,0,2,#fc8d62,car
4163,39609,"9,20091700140741E+018",9,1,82,120,2020,9,16,5,3,5,3,0,0,1,0,0,0,0,703235834,5305615.69,11.717873945,47.871691581,0,2,#fc8d62,car
4164,39610,"9,20091900131339E+018",9,1,86,132,2020,9,9,7,3,1,7,0,0,1,0,0,0,0,680455.7634,5367386.3463,11.439731502,48.433744613,0,2,#fc8d62,car
4165,39613,"9,20092100131546E+018",9,1,85,158,2020,9,13,2,3,0,1,0,0,0,0,0,0,1,668402.7437,5382126.6585,11.282861219,48.569587686,0,6,#ffd92f,circle
4166,39614,"9,20091700140138E+018",9,1,87,150,2020,9,6,5,3,2,1,1,0,1,0,1,0,0,725566888,5304062.6519,12.01529062,47.850284827,1,2,#fc8d62,car
4167,39615,"9,20092200140741E+018",9,1,82,120,2020,9,14,3,3,0,7,0,1,0,0,0,0,0,700633.6432,5303027.7104,11.68191376,47.849250143,0,1,#66c2a5,bicycle
4168,39625,"9,20092000712338E+018",9,7,61,0,2020,9,16,1,2,3,6,0,1,0,0,0,0,0,639838.6011,5365238.0187,10.890233798,48.424758494,0,1,#66c2a5,bicycle
4169,39626,"9,20092100712541E+018",9,7,72,200,2020,9,10,2,3,5,3,0,0,1,0,0,0,0,639177.4912,5344789.8367,10.874548379,48.24103843,0,2,#fc8d62,car
4170,39627,"9,20091700131538E+018",9,1,85,158,2020,9,16,5,3,2,6,0,0,1,0,0,0,0,668844068,5381700095,11.288665704,48.565634532,0,2,#fc8d62,car
4171,39634,"9,20091900117542E+018",9,1,77,127,2020,9,1,7,3,9,1,2,0,1,0,0,0,0,725860205,5348198.5778,12.042493949,48.246721478,0,2,#fc8d62,car
4172,39637,"9,20092000131339E+018",9,1,86,151,2020,9,17,1,3,0,1,0,0,0,0,0,0,1,681869.1823,5376827.4191,11.462928865,48.518195645,0,6,#ffd92f,circle
4173,39638,"9,20092100127039E+018",9,1,79,123,2020,9,22,2,2,0,1,2,0,1,0,0,0,0,674679.7937,5331118.6854,11.346727427,48.109357549,0,2,#fc8d62,car
4174,39639,"9,20091700125038E+018",9,1,88,113,2020,9,13,5,3,2,6,0,1,0,0,0,0,0,676115.2644,5315762.3426,11.359679165,47.970916966,0,1,#66c2a5,bicycle
4175,39641,"9,20091700121542E+018",9,1,81,130,2020,9,22,5,3,8,1,2,0,1,0,0,0,0,640312.4505,5323400.1435,10.882776463,48.048450467,0,2,#fc8d62,car
4176,39645,"9,20091700120738E+018",9,1,88,120,2020,9,13,5,2,5,3,0,1,0,0,1,0,0,674158.9031,5326703.8216,11.337935079,48.069812587,0,1,#66c2a5,bicycle
4177,39646,"9,20091700120546E+018",9,1,79,134,2020,9,12,5,2,4,6,0,0,1,0,0,0,0,663065.5005,5340640.2563,11.194467227,48.198039243,0,2,#fc8d62,car
4178,39652,"9,20091700120138E+018",9,1,74,143,2020,9,15,5,3,2,6,0,0,0,0,1,0,0,675520.8079,5352448.5879,11.366838442,48.300865283,0,4,#e78ac3,marker
4179,39653,"9,20091700110738E+018",9,1,78,124,2020,9,7,5,3,2,6,0,0,1,0,0,0,0,702523383,5362328621,11.73530689,48.381585792,0,2,#fc8d62,car
4180,39657,"9,20091700110546E+018",9,1,77,113,2020,9,16,5,3,8,1,0,0,1,0,0,0,0,719010.9863,5353324.3334,11.953013942,48.295178501,0,2,#fc8d62,car
4181,39659,"9,20091700110341E+018",9,1,75,119,2020,9,17,5,3,5,3,0,0,1,0,0,0,0,724755.6839,5324793.0928,12.015285003,48.036828811,0,2,#fc8d62,car
4182,39660,"9,20091800858239E+018",9,1,62,0,2020,9,7,6,3,2,6,0,0,1,0,0,0,0,691674.8205,5331686.8915,11.575073115,48.109577582,0,2,#fc8d62,car
4183,39663,"9,20092000120938E+018",9,1,79,123,2020,9,14,1,3,5,2,0,0,1,0,0,0,0,676847.2576,5333343.9608,11.376743323,48.128763021,0,2,#fc8d62,car
4184,39664,"9,20092100117038E+018",9,1,78,120,2020,9,15,2,3,9,1,0,0,0,0,1,0,0,695068413,5355302.7678,11.631476428,48.32079246,0,4,#e78ac3,marker
4185,39665,"9,2009160085824E+018",9,1,62,0,2020,9,8,4,3,3,2,0,1,1,0,0,0,0,694651607,5334162.9439,11.616152591,48.130928695,0,1,#66c2a5,bicycle
4186,39666,"9,20092200121341E+018",9,1,88,132,2020,9,17,3,3,5,3,0,1,0,0,1,0,0,663809656,5322939871,11.197673444,48.038714965,0,1,#66c2a5,bicycle
4187,39667,"9,2009180071274E+018",9,7,72,148,2020,9,14,6,2,4,2,0,0,1,0,0,0,0,628938108,5354714602,10.739734535,48.332453052,0,2,#fc8d62,car
4188,39668,"9,2009160085824E+018",9,1,62,0,2020,9,11,4,3,2,6,0,0,1,0,1,0,0,686655.1636,5331843.1881,11.507772342,48.112473183,0,2,#fc8d62,car
4189,39671,"9,20091600857138E+018",9,1,84,127,2020,9,13,4,1,4,6,0,0,1,0,0,1,0,700916.1141,5322082.8883,11.694574749,48.020417684,0,2,#fc8d62,car
4190,39672,"9,20091600857138E+018",9,1,62,0,2020,9,19,4,3,5,3,1,1,1,0,0,0,0,682922.5338,5338844.6226,11.460679666,48.176489708,0,1,#66c2a5,bicycle
4191,39687,"9,20091800852839E+018",9,1,84,136,2020,9,6,6,3,2,2,1,0,1,0,0,0,0,698230.4399,5326976.4392,11.660862125,48.065236885,0,2,#fc8d62,car
4192,39689,"9,20091900858239E+018",9,1,62,0,2020,9,17,7,3,2,6,2,0,1,0,0,0,0,691004.6558,5339181.0947,11.56944079,48.17713616,0,2,#fc8d62,car
4193,39690,"9,20092000852739E+018",9,1,84,121,2020,9,16,1,3,5,3,0,1,1,0,0,0,0,705444.7634,5331117.6186,11.759577568,48.100169805,0,1,#66c2a5,bicycle
4194,39692,"9,20092100858239E+018",9,1,62,0,2020,9,16,2,3,4,2,0,0,1,0,0,0,0,691748516,5331898766,11.576157386,48.11145971,0,2,#fc8d62,car
4195,39693,"9,20091600750146E+018",9,7,78,116,2020,9,9,4,2,2,6,0,0,1,0,0,0,1,620469.7273,5312290.0432,10.613516796,47.952584756,0,2,#fc8d62,car
4196,39703,"9,20092000210942E+018",9,2,74,194,2020,9,2,1,2,8,1,2,1,0,0,0,0,0,722098.1873,5382765.9082,12.010175389,48.558610313,0,1,#66c2a5,bicycle
4197,39707,"9,20091900710642E+018",9,7,61,0,2020,9,12,7,2,5,1,0,0,1,0,1,0,0,641228.0162,5356195604,10.905964954,48.34314282,0,2,#fc8d62,car
4198,39708,"9,20092000717338E+018",9,7,72,223,2020,9,18,1,3,8,1,1,0,1,0,0,0,0,621231.8182,5363163.6089,10.6382368,48.40995976,0,2,#fc8d62,car
4199,39723,"9,2009160071064E+018",9,7,61,0,2020,9,18,4,3,0,1,0,1,0,0,0,0,0,641331015,5355574776,10.907145875,48.33753751,0,1,#66c2a5,bicycle
4200,39724,"9,20091900140138E+018",9,1,87,179,2020,9,10,7,3,0,1,0,0,1,0,0,0,0,725226455,5310884015,12.014302911,47.911693621,0,2,#fc8d62,car
4201,39730,"9,20092200141338E+018",9,1,63,0,2020,9,13,3,3,2,6,0,1,0,0,0,0,0,734112.2609,5304671.3648,12.129678238,47.852698403,0,1,#66c2a5,bicycle
4202,39732,"9,20092000711938E+018",9,7,72,163,2020,9,11,1,3,0,7,0,1,0,0,0,0,0,639952.9229,5345979.2095,10.8853798,48.251562474,0,1,#66c2a5,bicycle
4203,39733,"9,20092100712338E+018",9,7,72,171,2020,9,20,2,2,8,1,1,0,0,0,1,0,0,637546.8894,5371817.8005,10.86143547,48.484426657,0,4,#e78ac3,marker
4204,39736,"9,20091800210942E+018",9,2,61,0,2020,9,16,6,3,4,6,0,1,0,0,0,0,0,732051.4169,5382554.4452,12.144749989,48.553107199,0,1,#66c2a5,bicycle
4205,39741,"9,20091900110142E+018",9,1,77,115,2020,9,8,7,3,3,6,0,0,1,0,0,0,1,731292.5483,5354844.1782,12.119195574,48.304463327,0,2,#fc8d62,car
4206,39743,"9,20092200210942E+018",9,2,74,113,2020,9,14,3,3,2,6,0,0,0,0,1,0,0,728419.6947,5383918.4783,12.096357,48.566693546,0,4,#e78ac3,marker
4207,39744,"9,20092000127039E+018",9,1,74,135,2020,9,12,1,3,2,6,0,0,1,0,0,0,0,661971.2485,5354268.9334,11.184969887,48.320844461,0,2,#fc8d62,car
4208,39745,"9,20092100121947E+018",9,1,88,139,2020,9,21,2,3,6,6,2,1,0,1,0,0,0,668926.7946,5318394.2791,11.264479197,47.996516273,0,1,#66c2a5,bicycle
4209,39751,"9,20091800161938E+018",9,1,73,130,2020,9,13,6,3,5,3,0,1,1,0,0,0,0,680725.4385,5310712.0116,11.419271384,47.92423324,0,1,#66c2a5,bicycle
4210,39753,"9,20092000140738E+018",9,1,82,120,2020,9,16,1,3,0,1,0,1,0,0,0,0,0,701693.2415,5306706952,11.697778028,47.881985438,0,1,#66c2a5,bicycle
4211,39763,"9,20091800161739E+018",9,1,90,138,2020,9,17,6,2,5,3,0,0,1,0,1,0,0,664351131,5308402374,11.19937249,47.907875351,0,2,#fc8d62,car
4212,39768,"9,20091800857139E+018",9,1,62,0,2020,9,12,6,3,5,3,0,1,1,0,0,0,0,688653.5543,5336168915,11.536509528,48.150764723,0,1,#66c2a5,bicycle
4213,39770,"9,20092200161939E+018",9,1,73,147,2020,9,15,3,2,5,3,0,1,0,0,0,0,0,681863.2321,5308556.8903,11.433579136,47.904538681,0,1,#66c2a5,bicycle
4214,39771,"9,20092000110541E+018",9,1,77,130,2020,9,8,1,3,2,6,0,0,1,0,0,0,0,704916.5076,5350682.4403,11.76192849,48.276158428,0,2,#fc8d62,car
4215,39772,"9,20092100110338E+018",9,1,84,121,2020,9,21,2,3,3,6,2,0,1,0,0,0,0,704872.9657,5331223.3385,11.751957004,48.101303969,0,2,#fc8d62,car
4216,39774,"9,20092200111342E+018",9,1,75,135,2020,9,17,3,3,0,2,0,1,1,0,0,0,0,706809.8397,5338495.7981,11.78147255,48.166031345,0,1,#66c2a5,bicycle
4217,39788,"9,20091800161338E+018",9,1,90,115,2020,9,18,6,2,8,1,1,0,1,0,0,0,0,669114295,5303642372,11.261198924,47.863843173,0,2,#fc8d62,car
4218,39796,"9,20091800710742E+018",9,7,61,0,2020,9,7,6,3,3,2,0,1,0,0,0,0,1,644627.7007,5357646.6263,10.952317047,48.355420388,0,1,#66c2a5,bicycle
4219,39800,"9,20092100854542E+018",9,1,62,0,2020,9,10,2,2,0,7,0,1,0,0,0,0,0,680969.1886,5335968.8075,11.433204305,48.151198851,0,1,#66c2a5,bicycle
4220,39811,"9,20092000161739E+018",9,1,90,138,2020,9,19,1,3,4,6,1,1,0,0,0,0,0,660666.0951,5312485.0863,11.151617709,47.945516477,0,1,#66c2a5,bicycle
4221,39819,"9,20092400161939E+018",9,1,73,120,2020,9,11,5,3,5,3,0,0,1,0,0,0,0,687401.5459,5310762.0829,11.508575454,47.922766613,0,2,#fc8d62,car
4222,39828,"9,2009250012094E+018",9,1,79,123,2020,9,8,6,3,5,2,1,0,1,0,0,0,0,676716.1843,5333789.6001,11.375168158,48.132805384,1,2,#fc8d62,car
4223,39836,"9,2009240014134E+018",9,1,87,177,2020,9,18,5,3,2,2,0,0,1,0,0,0,0,735947.6218,5304393.6951,12.154024157,47.849532824,0,2,#fc8d62,car
4224,39839,"9,2009240014074E+018",9,1,82,127,2020,9,14,5,3,4,2,0,1,1,0,0,0,0,699910.9651,5309661.6979,11.675334516,47.90909872,0,1,#66c2a5,bicycle
4225,39841,"9,20092500120139E+018",9,1,74,113,2020,9,7,6,3,4,2,1,0,1,0,0,1,1,677718.0048,5351085.5615,11.395866531,48.287999914,1,2,#fc8d62,car
4226,39848,"9,20092400127039E+018",9,1,79,123,2020,9,19,5,3,2,6,1,0,1,0,0,0,0,678711.7262,5332799.3123,11.401549805,48.1233464,0,2,#fc8d62,car
4227,39849,"9,20092400127039E+018",9,1,62,0,2020,9,3,5,3,3,6,2,0,1,0,0,1,0,683411.0438,5342552.7342,11.468846384,48.209679364,0,2,#fc8d62,car
4228,39851,"9,20092400121939E+018",9,1,88,139,2020,9,10,5,3,5,6,0,0,1,0,0,0,0,676205238,5318294032,11.361922164,47.993650987,0,2,#fc8d62,car
4229,39852,"9,20092400120939E+018",9,1,88,121,2020,9,14,5,3,1,6,0,0,1,0,0,0,1,669960439,5329193492,11.282611658,48.093327104,0,2,#fc8d62,car
4230,39853,"9,20092500110746E+018",9,1,78,124,2020,9,7,6,2,0,1,0,1,0,0,0,0,0,703228.4854,5365176.3266,11.746196571,48.406949215,1,1,#66c2a5,bicycle
4231,39854,"9,20092400120547E+018",9,1,79,121,2020,9,17,5,3,0,1,0,1,0,0,0,0,0,667055969,5338319.0937,11.247214023,48.176134769,0,1,#66c2a5,bicycle
4232,39855,"9,20092400120139E+018",9,1,74,126,2020,9,21,5,3,5,2,2,1,1,0,0,0,0,682915.4635,5344602.7593,11.463066209,48.228249068,0,1,#66c2a5,bicycle
4233,39857,"9,20092400120139E+018",9,1,74,126,2020,9,19,5,3,2,6,1,0,1,0,0,0,0,683836.8485,5344023.8551,11.475210157,48.222779272,1,2,#fc8d62,car
4234,39858,"9,20092400117041E+018",9,1,78,123,2020,9,19,5,3,2,1,2,0,1,0,0,0,0,692242.3247,5361351.5948,11.596155013,48.376021256,0,2,#fc8d62,car
4235,39860,"9,20092400110939E+018",9,1,78,143,2020,9,17,5,3,4,3,0,0,1,0,0,0,0,718982512,5372919503,11.962839718,48.471242807,0,2,#fc8d62,car
4236,39861,"9,20092400110938E+018",9,1,78,155,2020,9,0,5,3,9,1,2,0,1,0,0,0,0,721062653,5374161.6514,11.991600987,48.48167491,0,2,#fc8d62,car
4237,39863,"9,20092400110739E+018",9,1,78,124,2020,9,11,5,3,1,6,0,0,1,0,0,0,0,702639.3903,5362942.3339,11.737167758,48.387063559,0,2,#fc8d62,car
4238,39864,"9,20092400110541E+018",9,1,77,131,2020,9,13,5,3,3,6,0,0,1,0,0,1,1,713063.6155,5347925.1882,11.870208779,48.24869489,0,2,#fc8d62,car
4239,39865,"9,20092400740742E+018",9,7,77,152,2020,9,19,5,2,3,6,2,0,1,0,0,0,1,625577114,5305901828,10.680031094,47.894151591,1,2,#fc8d62,car
4240,39866,"9,20092300858243E+018",9,1,62,0,2020,9,15,4,3,2,6,0,0,1,0,0,0,1,690388.1781,5331959.3157,11.557927113,48.112412011,0,2,#fc8d62,car
4241,39868,"9,20092300858242E+018",9,1,62,0,2020,9,13,4,3,2,6,0,0,1,0,0,0,0,688526.1397,5334975.6215,11.534269744,48.140077006,0,2,#fc8d62,car
4242,39877,"9,20092400711939E+018",9,7,72,125,2020,9,20,5,3,5,3,2,0,1,0,0,0,1,627767204,5345978567,10.721299953,48.254130729,0,2,#fc8d62,car
4243,39881,"9,20092300717339E+018",9,7,72,147,2020,9,13,4,3,3,6,0,0,1,0,0,1,0,638669.5357,5363520.4593,10.873872231,48.409573135,0,2,#fc8d62,car
4244,39882,"9,20092300712539E+018",9,7,72,200,2020,9,12,4,3,8,7,0,0,1,0,0,0,0,623506.4461,5342332.8182,10.662860782,48.222189244,1,2,#fc8d62,car
4245,39884,"9,20092300712147E+018",9,7,71,130,2020,9,13,4,3,4,2,0,0,1,0,0,0,0,648054139,5356864278,10.998266171,48.347592105,0,2,#fc8d62,car
4246,39885,"9,20092300710154E+018",9,7,71,144,2020,9,14,4,3,5,3,0,0,1,0,0,0,0,662184874,5373528578,11.195292361,48.493933085,0,2,#fc8d62,car
4247,39892,"9,20092500117542E+018",9,1,77,115,2020,9,15,6,3,8,1,0,0,1,0,0,0,0,729740.7452,5348595.7567,12.09490449,48.248895366,1,2,#fc8d62,car
4248,39897,"9,20092500120739E+018",9,1,88,120,2020,9,12,6,3,3,6,0,0,1,0,0,0,0,677122.4479,5326690.9125,11.37767759,48.06888048,1,2,#fc8d62,car
4249,39923,"9,2009250014734E+018",9,1,82,133,2020,9,12,6,3,4,1,0,0,1,0,0,0,1,703824.2118,5308344.4106,11.727020939,47.896028622,1,2,#fc8d62,car
4250,39936,"9,20092500121939E+018",9,1,88,139,2020,9,9,6,2,4,6,0,0,1,0,0,1,0,672270588,5318261359,11.30921237,47.99442927,1,2,#fc8d62,car
4251,39948,"9,20092500120139E+018",9,1,74,135,2020,9,14,6,3,4,2,0,0,1,0,1,0,0,662678.1711,5353023.2127,11.194018482,48.309463828,1,2,#fc8d62,car
4252,39956,"9,20092300210946E+018",9,2,74,126,2020,9,13,4,3,1,6,0,0,1,0,1,0,0,733888.3022,5382479.7407,12.169561886,48.55175396,1,2,#fc8d62,car
4253,39961,"9,2009250011504E+018",9,1,78,124,2020,9,23,6,3,5,3,2,0,1,0,0,0,0,705728755,5363100.4571,11.77892435,48.387484576,1,2,#fc8d62,car
4254,39963,"9,20092300161539E+018",9,1,90,140,2020,9,12,4,2,9,1,0,0,1,0,0,0,0,645101.6929,5303937.3153,10.940435623,47.872368612,0,2,#fc8d62,car
4255,39970,"9,20092400712339E+018",9,7,72,147,2020,9,6,5,3,2,6,2,0,1,0,0,0,0,639738664,5365238965,10.888884002,48.42478918,1,2,#fc8d62,car
4256,39971,"9,2009230014734E+018",9,1,62,0,2020,9,9,4,3,9,1,0,0,1,0,0,0,0,694564.3928,5331193.6373,11.613626838,48.104268343,1,2,#fc8d62,car
4257,39973,"9,20092300141541E+018",9,1,87,164,2020,9,18,4,3,5,3,0,0,1,0,0,0,0,733879.0234,5322996.5515,12.136515489,48.017413781,0,2,#fc8d62,car
4258,39977,"9,20092300140139E+018",9,1,87,122,2020,9,11,4,3,5,3,0,0,1,0,0,0,0,716481401,5306151.9147,11.895048906,47.872182797,0,2,#fc8d62,car
4259,39986,"9,20092300120739E+018",9,1,88,120,2020,9,7,4,3,0,6,1,1,1,0,0,0,0,676158.1042,5325370.4082,11.364199836,48.057276971,1,1,#66c2a5,bicycle
4260,39988,"9,20092300120138E+018",9,1,74,115,2020,9,15,4,3,5,3,0,1,1,0,0,0,0,683361.6734,5348918.4557,11.470937957,48.266911569,0,1,#66c2a5,bicycle
4261,39989,"9,20092300117542E+018",9,1,84,131,2020,9,7,4,3,2,6,0,0,1,0,0,0,1,704293.8633,5337710.4394,11.747297553,48.159787136,1,2,#fc8d62,car
4262,39990,"9,20092300117039E+018",9,1,78,145,2020,9,11,4,2,9,1,0,0,1,0,0,1,0,699788.8188,5356882.0512,11.695830849,48.333511192,0,2,#fc8d62,car
4263,39991,"9,2009250014155E+018",9,1,87,186,2020,9,6,6,2,4,6,1,0,1,0,0,0,0,729953392,5334308.9473,12.090032976,48.120468922,0,2,#fc8d62,car
4264,39992,"9,20092300110538E+018",9,1,77,133,2020,9,7,4,3,4,2,0,0,1,0,0,0,0,710393.3978,5361982.5144,11.841293722,48.375900917,1,2,#fc8d62,car
4265,39993,"9,20092300110351E+018",9,1,75,124,2020,9,10,4,2,8,1,0,0,1,0,0,0,0,716334.6565,5328350.9671,11.904261839,48.071706356,1,2,#fc8d62,car
4266,39995,"9,20092300110346E+018",9,1,75,121,2020,9,18,4,3,3,6,0,0,1,0,0,0,1,713834147,5316367815,11.864760178,47.964870406,0,2,#fc8d62,car
4267,39996,"9,20092300110342E+018",9,1,75,122,2020,9,17,4,3,8,1,0,0,0,0,1,0,0,721721.1204,5325829.1788,11.975167521,48.047198739,0,4,#e78ac3,marker
4268,39998,"9,20092300110342E+018",9,1,75,119,2020,9,11,4,3,2,6,0,0,1,0,0,0,1,727746.0934,5324313.0908,12.055089961,48.031456977,1,2,#fc8d62,car
4269,39999,"9,20092200858242E+018",9,1,62,0,2020,9,14,3,3,2,7,0,0,1,0,0,0,0,693189.8317,5337572.6913,11.598074346,48.162019838,0,2,#fc8d62,car
4270,40000,"9,20092500117542E+018",9,1,84,112,2020,9,16,6,3,2,6,0,0,1,0,0,0,0,701639.3996,5340713.2987,11.713066999,48.187620575,1,2,#fc8d62,car
4271,40001,"9,2009220085824E+018",9,1,62,0,2020,9,18,3,3,5,3,0,1,1,0,0,0,0,692127.5142,5342115.9873,11.585857458,48.203175667,0,1,#66c2a5,bicycle
4272,40002,"9,20092200858239E+018",9,1,84,136,2020,9,11,3,3,5,3,0,1,1,0,0,0,0,698932.6768,5327302.9834,11.670429629,48.067953053,0,1,#66c2a5,bicycle
4273,40004,"9,20092500120939E+018",9,1,79,123,2020,9,18,6,1,8,7,1,0,1,0,0,0,0,676315.5627,5334931837,11.370261205,48.143184366,1,2,#fc8d62,car
4274,40005,"9,20092200857139E+018",9,1,84,145,2020,9,13,3,3,5,2,0,0,1,0,0,0,0,695137.3217,5325581.5596,11.618751959,48.053653755,0,2,#fc8d62,car
4275,40006,"9,20092200857138E+018",9,1,62,0,2020,9,17,3,3,2,7,0,0,1,0,0,0,0,685090.1409,5341757.0493,11.491079125,48.202040074,0,2,#fc8d62,car
4276,40008,"9,2009220085294E+018",9,1,62,0,2020,9,21,3,3,0,6,2,0,1,0,0,0,1,689205.04,5329891483,11.541130704,48.094178566,1,2,#fc8d62,car
4277,40009,"9,20092200852539E+018",9,1,62,0,2020,9,15,3,3,0,7,0,1,0,0,0,0,0,700839.6563,5332502.7948,11.698444759,48.114086564,0,1,#66c2a5,bicycle
4278,40013,"9,20092400852342E+018",9,1,62,0,2020,9,18,5,3,5,2,1,1,1,0,0,0,0,691273828,5331886861,11.569781235,48.111495436,0,1,#66c2a5,bicycle
4279,40023,"9,20092200740142E+018",9,7,77,121,2020,9,16,3,3,6,4,0,0,0,1,1,0,0,628191761,5321861421,10.719754256,48.037162307,0,3,#8da0cb,toilet
4280,40027,"9,2009220071734E+018",9,7,61,0,2020,9,7,3,3,2,6,0,0,1,0,0,0,0,639987.9134,5355946463,10.889155639,48.341178628,1,2,#fc8d62,car
4281,40028,"9,20092200710646E+018",9,7,61,0,2020,9,5,3,3,4,2,2,0,0,0,1,0,0,638469.5618,5356005.1944,10.868695982,48.34204135,1,4,#e78ac3,marker
4282,40043,"9,2009250012704E+018",9,1,88,121,2020,9,19,6,3,2,6,2,0,1,0,0,0,0,672268.8529,5329594.2216,11.313749913,48.096309741,1,2,#fc8d62,car
4283,40056,"9,20092500120139E+018",9,1,74,143,2020,9,8,6,3,0,1,0,0,0,0,1,0,0,677463.5162,5353011.4938,11.393248251,48.305383258,1,4,#e78ac3,marker
4284,40068,"9,20092500117039E+018",9,1,62,0,2020,9,17,6,3,2,6,2,0,1,0,0,0,0,695177.3765,5343830.1124,11.627649881,48.217650953,1,2,#fc8d62,car
4285,40077,"9,20092400717339E+018",9,7,72,147,2020,9,6,5,3,3,6,1,0,1,0,0,1,0,638987.6528,5364081.5372,10.87835449,48.414548106,0,2,#fc8d62,car
4286,40087,"9,20092900121341E+018",9,1,88,144,2020,9,7,3,2,4,2,0,0,1,0,0,0,0,665827.8083,5328301.7668,11.226807096,48.086399031,1,2,#fc8d62,car
4287,40089,"9,20092600740739E+018",9,7,62,0,2020,9,14,7,3,5,3,0,0,1,0,0,0,0,620142.1561,5303663.4396,10.606727011,47.875060563,1,2,#fc8d62,car
4288,40098,"9,2009280073014E+018",9,7,73,182,2020,9,6,2,3,5,3,2,0,1,0,0,0,0,624792.8389,5379592.4443,10.691242298,48.557001248,1,2,#fc8d62,car
4289,40101,"9,2009280085824E+018",9,1,84,147,2020,9,17,2,3,2,6,0,0,1,0,0,0,0,695543063,5339913.2904,11.630763445,48.182336441,1,2,#fc8d62,car
4290,40102,"9,20092600712339E+018",9,7,71,122,2020,9,16,7,2,2,6,0,0,1,0,0,0,0,652911.1535,5362115.6891,11.065686611,48.393649144,1,2,#fc8d62,car