fid,OBJECTID,UIDENTSTLA,ULAND,UREGBEZ,UKREIS,UGEMEINDE,UJAHR,UMONAT,USTUNDE,UWOCHENTAG,UKATEGORIE,UART,UTYP1,ULICHTVERH,IstRad,IstPKW,IstFuss,IstKrad,IstGkfz,IstSonstig,LINREFX,LINREFY,XGCSWGS84,YGCSWGS84,STRZUSTAND,Teilnehmer,color,symbol
4291,40103,"9,20092900710442E+018",9,7,61,0,2020,9,5,3,3,6,4,2,1,0,1,0,0,0,640320.1159,5360455.1793,10.895139994,48.381645934,0,1,#66c2a5,bicycle
4292,40107,"9,20092600141547E+018",9,1,87,159,2020,9,16,7,3,0,2,0,0,1,0,0,0,0,732326.8337,5324306.8658,12.116441487,48.029751547,1,2,#fc8d62,car
4293,40108,"9,20092800117541E+018",9,1,84,118,2020,9,8,2,3,2,6,0,0,1,0,0,0,0,704229.4493,5336013.6208,11.745618164,48.144559192,1,2,#fc8d62,car
4294,40119,"9,2009270071274E+018",9,7,72,131,2020,9,13,1,3,5,3,0,1,1,0,0,0,0,616790381,5354161.2053,10.575742245,48.329838143,0,1,#66c2a5,bicycle
4295,40124,"9,2009260012194E+018",9,1,88,141,2020,9,10,7,3,4,6,0,0,1,0,0,0,0,668588.1492,5312610545,11.257674639,47.944608526,1,2,#fc8d62,car
4296,40127,"9,2009300012094E+018",9,1,79,113,2020,9,12,4,2,4,1,0,0,1,0,1,0,0,671064245,5334506651,11.299555294,48.140795776,0,2,#fc8d62,car
4297,40131,"9,20092600120739E+018",9,1,88,120,2020,9,9,7,3,0,3,0,0,1,0,0,0,1,678005.9914,5326798.9039,11.389572508,48.069605285,1,2,#fc8d62,car
4298,40135,"9,20092600120139E+018",9,1,74,151,2020,9,22,7,3,0,1,2,1,0,0,0,0,0,678909.5867,5360784594,11.416033173,48.374845674,0,1,#66c2a5,bicycle
4299,40136,"9,20092700117042E+018",9,1,62,0,2020,9,19,1,3,2,6,1,0,1,0,1,0,0,694296.3138,5340895.2526,11.614457454,48.191544324,0,2,#fc8d62,car
4300,40138,"9,2009300011704E+018",9,1,62,0,2020,9,6,4,3,8,1,2,0,1,0,0,0,0,692994.2938,5339518.0164,11.596330511,48.179563169,0,2,#fc8d62,car
4301,40142,"9,20092600120139E+018",9,1,74,131,2020,9,18,7,3,9,1,2,0,1,0,0,0,0,672273.2409,5357983.0067,11.325345595,48.35150822,1,2,#fc8d62,car
4302,40146,"9,2009290012014E+018",9,1,74,126,2020,9,19,3,3,2,6,1,0,1,0,0,0,0,683079.9827,5344470.9699,11.465222504,48.227017018,0,2,#fc8d62,car
4303,40147,"9,20092600117039E+018",9,1,62,0,2020,9,18,7,3,0,1,0,0,1,0,0,0,0,692810393,5339091.75,11.593665768,48.175787852,1,2,#fc8d62,car
4304,40148,"9,2009260071734E+018",9,7,71,122,2020,9,16,7,3,3,6,0,0,1,0,0,0,0,652697.3387,5362244.5896,11.062846988,48.394859862,1,2,#fc8d62,car
4305,40149,"9,20092900717342E+018",9,7,72,147,2020,9,12,3,3,2,6,0,0,1,0,0,0,1,638477982,5364106.61,10.871478629,48.414885763,1,2,#fc8d62,car
4306,40150,"9,20092600117039E+018",9,1,78,120,2020,9,13,7,3,8,1,0,0,1,0,0,0,0,695215.8418,5352864.5607,11.632335066,48.29883433,1,2,#fc8d62,car
4307,40153,"9,20092600117039E+018",9,1,78,120,2020,9,7,7,2,8,1,0,0,1,0,0,0,0,694176745,5354695812,11.619181471,48.315612036,1,2,#fc8d62,car
4308,40155,"9,20092900852442E+018",9,1,62,0,2020,9,11,3,2,0,1,0,1,0,0,0,0,0,694813.5493,5334128.6987,11.618311111,48.130571369,1,1,#66c2a5,bicycle
4309,40156,"9,20092600111342E+018",9,1,75,127,2020,9,20,7,3,0,7,2,0,0,0,1,0,0,712910.5414,5341589.6438,11.864968436,48.191817853,1,4,#e78ac3,marker
4310,40159,"9,20092600110539E+018",9,1,77,113,2020,9,10,7,3,4,6,0,0,1,0,0,0,0,720745.1693,5356951.3629,11.978261356,48.32716324,1,2,#fc8d62,car
4311,40165,"9,20092500858241E+018",9,1,84,148,2020,9,14,6,3,1,5,0,0,1,0,0,0,0,694041.8029,5327722.7061,11.605037311,48.073231924,1,2,#fc8d62,car
4312,40168,"9,20092500857146E+018",9,1,62,0,2020,9,15,6,3,5,3,0,0,1,0,0,0,0,694993.5224,5332990.8704,11.620206806,48.12028995,1,2,#fc8d62,car
4313,40169,"9,20092700858239E+018",9,1,62,0,2020,9,14,1,3,2,6,0,0,1,0,0,0,0,688110.0005,5333850.9648,11.528184812,48.130091523,0,2,#fc8d62,car
4314,40171,"9,2009300012174E+018",9,1,79,142,2020,9,19,4,3,4,2,2,0,1,0,0,0,0,670855191,5341470643,11.299546245,48.203455942,0,2,#fc8d62,car
4315,40175,"9,2009280071734E+018",9,7,72,223,2020,9,10,2,3,8,7,0,0,1,0,0,0,0,625275.8635,5364266.8573,10.693190082,48.419089949,0,2,#fc8d62,car
4316,40178,"9,20092500857141E+018",9,1,62,0,2020,9,13,6,3,2,6,0,0,1,0,0,0,0,693114.5656,5338815.9134,11.597627797,48.173216371,1,2,#fc8d62,car
4317,40181,"9,20092500857139E+018",9,1,62,0,2020,9,17,6,3,3,2,0,1,1,0,0,0,0,688960584,5329404.77,11.537635477,48.089876415,1,1,#66c2a5,bicycle
4318,40184,"9,2009300012014E+018",9,1,74,111,2020,9,9,4,3,9,1,0,0,0,0,1,0,0,667594.7907,5358691.7159,11.262529945,48.359138048,0,4,#e78ac3,marker
4319,40188,"9,20092500857139E+018",9,1,84,123,2020,9,2,6,3,9,1,2,0,1,0,0,0,0,702733.6539,5331964.3369,11.723606576,48.10864747,1,2,#fc8d62,car
4320,40193,"9,20092500854839E+018",9,1,84,135,2020,9,17,6,3,5,2,0,0,0,0,1,0,1,689437.7207,5347334.2849,11.552025052,48.250885491,1,4,#e78ac3,marker
4321,40197,"9,20092700710755E+018",9,7,61,0,2020,9,9,1,3,7,7,0,1,0,0,0,0,1,643914.7419,5360708.9279,10.943746618,48.383117739,0,1,#66c2a5,bicycle
4322,40198,"9,20092700141547E+018",9,1,87,164,2020,9,18,1,3,0,6,0,0,1,0,1,0,0,734495476,5321821.1426,12.144127166,48.006628493,0,2,#fc8d62,car
4323,40200,"9,20092900854141E+018",9,1,62,0,2020,9,14,3,3,1,7,0,0,1,0,1,0,0,684686.3345,5332056.0777,11.481438538,48.114960715,0,2,#fc8d62,car
4324,40203,"9,2009250085214E+018",9,1,62,0,2020,9,13,6,3,2,6,0,0,1,0,0,0,0,694588.3336,5334625369,11.615514304,48.13510413,1,2,#fc8d62,car
4325,40204,"9,20092800210947E+018",9,2,74,126,2020,9,13,2,3,5,2,0,0,1,0,0,0,0,732468.9738,5384439.6927,12.151452678,48.56988718,0,2,#fc8d62,car
4326,40208,"9,20092800858242E+018",9,1,62,0,2020,9,14,2,3,2,6,0,0,1,0,0,0,1,689474.1021,5339019.7076,11.548800693,48.17614381,0,2,#fc8d62,car
4327,40211,"9,2009290012704E+018",9,1,79,123,2020,9,6,3,3,2,6,2,0,1,0,0,0,0,676642.1289,5332044.0023,11.373450249,48.11713431,1,2,#fc8d62,car
4328,40228,"9,20092600712341E+018",9,7,72,147,2020,9,18,7,3,5,3,0,0,1,0,0,0,0,638778851,5365810409,10.876106403,48.430139615,1,2,#fc8d62,car
4329,40229,"9,20092900712542E+018",9,7,72,168,2020,9,14,3,2,6,4,0,0,1,1,0,0,0,619113.1703,5346962989,10.605037853,48.264669765,0,2,#fc8d62,car
4330,40234,"9,2009280012155E+018",9,1,81,132,2020,9,5,2,3,4,6,2,0,1,0,0,0,0,646870.3594,5328530.9385,10.972483621,48.093109934,1,2,#fc8d62,car
4331,40238,"9,20092800710142E+018",9,7,71,165,2020,9,15,2,2,5,3,0,0,1,0,0,0,0,658759037,5362655262,11.14483351,48.397055012,0,2,#fc8d62,car
4332,40241,"9,20092500717341E+018",9,7,71,130,2020,9,16,6,3,0,6,0,0,1,0,0,0,0,647337.6449,5362821.1152,10.990689417,48.401318564,0,2,#fc8d62,car
4333,40245,"9,2009250071734E+018",9,7,61,0,2020,9,12,6,3,2,6,0,0,1,0,0,0,0,642101.5354,5363645.1705,10.920265067,48.40993003,1,2,#fc8d62,car
4334,40249,"9,2009250071734E+018",9,7,61,0,2020,9,13,6,3,2,3,0,0,1,0,0,0,0,639441.1722,5356406.7458,10.881933844,48.345438305,1,2,#fc8d62,car
4335,40250,"9,2009270085264E+018",9,1,84,130,2020,9,13,1,3,0,1,0,1,0,0,0,0,0,700458.2411,5342883.4527,11.698217434,48.20749733,0,1,#66c2a5,bicycle
4336,40251,"9,20092700161939E+018",9,1,73,137,2020,9,12,1,3,2,6,0,0,1,0,0,0,0,677454.8578,5308261.3734,11.374520545,47.903116691,0,2,#fc8d62,car
4337,40252,"9,2009300012094E+018",9,1,88,121,2020,9,16,4,3,2,6,0,0,1,0,0,0,0,672434.8172,5329117.0977,11.315784391,48.091975662,0,2,#fc8d62,car
4338,40256,"9,2009250071254E+018",9,7,72,149,2020,9,16,6,2,5,3,0,0,1,0,0,0,1,635179.9616,5338686.5986,10.818789871,48.18702124,1,2,#fc8d62,car
4339,40261,"9,20092700121347E+018",9,1,88,126,2020,9,18,1,2,8,1,0,0,1,0,0,0,0,659907212,5326357277,11.146633995,48.070429395,0,2,#fc8d62,car
4340,40263,"9,2009290085274E+018",9,1,84,123,2020,9,17,3,3,2,6,0,0,1,0,0,0,0,703355.0671,5331813.6977,11.73187327,48.107095641,0,2,#fc8d62,car
4341,40265,"9,20093000117042E+018",9,1,78,145,2020,9,7,4,3,2,6,0,0,1,0,0,0,0,699691.7095,5356860.3489,11.694511737,48.333346849,0,2,#fc8d62,car
4342,40269,"9,2009250071064E+018",9,7,61,0,2020,9,16,6,3,2,1,0,0,1,0,0,0,0,641490.9148,5357728.3245,10.910026044,48.356865652,1,2,#fc8d62,car
4343,40273,"9,20092900120541E+018",9,1,79,121,2020,9,7,3,3,2,6,0,0,1,0,0,0,0,668390.4312,5338069.3383,11.265051583,48.173537283,1,2,#fc8d62,car
4344,40279,"9,20092900210947E+018",9,2,61,0,2020,9,7,3,3,5,2,0,0,1,0,0,0,0,733057.8032,5381065.3077,12.157533882,48.539357699,0,2,#fc8d62,car
4345,40281,"9,20092800141546E+018",9,1,87,170,2020,9,7,2,3,5,3,0,0,1,0,0,0,0,733427.0277,5320109784,12.128892845,47.991645046,1,2,#fc8d62,car
4346,40288,"9,20092800852641E+018",9,1,84,147,2020,9,9,2,2,5,3,0,0,1,0,1,0,0,696308.8778,5341213.8604,11.64165614,48.193788931,1,2,#fc8d62,car
4347,40289,"9,20092600712146E+018",9,7,71,146,2020,9,16,7,3,4,2,0,0,1,0,0,0,0,646781.5629,5348717.5278,10.978266638,48.27463907,1,2,#fc8d62,car
4348,40295,"9,20092800111342E+018",9,1,75,135,2020,9,10,2,3,6,2,0,0,1,1,0,0,0,708756.0478,5339406.7367,11.808062672,48.17358107,1,2,#fc8d62,car
4349,40314,"9,2009300012014E+018",9,1,74,126,2020,9,14,4,3,5,6,0,1,0,0,0,0,0,683574103,5344041.0684,11.471683381,48.223010071,0,1,#66c2a5,bicycle
4350,40322,"9,20092600210946E+018",9,2,61,0,2020,9,10,7,3,8,1,0,0,1,0,0,0,0,734695.7155,5381843.1717,12.180127433,48.545734455,1,2,#fc8d62,car
4351,40324,"9,20092700712151E+018",9,7,71,130,2020,9,11,1,3,8,1,0,0,1,0,0,0,0,653400.7885,5356647.8769,11.070302197,48.344370656,0,2,#fc8d62,car
4352,40325,"9,20092700147339E+018",9,1,84,114,2020,9,12,1,3,2,6,0,0,1,0,0,0,1,699481.3855,5319859.3057,11.674320594,48.000883078,0,2,#fc8d62,car
4353,40326,"9,20092900858241E+018",9,1,62,0,2020,9,18,3,3,0,6,2,0,1,0,0,0,0,688665.5021,5329476.9747,11.533708611,48.090612817,1,2,#fc8d62,car
4354,40334,"9,20092900117542E+018",9,1,84,129,2020,9,16,3,3,2,6,0,0,1,0,0,0,0,702042.9062,5327274.4416,11.712119091,48.066719075,0,2,#fc8d62,car
4355,40336,"9,20092900712742E+018",9,7,72,115,2020,9,9,3,2,4,2,0,0,1,0,0,0,0,617779.5716,5371027.9211,10.59381664,48.481338204,0,2,#fc8d62,car
4356,40341,"9,20092700110539E+018",9,1,77,133,2020,9,16,1,2,9,1,0,0,1,0,0,0,0,710408.3308,5361877.8934,11.841442777,48.374955865,0,2,#fc8d62,car
4357,40357,"9,20092700854742E+018",9,1,62,0,2020,9,12,1,3,0,7,0,1,0,0,0,0,0,692110.1848,5340050.5988,11.584690068,48.18461779,0,1,#66c2a5,bicycle
4358,40363,"9,2009280071134E+018",9,7,61,0,2020,9,18,2,2,6,2,0,0,0,1,0,1,0,636984.8928,5360146.0001,10.850018975,48.379598852,0,3,#8da0cb,toilet
4359,40368,"9,2009290014134E+018",9,1,63,0,2020,9,16,3,3,6,4,0,0,1,1,0,0,0,734733.0979,5304893.8961,12.138085645,47.854471193,1,2,#fc8d62,car
4360,40372,"9,20093000117542E+018",9,1,84,131,2020,9,7,4,3,2,6,0,0,1,0,0,1,1,704473.4211,5337411.3698,11.749565597,48.157041816,0,2,#fc8d62,car
4361,40375,"9,20092700210942E+018",9,2,61,0,2020,9,17,1,3,5,3,0,0,1,0,0,0,0,732440.2803,5382729.0931,12.150109041,48.554532037,0,2,#fc8d62,car
4362,40376,"9,20093000120942E+018",9,1,79,113,2020,9,16,4,3,0,7,0,0,1,0,0,0,1,670291.4135,5336514.5436,11.289978364,48.159053565,0,2,#fc8d62,car
4363,40384,"9,2009270071064E+018",9,7,61,0,2020,9,14,1,3,1,1,0,0,1,0,0,0,0,636911342,5355887.1069,10.847640296,48.341319133,0,2,#fc8d62,car
4364,40386,"9,2009270012704E+018",9,1,62,0,2020,9,14,1,3,2,6,2,0,1,0,0,0,0,679618.5261,5337803.0689,11.415835363,48.16806977,0,2,#fc8d62,car
4365,40388,"9,20092900853141E+018",9,1,84,148,2020,9,10,3,3,2,6,0,0,1,0,0,0,0,693739.5887,5328168.2241,11.601186337,48.077328019,1,2,#fc8d62,car
4366,40392,"9,20092800210942E+018",9,2,74,182,2020,9,12,2,3,0,1,0,0,0,0,1,0,0,728615.2505,5377864.2219,12.095682627,48.512235794,1,4,#e78ac3,marker
4367,40393,"9,2009300085434E+018",9,1,62,0,2020,9,8,4,3,5,3,0,1,1,0,0,0,0,689857.8014,5339706.7213,11.554263812,48.182204143,0,1,#66c2a5,bicycle
4368,40395,"9,20100200853143E+018",9,1,84,141,2020,10,8,6,3,5,3,0,0,1,0,1,0,0,698078.7936,5316646.7993,11.654056227,47.972446593,0,2,#fc8d62,car
4369,40400,"9,20093000854142E+018",9,1,62,0,2020,9,16,4,3,2,6,0,0,1,0,1,0,0,688671.9197,5335769.3813,11.536579121,48.147168217,0,2,#fc8d62,car
4370,40404,"9,20100400858244E+018",9,1,62,0,2020,10,11,1,3,3,6,0,0,1,0,0,0,1,688256.8533,5331628.5679,11.52917519,48.110072716,0,2,#fc8d62,car
4371,40408,"9,20100400121943E+018",9,1,88,113,2020,10,16,1,2,5,3,0,0,1,0,0,0,0,678797915,5311313.54,11.39374176,47.93018113,0,2,#fc8d62,car
4372,40423,"9,20100300858244E+018",9,1,84,138,2020,10,11,7,3,0,6,0,1,0,0,0,0,0,679202.0875,5331015.4381,11.407383691,48.107173225,0,1,#66c2a5,bicycle
4373,40430,"9,20100400210946E+018",9,2,61,0,2020,10,12,1,2,2,6,0,0,1,0,0,0,0,731358268,5381145.1712,12.13458846,48.540703944,0,2,#fc8d62,car
4374,40439,"9,20100300857143E+018",9,1,62,0,2020,10,2,7,3,9,1,2,0,1,0,0,0,0,687625957,5333327.6652,11.521455454,48.125530834,1,2,#fc8d62,car
4375,40457,"9,2009300071734E+018",9,7,72,147,2020,9,10,4,3,3,6,0,0,1,0,0,0,1,638107.1647,5365310.5909,10.866866448,48.425793035,0,2,#fc8d62,car
4376,40464,"9,20093000712741E+018",9,7,72,148,2020,9,13,4,2,5,3,0,0,1,0,1,0,0,626586.5902,5349842.6396,10.706558883,48.289116383,0,2,#fc8d62,car
4377,40474,"9,20100500117544E+018",9,1,84,131,2020,10,9,2,3,9,7,0,0,0,0,0,1,0,704345.9339,5337625.9812,11.747956386,48.159011415,1,5,#a6d854,bus
4378,40489,"9,20100300858243E+018",9,1,62,0,2020,10,1,7,3,0,7,2,0,0,0,1,0,0,678037.5303,5334306.8433,11.393127985,48.137086683,1,4,#e78ac3,marker
4379,40492,"9,20100400121742E+018",9,1,79,134,2020,10,17,1,3,8,1,0,0,1,0,0,0,0,661145.2197,5346849.4466,11.171004926,48.254352422,0,2,#fc8d62,car
4380,40494,"9,20100200141343E+018",9,1,63,0,2020,10,8,6,3,5,3,0,1,0,0,1,0,0,733507.9898,5305128.3961,12.121859279,47.857024188,0,1,#66c2a5,bicycle
4381,40503,"9,20100200127043E+018",9,1,88,145,2020,10,10,6,3,6,7,0,0,1,1,0,0,0,664543.1298,5328212636,11.209534893,48.085930623,0,2,#fc8d62,car
4382,40504,"9,20100500141343E+018",9,1,63,0,2020,10,8,2,3,2,6,0,0,1,0,1,0,0,733583.2643,5303188567,12.121817077,47.839569311,1,2,#fc8d62,car
4383,40505,"9,20100200127043E+018",9,1,74,135,2020,10,13,6,3,2,6,0,0,1,0,0,0,0,663677482,5352868657,11.207425737,48.30781656,0,2,#fc8d62,car
4384,40507,"9,20100200121943E+018",9,1,88,141,2020,10,20,6,2,5,3,2,0,1,0,0,0,0,665772965,5305730853,11.217358794,47.88349088,0,2,#fc8d62,car
4385,40508,"9,20100200740746E+018",9,7,62,0,2020,10,7,6,3,0,7,0,1,0,0,0,0,0,622055.3833,5304361.7251,10.632500319,47.880979917,0,1,#66c2a5,bicycle
4386,40511,"9,20100200120547E+018",9,1,79,137,2020,10,11,6,2,8,6,0,0,1,0,0,0,1,654197.4682,5347947.9404,11.077868122,48.265957523,0,2,#fc8d62,car
4387,40513,"9,20100200120143E+018",9,1,74,146,2020,10,19,6,3,0,7,2,0,0,0,0,0,1,668172.8983,5350840.4262,11.26719631,48.288404253,0,6,#ffd92f,circle
4388,40514,"9,20100200740743E+018",9,7,62,0,2020,10,7,6,3,3,6,0,1,0,0,0,0,0,620529.8756,5304030.5241,10.612012508,47.87828939,0,1,#66c2a5,bicycle
4389,40516,"9,20100200110344E+018",9,1,75,137,2020,10,5,6,3,5,3,2,0,1,0,0,0,0,727933.9146,5330077.6544,12.060676699,48.083180319,1,2,#fc8d62,car
4390,40517,"9,20100300710443E+018",9,7,61,0,2020,10,11,7,3,0,1,0,1,0,0,0,0,0,640507.3728,5360253.4751,10.897600178,48.379790603,0,1,#66c2a5,bicycle
4391,40518,"9,20100200110143E+018",9,1,77,115,2020,10,15,6,2,8,1,0,0,0,0,1,0,0,736171.2155,5350631.6993,12.182530416,48.264821252,0,4,#e78ac3,marker
4392,40520,"9,20100100858243E+018",9,1,62,0,2020,10,13,5,3,6,4,0,1,0,1,0,0,0,695487.5026,5333981.3376,11.627291641,48.129040333,0,1,#66c2a5,bicycle
4393,40524,"9,20100100858243E+018",9,1,62,0,2020,10,8,5,3,3,2,0,1,1,0,0,0,0,694394.8878,5340748.61,11.615715315,48.190196212,0,1,#66c2a5,bicycle
4394,40527,"9,20100100858243E+018",9,1,84,129,2020,10,6,5,3,2,2,2,0,1,0,0,0,0,699251.6035,5324811.8081,11.673545811,48.045464609,0,2,#fc8d62,car
4395,40530,"9,20100100857143E+018",9,1,84,121,2020,10,16,5,3,2,6,0,0,1,0,0,0,0,705357.7868,5331159.7794,11.758430969,48.100576723,0,2,#fc8d62,car
4396,40531,"9,20100100853243E+018",9,1,84,122,2020,10,17,5,3,5,2,0,1,1,0,0,0,0,689144.5078,5325575.0698,11.538408333,48.05539965,0,1,#66c2a5,bicycle
4397,40534,"9,20100100852143E+018",9,1,62,0,2020,10,17,5,3,5,2,0,1,1,0,0,0,0,694645211,5334296.6649,11.616127806,48.13213248,0,1,#66c2a5,bicycle
4398,40536,"9,20100100852143E+018",9,1,62,0,2020,10,6,5,3,3,6,1,0,1,0,0,1,0,695024.5519,5333375.8337,11.620799419,48.123740333,0,2,#fc8d62,car
4399,40539,"9,20100400858244E+018",9,1,84,145,2020,10,13,1,3,5,2,0,0,1,0,0,0,0,699246169,5324810553,11.673472389,48.045455025,0,2,#fc8d62,car
4400,40560,"9,20100400120142E+018",9,1,74,136,2020,10,1,1,1,8,1,2,0,1,0,0,0,0,681187.4109,5365757.0229,11.448909755,48.418889721,1,2,#fc8d62,car
4401,40561,"9,20100100712542E+018",9,7,72,151,2020,10,8,5,3,8,1,0,0,1,0,0,0,0,625154.6785,5343145.7067,10.685282323,48.229176463,1,2,#fc8d62,car
4402,40563,"9,20100100712146E+018",9,7,71,142,2020,10,17,5,3,2,6,0,0,1,0,0,0,0,645562.9262,5352104.9565,10.963019803,48.305378258,0,2,#fc8d62,car
4403,40564,"9,20100100712146E+018",9,7,71,145,2020,10,16,5,3,9,1,0,0,0,0,1,0,0,647733.7384,5343481.4654,10.989264134,48.227338333,0,4,#e78ac3,marker
4404,40566,"9,20100100710751E+018",9,7,61,0,2020,10,17,5,3,4,2,0,0,1,0,0,0,0,641324.1262,5365086.9991,10.910251561,48.423069073,0,2,#fc8d62,car
4405,40567,"9,20100200712151E+018",9,7,71,142,2020,10,8,6,3,1,6,0,0,1,0,0,0,0,645480.9418,5352577.8516,10.9620779,48.309649118,0,2,#fc8d62,car
4406,40570,"9,20100100710643E+018",9,7,61,0,2020,10,15,5,3,1,1,0,0,1,0,0,0,0,641313.8063,5355831.3608,10.906999869,48.339848483,0,2,#fc8d62,car
4407,40575,"9,20100300857143E+018",9,1,62,0,2020,10,15,7,2,0,7,0,1,1,0,0,0,0,693453.4782,5331510.5515,11.598863323,48.107454986,1,1,#66c2a5,bicycle
4408,40582,"9,20100200712146E+018",9,7,71,130,2020,10,15,6,3,2,6,0,0,1,0,0,0,0,646927.4622,5358135.7237,10.983512911,48.35928706,0,2,#fc8d62,car
4409,40588,"9,20100300121745E+018",9,1,79,142,2020,10,18,7,3,1,1,1,0,1,0,0,0,0,672678.6159,5341370.3153,11.324026122,48.202060711,1,2,#fc8d62,car
4410,40590,"9,20100500121543E+018",9,1,81,126,2020,10,17,2,3,2,6,1,0,1,0,0,0,1,636294.0018,5333172.5196,10.832003871,48.137198787,0,2,#fc8d62,car
4411,40606,"9,20100400857143E+018",9,1,62,0,2020,10,13,1,3,2,6,0,0,1,0,0,0,0,694833642,5332438737,11.617808474,48.115376537,0,2,#fc8d62,car
4412,40610,"9,20100400121942E+018",9,1,88,137,2020,10,13,1,3,0,1,0,1,0,0,0,0,0,672668.9335,5316973609,11.314029672,47.982745151,0,1,#66c2a5,bicycle
4413,40612,"9,20100300120143E+018",9,1,74,136,2020,10,17,7,3,8,1,0,0,0,0,1,0,0,681268.4707,5365696007,11.44997794,48.418317978,1,4,#e78ac3,marker
4414,40622,"9,20100400740746E+018",9,7,62,0,2020,10,2,1,3,6,4,2,0,1,1,0,0,0,621424.5576,5304226.9397,10.624028594,47.879887319,0,2,#fc8d62,car
4415,40626,"9,20100300858243E+018",9,1,84,135,2020,10,15,7,3,5,2,0,0,1,0,0,0,0,692575.1138,5349028.1777,11.595016917,48.265164008,1,2,#fc8d62,car
4416,40643,"9,20100300120142E+018",9,1,74,126,2020,10,17,7,3,5,2,0,0,1,0,0,0,0,683696.5157,5343934.7363,11.473283908,48.222018879,0,2,#fc8d62,car
4417,40656,"9,20100300710446E+018",9,7,61,0,2020,10,15,7,3,5,3,0,0,1,0,0,0,0,639930566,5360661662,10.889950536,48.383589086,0,2,#fc8d62,car
4418,40659,"9,20100500131343E+018",9,1,74,115,2020,10,7,2,3,9,1,0,0,1,0,0,0,0,677581.5926,5366098396,11.400363396,48.422984734,1,2,#fc8d62,car
4419,40668,"9,20100100210947E+018",9,2,61,0,2020,10,17,5,3,0,2,0,1,0,0,0,0,0,730904.5331,5381059.9755,12.128403322,48.540105753,0,1,#66c2a5,bicycle
4420,40678,"9,20100500110543E+018",9,1,77,130,2020,10,17,2,3,5,3,0,0,1,0,0,0,0,710939426,5350972813,11.843149804,48.276790283,0,2,#fc8d62,car
4421,40685,"9,20100100147345E+018",9,1,84,145,2020,10,18,5,3,8,1,0,0,0,0,1,0,0,694334.9969,5323605.2569,11.607099166,48.036135971,0,4,#e78ac3,marker
4422,40686,"9,20100100141543E+018",9,1,87,124,2020,10,12,5,3,2,2,0,0,1,0,0,0,0,733717.3494,5329317.5419,12.137801244,48.074258318,0,2,#fc8d62,car
4423,40687,"9,20093000210942E+018",9,2,61,0,2020,9,17,4,3,6,4,1,0,1,1,0,0,0,732388.2253,5380465.2053,12.148141957,48.534215428,0,2,#fc8d62,car
4424,40688,"9,20100100141343E+018",9,1,63,0,2020,10,18,5,3,3,6,0,1,1,0,0,0,0,732729.3527,5305582.7547,12.111709767,47.861388628,0,1,#66c2a5,bicycle
4425,40691,"9,20093000210942E+018",9,2,61,0,2020,9,11,4,2,7,1,0,1,0,0,0,0,0,731755.5555,5381288.5058,12.140042466,48.541844899,0,1,#66c2a5,bicycle
4426,40693,"9,20100300857143E+018",9,1,62,0,2020,10,20,7,2,0,3,2,0,1,0,0,0,1,688557.2603,5334961.6877,11.534681491,48.139942545,1,2,#fc8d62,car
4427,40695,"9,20093000210942E+018",9,2,74,113,2020,9,16,4,3,0,1,0,1,0,0,0,0,0,728532666,5381572308,12.096598299,48.545576367,0,1,#66c2a5,bicycle
4428,40696,"9,20100100140142E+018",9,1,87,137,2020,10,5,5,3,0,6,2,0,1,0,0,0,1,730483.7763,5310884.5178,12.084559893,47.909830754,0,2,#fc8d62,car
4429,40697,"9,20100400121543E+018",9,1,81,113,2020,10,11,1,2,5,2,0,0,0,0,1,0,1,642804.5259,5308494.2728,10.911241385,47.913861295,0,4,#e78ac3,marker
4430,40705,"9,20100100127043E+018",9,1,88,121,2020,10,16,5,3,2,6,0,0,1,0,0,0,0,672867.5801,5329641882,11.321803909,48.096576052,0,2,#fc8d62,car
4431,40707,"9,20100100127043E+018",9,1,79,123,2020,10,18,5,3,3,6,0,0,1,0,0,1,0,678438.4925,5332442.0501,11.397731851,48.120211572,0,2,#fc8d62,car
4432,40708,"9,20100100127043E+018",9,1,79,123,2020,10,12,5,3,2,6,0,0,1,0,0,1,1,676762389,5332050.2975,11.375067293,48.117157528,0,2,#fc8d62,car
4433,40710,"9,20100100127043E+018",9,1,79,123,2020,10,7,5,3,2,6,0,0,1,0,0,0,0,676281.9464,5331928.2999,11.36856712,48.116194038,0,2,#fc8d62,car
4434,40711,"9,20100100120743E+018",9,1,88,120,2020,10,10,5,3,5,3,0,0,1,0,0,0,0,672568.4922,5323531.7629,11.315323822,48.041728884,0,2,#fc8d62,car
4435,40712,"9,20100100111345E+018",9,1,75,135,2020,10,16,5,3,0,7,0,0,0,0,1,0,0,709571.5329,5339042.5554,11.818838839,48.17004017,0,4,#e78ac3,marker
4436,40714,"9,20100100110747E+018",9,1,78,124,2020,10,7,5,3,2,3,0,1,1,0,0,0,0,702723.0037,5364189.0296,11.738897478,48.398239854,0,1,#66c2a5,bicycle
4437,40715,"9,2009300016194E+018",9,1,73,120,2020,9,15,4,1,3,6,0,0,1,0,1,0,1,687659.3692,5310240.7663,11.511796289,47.918005265,0,2,#fc8d62,car