fid,OBJECTID,UIDENTSTLA,ULAND,UREGBEZ,UKREIS,UGEMEINDE,UJAHR,UMONAT,USTUNDE,UWOCHENTAG,UKATEGORIE,UART,UTYP1,ULICHTVERH,IstRad,IstPKW,IstFuss,IstKrad,IstGkfz,IstSonstig,LINREFX,LINREFY,XGCSWGS84,YGCSWGS84,STRZUSTAND,Teilnehmer,color,symbol
4438,40716,"9,20093000858241E+018",9,1,62,0,2020,9,16,4,3,3,6,0,0,0,0,1,0,1,693505.5832,5331528.6463,11.599570764,48.107601792,0,4,#e78ac3,marker
4439,40718,"9,20100400167043E+018",9,1,88,113,2020,10,15,1,3,2,6,0,0,1,0,0,0,0,679995.8745,5314865.5581,11.41125087,47.961775992,0,2,#fc8d62,car
4440,40719,"9,20093000857141E+018",9,1,62,0,2020,9,18,4,3,2,6,0,0,1,0,0,0,0,688684.4745,5336003.1717,11.536851367,48.149265831,0,2,#fc8d62,car
4441,40720,"9,20100300117044E+018",9,1,62,0,2020,10,3,7,2,9,1,2,0,1,0,0,0,0,684799.1461,5342574.9286,11.487522709,48.209476244,1,2,#fc8d62,car
4442,40722,"9,20093000857141E+018",9,1,84,122,2020,9,16,4,3,5,2,0,1,1,0,0,0,0,688783.3446,5324955.4846,11.533292925,48.049937573,0,1,#66c2a5,bicycle
4443,40723,"9,20100200857143E+018",9,1,62,0,2020,10,9,6,3,5,3,0,0,1,0,0,0,0,691754.7413,5331909.2397,11.576245645,48.111551973,0,2,#fc8d62,car
4444,40724,"9,20093000854741E+018",9,1,62,0,2020,9,19,4,3,5,2,2,1,1,0,0,0,0,692182.9197,5339366.0102,11.585358003,48.178442894,0,1,#66c2a5,bicycle
4445,40728,"9,20100400147342E+018",9,1,84,141,2020,10,15,1,3,2,6,0,0,1,0,0,0,0,700431.5167,5316921.4299,11.685672778,47.974182366,0,2,#fc8d62,car
4446,40729,"9,20100300160942E+018",9,1,73,118,2020,10,11,7,2,8,1,0,1,0,0,0,0,0,688579.8498,5302947249,11.520919396,47.852176439,0,1,#66c2a5,bicycle
4447,40731,"9,20100500857143E+018",9,1,84,142,2020,10,17,2,3,5,2,0,0,1,0,1,0,0,683339.3781,5318141.7088,11.457396533,47.990276447,0,2,#fc8d62,car
4448,40737,"9,20100500852746E+018",9,1,84,123,2020,10,9,2,3,6,4,0,1,0,1,0,0,0,703970.8844,5334001.4631,11.741182788,48.126559559,0,1,#66c2a5,bicycle
4449,40739,"9,20100600712744E+018",9,7,72,131,2020,10,6,3,3,5,3,2,0,1,0,0,0,1,621723.0431,5357284.1014,10.643168806,48.356991393,1,2,#fc8d62,car
4450,40740,"9,20100500852251E+018",9,1,84,147,2020,10,7,2,3,4,6,0,0,1,0,0,0,0,695965.2683,5339211.0377,11.63611359,48.175894957,1,2,#fc8d62,car
4451,40742,"9,20100700857143E+018",9,1,62,0,2020,10,9,4,3,5,4,0,0,1,1,0,0,0,682881.0976,5340205232,11.460708433,48.188731601,1,2,#fc8d62,car
4452,40745,"9,2010090014015E+018",9,1,87,179,2020,10,7,6,3,1,6,0,1,1,0,0,0,0,723345.4187,5312388.7032,11.98994337,47.925871034,0,1,#66c2a5,bicycle
4453,40748,"9,20100700127043E+018",9,1,74,113,2020,10,8,4,3,1,6,0,0,1,0,0,0,0,669386.1808,5349308.4569,11.282925485,48.274308959,1,2,#fc8d62,car
4454,40751,"9,20100800710743E+018",9,7,61,0,2020,10,16,5,3,1,6,0,0,1,0,0,0,0,642106.4355,5363548.3851,10.920298468,48.409058681,0,2,#fc8d62,car
4455,40763,"9,20100700111344E+018",9,1,75,133,2020,10,9,4,2,6,2,0,0,1,1,0,0,0,707782.3944,5342061.0918,11.796280049,48.19775261,0,2,#fc8d62,car
4456,40771,"9,20100900120143E+018",9,1,74,115,2020,10,12,6,3,0,1,0,0,0,0,1,0,0,681510742,5346739996,11.445084529,48.247863376,0,4,#e78ac3,marker
4457,40774,"9,20100700712143E+018",9,7,71,130,2020,10,10,4,3,5,3,0,0,1,0,0,0,1,647032.8254,5357549.5946,10.984729635,48.353992516,0,2,#fc8d62,car
4458,40776,"9,20100500740743E+018",9,7,62,0,2020,10,16,2,3,2,6,0,0,1,0,0,0,0,623279572,5306066382,10.649353779,47.896077054,0,2,#fc8d62,car
4459,40777,"9,20100900121543E+018",9,1,81,128,2020,10,13,6,3,0,1,0,1,0,0,0,0,0,636667.8548,5326644.8932,10.834935007,48.078419614,0,1,#66c2a5,bicycle
4460,40780,"9,20100600857143E+018",9,1,62,0,2020,10,12,3,3,5,2,0,1,1,0,0,0,0,696586178,5333732421,11.641926445,48.126464866,0,1,#66c2a5,bicycle
4461,40785,"9,20100500712544E+018",9,7,72,149,2020,10,11,2,3,5,3,0,0,1,0,0,0,0,637785.4482,5340297.9496,10.854349657,48.200950922,0,2,#fc8d62,car
4462,40790,"9,20100700210947E+018",9,2,74,124,2020,10,16,4,3,5,3,0,0,1,0,0,0,0,726135.1717,5376242.3198,12.061271598,48.498563104,1,2,#fc8d62,car
4463,40791,"9,20100500712343E+018",9,7,72,171,2020,10,7,2,3,2,6,0,0,1,0,0,0,0,637797.5763,5371300.5459,10.864655631,48.479720777,1,2,#fc8d62,car
4464,40801,"9,20100500712342E+018",9,7,72,171,2020,10,7,2,3,2,6,0,0,1,0,0,0,0,637647.9012,5371776.1396,10.862787998,48.484029945,1,2,#fc8d62,car
4465,40805,"9,20100800717344E+018",9,7,61,0,2020,10,10,5,3,2,6,0,0,1,0,0,0,0,639730.3892,5356242.4663,10.885780484,48.343897232,0,2,#fc8d62,car
4466,40809,"9,20100600710647E+018",9,7,61,0,2020,10,16,3,3,4,2,0,1,1,0,0,0,0,641579.3244,5357772.2645,10.911233603,48.357240926,1,1,#66c2a5,bicycle
4467,40819,"9,20100700858243E+018",9,1,84,118,2020,10,19,4,3,8,1,2,0,1,0,0,0,0,702518.6674,5337309.6401,11.723262448,48.156753098,1,2,#fc8d62,car
4468,40824,"9,20100800710643E+018",9,7,61,0,2020,10,22,5,3,5,3,2,0,1,0,0,0,0,638642.5579,5354957.35,10.870684479,48.332581344,0,2,#fc8d62,car
4469,40830,"9,20100700717343E+018",9,7,71,122,2020,10,17,4,3,2,1,0,0,1,0,0,0,0,653369.0019,5361768.9969,11.071740922,48.390420962,1,2,#fc8d62,car
4470,40836,"9,20100700110543E+018",9,1,77,133,2020,10,7,4,3,8,1,0,0,1,0,0,0,0,709306.5417,5358428.0138,11.824866794,48.344322742,1,2,#fc8d62,car
4471,40838,"9,20100700120144E+018",9,1,74,113,2020,10,9,4,3,6,6,0,1,0,1,0,0,0,675048.3356,5347777.6754,11.358538291,48.259008834,0,1,#66c2a5,bicycle
4472,40846,"9,20100900121346E+018",9,1,88,132,2020,10,18,6,3,8,1,2,0,1,0,0,0,0,664684.8118,5324063.9752,11.209837963,48.048596013,0,2,#fc8d62,car
4473,40849,"9,20100600852743E+018",9,1,84,123,2020,10,12,3,3,0,7,0,1,0,0,0,0,0,703840357,5334365783,11.739604953,48.129875395,0,1,#66c2a5,bicycle
4474,40851,"9,20100800140143E+018",9,1,87,122,2020,10,19,5,3,8,7,2,0,1,0,0,0,0,719145.3828,5311593452,11.933389766,47.920174702,0,2,#fc8d62,car
4475,40859,"9,20100800161943E+018",9,1,73,147,2020,10,6,5,2,1,5,1,0,1,0,0,0,0,680894079,5310397545,11.421394792,47.921358854,0,2,#fc8d62,car
4476,40871,"9,20100800121544E+018",9,1,81,128,2020,10,16,5,3,8,1,0,0,0,0,1,0,0,640089.2637,5328196.0706,10.881355081,48.091625548,0,4,#e78ac3,marker
4477,40875,"9,20100600131343E+018",9,1,86,143,2020,10,15,3,3,4,6,0,0,1,0,0,0,0,686637.3838,5380902076,11.529261367,48.55341787,1,2,#fc8d62,car
4478,40877,"9,20100800711343E+018",9,7,72,202,2020,10,11,5,3,4,2,0,0,1,0,0,0,0,636640448,5356731067,10.844260371,48.348966654,0,2,#fc8d62,car
4479,40885,"9,20100600717343E+018",9,7,72,149,2020,10,17,3,3,2,6,0,0,1,0,0,0,0,637749.2427,5340322444,10.853870609,48.201179037,0,2,#fc8d62,car
4480,40888,"9,20100700858243E+018",9,1,84,142,2020,10,5,4,3,5,1,2,0,1,0,0,0,0,683339796,5318143198,11.457402765,47.990289713,1,2,#fc8d62,car
4481,40895,"9,20100700127043E+018",9,1,62,0,2020,10,8,4,3,1,6,0,0,1,0,0,0,0,684635.5071,5342409.1668,11.485250034,48.208033934,1,2,#fc8d62,car
4482,40900,"9,20100700712743E+018",9,7,72,130,2020,10,17,4,3,1,6,0,0,1,0,0,0,0,631985.3447,5357619.7286,10.781740428,48.357947717,0,2,#fc8d62,car
4483,40913,"9,20100700117043E+018",9,1,78,124,2020,10,12,4,3,9,1,0,0,0,0,1,0,0,700137.63,5356948.3978,11.700563578,48.33399707,1,4,#e78ac3,marker
4484,40914,"9,20100800210944E+018",9,2,61,0,2020,10,8,5,3,2,6,0,0,1,0,0,0,0,731842.1391,5379827.8626,12.140401362,48.528692229,0,2,#fc8d62,car
4485,40921,"9,20100900120551E+018",9,1,79,138,2020,10,19,6,3,5,3,1,0,1,0,0,0,0,654397.78,5335733608,11.076119825,48.156090533,0,2,#fc8d62,car
4486,40925,"9,20100900127043E+018",9,1,62,0,2020,10,9,6,3,3,6,0,0,1,0,0,1,0,683580.3087,5342561.8962,11.471126578,48.209712784,0,2,#fc8d62,car
4487,40928,"9,20100600858243E+018",9,1,62,0,2020,10,12,3,3,5,3,0,1,1,0,0,0,0,684179824,5332078.0652,11.47464917,48.11530504,1,1,#66c2a5,bicycle
4488,40935,"9,20100600127043E+018",9,1,74,135,2020,10,22,3,3,7,1,2,0,1,0,0,0,0,663985.8796,5352568.9326,11.211465235,48.305042162,1,2,#fc8d62,car
4489,40944,"9,20100800117544E+018",9,1,62,0,2020,10,22,5,3,2,6,2,0,1,0,0,1,0,695694.0911,5343928369,11.634644064,48.218374883,0,2,#fc8d62,car
4490,40953,"9,20100600121743E+018",9,1,79,126,2020,10,17,3,3,2,6,0,0,1,0,0,0,0,677658854,5339267.1229,11.390113983,48.181780996,1,2,#fc8d62,car
4491,40956,"9,20100700161943E+018",9,1,73,120,2020,10,17,4,3,4,1,0,0,1,0,0,0,0,692359.0101,5313352.0705,11.576024812,47.94457775,1,2,#fc8d62,car
4492,40959,"9,20100600711343E+018",9,7,61,0,2020,10,14,3,3,2,6,0,0,1,0,0,0,0,637436.9398,5359479779,10.85590285,48.373509968,1,2,#fc8d62,car
4493,40962,"9,20100700854343E+018",9,1,62,0,2020,10,12,4,3,5,3,0,0,1,0,0,1,0,687913.3519,5343609.0053,11.529858087,48.217856321,1,2,#fc8d62,car
4494,40965,"9,20100900140144E+018",9,1,87,150,2020,10,14,6,3,5,3,0,0,1,0,1,0,0,728802391,5304337104,12.058623433,47.85160724,0,2,#fc8d62,car
4495,40969,"9,20100700121343E+018",9,1,88,132,2020,10,8,4,3,8,1,0,0,1,0,0,0,0,664694.6336,5323499.9158,11.209752625,48.043522351,1,2,#fc8d62,car
4496,40971,"9,20100900141343E+018",9,1,87,177,2020,10,13,6,3,5,3,0,0,1,0,1,0,0,735948.7936,5304402.8297,12.154044777,47.849614457,0,2,#fc8d62,car
4497,40973,"9,20100800710643E+018",9,7,61,0,2020,10,18,5,3,2,1,0,0,1,0,0,0,1,642005091,5358900.6505,10.917358733,48.367291282,0,2,#fc8d62,car
4498,40979,"9,20100700717345E+018",9,7,72,223,2020,10,4,4,3,3,1,2,0,1,0,0,1,0,617977.7714,5363088.4546,10.59426085,48.40990146,1,2,#fc8d62,car
4499,40985,"9,20100700110943E+018",9,1,78,143,2020,10,18,4,3,8,1,1,0,1,0,0,0,0,718286.7441,5371441.8349,11.952668139,48.458208532,1,2,#fc8d62,car
4500,40994,"9,20100700710443E+018",9,7,61,0,2020,10,7,4,3,3,2,1,1,0,0,0,0,1,639943.4103,5360652.8149,10.890120971,48.383506686,1,1,#66c2a5,bicycle
4501,40997,"9,20100900121543E+018",9,1,81,130,2020,10,8,6,3,4,2,0,1,1,0,0,0,0,639594.4606,5323209.5329,10.873085323,48.046893879,0,1,#66c2a5,bicycle
4502,41001,"9,20100600857143E+018",9,1,84,112,2020,10,8,3,3,2,6,0,0,1,0,0,0,1,703230061,5338245.4013,11.733264293,48.164935552,0,2,#fc8d62,car
4503,41008,"9,20100600121543E+018",9,1,81,130,2020,10,14,3,3,2,6,0,0,1,0,1,0,0,639477.7262,5323121.5281,10.871491162,48.046128032,1,2,#fc8d62,car
4504,41012,"9,20100600120143E+018",9,1,74,143,2020,10,13,3,3,0,1,0,0,0,0,1,0,0,674434.3307,5352832.5454,11.352359207,48.304617192,0,4,#e78ac3,marker
4505,41014,"9,20100800858243E+018",9,1,62,0,2020,10,6,5,3,1,6,1,0,1,0,0,0,0,689656.1588,5340121.5716,11.55173898,48.185993026,1,2,#fc8d62,car
4506,41023,"9,20100900141343E+018",9,1,87,142,2020,10,12,6,3,5,3,0,1,1,0,0,0,0,733470.6248,5311420.0204,12.12476162,47.913561634,0,1,#66c2a5,bicycle
4507,41024,"9,20100600120143E+018",9,1,74,131,2020,10,7,3,1,9,1,0,0,1,0,0,0,0,673821.4554,5363308.1801,11.348426856,48.398952221,1,2,#fc8d62,car
4508,41026,"9,20100800711344E+018",9,7,61,0,2020,10,18,5,3,2,6,1,0,1,0,0,0,0,637432.2,5359466354,10.855834491,48.373390284,0,2,#fc8d62,car
4509,41038,"9,20100700858243E+018",9,1,62,0,2020,10,7,4,3,2,6,0,0,1,0,0,0,0,698105982,5329845599,11.660523487,48.09106171,1,2,#fc8d62,car
4510,41043,"9,20100800710643E+018",9,7,61,0,2020,10,18,5,3,3,1,1,1,1,0,0,0,0,641269.6351,5356013.4773,10.906465214,48.341495892,0,1,#66c2a5,bicycle
4511,41044,"9,20100700147343E+018",9,1,84,114,2020,10,7,4,3,3,1,0,0,1,0,0,0,0,697892.9273,5322562.1962,11.654296163,48.025668911,1,2,#fc8d62,car
4512,41049,"9,20100700717343E+018",9,7,71,122,2020,10,17,4,3,2,1,1,0,1,0,0,0,0,653427.0487,5361714.1688,11.072504471,48.389913902,1,2,#fc8d62,car
4513,41051,"9,2010050021095E+018",9,2,74,124,2020,10,9,2,3,8,1,0,0,1,0,0,0,0,726172297,5376395662,12.061856467,48.4999273,1,2,#fc8d62,car
4514,41059,"9,20100700120143E+018",9,1,74,115,2020,10,16,4,3,2,6,0,0,1,0,0,1,0,681117.7723,5349298.8673,11.440891287,48.270976473,1,2,#fc8d62,car
4515,41060,"9,20100800211543E+018",9,2,74,118,2020,10,6,5,3,8,7,2,0,1,0,0,0,0,735600.4731,5368803.4652,12.185016714,48.428266544,1,2,#fc8d62,car
4516,41065,"9,20100500167042E+018",9,1,73,130,2020,10,10,2,2,9,1,0,0,1,0,0,0,0,679430.2868,5312012.8027,11.40249157,47.936290348,1,2,#fc8d62,car
4517,41066,"9,20100900120743E+018",9,1,88,120,2020,10,7,6,2,4,7,0,0,1,0,1,0,0,671089.2645,5326521.9047,11.29668961,48.069007974,0,2,#fc8d62,car
4518,41074,"9,20100600858244E+018",9,1,84,140,2020,10,12,3,3,0,7,0,0,1,0,0,0,0,702031.8916,5327275873,11.711972085,48.066735428,1,2,#fc8d62,car
4519,41078,"9,20100500167042E+018",9,1,84,132,2020,10,8,2,2,3,1,0,0,1,0,0,0,1,684226.7486,5326029.0598,11.472669742,48.060919065,1,2,#fc8d62,car
4520,41080,"9,20100500857147E+018",9,1,62,0,2020,10,11,2,2,3,2,0,1,0,0,0,1,0,688529848,5334969394,11.534316786,48.140019933,0,1,#66c2a5,bicycle
4521,41086,"9,20100600141343E+018",9,1,63,0,2020,10,7,3,3,2,6,1,0,1,0,0,0,0,734696.6427,5304867.3896,12.137584661,47.854246373,1,2,#fc8d62,car
4522,41089,"9,20100800120547E+018",9,1,79,149,2020,10,19,5,3,1,7,2,0,1,0,0,1,0,655169.4942,5330231.9237,11.084485864,48.106436967,0,2,#fc8d62,car
4523,41094,"9,20101300210943E+018",9,2,61,0,2020,10,15,3,3,2,6,0,0,1,0,0,0,0,731972.0072,5380953.9174,12.142784315,48.538759386,0,2,#fc8d62,car
4524,41104,"9,20101300711943E+018",9,7,72,125,2020,10,16,3,3,2,6,0,0,1,0,1,0,0,635798.9623,5347640.8306,10.829983062,48.267407825,0,2,#fc8d62,car
4525,41107,"9,20101500110747E+018",9,1,78,124,2020,10,15,5,3,5,2,0,1,1,0,0,0,0,702889642,5363633.41,11.740877769,48.393193322,0,1,#66c2a5,bicycle
4526,41120,"9,20101500717344E+018",9,7,72,147,2020,10,10,5,3,2,6,0,0,1,0,0,0,0,633390.4703,5364548.9983,10.802899578,48.419961262,0,2,#fc8d62,car
4527,41131,"9,20101400121543E+018",9,1,81,124,2020,10,14,4,3,5,3,0,1,1,0,0,0,0,646349.1782,5319352.7239,10.962349131,48.010701042,0,1,#66c2a5,bicycle
4528,41132,"9,20101300131343E+018",9,1,86,152,2020,10,7,3,3,5,3,1,0,1,0,0,0,0,696064.6235,5377775.62,11.655406366,48.522445395,0,2,#fc8d62,car
4529,41138,"9,20101300127043E+018",9,1,62,0,2020,10,9,3,3,2,6,0,0,1,0,0,0,1,679834.5374,5338012.4819,11.418826559,48.169891086,0,2,#fc8d62,car
4530,41142,"9,20101300117544E+018",9,1,84,131,2020,10,11,3,3,2,6,0,0,0,0,0,1,0,704721.6242,5336974.9774,11.75268927,48.153040303,1,5,#a6d854,bus
4531,41143,"9,20101300111347E+018",9,1,75,132,2020,10,6,3,3,2,7,0,0,1,0,0,0,1,706248.2513,5330742.5833,11.770175933,48.096539992,1,2,#fc8d62,car
4532,41146,"9,20101300111344E+018",9,1,75,118,2020,10,12,3,3,2,6,0,0,1,0,0,0,0,715229.8767,5338753.5116,11.894700567,48.165552421,0,2,#fc8d62,car
4533,41148,"9,20101400117544E+018",9,1,77,127,2020,10,16,4,3,2,6,0,0,1,0,0,0,0,726853769,5348383.2443,12.055957151,48.248025797,0,2,#fc8d62,car
4534,41149,"9,20101200858245E+018",9,1,62,0,2020,10,10,2,3,2,6,0,0,1,0,0,0,0,694106.0566,5336814.1838,11.610036728,48.154923635,0,2,#fc8d62,car
4535,41151,"9,20101200854843E+018",9,1,84,135,2020,10,6,2,3,6,7,2,0,1,1,0,0,0,689797.4005,5348163.4714,11.557237345,48.258230467,1,2,#fc8d62,car
4536,41152,"9,20101200852243E+018",9,1,62,0,2020,10,15,2,3,2,6,0,0,1,0,0,0,1,693913.3299,5336923.2599,11.60749773,48.155962762,1,2,#fc8d62,car
4537,41162,"9,20101300712543E+018",9,7,72,197,2020,10,16,3,2,4,1,0,0,1,0,0,0,0,621988.4506,5337961.6099,10.641175054,48.183171951,0,2,#fc8d62,car
4538,41167,"9,20101300852344E+018",9,1,62,0,2020,10,6,3,3,0,6,2,0,1,0,0,1,0,692243593,5331175.9423,11.582476078,48.104813834,0,2,#fc8d62,car
4539,41169,"9,20101500137044E+018",9,1,86,162,2020,10,14,5,3,5,6,0,0,1,0,0,0,1,691247.4873,5382945.2584,11.592609369,48.570391337,0,2,#fc8d62,car
4540,41182,"9,20101200740744E+018",9,7,62,0,2020,10,13,2,3,5,3,0,1,1,0,0,0,0,622057.3277,5304365.8904,10.632527491,47.881017009,0,1,#66c2a5,bicycle
4541,41184,"9,20101400858245E+018",9,1,62,0,2020,10,5,4,3,4,2,2,0,1,0,1,0,0,695602.8465,5338532.7375,11.630931565,48.169910441,0,2,#fc8d62,car
4542,41191,"9,20101500121544E+018",9,1,81,126,2020,10,15,5,3,2,6,0,0,1,0,0,0,1,636456526,5331415.2328,10.833624493,48.12136178,0,2,#fc8d62,car
4543,41193,"9,20101200710447E+018",9,7,61,0,2020,10,15,2,3,5,3,0,1,1,0,0,0,0,641597567,5359672.8422,10.912119542,48.374326065,1,1,#66c2a5,bicycle
4544,41210,"9,20101400120947E+018",9,1,79,123,2020,10,16,4,3,1,7,0,0,1,0,0,0,0,676563444,5334232922,11.373300814,48.136832907,0,2,#fc8d62,car
4545,41212,"9,20101400127044E+018",9,1,79,142,2020,10,13,4,3,3,6,0,0,1,0,0,0,0,675156.0041,5344262.6397,11.358533835,48.227381832,1,2,#fc8d62,car
4546,41218,"9,20101400710145E+018",9,7,71,158,2020,10,15,4,3,5,3,0,0,1,0,0,0,0,642372.7236,5370706.8135,10.926327781,48.473362943,1,2,#fc8d62,car
4547,41225,"9,20101300858244E+018",9,1,62,0,2020,10,16,3,3,2,6,0,0,1,0,0,0,0,693020.3876,5331323.2177,11.592966599,48.105902642,0,2,#fc8d62,car
4548,41250,"9,20101000141343E+018",9,1,63,0,2020,10,11,7,3,2,6,0,0,1,0,0,0,0,733620.6473,5303209.1089,12.122327014,47.839740281,0,2,#fc8d62,car
4549,41265,"9,20101300712146E+018",9,7,71,122,2020,10,14,3,3,9,1,0,0,1,0,0,0,0,652796.5781,5362003839,11.064099158,48.392671302,0,2,#fc8d62,car
4550,41267,"9,20101000117043E+018",9,1,78,145,2020,10,8,7,3,9,6,0,0,1,0,0,0,0,693767.5577,5356114.7302,11.614320074,48.328489793,1,2,#fc8d62,car
4551,41268,"9,20101500120146E+018",9,1,74,151,2020,10,19,5,3,9,1,2,0,1,0,0,0,0,679635.9166,5361841.4349,11.426284208,48.384138777,1,2,#fc8d62,car
4552,41271,"9,20100900858244E+018",9,1,62,0,2020,10,7,6,3,0,7,0,1,0,0,0,0,0,679755.8295,5334886.3017,11.416448228,48.141812346,0,1,#66c2a5,bicycle
4553,41275,"9,20101400140143E+018",9,1,87,130,2020,10,12,4,3,5,3,0,0,1,0,0,1,0,716825.2696,5313429.2795,11.903299047,47.937459665,0,2,#fc8d62,car
4554,41280,"9,20100900857145E+018",9,1,84,136,2020,10,18,6,3,5,2,0,1,1,0,0,0,0,698141.7552,5327136.4313,11.659747168,48.066702344,0,1,#66c2a5,bicycle
4555,41286,"9,20100900857143E+018",9,1,84,127,2020,10,18,6,3,2,6,0,1,1,0,0,0,0,703469.2622,5322122.6547,11.728795045,48.019967186,0,1,#66c2a5,bicycle
4556,41287,"9,20101400857145E+018",9,1,84,112,2020,10,22,4,2,4,6,2,0,1,0,0,0,0,702249.0796,5338198.4667,11.720064106,48.164826585,1,2,#fc8d62,car
4557,41289,"9,20101200210947E+018",9,2,61,0,2020,10,17,2,3,5,3,0,1,1,0,0,0,0,731011.6479,5381931.1887,12.130335359,48.547892348,0,1,#66c2a5,bicycle
4558,41290,"9,20100900857143E+018",9,1,62,0,2020,10,6,6,3,2,6,2,0,1,0,0,0,0,690890.2011,5339125.5814,11.567877791,48.176671605,0,2,#fc8d62,car
4559,41294,"9,20101400127043E+018",9,1,62,0,2020,10,7,4,3,2,6,0,0,1,0,0,0,0,682115.2027,5341927.8745,11.451151863,48.204435857,0,2,#fc8d62,car
4560,41295,"9,20101200152546E+018",9,1,83,139,2020,10,16,2,2,4,6,0,0,1,0,0,0,0,734171.9099,5335252.2349,12.147150197,48.127405653,0,2,#fc8d62,car
4561,41298,"9,20100900852844E+018",9,1,84,136,2020,10,11,6,3,5,2,0,1,1,0,0,0,0,697678.89,5326719143,11.653347937,48.063095592,0,1,#66c2a5,bicycle
4562,41310,"9,20101400117545E+018",9,1,77,127,2020,10,17,4,3,2,6,0,0,1,0,0,0,0,726854.7991,5348383269,12.05597102,48.248025651,0,2,#fc8d62,car
4563,41311,"9,20101200140144E+018",9,1,87,122,2020,10,16,2,3,5,2,0,0,1,0,0,1,0,722159.6785,5306842.8314,11.971236608,47.876452127,1,2,#fc8d62,car
4564,41314,"9,20101200131544E+018",9,1,85,158,2020,10,20,2,3,5,3,2,1,1,0,0,0,0,666408.1268,5381375.3338,11.255543724,48.563366528,0,1,#66c2a5,bicycle
4565,41322,"9,20101500857143E+018",9,1,62,0,2020,10,17,5,3,1,6,1,0,1,0,0,0,0,693495826,5339443.4302,11.603036392,48.178740293,1,2,#fc8d62,car
4566,41325,"9,20101300730344E+018",9,7,73,182,2020,10,9,3,2,4,6,0,0,1,0,0,0,0,622732.2206,5379786048,10.663385436,48.559148978,0,2,#fc8d62,car
4567,41327,"9,20101500121544E+018",9,1,81,129,2020,10,7,5,2,2,6,1,0,1,0,1,0,0,641247.2164,5305203.5056,10.889333396,47.884614169,0,2,#fc8d62,car
4568,41330,"9,20101300854846E+018",9,1,84,135,2020,10,7,3,3,5,3,0,1,1,0,0,0,0,686618.8232,5347511.4104,11.5141664,48.253313753,0,1,#66c2a5,bicycle
4569,41331,"9,20101200121543E+018",9,1,81,130,2020,10,12,2,3,4,2,0,0,1,0,0,0,0,641985818,5322095847,10.904785097,48.036351986,0,2,#fc8d62,car
4570,41333,"9,20101200120143E+018",9,1,74,137,2020,10,17,2,3,9,1,0,0,1,0,0,0,0,659131.9455,5351370.5871,11.145603207,48.295508237,0,2,#fc8d62,car
4571,41334,"9,20101200110543E+018",9,1,77,133,2020,10,19,2,3,4,6,2,0,1,0,0,0,1,710495.6659,5357690.3381,11.840526549,48.337299253,0,2,#fc8d62,car
4572,41345,"9,20101100710644E+018",9,7,61,0,2020,10,16,1,3,0,2,0,0,1,0,0,0,0,641205.5127,5355560.6419,10.905448561,48.33743848,0,2,#fc8d62,car
4573,41347,"9,20101400858246E+018",9,1,62,0,2020,10,13,4,3,6,4,0,0,1,1,0,0,0,698183009,5329808319,11.661539487,48.090702718,1,2,#fc8d62,car
4574,41348,"9,20101100710144E+018",9,7,71,113,2020,10,16,1,3,0,1,0,1,0,0,0,0,0,659002.3816,5366787.3983,11.149684928,48.434142423,0,1,#66c2a5,bicycle
4575,41361,"9,20101500710747E+018",9,7,61,0,2020,10,13,5,3,5,3,0,1,1,0,0,0,0,643195177,5360561.0174,10.933983376,48.381951553,0,1,#66c2a5,bicycle
4576,41372,"9,20101400121343E+018",9,1,88,132,2020,10,7,4,3,5,3,1,0,1,0,0,0,0,665894.94,5324439359,11.226209042,48.051657458,1,2,#fc8d62,car
4577,41384,"9,20100900740744E+018",9,7,62,0,2020,10,12,6,3,2,6,0,0,1,0,0,0,0,622668784,5306486441,10.641304971,47.899971982,0,2,#fc8d62,car
4578,41389,"9,20101400110346E+018",9,1,75,121,2020,10,17,4,3,4,2,0,0,1,0,0,0,0,713801.0184,5317188955,11.86472529,47.972260217,0,2,#fc8d62,car
4579,41411,"9,20100900712551E+018",9,7,72,162,2020,10,15,6,2,2,6,0,0,1,0,1,0,0,637330.5786,5335191046,10.846580805,48.155127057,0,2,#fc8d62,car
4580,41412,"9,20101300210945E+018",9,2,61,0,2020,10,12,3,3,6,3,0,0,1,1,0,0,0,734243.8371,5382226.6159,12.174229896,48.549347608,0,2,#fc8d62,car
4581,41415,"9,20101400167046E+018",9,1,84,132,2020,10,22,4,3,8,1,2,0,1,0,0,0,0,684228.6028,5326031.2876,11.472695564,48.060938555,0,2,#fc8d62,car
4582,41421,"9,20100900711943E+018",9,7,72,125,2020,10,13,6,3,6,4,0,0,1,1,0,0,0,636231.2435,5348223.5975,10.83599301,48.272555317,0,2,#fc8d62,car
4583,41422,"9,20101400858244E+018",9,1,62,0,2020,10,16,4,3,5,3,0,1,1,0,0,0,0,682191387,5335471953,11.449409075,48.146383844,0,1,#66c2a5,bicycle
4584,41426,"9,20100900710746E+018",9,7,61,0,2020,10,17,6,3,5,3,0,1,1,0,0,0,0,644292326,5358786.7741,10.948183592,48.365748654,0,1,#66c2a5,bicycle
4585,41427,"9,20101300712147E+018",9,7,71,130,2020,10,15,3,3,2,6,0,0,1,0,0,0,0,646990.2952,5357769.2137,10.9842326,48.355977062,0,2,#fc8d62,car