fid,OBJECTID,UIDENTSTLA,ULAND,UREGBEZ,UKREIS,UGEMEINDE,UJAHR,UMONAT,USTUNDE,UWOCHENTAG,UKATEGORIE,UART,UTYP1,ULICHTVERH,IstRad,IstPKW,IstFuss,IstKrad,IstGkfz,IstSonstig,LINREFX,LINREFY,XGCSWGS84,YGCSWGS84,STRZUSTAND,Teilnehmer,color,symbol
4733,41987,"9,20102900710646E+018",9,7,61,0,2020,10,14,5,3,5,3,0,1,1,0,0,0,0,642121605,5358998.5596,10.918964078,48.368145413,1,1,#66c2a5,bicycle
4734,41988,"9,20102600120554E+018",9,1,79,121,2020,10,13,2,2,5,3,0,0,1,0,0,1,0,666132.1789,5338490.9183,11.234864329,48.177921668,1,2,#fc8d62,car
4735,41989,"9,20102600858245E+018",9,1,84,146,2020,10,11,2,2,0,7,0,0,0,0,1,0,0,695183.1896,5328973.4554,11.620915312,48.084124937,1,4,#e78ac3,marker
4736,41992,"9,20102600120145E+018",9,1,74,126,2020,10,17,2,3,2,6,2,0,1,0,0,0,0,683681248,5347008078,11.474411021,48.249647789,1,2,#fc8d62,car
4737,41994,"9,20102400131346E+018",9,1,86,143,2020,10,17,7,3,2,6,0,0,1,0,0,0,0,685406.5866,5377082.5239,11.510899418,48.519453983,0,2,#fc8d62,car
4738,41995,"9,20102800851547E+018",9,1,62,0,2020,10,17,4,3,2,6,1,0,1,0,0,0,0,687385.5118,5331733.0683,11.517526625,48.111268933,0,2,#fc8d62,car
4739,41997,"9,20102600120144E+018",9,1,74,137,2020,10,19,2,3,9,1,2,0,1,0,0,0,0,661960.1425,5352444.5116,11.184119751,48.304445483,1,2,#fc8d62,car
4740,41998,"9,20102400127045E+018",9,1,62,0,2020,10,12,7,3,0,6,0,0,1,0,0,0,1,680582.4919,5339511.6802,11.429514368,48.183155044,0,2,#fc8d62,car
4741,42000,"9,20102400117044E+018",9,1,84,135,2020,10,5,7,3,2,6,2,0,1,0,0,0,0,688038.7665,5346876.1304,11.532994636,48.24718417,1,2,#fc8d62,car
4742,42001,"9,20102900111347E+018",9,1,75,139,2020,10,18,5,3,2,7,2,0,1,0,0,0,0,711604681,5329408.9183,11.84136824,48.082799785,1,2,#fc8d62,car
4743,42002,"9,20102600111354E+018",9,1,75,135,2020,10,18,2,3,5,2,2,0,1,0,0,0,0,706799.9181,5338491.2296,11.781337052,48.165993519,1,2,#fc8d62,car
4744,42003,"9,20102600110547E+018",9,1,77,117,2020,10,8,2,2,5,3,0,1,1,0,0,0,0,714977.5197,5351780.8618,11.89791664,48.282692977,1,1,#66c2a5,bicycle
4745,42004,"9,20102400110146E+018",9,1,77,115,2020,10,16,7,3,4,2,0,0,1,0,0,0,0,735417.7002,5350563.0013,12.172354368,48.264484547,0,2,#fc8d62,car
4746,42008,"9,20102500858245E+018",9,1,62,0,2020,10,19,1,2,0,7,2,0,0,0,1,0,0,694598.2703,5334032.7224,11.615377041,48.129774625,0,4,#e78ac3,marker
4747,42012,"9,20102500858245E+018",9,1,62,0,2020,10,12,1,3,3,6,0,0,1,0,0,1,0,687436.8321,5332847.8664,11.518705428,48.121273976,0,2,#fc8d62,car
4748,42013,"9,20102500858245E+018",9,1,84,122,2020,10,16,1,3,7,1,1,0,1,0,0,0,0,688988.1956,5325299.3789,11.536190912,48.052967973,0,2,#fc8d62,car
4749,42014,"9,20102800120745E+018",9,1,88,120,2020,10,13,4,3,5,3,0,1,1,0,0,0,0,672004457,5326262494,11.308860411,48.066429794,0,1,#66c2a5,bicycle
4750,42015,"9,20102300858245E+018",9,1,62,0,2020,10,15,6,3,2,6,0,0,1,0,0,0,0,684823835,5342177.3042,11.487681514,48.205895061,1,2,#fc8d62,car
4751,42017,"9,20102500858245E+018",9,1,84,122,2020,10,13,1,2,5,3,0,0,1,0,1,0,0,687820.1987,5322419.5997,11.519269196,48.027428123,0,2,#fc8d62,car
4752,42018,"9,20102500858244E+018",9,1,62,0,2020,10,13,1,3,2,6,0,0,1,0,0,0,0,681237.6392,5335244.0607,11.436501789,48.144607802,0,2,#fc8d62,car
4753,42021,"9,2010230085715E+018",9,1,84,136,2020,10,11,6,3,6,4,0,0,1,1,0,0,0,697861.0865,5327619.7807,11.656207508,48.071133511,0,2,#fc8d62,car
4754,42022,"9,20102500857146E+018",9,1,62,0,2020,10,13,1,2,4,2,0,0,1,0,1,0,0,689096.4309,5329659.1228,11.539570602,48.092122302,0,2,#fc8d62,car
4755,42024,"9,20102500857145E+018",9,1,84,135,2020,10,10,1,3,5,3,0,0,1,0,0,0,0,692023.0626,5345082.7919,11.585796376,48.229871952,0,2,#fc8d62,car
4756,42027,"9,20102500854446E+018",9,1,62,0,2020,10,11,1,2,5,2,0,1,0,0,0,0,1,682924.7015,5338839.1619,11.460706447,48.17644,0,1,#66c2a5,bicycle
4757,42031,"9,20102500854147E+018",9,1,62,0,2020,10,14,1,3,4,2,0,1,0,0,0,0,0,683625.7099,5331991.2696,11.467173861,48.114684879,0,1,#66c2a5,bicycle
4758,42032,"9,20102500851546E+018",9,1,62,0,2020,10,14,1,3,0,7,0,1,0,0,0,0,0,689013.4918,5332034.2956,11.539509863,48.113495388,1,1,#66c2a5,bicycle
4759,42038,"9,20102700141344E+018",9,1,63,0,2020,10,14,3,3,0,1,0,1,0,0,0,0,0,733539.4526,5305109.8016,12.122269232,47.856845703,1,1,#66c2a5,bicycle
4760,42043,"9,20102600710445E+018",9,7,61,0,2020,10,15,2,3,2,6,0,0,1,0,0,0,0,641629.1393,5359710.7862,10.912558427,48.374660156,0,2,#fc8d62,car
4761,42046,"9,20102900127046E+018",9,1,62,0,2020,10,10,5,3,1,6,2,0,0,0,0,1,0,679959.6433,5338168.2602,11.420573648,48.171255951,1,5,#a6d854,bus
4762,42055,"9,20102900141345E+018",9,1,63,0,2020,10,17,5,3,2,6,2,0,1,0,0,0,0,732799.0457,5307656.6654,12.11375718,47.879995593,1,2,#fc8d62,car
4763,42058,"9,20102700710147E+018",9,7,71,113,2020,10,11,3,3,8,6,0,0,1,0,0,0,1,660543.7567,5366165.9176,11.170270521,48.428164223,0,2,#fc8d62,car
4764,42064,"9,20102700127045E+018",9,1,62,0,2020,10,14,3,3,2,7,0,0,1,0,0,0,0,686130.3485,5333319001,11.501372529,48.125891995,0,2,#fc8d62,car
4765,42070,"9,20102300717344E+018",9,7,72,202,2020,10,14,6,3,3,6,0,0,1,0,0,1,0,637272.4947,5358304151,10.853299712,48.362974638,1,2,#fc8d62,car
4766,42071,"9,20102900117046E+018",9,1,77,126,2020,10,12,5,3,9,1,0,0,1,0,0,0,0,719069.5851,5370119.3887,11.962550699,48.446055083,1,2,#fc8d62,car
4767,42074,"9,20102300717344E+018",9,7,72,209,2020,10,7,6,3,2,6,0,0,1,0,0,0,0,636935.1722,5337676.4077,10.842067307,48.177561379,1,2,#fc8d62,car
4768,42077,"9,20102900710146E+018",9,7,71,113,2020,10,22,5,3,0,1,2,1,0,0,0,0,0,656989.6879,5370231.1434,11.123784442,48.465607677,1,1,#66c2a5,bicycle
4769,42078,"9,20102500710645E+018",9,7,61,0,2020,10,19,1,3,5,1,2,1,1,0,0,0,0,640596.3934,5354178445,10.896772557,48.325145973,0,1,#66c2a5,bicycle
4770,42079,"9,20102600857146E+018",9,1,62,0,2020,10,14,2,3,5,3,0,0,1,0,0,0,0,686658.5651,5331844.0482,11.507818373,48.112479917,1,2,#fc8d62,car
4771,42084,"9,20102700110146E+018",9,1,77,127,2020,10,9,3,3,8,6,0,0,0,0,0,1,0,726814.2671,5350600049,12.056613883,48.267955638,1,5,#a6d854,bus
4772,42090,"9,20102300712344E+018",9,7,72,184,2020,10,9,6,3,5,3,0,0,1,0,0,0,0,635872.9505,5361528.5315,10.835457034,48.392270966,1,2,#fc8d62,car
4773,42091,"9,20102800858246E+018",9,1,84,147,2020,10,11,4,3,5,3,0,0,1,0,0,0,0,695684278,5339965.5816,11.632685301,48.182762926,0,2,#fc8d62,car
4774,42094,"9,20102300712151E+018",9,7,71,130,2020,10,11,6,3,5,3,0,0,1,0,0,1,0,644697.6484,5363205.7406,10.955174625,48.405388304,0,2,#fc8d62,car
4775,42104,"9,20102800110351E+018",9,1,75,122,2020,10,11,4,3,5,3,0,1,1,0,0,0,0,721026.4355,5325529.5647,11.965704159,48.044747573,0,1,#66c2a5,bicycle
4776,42110,"9,20102800140145E+018",9,1,87,150,2020,10,17,4,3,2,6,1,0,1,0,0,0,1,725483.4572,5303656.3291,12.013965227,47.846663301,0,2,#fc8d62,car
4777,42120,"9,20102600740746E+018",9,7,62,0,2020,10,17,2,2,4,6,2,1,0,0,0,0,0,621773.2603,5304457.1456,10.628755388,47.881891682,1,1,#66c2a5,bicycle
4778,42138,"9,20102800717346E+018",9,7,72,147,2020,10,8,4,3,5,3,0,0,0,0,1,1,0,638292.6008,5367608.3472,10.870130085,48.446413098,1,4,#e78ac3,marker
4779,42142,"9,20102600717345E+018",9,7,71,122,2020,10,9,2,3,7,7,0,0,1,0,0,0,1,649797.3157,5362460.5063,11.023772154,48.397496729,1,2,#fc8d62,car
4780,42155,"9,20102700121347E+018",9,1,88,145,2020,10,17,3,3,5,6,2,1,1,0,0,0,0,663884.4862,5327748.8301,11.200519258,48.08193049,0,1,#66c2a5,bicycle
4781,42162,"9,20102900115047E+018",9,1,77,120,2020,10,14,5,3,5,3,0,0,1,0,0,0,0,719197764,5359433672,11.958704423,48.350004322,1,2,#fc8d62,car
4782,42169,"9,20102900120945E+018",9,1,79,145,2020,10,8,5,3,4,2,0,0,1,0,0,0,0,675244.3519,5337615.3915,11.356978492,48.16760368,1,2,#fc8d62,car
4783,42176,"9,20102900712545E+018",9,7,72,200,2020,10,6,5,3,5,1,1,0,1,0,1,0,0,630621.32,5339771035,10.757819337,48.197727053,1,2,#fc8d62,car
4784,42179,"9,20102600858246E+018",9,1,62,0,2020,10,5,2,3,5,2,2,1,1,0,0,0,0,697509.9029,5333584.2983,11.654257985,48.124847725,1,1,#66c2a5,bicycle
4785,42185,"9,20102800852446E+018",9,1,62,0,2020,10,8,4,3,3,2,0,1,1,0,0,1,0,696008.7034,5333824.1784,11.634216468,48.127467595,0,1,#66c2a5,bicycle
4786,42187,"9,20102500210947E+018",9,2,74,194,2020,10,17,1,3,0,1,1,1,0,0,0,0,0,723547.9822,5379968.4711,12.028295325,48.532963744,0,1,#66c2a5,bicycle
4787,42193,"9,20102500167047E+018",9,1,62,0,2020,10,15,1,2,2,6,0,0,1,0,1,0,0,685539.8015,5330139.5627,11.492061046,48.097486048,0,2,#fc8d62,car
4788,42196,"9,20102500161745E+018",9,1,90,159,2020,10,18,1,2,4,6,2,0,1,0,0,0,0,664908.6123,5305853.9994,11.205853233,47.884820668,0,2,#fc8d62,car
4789,42197,"9,20102600852351E+018",9,1,62,0,2020,10,8,2,3,5,3,0,1,1,0,0,0,0,693285.2708,5331433887,11.596571292,48.106817002,0,1,#66c2a5,bicycle
4790,42202,"9,20102800120945E+018",9,1,79,118,2020,10,9,4,3,0,7,0,1,1,0,0,0,0,672718347,5337656.8916,11.323050606,48.168668129,0,1,#66c2a5,bicycle
4791,42215,"9,20102900141345E+018",9,1,63,0,2020,10,6,5,3,5,3,1,1,1,0,0,0,0,733341.5692,5305223.1651,12.119688873,47.857936041,1,1,#66c2a5,bicycle
4792,42218,"9,20102500147347E+018",9,1,84,114,2020,10,20,1,2,2,7,2,0,1,0,0,0,0,699108.2312,5320554.8308,11.669646342,48.007250349,0,2,#fc8d62,car
4793,42227,"9,20102500140144E+018",9,1,87,130,2020,10,19,1,3,0,1,2,0,1,0,0,0,0,714581.4829,5310516.6762,11.871843616,47.912042285,0,2,#fc8d62,car
4794,42230,"9,20102800710645E+018",9,7,61,0,2020,10,13,4,3,0,1,0,1,0,0,0,0,0,638698.4329,5356666.0469,10.872000638,48.347933422,0,1,#66c2a5,bicycle
4795,42233,"9,20102500131544E+018",9,1,85,158,2020,10,13,1,3,3,6,0,0,1,0,0,0,0,661523216,5379470.37,11.18864421,48.547519042,0,2,#fc8d62,car
4796,42234,"9,20102600710645E+018",9,7,61,0,2020,10,12,2,3,2,1,0,0,1,0,0,0,0,641107.2981,5356690.9539,10.904502714,48.347623818,1,2,#fc8d62,car
4797,42237,"9,20102900127046E+018",9,1,88,121,2020,10,17,5,3,3,6,2,0,1,0,0,0,0,672817.6801,5329632.8742,11.32113062,48.09650861,1,2,#fc8d62,car
4798,42238,"9,20102500131346E+018",9,1,86,143,2020,10,13,1,3,0,1,0,1,0,0,0,0,0,680813.0816,5382320.8487,11.451024768,48.567876132,1,1,#66c2a5,bicycle
4799,42244,"9,20102900740751E+018",9,7,62,0,2020,10,21,5,3,2,6,2,0,1,0,0,0,0,623279572,5306066382,10.649353779,47.896077054,0,2,#fc8d62,car
4800,42246,"9,20102500127044E+018",9,1,74,135,2020,10,14,1,2,2,6,0,0,1,0,0,0,0,661134.2931,5354817.0781,11.173897435,48.325986251,0,2,#fc8d62,car
4801,42247,"9,20102700110347E+018",9,1,75,115,2020,10,18,3,3,2,6,2,0,1,0,0,0,0,721135.7149,5329253.0762,11.969093352,48.078165503,0,2,#fc8d62,car
4802,42248,"9,20102700711145E+018",9,7,61,0,2020,10,15,3,3,5,2,0,0,1,0,0,0,0,639366.2177,5360885.5704,10.882406807,48.385727339,0,2,#fc8d62,car
4803,42250,"9,20102500121544E+018",9,1,81,135,2020,10,16,1,3,1,2,0,0,1,0,1,0,0,646369.8136,5310544.2141,10.959625653,47.931490586,0,2,#fc8d62,car
4804,42252,"9,20102500121544E+018",9,1,81,137,2020,10,15,1,3,2,6,0,0,1,0,1,0,0,648729.8284,5306883.4994,10.989939398,47.898030509,0,2,#fc8d62,car
4805,42253,"9,20102700131545E+018",9,1,85,131,2020,10,17,3,1,4,6,2,0,1,0,0,0,0,665959.8398,5378770433,11.248434143,48.540068914,0,2,#fc8d62,car
4806,42256,"9,20102500120945E+018",9,1,88,121,2020,10,14,1,3,3,6,0,0,1,0,0,0,0,670115.2055,5329301.0804,11.284731368,48.094253017,0,2,#fc8d62,car
4807,42258,"9,20102800210947E+018",9,2,74,182,2020,10,5,4,2,8,1,2,0,1,0,0,0,0,729670.1654,5373190.2667,12.107376401,48.4698641,0,2,#fc8d62,car
4808,42260,"9,20102900120147E+018",9,1,74,115,2020,10,9,5,3,8,1,1,0,1,0,0,0,0,679122.9697,5349659.7681,11.414185522,48.274787811,1,2,#fc8d62,car
4809,42261,"9,2010250012055E+018",9,1,79,138,2020,10,16,1,3,5,3,1,0,1,0,0,0,0,658511962,5333814341,11.130687591,48.13782268,0,2,#fc8d62,car
4810,42262,"9,20102500120344E+018",9,1,81,114,2020,10,17,1,2,0,7,1,0,0,0,1,0,0,651212699,5314857064,11.025937562,47.969145823,0,4,#e78ac3,marker
4811,42265,"9,20102500120144E+018",9,1,74,115,2020,10,11,1,2,0,1,0,0,0,0,1,0,0,680512.4729,5344763.8507,11.430807552,48.230385458,0,4,#e78ac3,marker
4812,42267,"9,20102900710154E+018",9,7,71,144,2020,10,7,5,3,2,6,0,0,1,0,0,0,1,662307.1965,5373482.3782,11.196928868,48.493486179,1,2,#fc8d62,car
4813,42268,"9,20102500117545E+018",9,1,84,147,2020,10,13,1,3,8,1,0,0,0,0,1,0,0,700025.4702,5341126.4811,11.691571054,48.191844055,1,4,#e78ac3,marker
4814,42269,"9,20102600858245E+018",9,1,62,0,2020,10,15,2,3,5,2,0,1,1,0,0,0,0,687348.5845,5335081.1106,11.518502733,48.141372977,1,1,#66c2a5,bicycle
4815,42272,"9,20102500110747E+018",9,1,78,137,2020,10,13,1,2,5,3,0,1,1,0,0,0,0,689889.1862,5363419.0064,11.56534439,48.395314674,0,1,#66c2a5,bicycle
4816,42278,"9,20102400858245E+018",9,1,84,148,2020,10,10,7,3,5,3,0,1,1,0,0,0,0,694124.0681,5327581.9325,11.606076618,48.071941652,1,1,#66c2a5,bicycle
4817,42282,"9,20102900110545E+018",9,1,77,133,2020,10,10,5,2,5,3,0,0,1,0,0,1,0,708166.7806,5361775.4733,11.811159328,48.374778852,1,2,#fc8d62,car
4818,42283,"9,20102400858245E+018",9,1,62,0,2020,10,6,7,3,8,1,2,0,1,0,0,0,0,694588.0837,5335871.9015,11.616080505,48.146307515,0,2,#fc8d62,car
4819,42293,"9,20102900157147E+018",9,1,77,115,2020,10,16,5,3,3,6,1,0,1,0,0,0,1,735072.5596,5350045.0255,12.167423068,48.259959701,1,2,#fc8d62,car
4820,42296,"9,20102800120145E+018",9,1,74,115,2020,10,16,4,3,2,6,0,0,1,0,1,0,0,680558.7213,5348344.2163,11.432956572,48.262555069,0,2,#fc8d62,car
4821,42308,"9,20102600740747E+018",9,7,62,0,2020,10,20,2,3,5,3,2,0,1,0,0,0,0,622252812,5307234382,10.63595362,47.906778118,1,2,#fc8d62,car
4822,42325,"9,20102900121545E+018",9,1,81,130,2020,10,19,5,3,4,2,2,0,1,0,0,0,0,642252.8848,5324564.4135,10.909186328,48.058490174,1,2,#fc8d62,car
4823,42331,"9,20102600717346E+018",9,7,72,223,2020,10,13,2,3,3,1,0,0,1,0,0,1,0,617777579,5363081.9034,10.591554852,48.409879989,1,2,#fc8d62,car
4824,42343,"9,20102700127045E+018",9,1,62,0,2020,10,13,3,2,2,6,0,0,1,0,0,1,0,678415.8044,5336336.3702,11.399058558,48.155224284,0,2,#fc8d62,car
4825,42350,"9,20102900117045E+018",9,1,62,0,2020,10,20,5,3,2,6,2,0,1,0,0,0,0,689474.8744,5344633.8153,11.55131714,48.226602895,1,2,#fc8d62,car
4826,42362,"9,20102900717345E+018",9,7,61,0,2020,10,17,5,3,2,6,2,0,1,0,0,0,0,639153.1274,5356496.5058,10.878078155,48.34630893,1,2,#fc8d62,car
4827,42364,"9,20102600858246E+018",9,1,62,0,2020,10,16,2,3,5,2,1,1,1,0,0,0,0,701652.8409,5332230.7075,11.709229283,48.111384384,1,1,#66c2a5,bicycle
4828,42371,"9,20102800858246E+018",9,1,84,119,2020,10,13,4,3,5,3,0,0,1,0,0,1,1,696526.0712,5346916.5192,11.647218462,48.244972914,0,2,#fc8d62,car
4829,42383,"9,20102600857145E+018",9,1,62,0,2020,10,15,2,3,0,6,0,0,1,0,1,0,0,694598.1878,5336060.6273,11.616302466,48.14800061,1,2,#fc8d62,car
4830,42388,"9,20102800121945E+018",9,1,88,118,2020,10,13,4,3,5,2,0,0,1,0,0,1,0,669327344,5313697.88,11.267993552,47.954188939,0,2,#fc8d62,car
4831,42399,"9,20102600740745E+018",9,7,62,0,2020,10,19,2,2,6,2,2,0,1,1,0,0,0,621024.2481,5304593.2896,10.618779421,47.883257778,1,2,#fc8d62,car
4832,42403,"9,2010240021095E+018",9,2,74,126,2020,10,21,7,3,4,2,2,0,1,0,0,0,0,731900795,5383988756,12.143510973,48.566046966,0,2,#fc8d62,car
4833,42415,"9,20110900110548E+018",9,1,77,133,2020,11,6,2,3,3,6,1,0,1,0,0,0,0,713706.7514,5356031.9734,11.882961101,48.321320742,1,2,#fc8d62,car
4834,42424,"9,20110600117048E+018",9,1,62,0,2020,11,7,6,3,8,1,0,0,0,0,0,1,0,696147.2748,5343485.7811,11.640533906,48.214257304,0,5,#a6d854,bus
4835,42426,"9,2011020074075E+018",9,7,77,130,2020,11,16,2,3,5,2,0,0,1,0,0,0,0,624919.1145,5308919.9195,10.672106238,47.921423226,0,2,#fc8d62,car
4836,42430,"9,20110500117548E+018",9,1,75,132,2020,11,18,5,2,2,6,2,0,1,0,0,0,1,706811.8054,5336325.8317,11.780444333,48.146530668,0,2,#fc8d62,car
4837,42433,"9,20110800712155E+018",9,7,71,122,2020,11,13,1,3,0,7,0,0,0,0,1,0,1,652749.0002,5361793.8349,11.0633805,48.390794737,1,4,#e78ac3,marker
4838,42437,"9,20110800110547E+018",9,1,77,120,2020,11,14,1,2,5,6,0,0,1,0,0,0,0,724341.0249,5358379.3867,12.027466394,48.338727034,0,2,#fc8d62,car
4839,42443,"9,20110800121948E+018",9,1,88,139,2020,11,11,1,3,0,1,0,1,0,0,0,0,0,675081.5354,5319254.4667,11.347264572,48.002593563,0,1,#66c2a5,bicycle
4840,42453,"9,20110400858248E+018",9,1,84,136,2020,11,17,4,3,2,5,1,1,1,0,0,0,0,699592.5859,5327488.6267,11.679364748,48.069415342,0,1,#66c2a5,bicycle
4841,42458,"9,20110100121749E+018",9,1,79,126,2020,11,14,1,3,0,1,0,1,0,0,0,0,0,676140.4532,5340486.7021,11.370210288,48.193166791,1,1,#66c2a5,bicycle
4842,42460,"9,20110700712155E+018",9,7,61,0,2020,11,9,7,3,5,3,0,1,1,0,0,0,0,644694.3896,5357211.2703,10.953067068,48.351490652,0,1,#66c2a5,bicycle
4843,42463,"9,20110900717348E+018",9,7,72,223,2020,11,16,2,3,2,6,2,0,0,0,0,1,1,617167.2047,5362971.9526,10.583279309,48.409004963,0,5,#a6d854,bus
4844,42466,"9,20110700120148E+018",9,1,74,146,2020,11,17,7,3,5,3,2,0,1,0,0,0,0,668396.6488,5349720.4172,11.26976395,48.278276252,1,2,#fc8d62,car
4845,42467,"9,20103000740745E+018",9,7,62,0,2020,10,13,6,3,1,6,0,0,1,0,0,0,0,622525.5262,5306662.4677,10.639438994,47.901582482,0,2,#fc8d62,car
4846,42480,"9,20110400711947E+018",9,7,72,125,2020,11,12,4,3,2,6,0,0,1,0,0,0,0,636138393,5348070.6702,10.834693083,48.27120014,0,2,#fc8d62,car
4847,42483,"9,20110400117548E+018",9,1,75,132,2020,11,17,4,3,2,6,2,0,1,0,0,0,0,706272.2622,5335944757,11.773014757,48.143281341,0,2,#fc8d62,car
4848,42484,"9,20103100858246E+018",9,1,62,0,2020,10,18,7,2,5,3,2,0,1,0,0,0,0,694993.5224,5332990.8704,11.620206806,48.12028995,0,2,#fc8d62,car
4849,42493,"9,20110600858248E+018",9,1,84,130,2020,11,10,6,2,0,1,0,1,0,1,0,0,0,698366.7822,5344802.7957,11.670995486,48.225403568,0,1,#66c2a5,bicycle
4850,42496,"9,20110900120148E+018",9,1,74,115,2020,11,16,2,3,2,6,0,0,1,0,0,0,0,679411.6405,5349494639,11.4180025,48.273221795,0,2,#fc8d62,car
4851,42501,"9,20110300717348E+018",9,7,61,0,2020,11,17,3,3,2,6,2,0,1,0,0,0,0,640781.1202,5363934.4588,10.90252921,48.412827517,1,2,#fc8d62,car
4852,42503,"9,20110200120148E+018",9,1,74,115,2020,11,16,2,3,0,6,0,0,1,0,0,0,0,677739.1629,5351113.4645,11.39616325,48.288244789,0,2,#fc8d62,car
4853,42506,"9,20103100750151E+018",9,7,78,137,2020,10,15,7,2,5,3,0,0,1,0,0,0,0,623110228,5330232698,10.654024836,48.113447924,0,2,#fc8d62,car
4854,42509,"9,20110300110148E+018",9,1,77,139,2020,11,17,3,3,2,3,2,0,1,0,0,0,0,731052.7092,5359235.8749,12.118372424,48.344003093,1,2,#fc8d62,car
4855,42514,"9,20110500160948E+018",9,1,73,118,2020,11,16,5,3,1,6,1,0,1,0,0,0,0,688182163,5303406.7112,11.515808348,47.856422985,0,2,#fc8d62,car
4856,42516,"9,20103000717346E+018",9,7,72,223,2020,10,14,6,3,3,6,0,0,1,0,0,1,0,620437.3691,5363137.3548,10.627498189,48.409875982,0,2,#fc8d62,car
4857,42518,"9,20110800858249E+018",9,1,84,122,2020,11,16,1,2,2,6,0,0,1,0,0,0,0,687844.3435,5322598.6605,11.51967123,48.029030499,0,2,#fc8d62,car
4858,42533,"9,20110500111348E+018",9,1,75,132,2020,11,10,5,3,5,3,0,0,1,0,0,0,0,707881.4284,5333542.0758,11.79344874,48.121166488,0,2,#fc8d62,car
4859,42537,"9,20110600127048E+018",9,1,88,145,2020,11,16,6,3,8,7,0,0,1,0,0,0,0,665583.4704,5328333.3897,11.223540845,48.086746846,0,2,#fc8d62,car
4860,42539,"9,20110200750148E+018",9,7,78,169,2020,11,15,2,3,0,1,0,1,0,0,0,0,0,616407.0013,5335252.7518,10.565372839,48.159857043,1,1,#66c2a5,bicycle
4861,42543,"9,20110500131348E+018",9,1,86,151,2020,11,14,5,3,2,6,0,0,1,0,0,0,0,679499211,5374759316,11.429974809,48.500288899,0,2,#fc8d62,car
4862,42546,"9,20110800853249E+018",9,1,84,122,2020,11,15,1,3,4,2,0,1,0,0,0,0,0,687897.2815,5322974.0098,11.520545228,48.032388727,0,1,#66c2a5,bicycle
4863,42550,"9,20110800121348E+018",9,1,88,117,2020,11,13,1,2,5,3,0,1,1,0,0,0,0,665864423,5312835007,11.221314544,47.947337571,0,1,#66c2a5,bicycle
4864,42553,"9,20110900858249E+018",9,1,62,0,2020,11,18,2,3,4,2,2,1,1,0,0,0,0,688392.0995,5340192.3809,11.534780359,48.187005583,0,1,#66c2a5,bicycle
4865,42561,"9,20110400740748E+018",9,7,62,0,2020,11,17,4,2,5,3,2,1,1,0,0,0,0,622748.9184,5304716.6435,10.641873367,47.884039702,1,1,#66c2a5,bicycle
4866,42564,"9,20110400131349E+018",9,1,86,130,2020,11,15,4,3,8,1,0,0,1,0,0,0,0,687599.8239,5372922.0052,11.538702355,48.481409678,1,2,#fc8d62,car
4867,42565,"9,20103100858247E+018",9,1,62,0,2020,10,11,7,3,2,6,0,0,1,0,0,0,0,690173.4395,5331945.8985,11.555039024,48.11235557,0,2,#fc8d62,car
4868,42577,"9,20110700121548E+018",9,1,81,130,2020,11,15,7,2,4,2,0,1,1,0,0,0,0,639367.0519,5322924.5772,10.869942844,48.044381161,0,1,#66c2a5,bicycle
4869,42579,"9,20103100121545E+018",9,1,81,130,2020,10,12,7,3,2,6,0,0,1,0,0,0,0,642244.0429,5324574.2877,10.909071012,48.058580936,0,2,#fc8d62,car
4870,42583,"9,20110200131548E+018",9,1,85,158,2020,11,16,2,3,5,3,0,0,1,0,0,0,0,667363.6531,5380521.0749,11.268141145,48.555433023,0,2,#fc8d62,car
4871,42585,"9,20110400110748E+018",9,1,78,124,2020,11,10,4,3,0,1,0,1,0,0,0,0,0,703749.5616,5364630.3541,11.752964365,48.40187483,1,1,#66c2a5,bicycle
4872,42586,"9,20103100852348E+018",9,1,62,0,2020,10,12,7,3,2,7,0,0,1,0,1,0,0,691163.6399,5330841.2834,11.56783392,48.102130895,0,2,#fc8d62,car
4873,42589,"9,2011030012055E+018",9,1,79,119,2020,11,18,3,2,0,7,2,0,1,0,0,0,1,672020.5283,5339176.0694,11.314287788,48.18251411,1,2,#fc8d62,car
4874,42596,"9,20103000717345E+018",9,7,71,122,2020,10,14,6,3,2,7,0,0,1,0,0,0,1,650974.7426,5362335175,11.039623768,48.396089074,0,2,#fc8d62,car
4875,42602,"9,20110900710149E+018",9,7,71,156,2020,11,6,2,3,2,6,2,0,0,0,0,0,1,655128373,5383230545,11.103457963,48.582938057,1,6,#ffd92f,circle
4876,42605,"9,20110700110751E+018",9,1,78,115,2020,11,14,7,3,0,7,0,0,1,0,0,0,1,705650.1668,5375192.2215,11.783799672,48.496165399,1,2,#fc8d62,car
4877,42606,"9,20103000712746E+018",9,7,72,167,2020,10,18,6,3,2,6,2,0,1,0,0,0,0,624426193,5353570977,10.678546259,48.323073156,0,2,#fc8d62,car
4878,42608,"9,2011090014075E+018",9,1,82,120,2020,11,12,2,3,1,3,0,1,1,0,0,0,0,701064.6107,5307219.8005,11.689618049,47.886791799,0,1,#66c2a5,bicycle
4879,42610,"9,20110100851548E+018",9,1,62,0,2020,11,18,1,3,2,6,2,0,1,0,0,0,0,687398966,5331725026,11.517703668,48.111192688,1,2,#fc8d62,car