fid,OBJECTID,UIDENTSTLA,ULAND,UREGBEZ,UKREIS,UGEMEINDE,UJAHR,UMONAT,USTUNDE,UWOCHENTAG,UKATEGORIE,UART,UTYP1,ULICHTVERH,IstRad,IstPKW,IstFuss,IstKrad,IstGkfz,IstSonstig,LINREFX,LINREFY,XGCSWGS84,YGCSWGS84,STRZUSTAND,Teilnehmer,color,symbol
4880,42613,"9,20103100120554E+018",9,1,79,121,2020,10,10,7,3,4,6,0,0,1,0,1,0,0,667291.3476,5338334.0092,11.250383643,48.176206936,0,2,#fc8d62,car
4881,42617,"9,20110200854848E+018",9,1,84,135,2020,11,11,2,3,5,3,0,1,1,0,0,0,0,689455.3329,5347396.3252,11.552289838,48.251437836,0,1,#66c2a5,bicycle
4882,42623,"9,20103000710747E+018",9,7,61,0,2020,10,15,6,3,5,3,0,1,1,0,0,0,0,643797.2106,5359144.2052,10.941624924,48.369075458,0,1,#66c2a5,bicycle
4883,42625,"9,20110800858248E+018",9,1,62,0,2020,11,16,1,3,0,7,1,1,1,0,0,0,0,681037469,5335196.3,11.433792976,48.144235483,0,1,#66c2a5,bicycle
4884,42627,"9,20103100120346E+018",9,1,81,123,2020,10,10,7,3,0,1,0,0,0,0,1,0,0,653646456,5326249.1569,11.06260679,48.070996284,1,4,#e78ac3,marker
4885,42631,"9,20110900110749E+018",9,1,78,133,2020,11,7,2,3,5,3,1,0,1,0,0,0,0,687964252,5363811273,11.539541405,48.399416919,1,2,#fc8d62,car
4886,42633,"9,20103100120145E+018",9,1,74,143,2020,10,17,7,3,0,3,2,0,1,0,1,0,0,677491644,5352985306,11.393616221,48.305139969,0,2,#fc8d62,car
4887,42638,"9,20110300717348E+018",9,7,61,0,2020,11,17,3,3,2,6,1,0,1,0,0,0,0,640486.9561,5363993.5175,10.898575899,48.413424195,1,2,#fc8d62,car
4888,42641,"9,20110600120548E+018",9,1,79,136,2020,11,10,6,3,3,1,0,1,1,0,0,0,0,660552.8861,5341623486,11.161050638,48.207519236,0,1,#66c2a5,bicycle
4889,42647,"9,20110500120548E+018",9,1,79,138,2020,11,18,5,3,0,7,2,0,1,0,0,0,0,652809.2251,5336069.1196,11.054894056,48.159490902,0,2,#fc8d62,car
4890,42650,"9,20110800712348E+018",9,7,72,145,2020,11,15,1,3,0,6,0,1,1,0,0,0,0,636630.8566,5369431.8235,10.848265796,48.463172312,0,1,#66c2a5,bicycle
4891,42652,"9,20103100117545E+018",9,1,62,0,2020,10,21,7,3,8,1,2,0,1,0,0,0,0,699649.4364,5335103.0725,11.683689428,48.137829768,0,2,#fc8d62,car
4892,42655,"9,20110800110751E+018",9,1,78,124,2020,11,11,1,3,2,6,0,1,1,0,0,0,0,704080.9623,5368395.9425,11.75926872,48.435605578,0,1,#66c2a5,bicycle
4893,42658,"9,20110900857149E+018",9,1,62,0,2020,11,5,2,3,5,3,2,1,1,0,0,0,0,682674.0111,5337588.0014,11.456799803,48.165265887,1,1,#66c2a5,bicycle
4894,42661,"9,20110700140749E+018",9,1,82,120,2020,11,14,7,3,5,2,0,1,1,0,0,0,0,701053358,5307204633,11.689460633,47.886659006,0,1,#66c2a5,bicycle
4895,42667,"9,20110500730349E+018",9,7,73,182,2020,11,8,5,3,2,6,0,0,1,0,0,0,1,624374.6751,5379104.5217,10.685431951,48.552696733,0,2,#fc8d62,car
4896,42669,"9,20110200711348E+018",9,7,72,202,2020,11,12,2,3,2,6,0,0,1,0,0,0,0,634636.9894,5359013.1406,10.817963829,48.369917527,0,2,#fc8d62,car
4897,42673,"9,20110500110351E+018",9,1,75,124,2020,11,15,5,3,4,2,0,0,1,0,0,0,0,712618.8362,5329406.3417,11.854967266,48.082439262,0,2,#fc8d62,car
4898,42678,"9,20103100117045E+018",9,1,78,123,2020,10,18,7,3,3,6,2,0,1,0,0,0,0,692354.3221,5359369.4938,11.59675949,48.358173281,0,2,#fc8d62,car
4899,42679,"9,20110100127048E+018",9,1,81,127,2020,11,15,1,3,3,6,0,0,1,0,0,0,0,632694.2795,5322253.1748,10.780249419,48.039765413,1,2,#fc8d62,car
4900,42684,"9,20110900717348E+018",9,7,72,163,2020,11,20,2,3,3,6,2,0,1,0,0,0,1,638651.7515,5348312.8488,10.868625684,48.272832537,0,2,#fc8d62,car
4901,42687,"9,20110700120348E+018",9,1,81,139,2020,11,14,7,3,5,6,0,1,1,0,0,0,0,655808.3496,5323486.8463,11.090602767,48.045635598,0,1,#66c2a5,bicycle
4902,42688,"9,20103000710646E+018",9,7,61,0,2020,10,18,6,3,5,3,2,0,1,0,0,0,1,642090.7129,5357593.7612,10.918072747,48.355521026,1,2,#fc8d62,car
4903,42693,"9,20110200120148E+018",9,1,74,113,2020,11,16,2,3,5,2,0,0,1,0,0,0,0,677715.4615,5351088.5672,11.39583354,48.288027646,0,2,#fc8d62,car
4904,42695,"9,20110300858248E+018",9,1,62,0,2020,11,9,3,3,2,6,0,0,1,0,0,0,0,699711.48,5332941486,11.683509521,48.1183839,1,2,#fc8d62,car
4905,42698,"9,20110400712551E+018",9,7,72,168,2020,11,1,4,3,8,1,2,0,1,0,0,0,0,620488.3574,5345205.2369,10.623060128,48.248601915,1,2,#fc8d62,car
4906,42699,"9,20110200141551E+018",9,1,87,159,2020,11,10,2,2,4,6,0,0,1,0,0,0,0,731817.2938,5326307.7839,12.110699941,48.047912607,0,2,#fc8d62,car
4907,42701,"9,20110400121548E+018",9,1,81,130,2020,11,16,4,3,4,2,1,0,1,0,0,0,0,638924.4836,5325454769,10.864829683,48.067229953,1,2,#fc8d62,car
4908,42702,"9,20103100858246E+018",9,1,62,0,2020,10,11,7,3,5,3,0,0,1,0,0,0,0,693353.6692,5337440.6983,11.600215333,48.160783728,0,2,#fc8d62,car
4909,42711,"9,20110600858248E+018",9,1,62,0,2020,11,12,6,3,9,1,0,0,1,0,0,0,0,688805.5325,5339405254,11.539987576,48.179808107,0,2,#fc8d62,car
4910,42716,"9,2010310011015E+018",9,1,77,115,2020,10,18,7,3,5,3,1,1,1,0,0,0,0,733710.3863,5351452.7384,12.149875443,48.273109223,0,1,#66c2a5,bicycle
4911,42720,"9,20103000858247E+018",9,1,84,148,2020,10,15,6,3,5,3,0,1,1,0,0,0,0,695066.8101,5327215.1018,11.618551696,48.068357076,0,1,#66c2a5,bicycle
4912,42722,"9,20110600130548E+018",9,1,86,162,2020,11,16,6,3,5,3,0,1,1,0,0,0,0,692792.1233,5382023.9444,11.613099433,48.56163837,0,1,#66c2a5,bicycle
4913,42724,"9,20110200852348E+018",9,1,62,0,2020,11,16,2,3,0,2,0,1,1,0,0,0,0,690814.2204,5329699.2203,11.562634669,48.091970747,1,1,#66c2a5,bicycle
4914,42728,"9,20110600152548E+018",9,1,83,139,2020,11,8,6,3,2,6,0,0,1,0,0,0,1,735097.8206,5334896.4935,12.159378188,48.123868699,0,2,#fc8d62,car
4915,42730,"9,20110300110748E+018",9,1,78,124,2020,11,17,3,3,2,6,2,0,1,0,0,0,0,703416734,5367277.1298,11.749755922,48.425766664,1,2,#fc8d62,car
4916,42731,"9,2011030021095E+018",9,2,74,124,2020,11,6,3,3,5,3,0,0,1,0,0,0,0,723206.2419,5374894.3996,12.020959297,48.487500633,1,2,#fc8d62,car
4917,42735,"9,20110500167048E+018",9,1,84,132,2020,11,15,5,3,2,6,0,0,1,0,0,0,0,682470.9089,5324408.1847,11.448434246,48.046853784,0,2,#fc8d62,car
4918,42739,"9,2011090011035E+018",9,1,75,123,2020,11,9,2,2,5,3,0,0,1,0,0,1,0,722312469,5338547113,11.989716511,48.161261045,1,2,#fc8d62,car
4919,42748,"9,20110500858248E+018",9,1,84,135,2020,11,14,5,3,4,2,0,0,1,0,0,0,0,692117075,5344757578,11.586913603,48.226920578,0,2,#fc8d62,car
4920,42750,"9,20110200740155E+018",9,7,77,130,2020,11,16,2,3,2,6,0,0,1,0,1,0,0,624361.2623,5310736.1407,10.665166773,47.937865864,0,2,#fc8d62,car
4921,42754,"9,20110500117548E+018",9,1,75,132,2020,11,16,5,3,2,6,1,0,1,0,0,0,0,706811.8054,5336325.8317,11.780444333,48.146530668,0,2,#fc8d62,car
4922,42757,"9,20110800712155E+018",9,7,71,129,2020,11,14,1,3,0,7,0,0,0,0,1,0,1,652794.6181,5356326.8538,11.062010352,48.341631304,0,4,#e78ac3,marker
4923,42759,"9,20103000857147E+018",9,1,62,0,2020,10,13,6,3,5,3,0,1,1,0,0,0,0,679809.4191,5336365.1352,11.417792637,48.155090342,0,1,#66c2a5,bicycle
4924,42765,"9,20110800858248E+018",9,1,84,119,2020,11,12,1,2,3,1,0,1,0,0,0,0,0,695970.8027,5344444.6783,11.638603977,48.22292971,0,1,#66c2a5,bicycle
4925,42769,"9,20110800121948E+018",9,1,88,141,2020,11,16,1,2,5,2,0,1,1,0,0,0,0,666068.9,5305822417,11.221349323,47.884237609,0,1,#66c2a5,bicycle
4926,42772,"9,20103000141345E+018",9,1,63,0,2020,10,12,6,3,0,1,0,1,0,0,0,0,0,733098.8264,5305368.1645,12.116526606,47.859326816,1,1,#66c2a5,bicycle
4927,42778,"9,20103000141345E+018",9,1,63,0,2020,10,7,6,3,2,6,0,0,1,0,1,0,0,732774.9553,5305556.6686,12.112304526,47.86113775,1,2,#fc8d62,car
4928,42783,"9,20103100858247E+018",9,1,62,0,2020,10,11,7,3,3,2,0,1,1,0,0,0,0,688071.4072,5334992.6382,11.52817068,48.140364525,0,1,#66c2a5,bicycle
4929,42788,"9,2011090071015E+018",9,7,71,113,2020,11,12,2,3,5,3,0,1,1,0,0,0,0,657880.0482,5368237.2869,11.135068613,48.447459648,1,1,#66c2a5,bicycle
4930,42792,"9,20110700852648E+018",9,1,84,130,2020,11,10,7,3,0,1,0,0,0,0,1,0,0,699397.3258,5345906.3322,11.685375107,48.234997921,1,4,#e78ac3,marker
4931,42796,"9,20103000121545E+018",9,1,81,145,2020,10,15,6,3,5,3,0,1,1,0,0,0,0,642980.2358,5334574.9634,10.922297012,48.148342093,0,1,#66c2a5,bicycle
4932,42802,"9,20103000121347E+018",9,1,88,124,2020,10,14,6,3,5,3,0,0,1,0,0,0,0,662701605,5318511102,11.181138066,47.999180877,0,2,#fc8d62,car
4933,42803,"9,20110400711348E+018",9,7,72,202,2020,11,16,4,3,2,6,0,0,1,0,0,0,0,636316.6211,5359757698,10.840872707,48.376252004,0,2,#fc8d62,car
4934,42806,"9,20110400110948E+018",9,1,78,143,2020,11,17,4,3,2,6,2,0,1,0,0,0,0,717796618,5372209.2268,11.946446916,48.465273019,0,2,#fc8d62,car
4935,42807,"9,20103000852546E+018",9,1,62,0,2020,10,8,6,3,4,2,0,0,1,0,0,0,0,700590.18,5332648.5934,11.695165263,48.115475484,0,2,#fc8d62,car
4936,42808,"9,20103100858245E+018",9,1,84,137,2020,10,15,7,3,5,3,0,0,1,0,0,0,0,707568136,5317021.99,11.781233504,47.972811426,0,2,#fc8d62,car
4937,42809,"9,20110600210951E+018",9,2,74,126,2020,11,12,6,2,4,3,0,1,1,0,0,0,0,733072263,5383389.9291,12.15903028,48.560233567,0,1,#66c2a5,bicycle
4938,42815,"9,20103000120547E+018",9,1,79,121,2020,10,21,6,3,4,2,2,0,1,0,0,0,0,668403.1756,5338051031,11.265215619,48.173369325,0,2,#fc8d62,car
4939,42816,"9,2011050021505E+018",9,2,61,0,2020,11,10,5,3,2,6,0,0,1,0,0,0,0,732566.6612,5378886.5264,12.149675027,48.519968467,0,2,#fc8d62,car
4940,42817,"9,20110600857148E+018",9,1,62,0,2020,11,23,6,3,5,3,2,0,1,0,0,0,1,686243.3301,5331794.4041,11.502223402,48.112155253,0,2,#fc8d62,car
4941,42820,"9,20110900111354E+018",9,1,75,135,2020,11,6,2,3,5,3,2,1,1,0,0,0,0,707645.5408,5338781.4692,11.792837901,48.168326052,1,1,#66c2a5,bicycle
4942,42823,"9,20110700120148E+018",9,1,74,113,2020,11,12,7,3,4,6,0,0,1,0,0,0,0,672080.0996,5348775.3777,11.318985538,48.268790642,0,2,#fc8d62,car
4943,42828,"9,20110100858248E+018",9,1,62,0,2020,11,11,1,3,3,2,0,1,1,0,0,0,0,688458776,5328538449,11.530521065,48.082238256,1,1,#66c2a5,bicycle
4944,42834,"9,20110200858249E+018",9,1,62,0,2020,11,8,2,3,2,6,0,0,1,0,0,0,0,693432.3766,5337361.5814,11.601236683,48.160048714,0,2,#fc8d62,car
4945,42838,"9,2010300011755E+018",9,1,84,131,2020,10,13,6,3,8,6,0,0,1,0,0,0,0,704186.2719,5337879.1117,11.745933367,48.161337482,0,2,#fc8d62,car
4946,42843,"9,20110800858248E+018",9,1,84,132,2020,11,14,1,2,0,1,0,1,0,0,0,0,0,684853477,5327203034,11.481580973,48.071290226,1,1,#66c2a5,bicycle
4947,42847,"9,2011080014075E+018",9,1,82,120,2020,11,15,1,3,3,6,0,0,1,0,1,0,0,701733.3675,5305851.5872,11.697914698,47.874285334,0,2,#fc8d62,car
4948,42850,"9,20103000117547E+018",9,1,77,115,2020,10,18,6,3,8,7,2,0,1,0,0,0,0,732679.7813,5349357858,12.134854806,48.254669719,1,2,#fc8d62,car
4949,42856,"9,20103000117045E+018",9,1,78,120,2020,10,19,6,3,2,6,2,0,1,0,0,0,1,696129.6596,5350094.2788,11.64335763,48.27365483,0,2,#fc8d62,car
4950,42857,"9,20110300717348E+018",9,7,72,147,2020,11,17,3,3,2,6,2,0,1,0,0,0,0,630761.6113,5364289.8747,10.76730501,48.418182276,0,2,#fc8d62,car
4951,42859,"9,20103000110747E+018",9,1,78,157,2020,10,15,6,3,4,6,0,0,1,0,0,0,0,701036.2005,5370896.3476,11.719350972,48.45905437,0,2,#fc8d62,car
4952,42860,"9,20110600121548E+018",9,1,81,130,2020,11,19,6,3,2,6,2,0,1,0,0,0,0,639796836,5323304898,10.87583045,48.047707137,0,2,#fc8d62,car
4953,42865,"9,20102900858246E+018",9,1,84,136,2020,10,16,5,2,6,4,1,0,1,1,0,0,0,698529.6268,5326418.6822,11.664614733,48.060131097,1,2,#fc8d62,car
4954,42869,"9,20110800750949E+018",9,7,74,166,2020,11,17,1,2,1,6,1,0,1,0,0,0,0,615023.3359,5341544.8089,10.548477365,48.216697167,0,2,#fc8d62,car
4955,42873,"9,20110800120948E+018",9,1,79,123,2020,11,14,1,3,5,2,0,0,1,0,0,0,0,677443179,5331965.1465,11.384171094,48.116202747,0,2,#fc8d62,car
4956,42876,"9,20110900858248E+018",9,1,62,0,2020,11,16,2,3,5,2,1,1,1,0,0,0,0,699719.6027,5332940.2188,11.683617947,48.118369964,0,1,#66c2a5,bicycle
4957,42877,"9,20102900858246E+018",9,1,84,134,2020,10,6,5,3,5,3,1,0,1,0,0,0,0,693661106,5322264.4149,11.597462158,48.024289357,1,2,#fc8d62,car
4958,42879,"9,20110700147349E+018",9,1,84,145,2020,11,16,7,3,9,1,0,0,1,0,0,0,0,697625.6289,5324172.6215,11.651457857,48.04022534,0,2,#fc8d62,car
4959,42881,"9,20103100140145E+018",9,1,87,130,2020,10,10,7,3,2,6,0,0,1,0,0,0,0,711434.5312,5310469.7026,11.829757009,47.912665238,0,2,#fc8d62,car
4960,42883,"9,20102900857146E+018",9,1,62,0,2020,10,17,5,3,6,4,2,0,1,1,0,0,0,678958.2334,5338722.2725,11.407349643,48.176518698,1,2,#fc8d62,car
4961,42884,"9,20110400740748E+018",9,7,62,0,2020,11,17,4,3,1,6,1,0,1,0,1,0,0,620532.0249,5304031926,10.612041633,47.878301595,1,2,#fc8d62,car
4962,42885,"9,20110200147349E+018",9,1,62,0,2020,11,17,2,3,3,1,2,0,1,0,1,0,0,694545.1262,5331195.7739,11.613369279,48.10429343,1,2,#fc8d62,car
4963,42888,"9,20102900757547E+018",9,7,78,216,2020,10,11,5,3,1,1,0,0,1,0,0,1,0,625474.5524,5320672.9776,10.682969918,48.027014111,1,2,#fc8d62,car
4964,42889,"9,20110500110749E+018",9,1,78,133,2020,11,17,5,3,4,2,2,0,1,0,0,0,0,686592.74,5367386192,11.522620013,48.431954955,0,2,#fc8d62,car
4965,42894,"9,20110100127048E+018",9,7,71,129,2020,11,10,1,3,8,1,0,0,1,0,0,0,0,659744.3626,5356343482,11.155738084,48.34006184,1,2,#fc8d62,car
4966,42899,"9,20110900740149E+018",9,7,77,145,2020,11,15,2,3,6,6,0,0,1,1,0,0,0,632249.2487,5327320.1827,10.77584885,48.085424169,0,2,#fc8d62,car
4967,42900,"9,20102900757546E+018",9,7,78,216,2020,10,17,5,3,2,6,2,0,1,0,0,0,0,625371.7128,5320686.9454,10.68159525,48.027159922,1,2,#fc8d62,car
4968,42902,"9,20110700120754E+018",9,1,88,120,2020,11,15,7,3,5,3,0,1,1,0,0,0,0,676074277,5326748321,11.363643118,48.06968675,0,1,#66c2a5,bicycle
4969,42907,"9,20110200121548E+018",9,1,81,128,2020,11,14,2,3,5,3,0,1,1,0,0,0,0,639282302,5327930508,10.870437214,48.089414421,0,1,#66c2a5,bicycle
4970,42909,"9,20110300858248E+018",9,1,62,0,2020,11,12,3,3,0,1,0,1,0,0,0,0,0,695254.1478,5331305.4496,11.622933585,48.10506225,1,1,#66c2a5,bicycle
4971,42913,"9,20110300111355E+018",9,1,75,127,2020,11,16,3,3,5,3,1,1,1,0,0,0,0,712900.6278,5341614.7583,11.864847799,48.192046845,0,1,#66c2a5,bicycle
4972,42916,"9,20110400127048E+018",9,1,74,113,2020,11,0,4,3,9,1,2,0,1,0,0,0,0,673728.6467,5345413.7165,11.339802653,48.238121747,1,2,#fc8d62,car
4973,42917,"9,20103100858247E+018",9,1,62,0,2020,10,21,7,3,2,7,2,0,1,0,0,0,0,692648.9153,5339129.6503,11.591513071,48.176177459,0,2,#fc8d62,car
4974,42923,"9,20110900710148E+018",9,7,71,144,2020,11,17,2,3,2,6,1,0,1,0,0,0,0,660847.6679,5373678.2933,11.177263607,48.495622694,0,2,#fc8d62,car
4975,42926,"9,20110600858248E+018",9,1,62,0,2020,11,7,6,3,3,6,0,0,1,0,0,0,1,686217534,5335256323,11.503389889,48.143279886,0,2,#fc8d62,car
4976,42936,"9,20103100740745E+018",9,7,62,0,2020,10,15,7,3,2,6,0,0,1,0,0,0,0,623177739,5306252.1853,10.648044984,47.897767656,0,2,#fc8d62,car
4977,42939,"9,20110200854448E+018",9,1,62,0,2020,11,18,2,3,1,5,2,0,1,0,1,0,0,682859.5332,5340296.8537,11.460458002,48.189561358,0,2,#fc8d62,car
4978,42944,"9,20110600711949E+018",9,7,72,163,2020,11,14,6,3,0,6,0,0,1,0,0,0,0,641397.7068,5347065.6046,10.905195164,48.261010424,0,2,#fc8d62,car
4979,42946,"9,20110800858248E+018",9,1,84,145,2020,11,14,1,3,2,6,0,1,0,0,0,0,0,696060557,5324297378,11.630540106,48.04182908,0,1,#66c2a5,bicycle
4980,42947,"9,20111300120148E+018",9,1,74,126,2020,11,6,6,3,2,6,1,0,1,0,1,0,0,682734823,5344650.2813,11.460656596,48.228728284,0,2,#fc8d62,car
4981,42948,"9,20111700110948E+018",9,1,78,155,2020,11,16,3,3,5,3,1,0,1,0,0,0,0,715736752,5376162.9344,11.92065855,48.501505716,0,2,#fc8d62,car
4982,42950,"9,20111300120148E+018",9,1,74,118,2020,11,15,6,3,2,6,0,0,1,0,0,0,0,668648.4402,5352929.7768,11.274436585,48.307060207,0,2,#fc8d62,car
4983,42954,"9,2011180014075E+018",9,1,82,120,2020,11,16,4,3,2,6,0,0,1,0,0,0,0,703249.1462,5305505.5101,11.717999945,47.870697154,0,2,#fc8d62,car
4984,42955,"9,20111300120148E+018",9,1,74,131,2020,11,11,6,2,0,1,0,0,0,0,1,0,0,677031.6088,5355275544,11.388379086,48.32585552,0,4,#e78ac3,marker
4985,42959,"9,2011130011505E+018",9,1,77,117,2020,11,15,6,3,0,7,0,0,0,0,0,0,1,714503.9851,5357227.9382,11.894310242,48.33179677,0,6,#ffd92f,circle
4986,42960,"9,20111700110549E+018",9,1,77,114,2020,11,13,3,2,4,2,0,0,1,0,0,0,1,724072.3112,5344854125,12.016676319,48.217308214,0,2,#fc8d62,car
4987,42964,"9,20111700110349E+018",9,1,75,131,2020,11,4,3,3,9,7,2,0,1,0,0,0,0,709824.7729,5324985.1137,11.815327899,48.043634788,0,2,#fc8d62,car
4988,42965,"9,2011130011115E+018",9,1,78,120,2020,11,6,6,3,8,1,2,0,0,0,0,1,0,695734.4928,5353481.6688,11.639607098,48.304220161,0,5,#a6d854,bus
4989,42968,"9,20111300110349E+018",9,1,75,115,2020,11,18,6,1,4,6,2,0,1,0,0,0,0,721834846,5333132.2277,11.980482601,48.112776327,0,2,#fc8d62,car
4990,42969,"9,20111600858249E+018",9,1,62,0,2020,11,20,2,3,5,3,2,0,1,0,1,0,0,687617.9917,5335045.8098,11.52210515,48.140976301,0,2,#fc8d62,car
4991,42971,"9,20111300110348E+018",9,1,75,115,2020,11,22,6,3,7,7,2,0,1,0,0,0,0,718859513,5327638902,11.937747302,48.064446995,0,2,#fc8d62,car
4992,42974,"9,20111700854749E+018",9,1,62,0,2020,11,17,3,3,6,7,1,1,0,1,0,0,0,692031.7496,5341090829,11.584106197,48.193990811,0,1,#66c2a5,bicycle
4993,42975,"9,20111200857149E+018",9,1,84,121,2020,11,22,5,3,4,2,2,0,1,0,0,0,0,705030.2434,5331327889,11.754117334,48.102192937,0,2,#fc8d62,car
4994,42979,"9,20111200854748E+018",9,1,62,0,2020,11,15,5,3,1,6,0,0,1,0,1,0,0,692116.8822,5339990.8518,11.584753065,48.184078775,0,2,#fc8d62,car
4995,42982,"9,20111900717349E+018",9,7,61,0,2020,11,7,5,3,2,6,0,0,1,0,0,0,0,637667.8943,5357096.0757,10.858239811,48.352025658,0,2,#fc8d62,car
4996,42985,"9,20111200854748E+018",9,1,62,0,2020,11,8,5,3,2,6,0,0,1,0,0,0,1,692104.0852,5340028.2433,11.584597981,48.184418709,0,2,#fc8d62,car
4997,42988,"9,20111300121549E+018",9,1,81,130,2020,11,9,6,2,0,1,0,1,0,0,0,0,0,640287012,5323352795,10.882419788,48.04803029,0,1,#66c2a5,bicycle
4998,42989,"9,20111600858249E+018",9,1,84,119,2020,11,12,2,3,2,6,0,0,1,0,0,0,0,696532.14,5346931991,11.647307299,48.245110081,0,2,#fc8d62,car
4999,42994,"9,20111600858248E+018",9,1,84,119,2020,11,7,2,3,5,3,0,0,1,0,0,0,0,696261.2977,5349041.4368,11.644641238,48.264151984,1,2,#fc8d62,car
5000,42997,"9,20111400121548E+018",9,1,81,130,2020,11,15,7,3,5,2,0,1,1,0,0,0,0,640828.5643,5323623.7046,10.889771589,48.050347105,0,1,#66c2a5,bicycle
5001,42998,"9,20111700712348E+018",9,7,72,177,2020,11,15,3,3,2,6,0,0,1,0,0,0,0,636274.0374,5379381.9631,10.846690497,48.552718562,0,2,#fc8d62,car
5002,43004,"9,20111200711348E+018",9,7,61,0,2020,11,1,5,3,2,6,2,0,1,0,0,1,0,636932.0638,5359573.8737,10.849119518,48.374465815,1,2,#fc8d62,car
5003,43007,"9,2011120071065E+018",9,7,61,0,2020,11,12,5,3,3,1,0,1,1,0,0,0,0,638623.6802,5356516.9926,10.870943191,48.34660956,0,1,#66c2a5,bicycle
5004,43024,"9,20111400110748E+018",9,1,78,124,2020,11,11,7,3,0,1,0,1,0,0,0,0,0,703275199,5365273191,11.746873961,48.407804597,0,1,#66c2a5,bicycle
5005,43037,"9,20111700140149E+018",9,1,87,117,2020,11,16,3,3,2,6,1,0,1,0,0,0,0,723444.8449,5305016.8137,11.98745688,47.859599254,0,2,#fc8d62,car
5006,43041,"9,20112000110549E+018",9,1,77,120,2020,11,11,6,3,5,3,0,0,1,0,0,1,0,718748.9196,5358945.2383,11.952400634,48.345771486,0,2,#fc8d62,car
5007,43048,"9,2011130014075E+018",9,1,82,127,2020,11,11,6,3,5,3,0,1,1,0,0,0,0,699995.6713,5309247.6678,11.676274852,47.905351218,0,1,#66c2a5,bicycle
5008,43049,"9,20111300853249E+018",9,1,84,113,2020,11,17,6,2,4,6,2,1,0,0,0,0,0,685645.9231,5321847.9572,11.489886275,48.022925424,0,1,#66c2a5,bicycle
5009,43053,"9,20111600117048E+018",9,1,86,152,2020,11,5,2,3,3,6,2,0,1,0,0,0,0,691148.2333,5372885.7675,11.586654305,48.480015289,1,2,#fc8d62,car
5010,43056,"9,20111900117555E+018",9,1,84,112,2020,11,17,5,3,2,6,2,0,1,0,0,0,0,701939.8419,5340529.5483,11.717017403,48.185873819,0,2,#fc8d62,car
5011,43057,"9,20111500127048E+018",9,1,88,121,2020,11,17,1,3,2,6,2,0,1,0,0,0,0,670455.4007,5329180.8609,11.289248583,48.093081359,0,2,#fc8d62,car
5012,43062,"9,20111700131551E+018",9,1,85,158,2020,11,13,3,3,1,3,0,1,1,0,0,0,0,667504.0767,5380477.7676,11.270025209,48.55500623,0,1,#66c2a5,bicycle
5013,43065,"9,20111800131549E+018",9,1,85,158,2020,11,5,4,3,5,3,2,1,1,0,0,0,0,666816293,5381904.91,11.26128397,48.568018564,0,1,#66c2a5,bicycle
5014,43068,"9,20111300712749E+018",9,7,72,130,2020,11,10,6,3,5,3,0,1,1,0,0,0,0,628608.7144,5359242.4267,10.736675725,48.373236627,1,1,#66c2a5,bicycle
5015,43070,"9,2011120021095E+018",9,2,61,0,2020,11,18,5,3,5,3,1,0,1,0,1,0,0,732864207,5382091.8006,12.155488837,48.548650217,1,2,#fc8d62,car
5016,43074,"9,20111300127048E+018",9,1,62,0,2020,11,19,6,3,0,6,2,0,1,0,0,0,0,681082.7482,5340939.8918,11.436847311,48.195850486,0,2,#fc8d62,car
5017,43076,"9,2011120021095E+018",9,2,74,113,2020,11,15,5,3,4,2,0,0,1,0,0,0,0,728396358,5383928.99,12.096046908,48.566796475,0,2,#fc8d62,car
5018,43079,"9,20111200210948E+018",9,2,61,0,2020,11,7,5,3,2,7,0,0,1,0,0,0,0,727564.4505,5380411.9168,12.082865216,48.535504138,0,2,#fc8d62,car
5019,43083,"9,20111600712749E+018",9,7,72,141,2020,11,13,2,2,4,6,0,0,1,0,0,0,1,622162.7947,5349714.4524,10.646909108,48.288832963,0,2,#fc8d62,car
5020,43085,"9,20111800857148E+018",9,1,62,0,2020,11,15,4,3,2,6,0,0,1,0,0,0,0,685912.5559,5340769539,11.501704425,48.192923765,0,2,#fc8d62,car
5021,43086,"9,2011150011055E+018",9,1,77,135,2020,11,12,1,2,5,3,0,1,1,0,0,0,0,718430027,5346148845,11.941486757,48.230908297,0,1,#66c2a5,bicycle
5022,43088,"9,20111600712549E+018",9,7,72,157,2020,11,15,2,2,9,6,0,0,1,0,0,1,0,627245.5272,5334935.1041,10.710963388,48.154923593,0,2,#fc8d62,car
5023,43090,"9,20111200141348E+018",9,1,87,142,2020,11,19,5,3,5,3,2,0,1,0,0,0,0,730951705,5310626897,12.09067482,47.907347944,0,2,#fc8d62,car
5024,43093,"9,20111800110149E+018",9,1,77,127,2020,11,6,4,3,4,3,1,0,1,0,0,0,0,725800.5527,5348391.9662,12.04179469,48.248480148,0,2,#fc8d62,car
5025,43094,"9,20111200140749E+018",9,1,82,120,2020,11,7,5,3,1,6,0,0,1,0,0,0,0,702260.9209,5307590.0969,11.705776013,47.889743973,1,2,#fc8d62,car
5026,43095,"9,20111900717051E+018",9,7,72,202,2020,11,18,5,3,2,6,2,0,1,0,0,0,0,637300.2342,5358399.7404,10.853705215,48.363828136,1,2,#fc8d62,car