fid,OBJECTID,UIDENTSTLA,ULAND,UREGBEZ,UKREIS,UGEMEINDE,UJAHR,UMONAT,USTUNDE,UWOCHENTAG,UKATEGORIE,UART,UTYP1,ULICHTVERH,IstRad,IstPKW,IstFuss,IstKrad,IstGkfz,IstSonstig,LINREFX,LINREFY,XGCSWGS84,YGCSWGS84,STRZUSTAND,Teilnehmer,color,symbol
5174,43662,"9,20112300111151E+018",9,1,78,120,2020,11,18,2,3,5,3,2,1,1,0,0,0,0,698494.5243,5350853.5326,11.675550962,48.279741465,1,1,#66c2a5,bicycle
5175,43663,"9,20112300110949E+018",9,1,78,143,2020,11,13,2,3,1,6,0,0,1,0,0,1,0,717498002,5372132551,11.942372803,48.464687418,0,2,#fc8d62,car
5176,43664,"9,20112300110949E+018",9,1,78,143,2020,11,9,2,3,0,3,0,0,1,0,0,0,0,721354.2034,5369963.2072,11.993320166,48.443852853,0,2,#fc8d62,car
5177,43666,"9,20112300110749E+018",9,1,78,124,2020,11,17,2,3,2,6,1,0,1,0,0,0,0,703478.5849,5364283.1989,11.749139218,48.398842732,0,2,#fc8d62,car
5178,43668,"9,20112500210954E+018",9,2,74,182,2020,11,19,4,2,4,6,2,0,1,0,0,0,0,728690.1612,5377950.3475,12.096742644,48.512982213,0,2,#fc8d62,car
5179,43676,"9,20112200710649E+018",9,7,61,0,2020,11,0,1,3,0,1,2,1,0,0,0,0,0,641532412,5353465.9295,10.909153854,48.31853038,0,1,#66c2a5,bicycle
5180,43677,"9,20112500120349E+018",9,1,81,120,2020,11,10,4,3,5,3,0,0,1,0,0,0,0,651330999,5319652679,11.029211939,48.012237908,0,2,#fc8d62,car
5181,43678,"9,20112200710151E+018",9,7,71,113,2020,11,10,1,3,9,1,0,0,1,0,0,0,0,656960259,5370791.2233,11.123596777,48.470650287,0,2,#fc8d62,car
5182,43699,"9,20112200127049E+018",9,1,74,146,2020,11,14,1,3,2,6,0,0,1,0,0,0,0,667706.6225,5350450.1366,11.260760444,48.285019369,0,2,#fc8d62,car
5183,43700,"9,2011240071735E+018",9,7,72,223,2020,11,16,3,3,2,6,0,0,1,0,0,0,0,618445.8015,5363094.5327,10.600584602,48.409868331,0,2,#fc8d62,car
5184,43701,"9,20112200120349E+018",9,1,81,114,2020,11,13,1,3,2,6,0,0,1,0,0,0,0,655843728,5317517.1343,11.088906807,47.991952299,0,2,#fc8d62,car
5185,43702,"9,20112200117049E+018",9,1,84,149,2020,11,14,1,2,2,6,0,0,1,0,1,0,0,690302.0127,5351661.7359,11.565603786,48.289520591,0,2,#fc8d62,car
5186,43704,"9,20112200110549E+018",9,1,77,126,2020,11,14,1,2,5,3,0,1,1,0,0,0,0,716857717,5366501742,11.93080849,48.414317289,0,1,#66c2a5,bicycle
5187,43705,"9,20112200110149E+018",9,1,77,137,2020,11,13,1,2,5,3,0,0,1,0,0,0,0,732512.1329,5342021.4141,12.128576977,48.188825071,0,2,#fc8d62,car
5188,43707,"9,2011210085825E+018",9,1,62,0,2020,11,20,7,3,5,3,2,0,1,0,0,0,0,688313.1377,5340191.3028,11.533718543,48.187019305,0,2,#fc8d62,car
5189,43708,"9,2011210085825E+018",9,1,62,0,2020,11,18,7,2,0,1,2,1,0,0,0,0,0,693279.2989,5331429.3554,11.596489099,48.106778085,0,1,#66c2a5,bicycle
5190,43711,"9,20112100858249E+018",9,1,62,0,2020,11,8,7,3,0,1,0,0,1,0,0,0,0,691874.8857,5339252.3272,11.581167192,48.177514223,0,2,#fc8d62,car
5191,43712,"9,20112100858249E+018",9,1,84,122,2020,11,15,7,3,2,6,0,0,1,0,0,0,0,687921552,5323139.6497,11.520943143,48.033870427,0,2,#fc8d62,car
5192,43714,"9,20112100858249E+018",9,1,62,0,2020,11,14,7,3,3,6,0,0,1,0,0,0,0,692065.5967,5331401.6004,11.580189083,48.10689571,0,2,#fc8d62,car
5193,43715,"9,20112100857151E+018",9,1,62,0,2020,11,17,7,3,2,6,2,0,1,0,0,0,0,693109.7416,5338128.0932,11.597250589,48.16703594,0,2,#fc8d62,car
5194,43717,"9,20112100857151E+018",9,1,84,149,2020,11,9,7,3,2,6,0,0,1,0,0,0,0,691272716,5352252.27,11.578944252,48.294535504,0,2,#fc8d62,car
5195,43718,"9,20112100851549E+018",9,1,62,0,2020,11,3,7,3,0,7,2,1,0,0,0,0,0,688304.3051,5333980.3839,11.530850805,48.131197315,2,1,#66c2a5,bicycle
5196,43723,"9,20112100740151E+018",9,7,77,121,2020,11,17,7,3,5,3,2,0,1,0,1,0,0,628486.7632,5321744.6626,10.723674966,48.036052995,1,2,#fc8d62,car
5197,43725,"9,2011210071255E+018",9,7,72,200,2020,11,9,7,3,0,6,0,0,1,0,0,0,0,629839.9415,5339113.1098,10.747107914,48.191970805,0,2,#fc8d62,car
5198,43743,"9,2011240085825E+018",9,1,62,0,2020,11,18,3,3,5,2,2,1,1,0,0,0,0,687105.0468,5331949.0302,11.513857074,48.113292524,0,1,#66c2a5,bicycle
5199,43752,"9,20112400710649E+018",9,7,61,0,2020,11,17,3,3,0,1,2,0,0,0,1,0,0,642485.1777,5359255.7063,10.923957386,48.370375584,0,4,#e78ac3,marker
5200,43753,"9,2011210014155E+018",9,1,87,159,2020,11,15,7,2,5,3,0,0,1,0,0,0,0,730008.87,5323730816,12.085085992,48.025415044,0,2,#fc8d62,car
5201,43754,"9,2011210013135E+018",9,1,86,125,2020,11,17,7,3,8,1,2,0,0,0,0,0,1,672379.3823,5373324.4018,11.333082719,48.489384271,0,6,#ffd92f,circle
5202,43756,"9,20112100121549E+018",9,1,81,127,2020,11,13,7,3,9,1,0,0,1,0,0,0,0,636384.6021,5326454.6719,10.831073286,48.07676971,0,2,#fc8d62,car
5203,43757,"9,2011210012055E+018",9,1,79,121,2020,11,20,7,3,5,3,2,0,1,0,0,0,0,667656.9966,5338517827,11.255370874,48.177763079,0,2,#fc8d62,car
5204,43758,"9,2011210011755E+018",9,1,62,0,2020,11,22,7,3,2,6,2,0,1,0,0,0,0,696455654,5343219.5235,11.64455741,48.211768998,0,2,#fc8d62,car
5205,43759,"9,20112100117049E+018",9,1,77,116,2020,11,19,7,3,3,6,2,0,1,0,0,0,0,709648.4055,5363826.4937,11.832165501,48.392718061,0,2,#fc8d62,car
5206,43762,"9,20112000858249E+018",9,1,62,0,2020,11,16,6,3,2,6,2,0,1,0,0,0,0,692044.8117,5331476.0443,11.579943662,48.10757107,0,2,#fc8d62,car
5207,43763,"9,20112000853149E+018",9,1,84,148,2020,11,7,6,3,6,4,0,0,1,1,0,0,0,695017.8654,5327069.9715,11.617829185,48.067067656,1,2,#fc8d62,car
5208,43767,"9,20112500711149E+018",9,7,61,0,2020,11,7,4,2,2,2,0,0,1,1,1,0,0,639250.3077,5360876.3048,10.880839028,48.385669624,0,2,#fc8d62,car
5209,43768,"9,20112000740151E+018",9,7,77,130,2020,11,16,6,3,8,1,1,0,1,0,0,0,0,624736.0286,5311671.6577,10.670453708,47.946206536,0,2,#fc8d62,car
5210,43770,"9,2011250016095E+018",9,1,73,118,2020,11,20,4,3,5,3,2,0,1,0,0,0,0,688182.1447,5303410.8119,11.515809888,47.856459851,1,2,#fc8d62,car
5211,43771,"9,20112000717349E+018",9,7,61,0,2020,11,17,6,3,2,6,2,0,1,0,0,0,0,639885.6931,5354268.5597,10.887219891,48.326113941,0,2,#fc8d62,car
5212,43772,"9,20112000710751E+018",9,7,61,0,2020,11,5,6,3,5,3,2,0,1,0,0,0,0,643355.0174,5361337.3593,10.936405764,48.388895682,1,2,#fc8d62,car
5213,43774,"9,20112000710449E+018",9,7,61,0,2020,11,5,6,3,5,3,2,1,1,0,0,0,0,640861.7877,5360468.4679,10.902455991,48.381644708,1,1,#66c2a5,bicycle
5214,43775,"9,20112000710149E+018",9,7,71,140,2020,11,7,6,3,9,1,0,0,1,0,0,0,0,651651.4063,5372001.8472,11.052258491,48.482837122,1,2,#fc8d62,car
5215,43782,"9,20112500147349E+018",9,1,82,127,2020,11,13,4,3,8,7,0,0,1,0,0,1,0,702572.5043,5311344771,11.711702754,47.923389923,0,2,#fc8d62,car
5216,43787,"9,20120100120553E+018",9,1,79,137,2020,12,8,3,3,9,1,0,0,1,0,0,0,0,655575.5622,5345082611,11.095372337,48.239859065,2,2,#fc8d62,car
5217,43788,"9,2011270011705E+018",9,1,78,124,2020,11,6,6,3,3,6,2,0,1,0,0,1,0,701330.9118,5358201.3105,11.717245154,48.344877417,0,2,#fc8d62,car
5218,43789,"9,2011270014015E+018",9,1,87,117,2020,11,7,6,3,9,1,1,0,1,0,0,0,0,722804981,5302940639,11.977844789,47.841166468,2,2,#fc8d62,car
5219,43790,"9,2011270071255E+018",9,7,72,200,2020,11,10,6,3,1,3,0,0,1,0,1,0,0,630685.3504,5337477.0617,10.757974748,48.177084976,0,2,#fc8d62,car
5220,43793,"9,2011270011015E+018",9,1,77,124,2020,11,14,6,3,8,1,0,0,1,0,0,0,0,725513.9241,5367196.9479,12.048000949,48.417525403,1,2,#fc8d62,car
5221,43796,"9,2011260085825E+018",9,1,88,120,2020,11,17,5,3,5,3,2,1,1,0,0,0,0,679508.9386,5329442.3416,11.410840485,48.09294618,1,1,#66c2a5,bicycle
5222,43798,"9,2011300085825E+018",9,1,84,120,2020,11,20,2,3,1,5,2,0,1,0,0,0,1,681461.9304,5332204.9383,11.438219952,48.117225739,0,2,#fc8d62,car
5223,43803,"9,20112800858249E+018",9,1,62,0,2020,11,21,7,3,1,6,2,0,1,0,0,0,0,692159.4905,5339524.7139,11.585114912,48.179876366,0,2,#fc8d62,car
5224,43806,"9,2011290014075E+018",9,1,82,133,2020,11,10,1,2,0,1,0,1,0,0,0,0,0,705832258,5305896483,11.752688501,47.873388286,2,1,#66c2a5,bicycle
5225,43809,"9,2011280021155E+018",9,2,74,114,2020,11,19,7,3,8,1,2,0,1,0,0,0,0,736145.4852,5371383.2531,12.193826501,48.451235473,1,2,#fc8d62,car
5226,43811,"9,2011260074075E+018",9,7,77,158,2020,11,17,5,3,9,1,2,0,1,0,0,0,0,618760.4655,5307872.1626,10.589414542,47.913170398,2,2,#fc8d62,car
5227,43818,"9,20112600717349E+018",9,7,72,163,2020,11,17,5,3,2,6,2,0,1,0,0,0,0,638556.7495,5346558.0694,10.866771159,48.257074375,0,2,#fc8d62,car
5228,43819,"9,20112700140149E+018",9,1,87,130,2020,11,9,6,3,9,1,0,0,1,0,0,0,0,712254.3861,5312994.1258,11.841959027,47.935079509,2,2,#fc8d62,car
5229,43820,"9,20112700857151E+018",9,1,62,0,2020,11,6,6,2,3,2,2,1,1,0,0,0,0,691766.1801,5331939.74,11.576412877,48.111822663,0,1,#66c2a5,bicycle
5230,43821,"9,20112600717349E+018",9,7,72,163,2020,11,18,5,3,3,6,2,0,1,0,0,0,0,638506.7764,5347071.8431,10.866266448,48.261705154,1,2,#fc8d62,car
5231,43823,"9,20112600712549E+018",9,7,72,151,2020,11,16,5,3,6,7,1,0,1,1,0,0,0,632218.1457,5342999.4561,10.780304086,48.226428137,1,2,#fc8d62,car
5232,43824,"9,2011280012505E+018",9,1,81,113,2020,11,14,7,3,8,1,0,0,1,0,0,0,0,640155.0121,5308181.4921,10.875699467,47.911633184,0,2,#fc8d62,car
5233,43839,"9,2011290074075E+018",9,7,62,0,2020,11,18,1,3,2,6,2,0,1,0,0,0,0,622178316,5307858.4252,10.635133982,47.912404747,1,2,#fc8d62,car
5234,43842,"9,2011300011075E+018",9,1,78,157,2020,11,6,2,3,9,1,2,0,1,0,0,0,0,704621.8605,5370729.3528,11.767712999,48.456398057,0,2,#fc8d62,car
5235,43845,"9,20120100120151E+018",9,1,74,118,2020,12,8,3,3,4,1,0,0,1,0,0,0,0,668432422,5353239.5856,11.271649353,48.309902827,2,2,#fc8d62,car
5236,43847,"9,2011270013155E+018",9,1,85,158,2020,11,8,6,3,5,3,0,0,0,0,0,1,1,667746791,5379994311,11.273117012,48.550595451,0,5,#a6d854,bus
5237,43848,"9,20112700712549E+018",9,7,72,160,2020,11,13,6,3,2,6,0,0,1,0,0,0,0,636597.7752,5341963.2717,10.838910458,48.216182521,0,2,#fc8d62,car
5238,43860,"9,20120100110951E+018",9,1,78,144,2020,12,11,3,3,9,1,0,0,1,0,0,0,0,707441.4307,5382371.2138,11.811588517,48.560083743,2,2,#fc8d62,car
5239,43865,"9,2011290012015E+018",9,1,74,113,2020,11,16,1,3,2,6,2,0,1,0,0,0,0,674456.8833,5344990.9968,11.349428027,48.234121878,1,2,#fc8d62,car
5240,43869,"9,2011300071735E+018",9,7,72,147,2020,11,17,2,3,2,6,2,0,1,0,0,0,0,638258.7344,5364606.4669,10.86868199,48.41942849,0,2,#fc8d62,car
5241,43873,"9,2011300014705E+018",9,1,84,114,2020,11,22,2,3,2,6,2,0,1,0,0,0,0,699382.3649,5320055.7519,11.67308586,48.002679499,0,2,#fc8d62,car
5242,43879,"9,20120100145053E+018",9,1,87,177,2020,12,12,3,3,0,7,0,1,0,0,0,0,0,736111.9049,5304284.5273,12.1561572,47.848491771,0,1,#66c2a5,bicycle
5243,43881,"9,20112800111354E+018",9,1,75,132,2020,11,15,7,3,1,3,0,0,1,0,0,0,0,709461.2238,5336536.6764,11.81612335,48.147558566,0,2,#fc8d62,car
5244,43886,"9,20113000127051E+018",9,1,62,0,2020,11,20,2,2,6,7,2,0,0,1,0,1,0,680666.5297,5341871.2761,11.431647874,48.204341026,0,3,#8da0cb,toilet
5245,43889,"9,20120100121551E+018",9,1,81,146,2020,12,9,3,3,8,1,0,0,1,0,0,0,0,652667912,5326578.9009,11.049596977,48.074196108,2,2,#fc8d62,car
5246,43897,"9,2011270085715E+018",9,1,62,0,2020,11,7,6,3,3,6,0,0,1,0,0,1,0,692391.3661,5331171.1163,11.584456897,48.10472585,0,2,#fc8d62,car
5247,43901,"9,2011300011055E+018",9,1,77,117,2020,11,18,2,3,4,6,2,0,1,0,0,0,0,714488.9172,5355421163,11.893188163,48.315567661,0,2,#fc8d62,car
5248,43904,"9,20120100111154E+018",9,1,78,120,2020,12,18,3,3,5,3,2,0,1,0,0,0,0,694205.0844,5353729.2088,11.619118411,48.306916195,1,2,#fc8d62,car
5249,43907,"9,20112700712351E+018",9,7,72,184,2020,11,3,6,3,8,1,2,0,1,0,0,0,0,634533.5845,5362720.0573,10.817755338,48.403272354,1,2,#fc8d62,car
5250,43918,"9,20113000858251E+018",9,1,62,0,2020,11,10,2,3,2,6,0,0,1,0,0,0,0,687435.5079,5332843.8743,11.518685896,48.121238483,0,2,#fc8d62,car
5251,43924,"9,20112900110551E+018",9,1,77,133,2020,11,20,1,3,4,2,2,0,1,0,0,0,0,710395.3717,5361982.7782,11.841320477,48.37590263,0,2,#fc8d62,car
5252,43925,"9,20120100161951E+018",9,1,73,147,2020,12,9,3,3,2,2,0,0,1,0,0,1,1,681124.4656,5309116.3553,11.423937546,47.909776868,1,2,#fc8d62,car
5253,43928,"9,20113000710751E+018",9,7,61,0,2020,11,5,2,3,5,3,2,0,1,0,0,0,0,644941.3824,5355732.9171,10.955890085,48.338141556,0,2,#fc8d62,car
5254,43944,"9,2011270085825E+018",9,1,62,0,2020,11,13,6,3,2,6,0,0,1,0,0,0,0,694955.2927,5331639.8209,11.619076069,48.108158971,0,2,#fc8d62,car
5255,43948,"9,2011300011095E+018",9,1,78,143,2020,11,8,2,2,0,6,0,0,1,0,0,1,0,716184.6866,5373637312,11.925407818,48.47865988,1,2,#fc8d62,car
5256,43957,"9,2011270012705E+018",9,1,74,135,2020,11,17,6,3,2,6,2,0,1,0,0,0,0,662944.7758,5353569.8741,11.197822537,48.314309726,0,2,#fc8d62,car
5257,43958,"9,2011270085295E+018",9,1,62,0,2020,11,18,6,3,4,6,2,1,0,0,0,0,0,685770.7662,5328686315,11.49452796,48.084356233,0,1,#66c2a5,bicycle
5258,43966,"9,20120100110954E+018",9,1,78,143,2020,12,18,3,3,2,6,2,0,1,0,0,0,0,717865.7022,5372190.8928,11.947370684,48.465084378,1,2,#fc8d62,car
5259,43969,"9,20120100120151E+018",9,1,74,115,2020,12,9,3,3,4,1,0,0,1,0,0,0,0,681663.0416,5345408.2941,11.446562957,48.235849622,1,2,#fc8d62,car
5260,43971,"9,2011270012195E+018",9,1,88,113,2020,11,19,6,2,6,4,2,0,1,1,0,0,0,675416.1907,5314023.7742,11.349611536,47.955479792,1,2,#fc8d62,car
5261,43972,"9,20112700712549E+018",9,7,72,151,2020,11,18,6,3,5,3,2,0,1,0,0,0,0,633662163,5342635034,10.799622812,48.222848463,1,2,#fc8d62,car
5262,43980,"9,2011300085145E+018",9,1,62,0,2020,11,7,2,3,5,3,0,1,1,0,0,0,0,688494645,5334977.5304,11.53384765,48.140103494,0,1,#66c2a5,bicycle
5263,43987,"9,20112600161949E+018",9,1,73,147,2020,11,15,5,2,0,1,1,1,0,0,0,0,0,680899.3667,5310681.9253,11.421584883,47.923913732,1,1,#66c2a5,bicycle
5264,43991,"9,20112900131351E+018",9,1,86,162,2020,11,18,1,3,8,1,2,0,1,0,0,0,0,688884.4232,5384274.0683,11.561212091,48.583050283,1,2,#fc8d62,car
5265,43996,"9,20112600161749E+018",9,1,90,158,2020,11,17,5,3,2,2,2,0,1,0,0,0,0,650249.5744,5305205.5971,11.009676018,47.882589039,0,2,#fc8d62,car
5266,44001,"9,2011280071195E+018",9,7,72,125,2020,11,17,7,2,4,1,2,0,1,0,0,0,0,627857.5393,5346025.3166,10.722530519,48.254532914,1,2,#fc8d62,car
5267,44002,"9,20120100131352E+018",9,1,86,125,2020,12,7,3,2,0,1,0,0,1,0,0,0,0,671466.2086,5372371.3936,11.320342861,48.481067418,2,2,#fc8d62,car
5268,44007,"9,20112800120551E+018",9,1,79,121,2020,11,16,7,3,0,6,0,0,1,0,0,0,1,667466.2032,5339091.4961,11.253032414,48.182970642,0,2,#fc8d62,car
5269,44016,"9,20120100127053E+018",9,1,79,142,2020,12,8,3,3,8,1,0,0,0,0,0,0,1,676310.9934,5343305.8441,11.373674426,48.218461124,2,6,#ffd92f,circle
5270,44018,"9,20112700121549E+018",9,1,81,130,2020,11,19,6,2,4,5,2,1,1,0,0,0,0,639659.6595,5323241.5595,10.873970131,48.047167609,0,1,#66c2a5,bicycle
5271,44022,"9,20112700120554E+018",9,1,79,121,2020,11,14,6,2,5,3,0,0,1,0,0,0,0,664682.7572,5335653.5111,11.21428264,48.152790127,0,2,#fc8d62,car
5272,44023,"9,20112700857151E+018",9,1,62,0,2020,11,12,6,3,2,6,0,0,1,0,0,0,0,694983.2874,5332991.2708,11.620069606,48.120296683,0,2,#fc8d62,car
5273,44026,"9,20113000110551E+018",9,1,77,117,2020,11,16,2,3,1,6,1,0,1,0,0,0,1,714771.5478,5355287.1719,11.896927224,48.314267815,1,2,#fc8d62,car
5274,44029,"9,20120100117052E+018",9,1,62,0,2020,12,5,3,2,9,1,2,0,1,0,0,0,0,694163.5549,5340504.3922,11.612494296,48.188072053,0,2,#fc8d62,car
5275,44031,"9,2011270012015E+018",9,1,74,113,2020,11,17,6,3,5,2,2,0,1,0,0,0,1,674466.4914,5345001.1237,11.349561477,48.234210268,0,2,#fc8d62,car
5276,44032,"9,20112700712352E+018",9,7,72,185,2020,11,15,6,2,5,3,0,1,1,0,0,0,0,635573.4635,5384012.3081,10.838711477,48.594504856,0,1,#66c2a5,bicycle
5277,44040,"9,2011260014015E+018",9,1,87,122,2020,11,6,5,3,0,3,2,0,1,0,0,0,0,719806.8341,5305316.9029,11.93903594,47.863550421,0,2,#fc8d62,car
5278,44042,"9,20120100110751E+018",9,1,78,115,2020,12,7,3,3,8,1,0,0,1,0,0,0,0,705247.9963,5374592286,11.778067578,48.490905956,2,2,#fc8d62,car
5279,44047,"9,2011290011705E+018",9,1,84,112,2020,11,23,1,3,0,6,2,0,1,0,0,0,0,701147.9285,5340970.9699,11.70658392,48.190092033,0,2,#fc8d62,car
5280,44049,"9,20112600121549E+018",9,1,81,122,2020,11,23,5,3,9,1,2,0,1,0,0,0,0,648406.4862,5331708.1059,10.994206357,48.121321764,2,2,#fc8d62,car
5281,44050,"9,2011280014135E+018",9,1,87,177,2020,11,18,7,3,0,1,2,0,0,0,1,0,0,735863697,5305517.7023,12.153516866,47.859661449,0,4,#e78ac3,marker
5282,44051,"9,20113000712154E+018",9,7,71,130,2020,11,16,2,2,4,6,1,0,1,0,1,0,0,649192.0999,5357788.1336,11.013942677,48.355630797,0,2,#fc8d62,car
5283,44052,"9,20112600120149E+018",9,1,74,150,2020,11,9,5,3,0,1,0,1,0,0,0,0,0,680746.3323,5359403831,11.440220335,48.361911397,0,1,#66c2a5,bicycle
5284,44057,"9,20112600110751E+018",9,1,78,157,2020,11,7,5,3,2,6,0,0,1,0,0,0,1,703942.9967,5368252.5629,11.757335838,48.43436185,0,2,#fc8d62,car
5285,44064,"9,20112600110549E+018",9,1,77,135,2020,11,16,5,3,5,3,2,0,1,0,0,0,0,718428.5817,5346151.3422,11.941468608,48.230931232,0,2,#fc8d62,car
5286,44065,"9,2011280011075E+018",9,1,78,145,2020,11,12,7,3,4,2,0,0,1,0,0,0,0,700006.4036,5356866.0276,11.69875582,48.333298377,0,2,#fc8d62,car
5287,44066,"9,20112500858251E+018",9,1,62,0,2020,11,13,4,2,4,2,0,0,1,0,0,0,0,687371.6041,5335081.9328,11.518812234,48.141373589,0,2,#fc8d62,car
5288,44069,"9,2011300011705E+018",9,1,78,120,2020,11,9,2,3,2,6,0,0,1,0,0,0,0,694153.8665,5355057.2804,11.619039592,48.318867677,0,2,#fc8d62,car
5289,44076,"9,2011250085715E+018",9,1,62,0,2020,11,13,4,3,2,6,0,0,1,0,0,0,1,692146.7988,5339573.8046,11.584966548,48.180321419,0,2,#fc8d62,car
5290,44077,"9,2011270012015E+018",9,1,74,121,2020,11,11,6,2,4,6,0,0,1,0,0,0,0,691046.8194,5352858.1007,11.57617578,48.300048709,0,2,#fc8d62,car
5291,44078,"9,2011270085715E+018",9,1,62,0,2020,11,22,6,2,9,1,2,0,1,0,0,0,0,692190538,5342918.8443,11.587068428,48.210372415,0,2,#fc8d62,car
5292,44082,"9,2011270014015E+018",9,1,87,122,2020,11,13,6,3,5,3,0,0,1,0,1,0,0,719696.2436,5305386.3532,11.937594535,47.864212294,0,2,#fc8d62,car
5293,44083,"9,2011300011035E+018",9,1,75,116,2020,11,8,2,1,4,6,0,0,1,0,0,0,1,707046.3169,5321384.2562,11.77635375,48.012182518,0,2,#fc8d62,car
5294,44086,"9,20120100111153E+018",9,1,78,123,2020,12,8,3,2,4,1,0,0,1,0,0,0,1,688491287,5359174972,11.544575895,48.357589901,2,2,#fc8d62,car
5295,44091,"9,20120500141351E+018",9,1,63,0,2020,12,16,7,2,6,2,2,0,1,1,0,0,0,734693984,5304884717,12.137558573,47.854403012,1,2,#fc8d62,car
5296,44105,"9,20120700125054E+018",9,1,79,121,2020,12,12,2,3,2,6,0,0,1,0,0,0,1,668500.7194,5338542.6001,11.266721507,48.177762609,1,2,#fc8d62,car
5297,44107,"9,20120500858252E+018",9,1,62,0,2020,12,8,7,3,4,2,0,0,1,0,0,0,0,695002.2696,5333463.2368,11.620540292,48.1245327,0,2,#fc8d62,car
5298,44119,"9,20120700110754E+018",9,1,78,124,2020,12,17,2,3,2,6,2,0,1,0,0,0,0,703275157,5361219947,11.744912328,48.371381222,0,2,#fc8d62,car
5299,44126,"9,20120200161955E+018",9,1,73,147,2020,12,12,4,3,2,6,0,0,1,0,0,1,0,681371.5651,5309518.2693,11.427410394,47.913319946,1,2,#fc8d62,car
5300,44135,"9,20120600750154E+018",9,7,78,169,2020,12,16,1,3,8,1,2,0,1,0,0,0,0,618371.9596,5335450.6578,10.591841027,48.161274077,1,2,#fc8d62,car
5301,44140,"9,20120700750154E+018",9,7,78,209,2020,12,7,2,3,5,3,1,0,1,0,0,0,0,618778.0149,5323582.2226,10.593994508,48.05445928,1,2,#fc8d62,car
5302,44141,"9,20120500117552E+018",9,1,75,132,2020,12,18,7,3,1,7,2,0,0,0,0,1,0,705532.2395,5333710.7321,11.762000603,48.123444741,1,5,#a6d854,bus
5303,44147,"9,20120600167052E+018",9,1,88,139,2020,12,14,1,3,9,1,0,0,1,0,0,0,0,680181771,5320728.8301,11.416199136,48.014429854,1,2,#fc8d62,car
5304,44155,"9,20120700712152E+018",9,7,71,130,2020,12,16,2,3,3,3,2,0,1,0,0,0,0,644199.5711,5362033.4608,10.948045943,48.394962062,0,2,#fc8d62,car
5305,44156,"9,20120400858253E+018",9,1,62,0,2020,12,14,6,3,4,2,0,0,1,0,0,0,0,696035.7915,5333806.8038,11.634572121,48.1273031,0,2,#fc8d62,car
5306,44158,"9,20120700147352E+018",9,1,82,137,2020,12,11,2,3,2,1,0,0,1,0,0,0,0,714502471,5303136.5349,11.867123131,47.845750132,0,2,#fc8d62,car
5307,44163,"9,20120200127053E+018",9,1,62,0,2020,12,15,4,3,2,6,2,0,1,0,0,0,0,679652.8656,5337839.6951,11.416312271,48.168389295,0,2,#fc8d62,car
5308,44165,"9,20120200127051E+018",9,1,79,142,2020,12,17,4,3,2,6,2,0,1,0,0,0,0,677319.3175,5342469.5489,11.386887669,48.210662669,0,2,#fc8d62,car
5309,44167,"9,20120400210954E+018",9,2,61,0,2020,12,16,6,3,3,1,1,0,1,0,0,0,0,732129.5252,5380710.3093,12.144779364,48.536512867,0,2,#fc8d62,car
5310,44168,"9,20120200121352E+018",9,1,88,124,2020,12,7,4,3,5,2,0,0,1,0,0,0,0,662137.5215,5317887.6518,11.173346221,47.993718909,1,2,#fc8d62,car
5311,44169,"9,20120400210954E+018",9,2,61,0,2020,12,5,6,1,4,2,2,0,1,0,0,0,0,734441.4103,5381957545,12.176751482,48.546856883,1,2,#fc8d62,car
5312,44170,"9,20120200120151E+018",9,1,74,115,2020,12,7,4,3,5,7,0,0,1,0,0,0,0,683334.2932,5347795.9953,11.470082919,48.256830367,0,2,#fc8d62,car
5313,44172,"9,20120400210954E+018",9,2,61,0,2020,12,17,6,3,4,2,2,0,1,0,0,1,0,731875.4883,5383861.8393,12.143097753,48.564916265,1,2,#fc8d62,car
5314,44175,"9,20120400161952E+018",9,1,73,147,2020,12,8,6,3,3,2,0,1,1,0,0,0,0,680693.9122,5309646.3834,11.418403004,47.914662888,0,1,#66c2a5,bicycle
5315,44176,"9,20120600120351E+018",9,1,81,123,2020,12,15,1,3,5,3,1,0,1,0,0,0,0,656254184,5326749.8143,11.097772813,48.074864156,1,2,#fc8d62,car
5316,44177,"9,20120400161752E+018",9,1,90,159,2020,12,11,6,2,5,3,0,0,1,0,0,1,0,662280392,5305108464,11.170443752,47.878787423,0,2,#fc8d62,car
5317,44178,"9,20120200111352E+018",9,1,75,132,2020,12,3,4,3,1,7,2,0,0,0,0,1,1,706259.0867,5332022.9487,11.770940074,48.108042482,1,5,#a6d854,bus
5318,44180,"9,20120100858253E+018",9,1,62,0,2020,12,18,3,3,1,5,2,1,1,0,0,0,0,694718431,5334150084,11.617043869,48.130792676,1,1,#66c2a5,bicycle
5319,44184,"9,20120600858252E+018",9,1,62,0,2020,12,1,1,3,5,3,2,1,1,0,0,0,0,697028.1001,5330405.5943,11.646322214,48.096428729,1,1,#66c2a5,bicycle
5320,44186,"9,20120400141351E+018",9,1,63,0,2020,12,13,6,3,5,2,0,1,1,0,0,0,0,733401.9038,5303120.9967,12.119360501,47.839028101,0,1,#66c2a5,bicycle
5321,44187,"9,20120700121952E+018",9,1,88,139,2020,12,14,2,3,5,2,0,1,1,0,0,0,0,676205.6387,5318295.2554,11.361928032,47.993661875,0,1,#66c2a5,bicycle