fid,OBJECTID,UIDENTSTLA,ULAND,UREGBEZ,UKREIS,UGEMEINDE,UJAHR,UMONAT,USTUNDE,UWOCHENTAG,UKATEGORIE,UART,UTYP1,ULICHTVERH,IstRad,IstPKW,IstFuss,IstKrad,IstGkfz,IstSonstig,LINREFX,LINREFY,XGCSWGS84,YGCSWGS84,STRZUSTAND,Teilnehmer,color,symbol
5322,44188,"9,20120400140754E+018",9,1,82,120,2020,12,12,6,3,6,2,0,0,1,1,0,0,0,702069.8151,5306578.1306,11.702748887,47.880709272,0,2,#fc8d62,car
5323,44189,"9,20120500740752E+018",9,7,62,0,2020,12,16,7,3,6,2,2,0,1,1,0,0,0,620477245,5305599567,10.611746728,47.892410933,1,2,#fc8d62,car
5324,44190,"9,20120400140155E+018",9,1,87,150,2020,12,10,6,3,2,6,0,0,1,0,0,0,0,727819331,5303213.1872,12.044909514,47.841858337,0,2,#fc8d62,car
5325,44191,"9,20120100858252E+018",9,1,62,0,2020,12,8,3,3,1,1,0,1,1,0,0,0,0,692060.0923,5340641.3562,11.584283922,48.189942504,2,1,#66c2a5,bicycle
5326,44193,"9,20120100858252E+018",9,1,62,0,2020,12,8,3,3,5,2,0,1,1,0,0,0,0,686659.6868,5331854.6711,11.507838078,48.112575071,2,1,#66c2a5,bicycle
5327,44196,"9,20120400131354E+018",9,1,86,143,2020,12,20,6,3,5,3,2,1,1,0,0,0,0,685534.9994,5378841.5933,11.513419459,48.535226033,1,1,#66c2a5,bicycle
5328,44200,"9,20120400117052E+018",9,1,62,0,2020,12,3,6,1,6,7,2,0,0,1,0,1,0,695537.5817,5345022.4194,11.633043868,48.228255718,0,3,#8da0cb,toilet
5329,44201,"9,20120100858252E+018",9,1,62,0,2020,12,7,3,3,3,6,0,0,1,0,1,0,0,690406.8764,5331962.5114,11.558179497,48.112435144,0,2,#fc8d62,car
5330,44202,"9,20120700740752E+018",9,7,62,0,2020,12,9,2,3,6,4,0,0,1,0,0,0,1,622525.5262,5306662.4677,10.639438994,47.901582482,1,2,#fc8d62,car
5331,44203,"9,20120400852952E+018",9,1,62,0,2020,12,14,6,3,2,6,0,0,1,0,0,0,0,689146.0888,5329770386,11.540286117,48.093107622,0,2,#fc8d62,car
5332,44204,"9,20120300857152E+018",9,1,62,0,2020,12,20,5,2,5,3,2,1,1,0,0,0,0,688833.5016,5340133.1452,11.540686957,48.186342114,0,1,#66c2a5,bicycle
5333,44206,"9,20120300852751E+018",9,1,84,123,2020,12,11,5,2,0,7,0,1,0,0,0,0,0,703032.6621,5331902.3206,11.727589345,48.107994912,0,1,#66c2a5,bicycle
5334,44211,"9,20120300717352E+018",9,7,71,122,2020,12,17,5,3,2,6,2,0,1,0,0,0,0,656732.4362,5359159.2948,11.116169936,48.366131725,0,2,#fc8d62,car
5335,44212,"9,20120300717352E+018",9,7,72,147,2020,12,9,5,3,3,6,0,0,0,0,0,1,1,637024.9738,5364187.6299,10.851878957,48.415931918,1,5,#a6d854,bus
5336,44215,"9,20120300712351E+018",9,7,72,145,2020,12,19,5,3,4,6,2,0,1,0,0,0,1,634004858,5369064.6468,10.812643846,48.460435553,0,2,#fc8d62,car
5337,44216,"9,20120300712351E+018",9,7,72,184,2020,12,18,5,3,5,2,2,1,1,0,0,0,0,635608.4943,5361852.4895,10.831991102,48.395240908,1,1,#66c2a5,bicycle
5338,44220,"9,20120300710753E+018",9,7,61,0,2020,12,10,5,3,5,3,0,1,1,0,0,0,0,643197.5498,5360562.11,10.934015776,48.381960838,1,1,#66c2a5,bicycle
5339,44223,"9,20120300710451E+018",9,7,61,0,2020,12,5,5,3,4,2,2,0,1,0,0,0,0,640990.8652,5360401.2919,10.904175753,48.381011854,2,2,#fc8d62,car
5340,44237,"9,20120700127052E+018",9,1,62,0,2020,12,10,2,3,3,6,0,0,1,0,0,1,0,686535093,5333276.2926,11.506787733,48.125389649,0,2,#fc8d62,car
5341,44240,"9,20120600117052E+018",9,1,78,120,2020,12,17,1,3,3,6,2,0,1,0,0,0,0,694781.0587,5353742.3388,11.626883793,48.306857118,1,2,#fc8d62,car
5342,44252,"9,20120700120952E+018",9,1,79,145,2020,12,9,2,3,5,3,0,0,1,0,0,1,0,673981817,5335474387,11.33913701,48.148704088,0,2,#fc8d62,car
5343,44255,"9,20120500717352E+018",9,7,61,0,2020,12,18,7,2,9,6,2,0,1,0,0,0,0,643052.5251,5363428.5908,10.933034689,48.407767537,1,2,#fc8d62,car
5344,44257,"9,20120100730352E+018",9,7,72,115,2020,12,7,3,3,9,1,1,0,1,0,0,0,0,618070.4287,5371943.8428,10.598009794,48.489520456,2,2,#fc8d62,car
5345,44266,"9,20120100717352E+018",9,7,71,130,2020,12,20,3,2,8,6,2,0,1,0,0,1,0,643462.7765,5363339.4018,10.938544533,48.406872361,1,2,#fc8d62,car
5346,44274,"9,20120100717351E+018",9,7,72,147,2020,12,6,3,3,8,1,2,0,0,0,0,0,1,630412.6377,5364266.0378,10.76258338,48.418040258,2,6,#ffd92f,circle
5347,44275,"9,20120700750154E+018",9,7,78,116,2020,12,17,2,3,5,3,2,0,1,0,0,0,0,619518.5741,5319741.0301,10.602856609,48.019774843,0,2,#fc8d62,car
5348,44278,"9,20120700210954E+018",9,2,61,0,2020,12,15,2,3,5,3,1,1,1,0,0,0,0,732771.5131,5381543.0154,12.153928116,48.543755051,0,1,#66c2a5,bicycle
5349,44288,"9,20120100712752E+018",9,7,72,167,2020,12,5,3,3,9,1,2,0,1,0,0,0,0,627811.3281,5358947.6046,10.725823645,48.370747442,2,2,#fc8d62,car
5350,44292,"9,20120700147352E+018",9,1,82,133,2020,12,7,2,2,2,1,1,0,1,0,0,0,0,708208.0948,5305589.4828,11.784275167,47.869863578,1,2,#fc8d62,car
5351,44294,"9,20120300210954E+018",9,2,61,0,2020,12,13,5,3,5,2,0,0,1,0,0,0,0,732107.3313,5379959.9569,12.144061403,48.529780818,0,2,#fc8d62,car
5352,44295,"9,20120100712352E+018",9,7,72,184,2020,12,22,3,3,8,1,2,0,1,0,0,0,0,636064.9821,5361331.1079,10.837985775,48.390454342,1,2,#fc8d62,car
5353,44297,"9,20120300160951E+018",9,1,73,118,2020,12,7,5,2,5,3,0,0,1,0,0,0,1,687262.8678,5307395.8611,11.505259371,47.892549121,1,2,#fc8d62,car
5354,44298,"9,20120100712351E+018",9,7,72,184,2020,12,18,3,1,6,2,2,0,0,1,0,0,1,635627238,5361830.8872,10.832237207,48.39504263,1,3,#8da0cb,toilet
5355,44300,"9,20120100712351E+018",9,7,72,177,2020,12,8,3,2,8,1,0,0,1,0,0,0,0,635297.5475,5376342.0233,10.832477686,48.525595681,2,2,#fc8d62,car
5356,44304,"9,20120700121953E+018",9,1,88,139,2020,12,20,2,3,2,6,2,0,1,0,0,0,0,674753292,5319026.8305,11.342775017,48.000636998,0,2,#fc8d62,car
5357,44307,"9,20120100712351E+018",9,7,72,177,2020,12,8,3,3,1,1,0,0,1,0,0,0,0,635296.4532,5376344184,10.832463573,48.525615345,2,2,#fc8d62,car
5358,44313,"9,20120600127051E+018",9,1,74,146,2020,12,19,1,3,0,6,2,0,1,0,0,0,0,668987.9795,5349606.1506,11.277682089,48.277091499,1,2,#fc8d62,car
5359,44315,"9,20120100712351E+018",9,7,72,217,2020,12,5,3,3,7,1,2,0,1,0,0,0,0,635979.2924,5382168.5361,10.843609242,48.577838398,2,2,#fc8d62,car
5360,44317,"9,20120100710152E+018",9,7,71,156,2020,12,5,3,3,8,1,2,0,1,0,0,0,0,652017.6383,5380718.4765,11.060388593,48.561115977,2,2,#fc8d62,car
5361,44321,"9,20120600858252E+018",9,1,62,0,2020,12,17,1,3,1,7,1,0,1,0,0,0,0,688715.7934,5329475.8244,11.534382811,48.09058759,1,2,#fc8d62,car
5362,44329,"9,20120300140151E+018",9,1,87,179,2020,12,20,5,3,8,1,2,0,1,0,0,0,0,722819.6998,5313068.8998,11.983267184,47.932165584,0,2,#fc8d62,car
5363,44332,"9,20120300140151E+018",9,1,87,122,2020,12,11,5,3,5,7,0,0,1,0,0,0,0,719518.5341,5305447.1827,11.935252462,47.864819623,0,2,#fc8d62,car
5364,44333,"9,20120300131352E+018",9,1,86,151,2020,12,6,5,3,8,1,2,0,0,0,0,0,1,678855511,5376429.0728,11.42198432,48.515480809,0,6,#ffd92f,circle
5365,44335,"9,20120500141553E+018",9,1,87,159,2020,12,15,7,2,5,3,0,0,1,0,0,0,0,730012.1371,5323730.3209,12.085129482,48.02540942,1,2,#fc8d62,car
5366,44341,"9,20120400712352E+018",9,7,72,184,2020,12,8,6,3,5,3,0,0,1,0,0,0,0,635927.4599,5361460.0585,10.836170828,48.391643514,0,2,#fc8d62,car
5367,44342,"9,20120300120554E+018",9,1,79,121,2020,12,9,5,3,5,3,0,0,1,0,0,0,0,665470.7172,5339734.9612,11.226457651,48.189278335,1,2,#fc8d62,car
5368,44344,"9,20120300120152E+018",9,1,74,118,2020,12,8,5,3,5,3,0,0,1,0,0,0,0,670223.8049,5356498.2955,11.297105406,48.338717242,0,2,#fc8d62,car
5369,44345,"9,20120300111153E+018",9,1,78,130,2020,12,18,5,3,1,1,2,0,1,0,0,0,0,702500278,5354241.6161,11.731106834,48.308920167,0,2,#fc8d62,car
5370,44347,"9,20120300110755E+018",9,1,78,155,2020,12,6,5,3,5,3,1,0,1,0,0,0,0,715736088,5376164187,11.92065022,48.501517198,1,2,#fc8d62,car
5371,44349,"9,20120200858252E+018",9,1,62,0,2020,12,21,4,3,1,5,2,1,1,0,0,0,0,691300.4579,5339307.4248,11.573472691,48.178182615,1,1,#66c2a5,bicycle
5372,44350,"9,20120200858251E+018",9,1,84,147,2020,12,12,4,3,6,2,0,0,0,1,0,0,1,695781169,5340291688,11.634137689,48.185663919,0,3,#8da0cb,toilet
5373,44352,"9,20120200858251E+018",9,1,62,0,2020,12,19,4,3,2,6,2,0,1,0,0,0,0,684420.9741,5335410031,11.479328228,48.145184805,1,2,#fc8d62,car
5374,44354,"9,20120200857152E+018",9,1,84,114,2020,12,7,4,3,4,6,0,0,1,0,0,0,0,700994.4948,5322728.5131,11.695927501,48.026195381,1,2,#fc8d62,car
5375,44359,"9,20120700141352E+018",9,1,63,0,2020,12,14,2,3,5,2,0,1,1,0,0,0,0,734278.0291,5304540.7595,12.131820133,47.851464655,0,1,#66c2a5,bicycle
5376,44371,"9,20120200717351E+018",9,7,72,147,2020,12,7,4,3,2,6,1,0,0,0,0,1,1,638597.9009,5364105.0105,10.87309786,48.414845016,1,5,#a6d854,bus
5377,44372,"9,20120200711351E+018",9,7,61,0,2020,12,13,4,3,2,3,0,0,1,0,0,0,0,636382.9634,5360900.5841,10.842139035,48.386514423,0,2,#fc8d62,car
5378,44373,"9,20120700127052E+018",9,1,62,0,2020,12,10,2,3,2,6,0,0,1,0,0,0,0,687537.0977,5333126.7932,11.520174116,48.123751524,0,2,#fc8d62,car
5379,44375,"9,20120600117555E+018",9,1,75,118,2020,12,20,1,3,8,6,2,0,1,0,0,0,0,714657.7366,5339028892,11.887154798,48.168220276,1,2,#fc8d62,car
5380,44388,"9,20120700121552E+018",9,1,81,142,2020,12,7,2,3,8,1,0,0,1,0,0,0,0,645523.4384,5315369.8388,10.949933466,47.975075584,2,2,#fc8d62,car
5381,44402,"9,20120600858252E+018",9,1,62,0,2020,12,22,1,3,5,3,2,0,1,0,0,0,0,694728.3085,5332181457,11.616277261,48.113096419,1,2,#fc8d62,car
5382,44413,"9,20120600210953E+018",9,2,61,0,2020,12,11,1,3,1,7,0,0,1,0,0,0,1,731359791,5382086654,12.135131887,48.549160582,0,2,#fc8d62,car
5383,44414,"9,20120500141352E+018",9,1,63,0,2020,12,17,7,3,5,3,2,1,1,0,0,0,0,734285758,5304535447,12.131920417,47.85141411,1,1,#66c2a5,bicycle
5384,44421,"9,20120800710154E+018",9,7,71,112,2020,12,18,3,3,4,6,2,0,1,0,0,0,0,646660.8873,5368403.0146,10.983504164,48.451663913,1,2,#fc8d62,car
5385,44422,"9,20120900117053E+018",9,1,78,120,2020,12,9,4,3,3,6,0,0,1,0,0,0,0,693835.8178,5354396.8123,11.614450421,48.313029417,1,2,#fc8d62,car
5386,44423,"9,20121400712155E+018",9,7,71,130,2020,12,16,2,2,5,2,0,0,1,0,0,0,0,645479.73,5357710.1042,10.963833457,48.355795418,0,2,#fc8d62,car
5387,44432,"9,20121500120152E+018",9,1,74,113,2020,12,17,3,3,2,6,2,0,1,0,0,0,0,674425.9644,5344952.4948,11.348996152,48.233784279,1,2,#fc8d62,car
5388,44433,"9,20121000117052E+018",9,1,62,0,2020,12,11,5,3,2,6,0,0,1,0,0,1,0,687913.0254,5344356.1562,11.530184825,48.224571853,1,2,#fc8d62,car
5389,44434,"9,20121200111355E+018",9,1,75,127,2020,12,8,7,3,5,3,0,1,1,0,0,0,0,712489.0822,5341368.4406,11.859193865,48.189971322,1,1,#66c2a5,bicycle
5390,44436,"9,20121100712752E+018",9,7,72,148,2020,12,15,6,3,9,6,0,0,1,0,0,0,0,628251431,5354397033,10.730377101,48.329737028,1,2,#fc8d62,car
5391,44440,"9,20121300858254E+018",9,1,62,0,2020,12,19,1,3,6,2,2,0,1,1,0,0,0,689217905,5330133.8674,11.54141074,48.09635334,0,2,#fc8d62,car
5392,44448,"9,20121400852752E+018",9,1,84,123,2020,12,9,2,3,1,6,0,0,1,0,0,0,0,702341.1826,5332123.0619,11.718415398,48.110198696,0,2,#fc8d62,car
5393,44450,"9,20121100857152E+018",9,1,62,0,2020,12,17,6,3,6,2,2,0,1,1,0,0,0,686234.3452,5331794.0003,11.502102631,48.112154251,1,2,#fc8d62,car
5394,44455,"9,20121100121552E+018",9,1,81,130,2020,12,6,6,3,1,6,0,0,1,0,0,0,0,638909.5505,5325472.0288,10.864634949,48.067388411,0,2,#fc8d62,car
5395,44456,"9,20121300712352E+018",9,7,72,177,2020,12,23,1,2,8,1,2,0,1,0,0,0,0,635275.0567,5376391.5597,10.832189303,48.526045947,0,2,#fc8d62,car
5396,44460,"9,20120900112054E+018",9,1,78,130,2020,12,14,4,3,2,6,0,0,1,0,0,0,1,702517.3284,5357777.7625,11.733035001,48.340692062,1,2,#fc8d62,car
5397,44462,"9,20120900710452E+018",9,7,61,0,2020,12,22,4,3,6,7,2,0,1,1,0,0,0,640635.4492,5352375.4692,10.896697921,48.308925375,1,2,#fc8d62,car
5398,44468,"9,20121100750154E+018",9,7,77,121,2020,12,18,6,3,6,2,2,0,1,1,0,0,0,628085564,5321917661,10.718347059,48.03768939,1,2,#fc8d62,car
5399,44473,"9,20121000858252E+018",9,1,62,0,2020,12,18,5,3,3,6,2,1,0,0,0,1,0,682642492,5341547039,11.458078178,48.20086121,1,1,#66c2a5,bicycle
5400,44479,"9,20120900111352E+018",9,1,75,115,2020,12,5,4,3,8,7,1,0,1,0,0,0,0,720154.9339,5331858.2511,11.957285958,48.10191247,1,2,#fc8d62,car
5401,44480,"9,20121400717353E+018",9,7,71,111,2020,12,9,2,2,3,6,0,0,1,0,0,0,0,658245.0281,5357479.7936,11.135946374,48.350655024,0,2,#fc8d62,car
5402,44483,"9,20121400161952E+018",9,1,73,147,2020,12,15,2,3,5,3,0,0,1,0,0,0,0,681429.8573,5308019.0189,11.427559182,47.899826326,0,2,#fc8d62,car
5403,44486,"9,20121000710654E+018",9,7,61,0,2020,12,10,5,1,4,1,0,0,1,0,0,0,1,637314.1227,5351282.9856,10.85157357,48.299831569,1,2,#fc8d62,car
5404,44487,"9,20121200857152E+018",9,1,62,0,2020,12,9,7,3,2,6,0,0,1,0,0,0,0,694832295,5332434.2051,11.617788325,48.115336218,0,2,#fc8d62,car
5405,44489,"9,20120900215054E+018",9,2,74,146,2020,12,13,4,3,0,1,0,0,0,0,1,0,0,733499.0698,5376870.2061,12.161154822,48.501510538,1,4,#e78ac3,marker
5406,44491,"9,20121300140152E+018",9,1,87,150,2020,12,15,1,3,4,2,0,0,1,0,0,0,0,729799.7816,5303379.6101,12.071428339,47.842648871,1,2,#fc8d62,car
5407,44493,"9,20121000131553E+018",9,1,85,158,2020,12,16,5,3,4,6,2,0,1,0,0,1,1,664033.7243,5379610.3345,11.222690331,48.548125775,1,2,#fc8d62,car
5408,44496,"9,20120900110355E+018",9,1,75,115,2020,12,7,4,3,8,1,0,0,0,0,0,1,0,718717.1353,5334973.7554,11.939596567,48.130400902,1,5,#a6d854,bus
5409,44503,"9,20121200717352E+018",9,7,72,147,2020,12,21,7,3,3,6,2,0,1,0,0,0,0,639090.8335,5364077.7214,10.879746884,48.414491029,1,2,#fc8d62,car
5410,44505,"9,20121500117052E+018",9,1,62,0,2020,12,8,3,3,2,6,1,0,1,0,0,0,0,694335.8116,5341026.0619,11.615048221,48.192707889,0,2,#fc8d62,car
5411,44506,"9,20121000110355E+018",9,1,75,121,2020,12,10,5,3,5,3,0,0,1,0,0,0,1,712889.2341,5318601.4034,11.85322381,47.985256463,1,2,#fc8d62,car
5412,44507,"9,20121100858252E+018",9,1,84,144,2020,12,7,6,3,1,6,0,0,1,0,0,0,0,687565977,5319239.7498,11.514471849,47.998920778,0,2,#fc8d62,car
5413,44512,"9,20121500121752E+018",9,1,79,142,2020,12,15,3,2,0,1,0,1,0,0,0,0,0,672893.3538,5340323.6499,11.326487481,48.192593324,0,1,#66c2a5,bicycle
5414,44513,"9,20121000120554E+018",9,1,79,121,2020,12,13,5,3,5,3,0,0,1,0,0,0,1,665471.7094,5339733.7559,11.226470521,48.189267241,0,2,#fc8d62,car
5415,44516,"9,20121100740152E+018",9,7,77,121,2020,12,20,6,3,9,1,2,0,1,0,0,0,0,628868.6598,5321892.2369,10.728840181,48.037303172,2,2,#fc8d62,car
5416,44519,"9,20121100141352E+018",9,1,63,0,2020,12,15,6,3,0,6,0,1,1,0,0,0,0,733849.2159,5304900287,12.126290933,47.85485079,0,1,#66c2a5,bicycle
5417,44520,"9,20121400121552E+018",9,1,81,130,2020,12,7,2,2,9,6,1,0,1,0,0,0,0,642109.4911,5324406.1974,10.907210371,48.057099433,1,2,#fc8d62,car
5418,44526,"9,20121100854852E+018",9,1,84,135,2020,12,12,6,3,4,6,0,1,0,0,0,0,0,693018.3614,5345725.7207,11.599477715,48.235348227,0,1,#66c2a5,bicycle
5419,44531,"9,20121100117553E+018",9,1,62,0,2020,12,18,6,3,3,6,2,0,1,0,0,1,0,697027.7658,5335161.4464,11.648515224,48.139171513,0,2,#fc8d62,car
5420,44534,"9,20121100127055E+018",9,7,71,111,2020,12,17,6,3,2,6,2,0,1,0,0,0,0,658369.9534,5357321382,11.13757177,48.349199533,1,2,#fc8d62,car
5421,44541,"9,20121100740754E+018",9,7,77,158,2020,12,18,6,3,4,6,2,0,1,0,0,0,0,620170.4677,5310065.3779,10.608889157,47.932632959,2,2,#fc8d62,car
5422,44546,"9,20121000853252E+018",9,1,84,139,2020,12,14,5,3,5,3,0,0,1,0,0,1,0,686832021,5324343629,11.506867057,48.045012063,0,2,#fc8d62,car
5423,44552,"9,20120800858252E+018",9,1,62,0,2020,12,18,3,3,2,6,2,0,1,0,0,0,0,693894.4654,5340028.2391,11.608660241,48.183874791,1,2,#fc8d62,car
5424,44553,"9,20121400712352E+018",9,7,72,147,2020,12,12,2,3,8,1,0,0,1,0,0,0,0,638597.1282,5366034.0949,10.873725091,48.432190947,0,2,#fc8d62,car
5425,44559,"9,20120800858252E+018",9,1,62,0,2020,12,14,3,3,3,3,0,1,1,0,0,0,0,687974.1867,5327797.4347,11.523694837,48.075720833,0,1,#66c2a5,bicycle
5426,44572,"9,20120800858252E+018",9,1,84,131,2020,12,10,3,3,2,2,0,0,1,0,0,1,0,705322.9602,5337174.2299,11.760861246,48.154637049,0,2,#fc8d62,car
5427,44575,"9,20120900141352E+018",9,1,63,0,2020,12,9,4,3,5,2,0,1,1,0,0,0,0,732599.3735,5306876272,12.110670486,47.873056809,1,1,#66c2a5,bicycle
5428,44580,"9,20121400160952E+018",9,1,73,126,2020,12,12,2,3,2,6,0,0,1,0,0,0,0,684752.7278,5304883.6251,11.470635838,47.870694141,0,2,#fc8d62,car
5429,44586,"9,20121500120354E+018",9,1,81,114,2020,12,15,3,3,2,6,0,0,1,0,0,1,0,656005.6247,5312998.0772,11.089434923,47.951280912,1,2,#fc8d62,car
5430,44587,"9,20121000117054E+018",9,1,78,145,2020,12,3,5,3,8,1,2,0,1,0,0,0,0,693454.2394,5357064.7548,11.610533432,48.337123928,1,2,#fc8d62,car
5431,44588,"9,20121200117053E+018",9,1,78,145,2020,12,15,7,3,3,6,1,0,1,0,0,0,0,693735.3354,5356152.9476,11.613903364,48.32884314,1,2,#fc8d62,car
5432,44590,"9,20121100712754E+018",9,7,72,223,2020,12,13,6,3,0,7,0,1,0,0,0,0,0,618467.5076,5362774.1602,10.600787353,48.406983132,0,1,#66c2a5,bicycle
5433,44595,"9,20121400120152E+018",9,1,74,115,2020,12,11,2,3,5,3,0,1,1,0,0,0,0,681408.3209,5346924.9105,11.44378538,48.249554819,0,1,#66c2a5,bicycle
5434,44603,"9,20121200711953E+018",9,7,72,125,2020,12,11,7,3,5,3,0,0,1,0,0,0,0,635501.7793,5347273.6856,10.825862801,48.264170032,0,2,#fc8d62,car
5435,44605,"9,20121400858253E+018",9,1,62,0,2020,12,8,2,3,4,2,0,1,1,0,0,0,0,692105.8402,5341877.1584,11.58545796,48.201035703,1,1,#66c2a5,bicycle
5436,44607,"9,20121100857152E+018",9,1,62,0,2020,12,11,6,3,7,6,2,0,0,0,0,1,0,694503.28,5334982.1297,11.614535212,48.13833655,0,5,#a6d854,bus
5437,44613,"9,20121100127052E+018",9,1,79,123,2020,12,16,6,3,2,6,2,0,1,0,0,0,0,677709.7017,5332119.8136,11.387813397,48.117518757,0,2,#fc8d62,car
5438,44618,"9,20120800857152E+018",9,1,62,0,2020,12,7,3,3,2,6,2,0,1,0,0,0,0,691962541,5339255845,11.582346707,48.177519368,0,2,#fc8d62,car
5439,44620,"9,20120900710652E+018",9,7,61,0,2020,12,15,4,3,3,1,0,0,1,0,0,0,1,641502.3507,5353782.8493,10.908854936,48.321386751,1,2,#fc8d62,car
5440,44630,"9,20121000858253E+018",9,1,62,0,2020,12,16,5,3,5,3,1,0,1,0,0,0,0,697259624,5328983868,11.64877171,48.083579458,0,2,#fc8d62,car
5441,44637,"9,20121400740154E+018",9,7,77,140,2020,12,10,2,3,2,6,0,0,0,0,0,1,0,626775.1138,5316114.6235,10.699058938,47.985763041,0,5,#a6d854,bus
5442,44644,"9,20121000712553E+018",9,7,72,151,2020,12,17,5,3,9,1,2,0,1,0,0,0,0,635266557,5342106407,10.821044397,48.217754822,1,2,#fc8d62,car
5443,44645,"9,20121200858252E+018",9,1,62,0,2020,12,20,7,3,5,3,2,0,1,0,0,0,0,686189.4352,5335220.1617,11.502996709,48.142963079,1,2,#fc8d62,car
5444,44646,"9,20121500121952E+018",9,1,88,113,2020,12,8,3,3,2,6,0,0,1,0,0,1,1,675445.4889,5314176.9463,11.350066103,47.956848734,1,2,#fc8d62,car
5445,44647,"9,20121000121352E+018",9,1,88,117,2020,12,7,5,3,5,3,0,0,1,0,0,0,0,665950.8729,5315977.4538,11.223684144,47.975567244,1,2,#fc8d62,car
5446,44650,"9,20121500141352E+018",9,1,63,0,2020,12,6,3,3,2,6,1,0,1,0,1,0,0,734268.6633,5304547.3254,12.13169868,47.851527056,1,2,#fc8d62,car
5447,44651,"9,20121000140152E+018",9,1,87,150,2020,12,6,5,3,5,3,2,1,1,0,0,0,0,728977537,5304320836,12.060952717,47.851398714,0,1,#66c2a5,bicycle
5448,44655,"9,20121400711953E+018",9,7,72,125,2020,12,13,2,3,4,2,0,0,1,0,0,0,0,636509.9251,5348744.7841,10.839915116,48.277181872,1,2,#fc8d62,car
5449,44659,"9,20120900152354E+018",9,1,83,123,2020,12,7,4,3,4,3,0,0,1,0,0,0,0,735261.2453,5339522.4017,12.164126527,48.165363969,1,2,#fc8d62,car
5450,44664,"9,20121500117554E+018",9,1,75,118,2020,12,8,3,3,2,6,0,0,1,0,0,0,0,714964.0192,5339133.5477,11.891321775,48.169057163,0,2,#fc8d62,car
5451,44665,"9,20121000110552E+018",9,1,77,126,2020,12,13,5,3,5,3,0,0,1,0,0,0,0,720901.5097,5369492.4559,11.986958959,48.439782487,1,2,#fc8d62,car
5452,44666,"9,20121200110154E+018",9,1,77,115,2020,12,16,7,3,2,6,2,0,1,0,0,0,0,734233.7705,5350558.8453,12.156423315,48.264885978,1,2,#fc8d62,car
5453,44667,"9,20120800141553E+018",9,1,87,170,2020,12,12,3,2,5,3,0,0,1,0,0,1,0,735336.6906,5320959.5237,12.154916041,47.998579039,0,2,#fc8d62,car
5454,44668,"9,20121100712552E+018",9,7,72,168,2020,12,17,6,3,4,2,2,1,1,0,0,0,0,619133.2527,5347041.5112,10.60533047,48.265372157,0,1,#66c2a5,bicycle
5455,44671,"9,20120900131552E+018",9,1,85,158,2020,12,6,4,3,5,3,2,0,1,0,0,0,0,666577.3168,5379466.8268,11.257071477,48.546165408,1,2,#fc8d62,car
5456,44672,"9,20121100131553E+018",9,1,85,158,2020,12,10,6,3,4,1,0,0,1,0,0,0,0,667888463,5379779.7541,11.274948716,48.548628844,1,2,#fc8d62,car
5457,44675,"9,20121100740752E+018",9,7,62,0,2020,12,15,6,2,0,1,0,1,0,0,0,0,0,622700.47,5306447.4956,10.641717672,47.899615661,0,1,#66c2a5,bicycle
5458,44678,"9,20121100141352E+018",9,1,87,177,2020,12,13,6,3,2,6,0,0,1,0,0,0,0,736001.1342,5304167.5276,12.154615023,47.847481344,0,2,#fc8d62,car
5459,44679,"9,20121400127052E+018",9,1,62,0,2020,12,17,2,3,2,6,2,0,1,0,0,0,0,687446.3826,5333140.6448,11.518962375,48.123902741,0,2,#fc8d62,car
5460,44682,"9,20120800127052E+018",9,7,71,111,2020,12,17,3,3,2,6,2,0,1,0,0,0,0,658418.4477,5357274.5454,11.138208216,48.348766294,0,2,#fc8d62,car
5461,44685,"9,20121100857152E+018",9,1,62,0,2020,12,19,6,3,2,6,2,0,1,0,0,0,0,684367053,5335410.7336,11.478604329,48.14520675,0,2,#fc8d62,car
5462,44686,"9,20120800121552E+018",9,1,81,145,2020,12,15,3,2,5,3,0,0,1,0,0,1,0,642298.8618,5334468.2805,10.913105927,48.147535616,0,2,#fc8d62,car
5463,44690,"9,20121100120352E+018",9,1,81,114,2020,12,18,6,3,9,6,2,0,1,0,0,0,1,653696.3247,5312325.1039,11.058286145,47.945788272,1,2,#fc8d62,car
5464,44691,"9,20121300712155E+018",9,7,71,130,2020,12,16,1,3,0,3,0,0,1,0,1,0,0,647726.8452,5356721.0175,10.993801253,48.346380656,0,2,#fc8d62,car
5465,44694,"9,20120800120952E+018",9,1,79,113,2020,12,6,3,3,1,6,2,0,1,0,0,0,0,671266868,5335793.5262,11.302794523,48.152309866,1,2,#fc8d62,car
5466,44697,"9,20120800120952E+018",9,1,88,121,2020,12,0,3,3,0,7,2,0,1,0,0,0,0,669515.5617,5330479.6262,11.277152556,48.105007834,0,2,#fc8d62,car
5467,44701,"9,20120800120152E+018",9,1,74,126,2020,12,17,3,3,2,6,1,0,1,0,0,0,0,683792.7481,5344000.0342,11.474606631,48.222577936,0,2,#fc8d62,car
5468,44706,"9,20121000858252E+018",9,1,62,0,2020,12,19,5,3,3,7,2,0,1,0,0,0,0,684679.3029,5335402.9276,11.482794701,48.145046017,0,2,#fc8d62,car