fid,OBJECTID,UIDENTSTLA,ULAND,UREGBEZ,UKREIS,UGEMEINDE,UJAHR,UMONAT,USTUNDE,UWOCHENTAG,UKATEGORIE,UART,UTYP1,ULICHTVERH,IstRad,IstPKW,IstFuss,IstKrad,IstGkfz,IstSonstig,LINREFX,LINREFY,XGCSWGS84,YGCSWGS84,STRZUSTAND,Teilnehmer,color,symbol
5469,44711,"9,20120800110952E+018",9,1,78,155,2020,12,16,3,3,2,6,1,0,1,0,0,0,0,716129.0537,5374879.1814,11.925298149,48.489836814,1,2,#fc8d62,car
5470,44713,"9,20121400717352E+018",9,7,71,122,2020,12,7,2,3,2,6,1,0,0,0,0,1,0,652363135,5362346.9583,11.058372277,48.395861072,0,5,#a6d854,bus
5471,44716,"9,20121400161752E+018",9,1,90,157,2020,12,18,2,3,4,2,2,0,1,0,0,0,0,661720.2545,5303088.3476,11.16220167,47.860765934,0,2,#fc8d62,car
5472,44718,"9,20120800717352E+018",9,7,72,160,2020,12,7,3,3,2,6,2,0,1,0,0,0,0,638219.3446,5341735449,10.860654263,48.213782761,0,2,#fc8d62,car
5473,44723,"9,20120900167052E+018",9,1,84,132,2020,12,5,4,2,8,1,2,0,1,0,0,0,0,682470968,5324408.2461,11.448435065,48.046854319,0,2,#fc8d62,car
5474,44724,"9,20121000740752E+018",9,7,62,0,2020,12,7,5,3,5,3,1,0,1,0,0,0,0,622751451,5303673429,10.641610727,47.874656882,1,2,#fc8d62,car
5475,44729,"9,20120800110352E+018",9,1,75,124,2020,12,9,3,3,2,6,0,0,1,0,0,0,0,714469.5495,5328909.0695,11.879535988,48.077351126,0,2,#fc8d62,car
5476,44730,"9,20120800712354E+018",9,7,72,177,2020,12,6,3,3,8,5,0,0,1,0,0,1,0,635409.6576,5377419.3936,10.834345286,48.535258938,1,2,#fc8d62,car
5477,44736,"9,20121200712154E+018",9,7,71,122,2020,12,10,7,3,5,3,0,0,1,0,0,0,0,648572.5049,5359960.4272,11.006351398,48.375308174,1,2,#fc8d62,car
5478,44737,"9,20120800110155E+018",9,1,77,115,2020,12,14,3,3,2,6,0,0,1,0,0,0,0,734182.6596,5350698.4742,12.155812948,48.266159172,0,2,#fc8d62,car
5479,44738,"9,20121500110952E+018",9,1,78,143,2020,12,20,3,3,4,6,2,0,1,0,0,0,0,718981.5491,5372918.3887,11.962826125,48.471233131,0,2,#fc8d62,car
5480,44739,"9,20120700858252E+018",9,1,84,118,2020,12,7,2,2,0,1,1,1,0,0,0,0,0,703366.1044,5335806.0407,11.733926132,48.142970281,2,1,#66c2a5,bicycle
5481,44741,"9,20121200854854E+018",9,1,84,119,2020,12,9,7,3,0,7,0,0,1,0,0,0,0,696794.9652,5347294.6906,11.65101222,48.248288191,0,2,#fc8d62,car
5482,44742,"9,20120700858252E+018",9,1,62,0,2020,12,8,2,3,0,7,0,1,0,0,0,0,0,688116886,5333856.7862,11.528279829,48.130141812,2,1,#66c2a5,bicycle
5483,44743,"9,20121500120752E+018",9,1,88,120,2020,12,16,3,2,0,7,1,1,0,0,0,0,0,677309968,5326421.3367,11.380080799,48.066405081,1,1,#66c2a5,bicycle
5484,44744,"9,20121000120152E+018",9,1,74,126,2020,12,7,5,2,4,1,0,0,1,0,0,1,0,683507.6699,5346307.0057,11.471771126,48.243396535,1,2,#fc8d62,car
5485,44746,"9,20120700858252E+018",9,1,62,0,2020,12,14,2,3,3,2,0,1,1,0,0,0,0,699211.3039,5333048.9866,11.676846529,48.119506694,0,1,#66c2a5,bicycle
5486,44747,"9,20121100717354E+018",9,7,72,163,2020,12,18,6,3,2,6,2,0,1,0,0,0,0,638610115,5346493.3093,10.867468539,48.25648038,1,2,#fc8d62,car
5487,44751,"9,20121400121552E+018",9,1,81,130,2020,12,10,2,3,1,6,0,0,1,0,0,0,0,641989.1517,5322090.9485,10.90482817,48.036307197,0,2,#fc8d62,car
5488,44762,"9,20120900857152E+018",9,1,62,0,2020,12,22,4,3,9,6,2,0,1,0,0,0,0,693298.2157,5338610.6133,11.600002135,48.17131538,0,2,#fc8d62,car
5489,44763,"9,20121100857154E+018",9,1,62,0,2020,12,17,6,3,2,6,2,0,1,0,0,0,0,692222.7564,5339263.7579,11.585847097,48.177511828,0,2,#fc8d62,car
5490,44768,"9,20121100127052E+018",9,1,62,0,2020,12,16,6,3,2,6,2,0,1,0,0,0,0,687417.2977,5333145.0886,11.518573869,48.123951246,0,2,#fc8d62,car
5491,44774,"9,20120900740752E+018",9,7,77,130,2020,12,18,4,3,2,6,2,0,1,0,0,0,0,625517.3283,5308816.7582,10.680080033,47.920378603,1,2,#fc8d62,car
5492,44775,"9,20120700751352E+018",9,7,78,216,2020,12,17,2,3,2,6,2,0,1,0,0,0,0,625335.39,5321775.8182,10.681426898,48.036959565,0,2,#fc8d62,car
5493,44779,"9,20121000852752E+018",9,1,84,123,2020,12,17,5,3,6,2,2,0,1,1,0,0,0,703749.9534,5331826.3942,11.737177968,48.107083568,0,2,#fc8d62,car
5494,44783,"9,20121100117052E+018",9,1,84,135,2020,12,15,6,3,9,1,0,0,1,0,0,0,0,688038.8923,5346875.4242,11.532996015,48.247177785,0,2,#fc8d62,car
5495,44789,"9,20120800710652E+018",9,7,61,0,2020,12,18,3,3,5,2,2,1,1,0,0,0,0,637520.9635,5352322.1461,10.854699762,48.309130764,1,1,#66c2a5,bicycle
5496,44790,"9,20121400740752E+018",9,7,62,0,2020,12,9,2,3,2,6,0,0,1,0,0,0,0,620483.9238,5305580.9113,10.611830833,47.892241894,1,2,#fc8d62,car
5497,44794,"9,20121400210953E+018",9,2,61,0,2020,12,14,2,3,4,2,0,0,1,0,0,0,0,732107.0901,5379959.8366,12.144058073,48.529779827,0,2,#fc8d62,car
5498,44796,"9,20120900127052E+018",9,1,62,0,2020,12,12,4,2,9,1,0,0,1,0,0,0,0,678061.2713,5335200.3915,11.393820441,48.145112239,1,2,#fc8d62,car
5499,44797,"9,20121000712752E+018",9,7,72,216,2020,12,16,5,3,8,1,1,0,1,0,0,0,0,623325.6254,5366480.3611,10.667494255,48.439380096,1,2,#fc8d62,car
5500,44798,"9,20121300120952E+018",9,1,79,145,2020,12,18,1,3,2,6,2,0,1,0,0,0,0,675887.2549,5338359.9192,11.365925704,48.174118853,1,2,#fc8d62,car
5501,44800,"9,20121000121952E+018",9,1,88,139,2020,12,6,5,3,2,6,2,0,1,0,0,0,0,676278.6297,5318939.1836,11.363170037,47.999430373,1,2,#fc8d62,car
5502,44819,"9,20121600141553E+018",9,1,87,124,2020,12,18,4,3,8,1,2,0,1,0,0,0,0,735215.0495,5327560.4169,12.15691086,48.057922824,0,2,#fc8d62,car
5503,44821,"9,20122400161953E+018",9,1,73,147,2020,12,11,5,3,5,3,0,0,1,0,0,0,0,680555.9229,5307916.7825,11.415833804,47.89915381,1,2,#fc8d62,car
5504,44822,"9,20122100740753E+018",9,7,62,0,2020,12,12,2,3,2,6,0,0,1,0,0,0,0,621963.7066,5308603.3226,10.632473805,47.919144957,1,2,#fc8d62,car
5505,44827,"9,20122500127053E+018",9,1,74,113,2020,12,15,6,3,8,1,0,0,1,0,0,0,0,672824.8723,5346036.6278,11.327895135,48.243968302,1,2,#fc8d62,car
5506,44839,"9,20121600140153E+018",9,1,87,122,2020,12,18,4,2,4,1,2,0,1,0,0,1,0,716892.6363,5306105.8736,11.900518051,47.87163035,2,2,#fc8d62,car
5507,44846,"9,20122100131354E+018",9,1,86,152,2020,12,18,2,3,5,3,2,0,1,0,0,0,0,690923.3473,5381075.8156,11.587362283,48.553689251,0,2,#fc8d62,car
5508,44847,"9,20122400710654E+018",9,7,61,0,2020,12,20,5,3,4,1,2,0,1,0,0,0,0,641250.6365,5352290.7383,10.904961602,48.308026408,1,2,#fc8d62,car
5509,44849,"9,20121600131552E+018",9,1,85,158,2020,12,16,4,3,5,3,0,0,1,0,0,0,0,666816293,5381904.91,11.26128397,48.568018564,0,2,#fc8d62,car
5510,44852,"9,20121900141554E+018",9,1,87,124,2020,12,19,7,3,8,1,2,0,1,0,0,0,0,735874911,5328585.5381,12.166318395,48.066888306,1,2,#fc8d62,car
5511,44853,"9,20121600120554E+018",9,1,79,138,2020,12,15,4,2,9,7,0,0,1,0,0,0,0,651802.6539,5336270.5658,11.041439078,48.161543274,1,2,#fc8d62,car
5512,44855,"9,20121600117052E+018",9,1,62,0,2020,12,17,4,3,3,6,2,0,1,0,0,1,0,686638.8186,5343790.8596,11.512796405,48.219867007,0,2,#fc8d62,car
5513,44858,"9,20121600111355E+018",9,1,75,132,2020,12,7,4,3,2,2,0,0,1,0,0,0,0,707879.1565,5333542.4524,11.793418432,48.121170614,1,2,#fc8d62,car
5514,44859,"9,20121900127053E+018",9,1,74,113,2020,12,16,7,3,8,6,1,0,1,0,0,0,0,669629.4531,5349056.1766,11.28610029,48.271975948,0,2,#fc8d62,car
5515,44860,"9,20122300857154E+018",9,1,84,131,2020,12,21,4,2,5,3,2,0,1,0,0,0,0,704866.2914,5336966.2969,11.754627957,48.152915715,1,2,#fc8d62,car
5516,44862,"9,20121900120152E+018",9,1,74,135,2020,12,10,7,3,9,1,0,0,0,0,0,0,1,664217.4061,5352593.7132,11.214594754,48.305204879,0,6,#ffd92f,circle
5517,44863,"9,20121900110952E+018",9,1,78,142,2020,12,12,7,3,8,1,0,0,1,0,0,0,0,713346.2465,5378991.5508,11.889784999,48.52773682,1,2,#fc8d62,car
5518,44866,"9,20121800858253E+018",9,1,62,0,2020,12,12,6,3,2,6,0,0,1,0,0,0,0,687511.9817,5326800.7497,11.51705841,48.06689832,0,2,#fc8d62,car
5519,44867,"9,20121600110754E+018",9,1,78,137,2020,12,17,4,3,8,1,1,0,1,0,0,0,0,693996.8526,5366960.4184,11.622415043,48.425891597,0,2,#fc8d62,car
5520,44870,"9,20121800857154E+018",9,1,62,0,2020,12,15,6,2,6,2,0,0,0,1,0,0,1,688146.0795,5328014.6056,11.526095914,48.077622143,0,3,#8da0cb,toilet
5521,44871,"9,20121800854752E+018",9,1,62,0,2020,12,20,6,3,4,2,2,1,1,0,0,0,0,692114569,5340016923,11.584733764,48.184313795,1,1,#66c2a5,bicycle
5522,44874,"9,20121800854553E+018",9,1,62,0,2020,12,11,6,3,2,3,0,0,1,0,0,1,1,682448958,5337738959,11.453840688,48.166687423,1,2,#fc8d62,car
5523,44876,"9,20121500858253E+018",9,1,62,0,2020,12,9,3,3,6,4,0,0,1,1,0,0,0,694680.4399,5340859.7025,11.61960437,48.191107199,0,2,#fc8d62,car
5524,44877,"9,20121800852754E+018",9,1,84,131,2020,12,11,6,3,1,6,0,0,1,0,0,0,0,704079.4092,5338895782,11.744985813,48.170508189,0,2,#fc8d62,car
5525,44878,"9,20122200857154E+018",9,1,62,0,2020,12,13,3,3,5,2,0,1,1,0,0,0,0,691774.2925,5331935.73,11.576519952,48.111784179,1,1,#66c2a5,bicycle
5526,44881,"9,20121800851553E+018",9,1,62,0,2020,12,14,6,3,9,1,0,0,1,0,0,0,0,687543.4942,5333160.8596,11.520274976,48.124055838,0,2,#fc8d62,car
5527,44885,"9,20121500857154E+018",9,1,84,145,2020,12,13,3,3,5,3,0,0,1,0,0,0,0,695898.57,5325111.6105,11.628741703,48.049196826,0,2,#fc8d62,car
5528,44886,"9,20122000121354E+018",9,1,88,126,2020,12,14,1,3,4,6,0,0,1,0,0,0,0,661005.6646,5327933.2823,11.161962881,48.084322366,1,2,#fc8d62,car
5529,44893,"9,20121500852154E+018",9,1,62,0,2020,12,17,3,3,3,6,2,0,1,0,0,0,0,694806.4453,5332351.7609,11.617403722,48.11460315,0,2,#fc8d62,car
5530,44895,"9,20122200710453E+018",9,7,61,0,2020,12,20,3,3,8,7,2,0,1,0,0,0,0,640200.7397,5360556.8482,10.893562555,48.382586647,1,2,#fc8d62,car
5531,44900,"9,20121800712353E+018",9,7,72,184,2020,12,14,6,3,0,6,0,0,0,0,1,0,0,635874816,5361526245,10.835481481,48.392250004,1,4,#e78ac3,marker
5532,44904,"9,20121800711153E+018",9,7,61,0,2020,12,7,6,3,2,6,1,0,1,0,0,0,0,638202.1314,5361325.8453,10.866837154,48.389942325,0,2,#fc8d62,car
5533,44906,"9,20121800710154E+018",9,7,71,149,2020,12,9,6,3,9,1,0,0,1,0,0,0,0,653618.87,5365008.48,11.07629953,48.419485176,2,2,#fc8d62,car
5534,44908,"9,20122100852653E+018",9,1,84,130,2020,12,13,2,2,0,1,0,1,0,1,0,0,0,700496.8537,5342824.3613,11.698708651,48.206954089,0,1,#66c2a5,bicycle
5535,44909,"9,20121800710154E+018",9,7,71,113,2020,12,16,6,3,6,3,0,0,1,1,0,0,0,657553122,5369303643,11.131051971,48.457128368,0,2,#fc8d62,car
5536,44926,"9,20122100110354E+018",9,1,75,114,2020,12,10,2,2,4,6,0,0,1,0,0,0,0,715717.7137,5320949.6294,11.892262499,48.005409571,1,2,#fc8d62,car
5537,44935,"9,20121500712353E+018",9,7,72,147,2020,12,18,3,3,2,6,2,0,1,0,0,0,0,638092.7667,5365092.8975,10.866600228,48.423838749,1,2,#fc8d62,car
5538,44938,"9,20121500712352E+018",9,7,72,207,2020,12,15,3,3,4,6,0,0,1,0,0,1,0,640886.6159,5379417162,10.90917328,48.552015768,1,2,#fc8d62,car
5539,44940,"9,20122300852953E+018",9,1,62,0,2020,12,15,4,3,5,2,0,1,1,0,0,0,0,688144004,5328011.2711,11.526066608,48.077592784,0,1,#66c2a5,bicycle
5540,44946,"9,20121500711352E+018",9,7,72,202,2020,12,20,3,3,8,1,2,0,1,0,0,0,0,636635625,5358406015,10.844739141,48.364028761,1,2,#fc8d62,car
5541,44947,"9,20122000110753E+018",9,1,78,138,2020,12,17,1,3,8,6,2,0,1,0,0,0,0,711894152,5369098846,11.865127166,48.439341218,1,2,#fc8d62,car
5542,44951,"9,20121500710753E+018",9,7,61,0,2020,12,16,3,3,2,6,2,0,1,0,0,0,0,642144.7761,5362234.97,10.920371496,48.397240473,0,2,#fc8d62,car
5543,44952,"9,20122000110355E+018",9,1,75,123,2020,12,20,1,3,2,3,2,0,1,0,0,0,0,726567.5303,5335112.8806,12.045029354,48.12890533,1,2,#fc8d62,car
5544,44953,"9,20122200161953E+018",9,1,73,120,2020,12,15,3,3,5,3,0,0,1,0,0,0,0,684975913,5311159174,11.476307745,47.927040451,1,2,#fc8d62,car
5545,44958,"9,20121800210955E+018",9,2,74,124,2020,12,17,6,3,6,6,2,1,0,1,0,0,0,724535.9657,5371007.2476,12.036843644,48.452105785,1,1,#66c2a5,bicycle
5546,44960,"9,20121800161953E+018",9,1,73,147,2020,12,8,6,3,2,6,0,0,1,0,0,0,0,681688.6317,5308781.4241,11.431339499,47.906606539,1,2,#fc8d62,car
5547,44961,"9,20122300120154E+018",9,1,74,113,2020,12,16,4,1,4,6,1,0,1,0,0,0,0,675253.3839,5345493.7454,11.36035313,48.238421565,0,2,#fc8d62,car
5548,44965,"9,20122200117054E+018",9,1,77,126,2020,12,10,3,2,2,6,0,0,1,0,0,0,0,718313.0338,5369090.6158,11.951797697,48.437074823,1,2,#fc8d62,car
5549,44966,"9,20121800160953E+018",9,1,73,126,2020,12,1,6,3,9,1,2,0,1,0,0,0,0,684615456,5303356.0,11.468149564,47.857001727,2,2,#fc8d62,car
5550,44967,"9,20122000717354E+018",9,7,71,122,2020,12,21,1,2,2,6,2,0,1,0,0,1,0,649468.3775,5362575.9765,11.019372155,48.398612978,1,2,#fc8d62,car
5551,44972,"9,20122000717352E+018",9,7,71,122,2020,12,21,1,3,2,6,2,0,1,0,0,0,0,649475.5504,5362573428,11.019468094,48.398588364,1,2,#fc8d62,car
5552,44982,"9,20121800121552E+018",9,1,81,113,2020,12,17,6,2,2,6,2,0,1,0,0,0,1,640296.1645,5307915.0686,10.877500777,47.909206509,1,2,#fc8d62,car
5553,44984,"9,20121800120952E+018",9,1,79,113,2020,12,11,6,3,4,2,0,0,1,0,0,0,1,671217.4575,5334739.5113,11.301706782,48.142847907,0,2,#fc8d62,car
5554,44986,"9,20122100757554E+018",9,7,78,116,2020,12,15,2,3,2,6,0,0,1,0,0,0,0,617790.2711,5322246.0379,10.580376499,48.04262516,0,2,#fc8d62,car
5555,44987,"9,20121800120952E+018",9,1,79,145,2020,12,13,6,3,0,3,0,1,0,0,0,0,1,675885.7304,5338359.2438,11.365904936,48.174113203,1,1,#66c2a5,bicycle
5556,44989,"9,20121800120555E+018",9,1,79,121,2020,12,7,6,3,1,3,0,0,1,0,0,0,0,665374.0024,5338492.8439,11.224673837,48.178136756,1,2,#fc8d62,car
5557,44992,"9,20122500147354E+018",9,1,82,137,2020,12,20,6,3,8,7,2,0,1,0,0,0,0,710556.3343,5305191629,11.815444357,47.865522843,2,2,#fc8d62,car
5558,44993,"9,20121800120554E+018",9,1,79,121,2020,12,13,6,3,1,6,0,0,1,0,0,1,0,666916.74,5339376.5587,11.245758031,48.18567795,0,2,#fc8d62,car
5559,44997,"9,20121800117052E+018",9,1,77,116,2020,12,11,6,3,2,6,0,0,0,0,0,1,1,711090.7818,5364220.9614,11.851823954,48.395781457,0,5,#a6d854,bus
5560,44998,"9,20121800111355E+018",9,1,75,132,2020,12,14,6,3,2,6,0,0,1,0,0,0,0,706076.8002,5330824.9229,11.767915661,48.097335402,0,2,#fc8d62,car
5561,45002,"9,20121800110353E+018",9,1,75,122,2020,12,19,6,3,9,1,2,0,1,0,0,0,0,720883.9611,5323467.3012,11.962731697,48.026267265,1,2,#fc8d62,car
5562,45004,"9,20121700858253E+018",9,1,62,0,2020,12,15,5,3,2,6,0,0,1,0,0,0,1,694797939,5332357269,11.617292071,48.114655256,0,2,#fc8d62,car
5563,45005,"9,20122400140754E+018",9,1,82,137,2020,12,17,5,3,5,3,2,0,1,0,0,0,0,709425735,5304338455,11.7999321,47.858225213,1,2,#fc8d62,car
5564,45007,"9,20121700854153E+018",9,1,62,0,2020,12,14,5,3,5,2,0,1,1,0,0,0,0,687688.7871,5335027.2952,11.523047719,48.140789008,0,1,#66c2a5,bicycle
5565,45011,"9,20122100131554E+018",9,1,85,158,2020,12,16,2,2,5,3,2,0,1,0,0,0,0,666570.4484,5379459.5941,11.256975595,48.546102215,0,2,#fc8d62,car
5566,45012,"9,20122400712754E+018",9,7,72,223,2020,12,12,5,1,6,4,0,0,1,1,0,0,0,618285.8565,5363928.1982,10.598659175,48.417395551,0,2,#fc8d62,car
5567,45019,"9,20121700717053E+018",9,7,72,147,2020,12,17,5,3,2,6,1,0,1,0,0,0,1,632790.1292,5364553.1641,10.794790866,48.420125543,1,2,#fc8d62,car
5568,45022,"9,20121700710654E+018",9,7,61,0,2020,12,15,5,3,5,1,0,1,1,0,0,0,0,637523.9368,5352319.0564,10.854738833,48.309102335,0,1,#66c2a5,bicycle
5569,45026,"9,20122300858253E+018",9,1,84,142,2020,12,14,4,3,0,2,0,1,1,0,0,0,0,683315.4897,5318049.2861,11.45703719,47.989452514,0,1,#66c2a5,bicycle
5570,45031,"9,20122000858253E+018",9,1,62,0,2020,12,12,1,3,0,7,0,1,0,0,0,0,0,696957.9663,5329633.9844,11.645025351,48.089515609,0,1,#66c2a5,bicycle
5571,45040,"9,20122300710153E+018",9,7,71,144,2020,12,20,4,3,8,7,2,0,1,0,0,0,0,659340472,5375390296,11.157530489,48.511397602,1,2,#fc8d62,car
5572,45046,"9,20122300117053E+018",9,1,78,113,2020,12,12,4,3,2,6,0,0,1,0,0,0,0,691559.1155,5370110.2406,11.590937601,48.454945927,0,2,#fc8d62,car
5573,45052,"9,20122200131354E+018",9,1,86,128,2020,12,12,3,3,5,3,0,0,1,0,0,0,0,677162.5503,5384077.5143,11.402333934,48.584708069,1,2,#fc8d62,car
5574,45061,"9,20122200712554E+018",9,7,72,200,2020,12,14,3,3,5,3,0,0,1,0,0,0,0,632285.6494,5336608.3506,10.779220848,48.168941866,1,2,#fc8d62,car
5575,45068,"9,20122100730353E+018",9,7,73,116,2020,12,6,2,2,5,3,2,0,1,0,0,0,0,621698.9284,5380177.8944,10.649501935,48.562874113,1,2,#fc8d62,car
5576,45073,"9,20122100140754E+018",9,1,82,133,2020,12,14,2,3,5,3,0,0,1,0,0,0,0,708254.3777,5305898.5645,11.785042268,47.872626214,1,2,#fc8d62,car
5577,45077,"9,20122100858253E+018",9,1,84,131,2020,12,11,2,3,4,2,0,0,1,0,0,0,0,705533.1976,5339516.8577,11.764816826,48.175621039,1,2,#fc8d62,car
5578,45082,"9,20122500167054E+018",9,1,62,0,2020,12,23,6,3,9,1,2,0,1,0,0,0,0,685408.83,5330032753,11.490257246,48.096564107,1,2,#fc8d62,car
5579,45087,"9,20121700210954E+018",9,2,61,0,2020,12,18,5,2,5,2,2,1,1,0,0,0,0,733020.9614,5382101.1258,12.157614837,48.54867578,0,1,#66c2a5,bicycle
5580,45095,"9,20122100127053E+018",9,1,74,113,2020,12,18,2,3,3,6,2,0,0,0,0,1,1,670513.4587,5347869.9687,11.297525888,48.26107512,0,5,#a6d854,bus
5581,45104,"9,20121700141353E+018",9,1,63,0,2020,12,5,5,3,5,3,2,1,1,0,0,0,0,730979088,5303254948,12.087100454,47.841106328,1,1,#66c2a5,bicycle
5582,45106,"9,20121700140552E+018",9,1,63,0,2020,12,14,5,3,2,6,0,0,1,0,0,0,0,730768055,5303404.5928,12.084363936,47.842526561,0,2,#fc8d62,car
5583,45107,"9,20122300854153E+018",9,1,62,0,2020,12,15,4,3,0,3,0,1,0,0,0,0,1,684374.5935,5332105.3015,11.477275343,48.115493496,0,1,#66c2a5,bicycle
5584,45111,"9,20121700121753E+018",9,1,79,134,2020,12,18,5,2,5,3,2,0,1,0,0,0,0,666710.8994,5342932.4033,11.244387483,48.217698916,0,2,#fc8d62,car
5585,45113,"9,20121700117553E+018",9,1,75,118,2020,12,12,5,3,2,6,0,0,1,0,0,0,0,716203.5205,5340475.6514,11.90865373,48.180696039,0,2,#fc8d62,car
5586,45117,"9,20121700110952E+018",9,1,78,155,2020,12,15,5,2,2,6,0,1,1,0,0,0,0,716162545,5374737216,11.9256774,48.488549785,0,1,#66c2a5,bicycle
5587,45118,"9,20121700110354E+018",9,1,75,128,2020,12,1,5,3,9,1,2,0,1,0,0,0,0,713601.7559,5324331.8653,11.865614711,48.036512426,1,2,#fc8d62,car
5588,45121,"9,20121600858253E+018",9,1,62,0,2020,12,16,4,3,2,6,1,0,1,0,0,0,0,682796.2474,5340459.1674,11.459677137,48.191038545,0,2,#fc8d62,car
5589,45124,"9,20121600857154E+018",9,1,62,0,2020,12,21,4,3,0,7,2,0,1,0,0,0,1,694256.2224,5340574866,11.613772032,48.188677107,0,2,#fc8d62,car
5590,45125,"9,20121600757554E+018",9,7,77,121,2020,12,21,4,3,5,6,2,0,1,0,0,0,0,626421.4626,5320355.1368,10.695571153,48.023968982,1,2,#fc8d62,car
5591,45130,"9,20122300121953E+018",9,1,88,141,2020,12,17,4,3,1,5,2,0,1,0,0,0,0,670415.5211,5308894.4539,11.280656232,47.910716765,0,2,#fc8d62,car
5592,45134,"9,20122200120953E+018",9,1,79,145,2020,12,10,3,3,2,6,0,0,1,0,0,0,0,673940.9619,5335827.2873,11.338732419,48.151887641,0,2,#fc8d62,car
5593,45140,"9,20121600712154E+018",9,7,71,146,2020,12,15,4,2,4,2,0,0,1,0,0,0,0,646226.3026,5348139543,10.970587748,48.269570623,0,2,#fc8d62,car
5594,45146,"9,20121600710154E+018",9,7,71,113,2020,12,14,4,3,3,6,0,1,1,0,0,0,0,657225.6975,5369950055,11.126869299,48.463021677,0,1,#66c2a5,bicycle
5595,45153,"9,20122100757555E+018",9,7,78,203,2020,12,16,2,3,3,6,1,0,1,0,0,0,0,622469.1301,5321838.7339,10.643009385,48.038081616,0,2,#fc8d62,car
5596,45166,"9,20122400131353E+018",9,1,86,126,2020,12,20,5,2,4,2,2,0,1,0,0,0,0,685445.2076,5375283.3096,11.510622418,48.503271719,1,2,#fc8d62,car
5597,45178,"9,20122400717354E+018",9,7,72,111,2020,12,9,5,3,0,6,0,0,1,0,0,0,1,625775.6201,5364224.4556,10.699928835,48.418609078,0,2,#fc8d62,car
5598,45190,"9,20122300160953E+018",9,1,73,118,2020,12,17,4,3,2,6,2,0,1,0,0,0,0,687304.5722,5306600.2233,11.505471573,47.885385163,0,2,#fc8d62,car
5599,45194,"9,20122100110353E+018",9,1,75,122,2020,12,12,2,3,0,2,0,0,1,0,1,0,0,720903.0493,5325615.6594,11.964095297,48.045563841,0,2,#fc8d62,car
5600,45202,"9,20121600217554E+018",9,2,61,0,2020,12,9,4,3,5,3,0,0,1,0,0,0,0,732796.1744,5383060.0076,12.155109639,48.557372544,0,2,#fc8d62,car
5601,45203,"9,20122300712154E+018",9,7,71,129,2020,12,11,4,2,5,3,0,0,1,0,0,0,0,658116.1531,5355422932,11.133435963,48.332195285,0,2,#fc8d62,car
5602,45208,"9,20121600160952E+018",9,1,73,126,2020,12,18,4,2,6,7,2,0,1,1,0,0,0,681249.8707,5306888.0573,11.424678211,47.889710658,1,2,#fc8d62,car
5603,45209,"9,20122300120153E+018",9,1,74,143,2020,12,12,4,3,6,7,0,0,1,1,0,0,0,675266.5773,5352517.6974,11.363441955,48.301556987,0,2,#fc8d62,car
5604,45213,"9,20122200110355E+018",9,1,75,122,2020,12,9,3,3,5,3,0,0,1,0,0,0,0,719767661,5327273975,11.949733147,48.060855916,1,2,#fc8d62,car
5605,45214,"9,20122000857154E+018",9,1,62,0,2020,12,19,1,3,5,3,2,0,1,0,0,0,0,693091.3195,5338821.6544,11.597318049,48.173275032,1,2,#fc8d62,car
5606,45222,"9,20123000141354E+018",9,1,63,0,2020,12,12,4,3,0,7,0,1,0,0,0,0,0,734693984,5304884717,12.137558573,47.854403012,0,1,#66c2a5,bicycle
5607,45227,"9,20122800210954E+018",9,2,61,0,2020,12,17,2,3,5,3,2,1,1,0,0,0,0,732757.6676,5381573.3997,12.153757787,48.54403312,2,1,#66c2a5,bicycle
5608,45263,"9,20122800121553E+018",9,1,81,128,2020,12,18,2,3,0,7,2,1,0,0,0,0,0,638510551,5327213494,10.859846418,48.083135002,1,1,#66c2a5,bicycle
5609,45265,"9,20122800121553E+018",9,1,81,130,2020,12,16,2,3,8,1,1,0,1,0,0,0,0,636317.7024,5325554.4881,10.82988846,48.068689133,2,2,#fc8d62,car
5610,45270,"9,20122800120953E+018",9,1,79,123,2020,12,11,2,3,5,2,0,0,1,0,0,0,0,674024.6978,5331931.4196,11.338265812,48.11684295,0,2,#fc8d62,car
5611,45280,"9,20122800120554E+018",9,1,79,138,2020,12,16,2,3,4,6,0,0,1,0,0,0,0,652909.1845,5336046.2721,11.056229145,48.159261445,2,2,#fc8d62,car
5612,45287,"9,20122800110553E+018",9,1,77,117,2020,12,7,2,3,4,2,2,0,1,0,0,0,0,714486.4581,5355422.8755,11.893155908,48.315583882,0,2,#fc8d62,car
5613,45289,"9,20122900161953E+018",9,1,73,137,2020,12,11,3,2,8,1,0,0,1,0,0,0,0,675335646,5303901289,11.344417847,47.86450299,2,2,#fc8d62,car
5614,45299,"9,20122700858253E+018",9,1,84,129,2020,12,16,1,3,5,2,1,0,1,0,0,0,0,701759.7443,5326522.6448,11.707967814,48.060052274,0,2,#fc8d62,car
5615,45304,"9,20123000111155E+018",9,1,78,145,2020,12,18,4,3,5,3,2,0,1,0,0,0,0,697030.4805,5354282.6957,11.657438847,48.311016733,0,2,#fc8d62,car