fid,OBJECTID,UIDENTSTLA,ULAND,UREGBEZ,UKREIS,UGEMEINDE,UJAHR,UMONAT,USTUNDE,UWOCHENTAG,UKATEGORIE,UART,UTYP1,ULICHTVERH,IstRad,IstPKW,IstFuss,IstKrad,IstGkfz,IstSonstig,LINREFX,LINREFY,XGCSWGS84,YGCSWGS84,STRZUSTAND,Teilnehmer,color,symbol
5616,45306,"9,20122700854454E+018",9,1,62,0,2020,12,18,1,3,5,3,2,0,1,0,0,0,0,682948884,5339416982,11.461280189,48.18162683,0,2,#fc8d62,car
5617,45314,"9,20122700740754E+018",9,7,62,0,2020,12,10,1,3,4,6,0,0,1,0,0,0,0,618405.8629,5303481.2221,10.583465905,47.873744242,2,2,#fc8d62,car
5618,45315,"9,20123100120154E+018",9,1,74,115,2020,12,9,5,3,7,1,0,0,1,0,0,0,0,680974.3166,5348327.4651,11.438544124,48.262285924,1,2,#fc8d62,car
5619,45324,"9,20122900710754E+018",9,7,61,0,2020,12,12,3,3,3,2,0,0,1,0,1,0,0,643356.8228,5360652.5695,10.936196487,48.382738027,0,2,#fc8d62,car
5620,45327,"9,20122900110555E+018",9,1,77,143,2020,12,16,3,3,8,1,2,0,1,0,0,0,0,724226.4772,5365785.7552,12.029871475,48.405306692,0,2,#fc8d62,car
5621,45335,"9,20123000712354E+018",9,7,72,184,2020,12,14,4,2,0,7,0,0,0,0,0,0,1,635652.9524,5361801.4849,10.832574909,48.394772714,0,6,#ffd92f,circle
5622,45392,"9,20122800710154E+018",9,7,71,113,2020,12,11,2,3,5,3,0,0,1,0,0,0,0,658119.6965,5367933.2676,11.138192329,48.444666295,1,2,#fc8d62,car
5623,45393,"9,20123000147354E+018",9,1,62,0,2020,12,17,4,2,3,6,2,0,1,0,0,1,0,692733.8316,5329999.7947,11.588523581,48.094094692,1,2,#fc8d62,car
5624,45403,"9,20122700141354E+018",9,1,87,142,2020,12,15,1,1,4,6,0,0,1,0,0,0,0,733945.8526,5314610.6068,12.13284449,47.942052216,0,2,#fc8d62,car
5625,45412,"9,20122700141353E+018",9,1,63,0,2020,12,13,1,3,2,6,0,0,1,0,0,0,0,733581.1142,5303174.2723,12.121780673,47.839441667,0,2,#fc8d62,car
5626,45417,"9,20122900147354E+018",9,1,84,114,2020,12,10,3,2,2,6,0,0,1,0,0,0,0,699886.2453,5318997.3415,11.679340746,47.993009877,1,2,#fc8d62,car
5627,45424,"9,20122700121553E+018",9,1,81,128,2020,12,16,1,2,8,1,0,0,1,1,0,0,0,638127717,5328645171,10.85517185,48.096092175,0,2,#fc8d62,car
5628,45425,"9,20123100110353E+018",9,1,75,121,2020,12,13,5,2,8,1,0,0,1,0,0,0,0,713653.7315,5315396.3361,11.861863666,47.956200917,1,2,#fc8d62,car
5629,45433,"9,20122600857154E+018",9,1,62,0,2020,12,17,7,3,5,3,2,0,1,0,0,0,0,682677.5482,5337594.9491,11.456850313,48.165327321,0,2,#fc8d62,car
5630,45438,"9,20122600853154E+018",9,1,84,145,2020,12,15,7,3,0,3,0,1,1,0,0,0,0,695694732,5325476256,11.626176142,48.052536655,0,1,#66c2a5,bicycle
5631,45444,"9,20122600852955E+018",9,1,62,0,2020,12,20,7,3,5,2,2,1,0,0,0,0,1,685466271,5328737.7618,11.490465546,48.08490732,1,1,#66c2a5,bicycle
5632,45454,"9,20122600712754E+018",9,7,72,223,2020,12,14,7,1,9,7,0,0,1,0,0,0,0,620020.2858,5361617.2881,10.62142975,48.396285673,0,2,#fc8d62,car
5633,45479,"9,20123000127054E+018",9,1,62,0,2020,12,9,4,3,2,7,2,0,1,0,0,0,0,683145556,5342477.8489,11.465243835,48.209082914,0,2,#fc8d62,car
5634,45490,"9,20123100127053E+018",9,1,79,142,2020,12,12,5,3,9,7,0,0,1,0,0,1,0,677872.7412,5342093475,11.394172875,48.207127291,0,2,#fc8d62,car
5635,45497,"9,20122900711353E+018",9,7,72,202,2020,12,10,3,3,5,2,0,1,1,0,0,0,0,636832931,5359373728,10.847716421,48.372687626,0,1,#66c2a5,bicycle
5636,45500,"9,20122900110755E+018",9,1,78,124,2020,12,17,3,3,1,1,2,0,1,0,0,0,0,703192.1355,5362141.0108,11.744237701,48.379684879,1,2,#fc8d62,car
5637,45522,"9,20122600127053E+018",9,1,79,123,2020,12,19,7,3,2,6,2,0,1,0,0,0,0,676963.9429,5332037.8538,11.37776789,48.116989688,0,2,#fc8d62,car
5638,45527,"9,20122600121553E+018",9,1,81,130,2020,12,10,7,3,4,1,0,0,1,0,0,0,0,636993.8888,5323068.3912,10.838164332,48.046188127,1,2,#fc8d62,car
5639,45538,"9,20122600121354E+018",9,1,88,126,2020,12,17,7,3,5,2,1,0,1,0,0,0,0,660211.4417,5328120.2459,11.151376102,48.086203399,1,2,#fc8d62,car
5640,45557,"9,20122500857154E+018",9,1,84,145,2020,12,16,6,3,3,6,0,0,1,0,0,0,0,699233.5752,5324807.5439,11.673302197,48.045431912,1,2,#fc8d62,car
5641,45561,"9,20122900858253E+018",9,1,62,0,2020,12,20,3,3,3,2,2,1,1,0,0,0,0,693833.3434,5331644.6004,11.604021893,48.108544308,0,1,#66c2a5,bicycle
5642,45583,"9,20122800858253E+018",9,1,62,0,2020,12,17,2,3,6,2,2,0,1,1,0,0,0,692033616,5341288.5891,11.584220724,48.195767659,1,2,#fc8d62,car
5643,45591,"9,20123000712155E+018",9,7,71,145,2020,12,13,4,1,4,2,0,0,1,0,0,0,0,647691.6645,5345953.9476,10.989560096,48.249579168,1,2,#fc8d62,car
5644,45596,"9,20123100110755E+018",9,1,78,145,2020,12,11,5,3,5,3,0,0,1,0,0,0,0,700008545,5356869311,11.69878624,48.333327206,0,2,#fc8d62,car
5645,157788,"9,200101008521E+018",9,1,62,0,2020,1,20,4,3,4,2,2,1,1,0,0,0,0,693435.8851,5333496.5315,11.599528084,48.125309793,0,1,#66c2a5,bicycle
5646,157827,"9,200102001205E+018",9,1,79,131,2020,1,7,5,3,0,1,0,0,1,0,0,0,0,658280.7277,5332484.6184,11.127087589,48.125925012,2,2,#fc8d62,car
5647,157838,"9,20010100712106E+018",9,7,71,130,2020,1,5,4,3,9,1,2,0,1,0,0,0,0,645169.8994,5355828.0298,10.959004679,48.338944289,0,2,#fc8d62,car
5648,157891,"9,20010100857101E+018",9,1,62,0,2020,1,4,4,3,1,7,2,0,1,1,0,0,0,684776.2786,5333107.8623,11.483101681,48.124388634,0,2,#fc8d62,car
5649,157980,"9,200101008582E+018",9,1,62,0,2020,1,17,4,3,0,1,2,0,0,0,0,0,1,698458.7834,5333508.5873,11.666960075,48.123872214,0,6,#ffd92f,circle
5650,157990,"9,200101007106E+018",9,7,61,0,2020,1,1,4,3,5,3,2,0,1,0,0,0,1,640619.6858,5357239882,10.89810861,48.352668358,0,2,#fc8d62,car
5651,158036,"9,20010800710403E+018",9,7,61,0,2020,1,14,4,3,2,6,0,0,1,0,0,0,1,641032.2681,5359165.2542,10.904319942,48.369888618,1,2,#fc8d62,car
5652,158038,"9,20010300852902E+018",9,1,62,0,2020,1,8,6,3,6,4,0,0,0,1,1,0,0,688295912,5330540.6558,11.529219315,48.100282752,1,3,#8da0cb,toilet
5653,158040,"9,20010700858201E+018",9,1,62,0,2020,1,8,3,3,0,1,0,1,0,0,0,0,0,685660.5814,5333544.7488,11.495163973,48.128058295,2,1,#66c2a5,bicycle
5654,158042,"9,200103008522E+018",9,1,62,0,2020,1,8,6,3,0,1,0,1,0,0,0,0,0,695198.2636,5335248.0792,11.623989006,48.140513973,2,1,#66c2a5,bicycle
5655,158044,"9,200103008513E+018",9,1,62,0,2020,1,16,6,3,3,6,0,0,1,0,1,0,0,692227.8833,5337126.7535,11.584949973,48.15830341,0,2,#fc8d62,car
5656,158046,"9,200106001401E+018",9,1,87,117,2020,1,10,2,3,6,4,0,0,1,1,0,0,0,725518.3386,5305631.8978,12.015460749,47.864401441,0,2,#fc8d62,car
5657,158048,"9,20010700853101E+018",9,1,84,148,2020,1,19,3,3,0,1,2,1,0,0,0,0,0,694281855,5326890034,11.607878195,48.065675,2,1,#66c2a5,bicycle
5658,158051,"9,20010700111301E+018",9,1,75,132,2020,1,9,3,2,0,1,0,1,0,0,0,0,0,706481.8968,5331280585,11.773570522,48.101299076,2,1,#66c2a5,bicycle
5659,158054,"9,20010600110502E+018",9,1,77,126,2020,1,16,2,3,2,6,2,0,1,0,0,0,0,717742.2549,5366563.7805,11.942778747,48.414569733,0,2,#fc8d62,car
5660,158056,"9,20010700852103E+018",9,1,62,0,2020,1,8,3,3,0,7,0,0,0,0,0,0,1,694458857,5332487.54,11.612800505,48.115929709,1,6,#ffd92f,circle
5661,158057,"9,20010800857102E+018",9,1,62,0,2020,1,22,4,3,5,3,2,0,1,0,0,0,0,690232.1299,5343929.1997,11.561187014,48.2200433,0,2,#fc8d62,car
5662,158059,"9,20010600710701E+018",9,7,61,0,2020,1,14,2,3,0,6,0,1,0,0,0,0,0,641785.9661,5362025.4089,10.915456047,48.395436985,0,1,#66c2a5,bicycle
5663,158064,"9,200103007106E+018",9,7,61,0,2020,1,13,6,2,0,7,0,0,0,0,1,0,0,640305.5662,5350759.1236,10.891714151,48.294464782,0,4,#e78ac3,marker
5664,158070,"9,200107008511E+018",9,1,62,0,2020,1,11,3,3,0,5,0,1,1,0,0,0,0,692816499,5335183.9229,11.591976837,48.140663563,1,1,#66c2a5,bicycle
5665,158071,"9,20010800852501E+018",9,1,62,0,2020,1,10,4,3,5,3,0,0,1,0,0,0,0,700454.5672,5334637.0791,11.694280344,48.133388775,0,2,#fc8d62,car
5666,158076,"9,200108001103E+018",9,1,75,113,2020,1,12,4,2,0,7,0,1,0,0,0,0,0,716215.5224,5315878.6107,11.896375814,47.959674785,1,1,#66c2a5,bicycle
5667,158077,"9,20010700710401E+018",9,7,61,0,2020,1,15,3,2,6,7,0,0,1,1,0,0,0,640795106,5359247.9513,10.901147131,48.370685152,0,2,#fc8d62,car
5668,158086,"9,200107008582E+018",9,1,62,0,2020,1,8,3,3,5,2,0,1,1,0,0,0,0,688015.6235,5339235.7211,11.529296749,48.178518545,0,1,#66c2a5,bicycle
5669,158089,"9,200107001217E+018",9,1,79,142,2020,1,8,3,3,2,6,0,0,1,0,0,0,0,674914331,5343629737,11.355021332,48.221759214,1,2,#fc8d62,car
5670,158092,"9,200106001201E+018",9,1,74,126,2020,1,10,2,3,4,6,0,1,1,0,0,0,0,683428444,5344814395,11.47005874,48.230003216,0,1,#66c2a5,bicycle
5671,158094,"9,200107001401E+018",9,1,87,150,2020,1,8,3,3,3,6,0,1,1,0,0,0,0,729148.3196,5304394.8756,12.063271565,47.852003069,0,1,#66c2a5,bicycle
5672,158099,"9,20010700854701E+018",9,1,62,0,2020,1,8,3,3,0,7,0,1,0,0,0,0,0,692292.7944,5340418.5813,11.587310904,48.187869866,2,1,#66c2a5,bicycle
5673,158101,"9,20010600858201E+018",9,1,84,146,2020,1,14,2,2,5,3,0,1,1,0,0,0,0,699403.4468,5327543.5547,11.676854205,48.069968146,0,1,#66c2a5,bicycle
5674,158104,"9,20010500858201E+018",9,1,62,0,2020,1,21,1,3,2,6,2,0,1,0,0,0,0,688195.5252,5339920.5037,11.532017729,48.18462019,0,2,#fc8d62,car
5675,158106,"9,20010700851402E+018",9,1,62,0,2020,1,9,3,3,0,1,0,1,0,0,0,0,0,689895.1225,5334445.2828,11.552417038,48.134903224,2,1,#66c2a5,bicycle
5676,158107,"9,20010800857101E+018",9,1,62,0,2020,1,15,4,3,5,3,0,0,1,0,0,0,0,684501.3078,5333030.9656,11.479376813,48.123777191,0,2,#fc8d62,car
5677,158109,"9,200107008529E+018",9,1,62,0,2020,1,8,3,3,0,1,0,1,0,0,0,0,0,688081.4646,5328761.5407,11.525558061,48.084354889,2,1,#66c2a5,bicycle
5678,158110,"9,200108008582E+018",9,1,62,0,2020,1,7,4,3,3,2,1,1,1,0,0,0,0,690960415,5335125854,11.567026096,48.140701396,1,1,#66c2a5,bicycle
5679,158112,"9,200106007123E+018",9,7,72,147,2020,1,21,2,2,8,1,2,0,1,0,0,0,0,638330242,5363275.9065,10.869209205,48.407448738,1,2,#fc8d62,car
5680,158113,"9,20010300141302E+018",9,1,63,0,2020,1,12,6,3,1,5,0,1,1,0,0,0,0,733433.4884,5304710.2429,12.120639129,47.853294541,0,1,#66c2a5,bicycle
5681,158114,"9,20010800141301E+018",9,1,63,0,2020,1,10,4,3,3,6,0,1,1,0,0,0,0,733642272,5306910736,12.124614933,47.872987946,2,1,#66c2a5,bicycle
5682,158115,"9,20010500712103E+018",9,7,71,130,2020,1,12,1,2,5,3,0,0,1,0,1,0,0,647238.5299,5358685.5446,10.987902105,48.364158143,1,2,#fc8d62,car
5683,158121,"9,20010300121503E+018",9,1,81,130,2020,1,1,6,2,8,1,2,1,0,0,0,0,0,639702.5021,5323916.5777,10.874765054,48.053228191,2,1,#66c2a5,bicycle
5684,158124,"9,20010300120702E+018",9,1,88,120,2020,1,10,6,3,1,6,0,1,1,0,0,0,0,677475.5385,5327535.6787,11.382763962,48.076376179,0,1,#66c2a5,bicycle
5685,158126,"9,20010800120503E+018",9,1,79,121,2020,1,13,4,3,4,6,0,1,1,0,0,0,0,666084.8128,5336828.5325,11.233578236,48.162989081,0,1,#66c2a5,bicycle
5686,158127,"9,200105001215E+018",9,1,81,135,2020,1,5,1,3,9,7,2,0,1,0,0,0,0,649064.7091,5310659.1925,10.995722752,47.931903299,1,2,#fc8d62,car
5687,158128,"9,200107007119E+018",9,7,72,163,2020,1,21,3,2,0,7,2,1,0,0,0,0,0,640566.8438,5348854.0902,10.894601031,48.277277096,1,1,#66c2a5,bicycle
5688,158129,"9,200108007106E+018",9,7,61,0,2020,1,7,4,3,0,1,2,1,0,0,0,0,0,641395.8262,5352841.2508,10.907103066,48.312944016,2,1,#66c2a5,bicycle
5689,158130,"9,20010400857101E+018",9,1,62,0,2020,1,10,7,3,5,3,0,0,1,0,0,0,0,690952.0758,5334664.3308,11.566707197,48.136555761,1,2,#fc8d62,car
5690,158131,"9,200107001609E+018",9,1,73,126,2020,1,15,3,3,1,6,0,0,1,0,0,0,1,684912.1182,5304783.4596,11.472722402,47.869747885,1,2,#fc8d62,car
5691,158134,"9,200103001107E+018",9,1,78,124,2020,1,12,6,3,6,4,0,0,1,1,0,0,0,703198.0684,5364701.6006,11.745556252,48.402693033,0,2,#fc8d62,car
5692,158136,"9,200107008582E+018",9,1,88,120,2020,1,17,3,3,1,1,2,1,1,0,0,0,0,678508.3573,5328230.2935,11.396908111,48.082331919,1,1,#66c2a5,bicycle
5693,158137,"9,200104008543E+018",9,1,62,0,2020,1,17,7,3,0,6,2,0,1,0,0,0,0,690512.3146,5342695.0466,11.564401035,48.208866885,0,2,#fc8d62,car
5694,158139,"9,20010700858201E+018",9,1,62,0,2020,1,15,3,2,6,4,0,0,1,1,0,0,0,694541.7863,5336160.4776,11.615590619,48.148915273,1,2,#fc8d62,car
5695,158140,"9,200104008541E+018",9,1,62,0,2020,1,19,7,3,6,2,2,0,1,1,0,0,0,687330021,5334940.6052,11.518191631,48.140115543,0,2,#fc8d62,car
5696,158142,"9,200102008582E+018",9,1,62,0,2020,1,18,5,3,5,3,2,1,1,0,0,0,0,695781.4542,5332842.8999,11.630715068,48.118718288,1,1,#66c2a5,bicycle
5697,158144,"9,20010200857101E+018",9,1,84,135,2020,1,15,5,3,5,3,0,0,1,0,0,0,0,689800.9718,5348147.4413,11.557278223,48.258085322,0,2,#fc8d62,car
5698,158147,"9,20010200857101E+018",9,1,62,0,2020,1,13,5,3,4,2,0,0,1,0,0,0,0,689643.2613,5335662.9325,11.549577422,48.145922622,0,2,#fc8d62,car
5699,158148,"9,200107008543E+018",9,1,62,0,2020,1,7,3,3,5,3,1,1,1,0,0,0,0,690652862,5338382.5112,11.564355148,48.170064219,1,1,#66c2a5,bicycle
5700,158149,"9,20010400851101E+018",9,1,62,0,2020,1,21,7,3,6,7,2,0,1,1,0,0,0,691581.2249,5334545.5175,11.575101707,48.135298789,0,2,#fc8d62,car
5701,158151,"9,200106008532E+018",9,1,84,122,2020,1,13,2,2,6,3,0,0,1,1,0,0,0,688797.2431,5324601.9887,11.533323313,48.046756133,0,2,#fc8d62,car
5702,158152,"9,200102008542E+018",9,1,62,0,2020,1,12,5,3,2,6,0,0,1,0,0,0,0,687958.4194,5334040.4621,11.526233219,48.131839546,0,2,#fc8d62,car
5703,158154,"9,20010700111303E+018",9,1,75,132,2020,1,8,3,3,4,6,0,1,0,0,0,0,0,707487838,5331078.4678,11.786968054,48.099156009,0,1,#66c2a5,bicycle
5704,158157,"9,20010600110701E+018",9,1,78,124,2020,1,12,2,3,9,1,0,0,1,0,0,0,0,704999.5246,5364455.5019,11.76974742,48.39989846,0,2,#fc8d62,car
5705,158159,"9,200107008523E+018",9,1,62,0,2020,1,9,3,3,2,6,0,0,1,0,0,0,0,691454.6354,5332239.5339,11.57236617,48.114610913,1,2,#fc8d62,car
5706,158160,"9,200108008582E+018",9,1,62,0,2020,1,7,4,3,0,1,0,1,0,0,0,0,0,691006.7139,5336729.0728,11.56836717,48.155097082,2,1,#66c2a5,bicycle
5707,158163,"9,200106007111E+018",9,7,61,0,2020,1,15,2,2,5,3,0,1,1,0,0,0,0,639105237,5360316.6445,10.878695403,48.380669312,0,1,#66c2a5,bicycle
5708,158167,"9,20010500711902E+018",9,7,72,125,2020,1,1,1,3,5,3,2,0,1,0,0,0,0,636922.8339,5347776.6662,10.845163853,48.268387316,1,2,#fc8d62,car
5709,158169,"9,200107007407E+018",9,7,62,0,2020,1,7,3,3,2,6,0,0,1,0,0,0,0,622239.5111,5305393.4781,10.635254126,47.890224159,1,2,#fc8d62,car
5710,158170,"9,20010800740701E+018",9,7,62,0,2020,1,13,4,3,6,4,0,0,1,1,0,0,0,621330.8073,5304636.7927,10.622890378,47.883591163,0,2,#fc8d62,car
5711,158171,"9,200105008571E+018",9,1,62,0,2020,1,2,1,3,0,6,2,0,1,0,0,0,0,693578171,5332397.7662,11.600939297,48.115391155,1,2,#fc8d62,car
5712,158172,"9,20010200711901E+018",9,7,72,151,2020,1,9,5,3,8,1,0,0,0,0,0,0,1,629116.6744,5343497.5477,10.738715056,48.231546247,0,6,#ffd92f,circle
5713,158173,"9,200107008513E+018",9,1,62,0,2020,1,9,3,2,0,1,0,1,0,0,0,0,0,692564.9008,5337055.8025,11.589445046,48.157563754,1,1,#66c2a5,bicycle
5714,158174,"9,200108008542E+018",9,1,62,0,2020,1,7,4,3,3,2,0,1,1,0,0,0,0,689263.1352,5336141.3789,11.544684929,48.150336135,2,1,#66c2a5,bicycle
5715,158177,"9,200102007113E+018",9,7,61,0,2020,1,17,5,2,6,4,2,0,1,1,0,0,0,637185.5459,5360175.3331,10.852736952,48.379819013,1,2,#fc8d62,car
5716,158178,"9,20010400110501E+018",9,1,77,117,2020,1,22,7,3,5,2,2,0,1,0,1,0,0,715304.6685,5354199.4681,11.903553652,48.304313399,1,2,#fc8d62,car
5717,158179,"9,200108001201E+018",9,1,74,113,2020,1,6,4,3,6,2,2,0,1,1,0,0,0,674334.7086,5345319.4739,11.347919293,48.237108239,2,2,#fc8d62,car
5718,158180,"9,200104007113E+018",9,7,72,202,2020,1,12,7,3,6,7,0,0,1,1,0,0,0,636291.9764,5356813.4049,10.839586168,48.349782329,0,2,#fc8d62,car
5719,158181,"9,20010700710402E+018",9,7,61,0,2020,1,9,3,1,6,2,0,0,0,1,0,1,0,640239.2234,5358598026,10.893428636,48.364964993,1,3,#8da0cb,toilet
5720,158182,"9,200104007106E+018",9,7,61,0,2020,1,19,7,3,0,1,2,1,0,0,0,0,0,641892015,5357506.04,10.915362522,48.354776952,1,1,#66c2a5,bicycle
5721,158183,"9,20010700140119E+018",9,1,87,117,2020,1,17,3,3,2,6,2,0,1,0,0,0,0,723937.2944,5306055.7231,11.994569723,47.868762543,0,2,#fc8d62,car
5722,158186,"9,20010800710402E+018",9,7,61,0,2020,1,15,4,3,2,6,0,0,1,0,0,0,0,640290032,5358592.4676,10.894112381,48.364903723,0,2,#fc8d62,car
5723,158189,"9,20010300858201E+018",9,1,84,119,2020,1,11,6,3,1,7,0,1,1,0,0,0,1,696767784,5347767743,11.650866346,48.252548023,2,1,#66c2a5,bicycle
5724,158190,"9,20010700858201E+018",9,1,62,0,2020,1,8,3,3,0,1,0,1,0,0,0,0,0,693226.6624,5329412.2339,11.594869675,48.088664583,2,1,#66c2a5,bicycle
5725,158198,"9,200107008529E+018",9,1,62,0,2020,1,18,3,2,0,1,2,1,0,0,0,0,0,686897.2629,5329402.0011,11.509952726,48.090459867,2,1,#66c2a5,bicycle
5726,158199,"9,200108008582E+018",9,1,62,0,2020,1,7,4,3,0,7,0,1,0,0,0,0,0,690828.5401,5335014.5949,11.565205331,48.139740971,2,1,#66c2a5,bicycle
5727,158203,"9,20010700857101E+018",9,1,62,0,2020,1,15,3,2,6,4,0,0,1,1,0,0,0,689793.5589,5343326.0813,11.555018511,48.214753872,1,2,#fc8d62,car
5728,158205,"9,20010600858201E+018",9,1,62,0,2020,1,19,2,3,5,3,2,0,1,0,0,0,1,696305386,5330870.6197,11.636839838,48.100831174,0,2,#fc8d62,car
5729,158208,"9,20010500858202E+018",9,1,62,0,2020,1,0,1,3,0,7,2,0,0,1,0,0,1,696682.1019,5337718.2618,11.64505528,48.162257458,1,3,#8da0cb,toilet
5730,158210,"9,200107008521E+018",9,1,62,0,2020,1,9,3,3,0,1,0,1,0,0,0,0,0,691843125,5333566641,11.578177572,48.126421888,1,1,#66c2a5,bicycle
5731,158211,"9,20010800857101E+018",9,1,62,0,2020,1,11,4,3,2,2,0,0,1,0,0,1,0,693885.6205,5331336.6134,11.604583489,48.105760301,0,2,#fc8d62,car
5732,158213,"9,200106007101E+018",9,7,71,113,2020,1,21,2,3,0,7,2,0,1,0,0,0,0,658543.8549,5368971.9111,11.144317162,48.453897199,0,2,#fc8d62,car
5733,158222,"9,20010800852401E+018",9,1,62,0,2020,1,17,4,3,5,7,2,1,1,0,0,0,0,697755.6959,5330074246,11.655930351,48.093225418,1,1,#66c2a5,bicycle
5734,158227,"9,200103008582E+018",9,1,62,0,2020,1,19,6,3,0,1,2,1,0,0,0,0,0,692525.7394,5334794.7513,11.587896461,48.137253817,1,1,#66c2a5,bicycle
5735,158228,"9,20010700858203E+018",9,1,62,0,2020,1,14,3,3,1,2,0,1,1,0,0,0,0,692293634,5334891198,11.584823378,48.13819084,1,1,#66c2a5,bicycle
5736,158229,"9,200103008582E+018",9,1,62,0,2020,1,13,6,2,0,7,0,1,0,0,0,0,1,685106233,5335807762,11.488704686,48.148560776,1,1,#66c2a5,bicycle
5737,158233,"9,200108007113E+018",9,7,61,0,2020,1,17,4,2,6,7,2,0,1,1,0,0,0,638917.2457,5358477.2851,10.875550177,48.364171631,0,2,#fc8d62,car
5738,158238,"9,200103008547E+018",9,1,62,0,2020,1,16,6,3,1,6,0,0,1,0,0,0,0,693997397,5341798.2214,11.610852117,48.199751151,0,2,#fc8d62,car
5739,158239,"9,200107008582E+018",9,1,62,0,2020,1,8,3,3,0,1,0,1,0,0,0,0,0,701280.1177,5334645.3076,11.705367531,48.133202185,2,1,#66c2a5,bicycle
5740,158241,"9,20010700111303E+018",9,1,75,132,2020,1,9,3,3,0,1,0,1,0,0,0,0,0,707569.0919,5331237.8317,11.788135611,48.10056165,2,1,#66c2a5,bicycle
5741,158243,"9,200107007104E+018",9,7,61,0,2020,1,10,3,2,0,1,0,1,0,0,0,0,0,640590798,5358980411,10.898300506,48.368325066,1,1,#66c2a5,bicycle
5742,158249,"9,20010200210904E+018",9,2,61,0,2020,1,17,5,3,6,7,2,0,1,1,0,0,0,730712.3963,5382224.2812,12.126448972,48.55063529,0,2,#fc8d62,car
5743,158250,"9,200107008544E+018",9,1,62,0,2020,1,8,3,3,0,7,0,1,0,0,0,0,0,687893106,5338163866,11.52717648,48.168920789,2,1,#66c2a5,bicycle
5744,158252,"9,200106008582E+018",9,1,62,0,2020,1,14,2,3,0,5,0,0,1,0,0,0,0,684757.7072,5335011.9153,11.483678065,48.141508638,0,2,#fc8d62,car
5745,158254,"9,20010800210903E+018",9,2,61,0,2020,1,16,4,3,0,1,1,1,0,0,0,0,0,732921.9026,5380973.6837,12.155644365,48.538585123,0,1,#66c2a5,bicycle
5746,158255,"9,20010500858201E+018",9,1,84,148,2020,1,19,1,3,5,3,2,1,1,0,0,0,0,694425495,5326869121,11.609794719,48.06544328,1,1,#66c2a5,bicycle
5747,158256,"9,20010200152501E+018",9,1,83,119,2020,1,18,5,3,5,3,2,0,1,0,1,0,0,735522.1461,5339311.6355,12.167513237,48.163374034,0,2,#fc8d62,car
5748,158257,"9,20010700851402E+018",9,1,62,0,2020,1,12,3,3,5,3,0,0,1,0,0,0,0,690348611,5334740397,11.558638041,48.137420233,1,2,#fc8d62,car
5749,158259,"9,20010600112001E+018",9,1,77,133,2020,1,20,2,3,3,6,2,0,1,0,0,0,0,706356.9239,5359250.8665,11.785510321,48.352687167,0,2,#fc8d62,car
5750,158261,"9,20010700852701E+018",9,1,84,131,2020,1,10,3,3,5,3,0,0,1,0,0,0,0,705618.2233,5339570.6225,11.765985209,48.176076689,0,2,#fc8d62,car
5751,158262,"9,200108008582E+018",9,1,62,0,2020,1,7,4,3,3,3,0,1,1,0,0,0,0,690466.6362,5334742.6662,11.56022389,48.137405314,1,1,#66c2a5,bicycle
5752,158264,"9,20010600712102E+018",9,7,71,146,2020,1,17,2,3,5,3,2,0,1,0,0,0,0,646666.2839,5348565.3652,10.97666112,48.273297627,0,2,#fc8d62,car
5753,158267,"9,20010500711903E+018",9,7,72,163,2020,1,10,1,2,5,3,0,1,1,0,0,0,0,640175.0533,5348355.5176,10.889158016,48.272880859,0,1,#66c2a5,bicycle
5754,158272,"9,20010800857101E+018",9,1,62,0,2020,1,6,4,3,6,4,2,0,1,1,0,0,0,686540.1536,5339613.2974,11.509633443,48.182347156,1,2,#fc8d62,car
5755,158275,"9,20010200140701E+018",9,1,82,120,2020,1,10,5,3,0,1,0,1,0,0,0,0,0,698724.3793,5302812.8764,11.656322041,47.847912366,2,1,#66c2a5,bicycle
5756,158276,"9,20010300853101E+018",9,1,62,0,2020,1,22,6,3,3,2,2,1,1,0,0,0,0,693929.0256,5331220.4079,11.605113138,48.104702668,1,1,#66c2a5,bicycle
5757,158277,"9,200108001201E+018",9,1,74,126,2020,1,7,4,3,0,6,1,1,1,0,0,0,0,681909.7743,5345349294,11.449857366,48.235248567,1,1,#66c2a5,bicycle
5758,158278,"9,200105001215E+018",9,1,81,130,2020,1,18,1,3,1,7,2,0,1,0,0,0,0,638436.5469,5324545.4547,10.857989137,48.05915917,0,2,#fc8d62,car
5759,158280,"9,200107007113E+018",9,7,61,0,2020,1,10,3,2,6,4,0,0,1,1,0,0,0,639673301,5358892142,10.885889863,48.36773508,0,2,#fc8d62,car
5760,158282,"9,20010700141503E+018",9,1,87,159,2020,1,18,3,3,6,6,2,1,0,1,0,0,0,731565021,5327181.9572,12.107792884,48.055857606,1,1,#66c2a5,bicycle
5761,158285,"9,20010200120501E+018",9,1,79,131,2020,1,7,5,3,9,1,0,0,1,0,0,0,0,658279756,5332460675,11.127065648,48.125709983,2,2,#fc8d62,car
5762,158286,"9,200107008582E+018",9,1,84,139,2020,1,8,3,3,0,7,0,1,0,0,0,0,0,687773.3033,5326437.0343,11.520403021,48.063552244,2,1,#66c2a5,bicycle
5763,158287,"9,20011400851302E+018",9,1,62,0,2020,1,18,3,3,4,2,2,1,1,0,0,0,0,692082.0244,5337283.8241,11.583061545,48.159759202,0,1,#66c2a5,bicycle