fid,OBJECTID,UIDENTSTLA,ULAND,UREGBEZ,UKREIS,UGEMEINDE,UJAHR,UMONAT,USTUNDE,UWOCHENTAG,UKATEGORIE,UART,UTYP1,ULICHTVERH,IstRad,IstPKW,IstFuss,IstKrad,IstGkfz,IstSonstig,LINREFX,LINREFY,XGCSWGS84,YGCSWGS84,STRZUSTAND,Teilnehmer,color,symbol
5764,158290,"9,20011500110702E+018",9,1,78,124,2020,1,20,4,2,0,1,2,1,0,0,0,0,0,702086178,5365161.5264,11.730771903,48.407183426,0,1,#66c2a5,bicycle
5765,158292,"9,200114007111E+018",9,7,61,0,2020,1,16,3,3,6,7,0,0,1,1,0,0,0,639470.7361,5361583.2705,10.884049376,48.391977753,0,2,#fc8d62,car
5766,158293,"9,20011000141301E+018",9,1,63,0,2020,1,17,6,3,2,6,2,0,1,0,0,0,0,731367.2772,5304082.3413,12.092723177,47.848400337,0,2,#fc8d62,car
5767,158294,"9,20011400710701E+018",9,7,61,0,2020,1,17,3,3,5,3,2,0,1,0,0,0,0,641789.7272,5362057.4096,10.915517633,48.395723874,0,2,#fc8d62,car
5768,158296,"9,20011400710701E+018",9,7,61,0,2020,1,8,3,3,5,3,0,0,1,0,0,0,0,643202.1259,5362164.1922,10.934623682,48.396364829,0,2,#fc8d62,car
5769,158297,"9,20011400710103E+018",9,7,71,113,2020,1,7,3,3,4,2,1,1,1,0,0,0,0,657841.1689,5370617.4472,11.135440889,48.468867548,0,1,#66c2a5,bicycle
5770,158298,"9,20011000121507E+018",9,1,81,128,2020,1,12,6,3,5,7,0,1,1,0,0,0,0,638593.9095,5327895.2038,10.861186326,48.089247023,0,1,#66c2a5,bicycle
5771,158301,"9,20011500711301E+018",9,7,61,0,2020,1,17,4,3,6,4,1,0,1,1,0,0,0,637806.2076,5358588.6336,10.860594561,48.365416385,0,2,#fc8d62,car
5772,158303,"9,20011500852402E+018",9,1,62,0,2020,1,13,4,3,5,3,0,1,1,0,0,0,0,695524.9532,5334232.8965,11.627909844,48.131289718,0,1,#66c2a5,bicycle
5773,158305,"9,20011000121503E+018",9,1,81,130,2020,1,13,6,3,1,6,0,0,1,0,0,0,0,639160.4088,5324548.6609,10.867699964,48.059030526,0,2,#fc8d62,car
5774,158308,"9,20011000120701E+018",9,1,88,120,2020,1,8,6,3,0,7,0,1,0,0,0,0,0,674869.3916,5326546.7795,11.347400267,48.068206461,1,1,#66c2a5,bicycle
5775,158313,"9,20011000120502E+018",9,1,79,119,2020,1,13,6,3,0,1,0,0,1,1,0,0,0,669432026,5338884274,11.279375688,48.180586537,0,2,#fc8d62,car
5776,158314,"9,20011500110702E+018",9,1,78,124,2020,1,9,4,3,2,6,0,0,1,0,0,0,1,703914.2096,5364185.3592,11.754970236,48.397822816,0,2,#fc8d62,car
5777,158317,"9,20011000120502E+018",9,1,79,121,2020,1,7,6,3,5,6,2,1,1,0,0,0,0,667879.4014,5338239.1679,11.258250248,48.175199237,0,1,#66c2a5,bicycle
5778,158319,"9,20011000120501E+018",9,1,79,131,2020,1,10,6,3,9,1,0,0,1,0,0,0,0,659185.9209,5332792.4545,11.139358433,48.128466956,0,2,#fc8d62,car
5779,158322,"9,200110001201E+018",9,1,74,126,2020,1,6,6,3,4,6,2,0,1,0,1,0,0,683412.2687,5343997.8089,11.469487795,48.222668039,0,2,#fc8d62,car
5780,158327,"9,20011000110702E+018",9,1,78,124,2020,1,22,6,3,1,1,2,1,0,0,0,0,1,703748.6355,5364997.1048,11.753129859,48.405170808,0,1,#66c2a5,bicycle
5781,158328,"9,20011400858203E+018",9,1,62,0,2020,1,15,3,3,5,3,0,0,1,0,0,0,0,688047.3076,5337565.7131,11.528983918,48.163498902,0,2,#fc8d62,car
5782,158331,"9,20011000110501E+018",9,1,77,117,2020,1,13,6,3,5,3,0,1,1,0,0,0,0,714472.7019,5353420.0924,11.891952889,48.297593084,0,1,#66c2a5,bicycle
5783,158337,"9,20010900858201E+018",9,1,62,0,2020,1,8,5,3,3,7,0,1,0,0,0,0,1,691416.8571,5334172002,11.572726881,48.13199113,0,1,#66c2a5,bicycle
5784,158338,"9,20011400858202E+018",9,1,62,0,2020,1,10,3,3,5,3,0,0,1,0,0,0,0,688700.8444,5343311935,11.540317046,48.21495257,0,2,#fc8d62,car
5785,158341,"9,20010900857101E+018",9,1,62,0,2020,1,12,5,3,2,2,0,0,1,0,0,0,0,690202815,5335433657,11.55698992,48.143694847,0,2,#fc8d62,car
5786,158343,"9,200109008571E+018",9,1,62,0,2020,1,17,5,3,2,6,2,0,1,0,0,1,0,687506.6602,5338952.6316,11.522331878,48.176124475,1,2,#fc8d62,car
5787,158346,"9,200109008571E+018",9,1,62,0,2020,1,9,5,3,5,2,0,1,1,0,0,0,0,692322.4587,5337519.8897,11.586398141,48.161808227,0,1,#66c2a5,bicycle
5788,158347,"9,200114001215E+018",9,1,81,121,2020,1,16,3,3,4,2,0,0,1,0,0,1,0,636541.7444,5310621.3898,10.828141956,47.934354017,0,2,#fc8d62,car
5789,158348,"9,200109008521E+018",9,1,62,0,2020,1,8,5,3,3,6,0,1,0,0,0,0,0,691117.7884,5333102.0217,11.568231635,48.122464087,1,1,#66c2a5,bicycle
5790,158349,"9,20011400120701E+018",9,1,88,127,2020,1,13,3,3,0,7,0,0,1,0,0,0,0,673458.3331,5328036.7242,11.329079602,48.08198579,0,2,#fc8d62,car
5791,158350,"9,20011400120101E+018",9,1,74,115,2020,1,5,3,2,6,2,2,0,1,1,0,0,0,681271.7616,5347836.4873,11.442337922,48.257787692,0,2,#fc8d62,car
5792,158351,"9,20010900851601E+018",9,1,62,0,2020,1,17,5,3,6,2,2,0,1,1,0,0,0,690747.7773,5342745.1616,11.567589722,48.209246597,0,2,#fc8d62,car
5793,158352,"9,20011400110702E+018",9,1,78,124,2020,1,11,3,3,6,4,0,0,1,1,0,0,0,703526.1093,5364627.2198,11.749947287,48.40191883,0,2,#fc8d62,car
5794,158353,"9,20011300858203E+018",9,1,62,0,2020,1,9,2,3,5,3,0,0,1,0,0,0,0,688007.29,5328274.8843,11.524348886,48.080002546,0,2,#fc8d62,car
5795,158355,"9,20011300858201E+018",9,1,62,0,2020,1,17,2,3,5,3,2,0,1,0,0,0,0,690568.6148,5337076.4498,11.562637981,48.158350711,0,2,#fc8d62,car
5796,158356,"9,200109008513E+018",9,1,62,0,2020,1,8,5,3,1,5,0,1,1,0,0,0,0,691342.8577,5338401.5031,11.573634708,48.170027583,0,1,#66c2a5,bicycle
5797,158357,"9,20011300858201E+018",9,1,62,0,2020,1,7,2,3,4,2,2,1,1,0,0,0,0,689698.2146,5331895.4727,11.548638362,48.112044056,0,1,#66c2a5,bicycle
5798,158358,"9,20011300858201E+018",9,1,84,149,2020,1,9,2,3,1,7,0,0,1,0,0,0,0,691754.7971,5350414.6313,11.584603308,48.277873717,0,2,#fc8d62,car
5799,158360,"9,20011300858201E+018",9,1,62,0,2020,1,12,2,3,5,3,0,1,1,0,0,0,0,686535773,5329322661,11.505068225,48.089852618,0,1,#66c2a5,bicycle
5800,158361,"9,200113008582E+018",9,1,62,0,2020,1,17,2,3,2,6,2,0,1,0,0,0,0,696186.7111,5333779.3888,11.63658552,48.127010217,0,2,#fc8d62,car
5801,158362,"9,20011300854802E+018",9,1,84,149,2020,1,17,2,3,9,7,2,0,1,0,0,0,0,688446.1571,5349324.7286,11.539567304,48.269071043,0,2,#fc8d62,car
5802,158363,"9,20011300854201E+018",9,1,62,0,2020,1,8,2,3,3,6,0,1,0,0,0,0,0,688186.4654,5336336557,11.530309847,48.152409884,0,1,#66c2a5,bicycle
5803,158365,"9,200113008542E+018",9,1,62,0,2020,1,17,2,3,6,4,1,1,0,1,0,0,0,689376.2878,5337219.8662,11.546684695,48.159995951,1,1,#66c2a5,bicycle
5804,158367,"9,20011300852901E+018",9,1,62,0,2020,1,11,2,3,0,1,0,1,0,0,0,0,0,686688.3077,5329751.9857,11.507302349,48.093666911,0,1,#66c2a5,bicycle
5805,158368,"9,20011300852901E+018",9,1,62,0,2020,1,6,2,3,0,7,2,0,0,0,0,0,1,688224.0693,5330184.6233,11.528098288,48.097103865,0,6,#ffd92f,circle
5806,158370,"9,20011300851203E+018",9,1,62,0,2020,1,17,2,3,4,2,2,1,0,0,0,0,0,692995957,5335310.9446,11.59444424,48.141750793,0,1,#66c2a5,bicycle
5807,158375,"9,20011400858202E+018",9,1,62,0,2020,1,11,3,3,2,6,0,0,1,0,0,1,0,693352.9038,5335227.4057,11.59919963,48.1408916,0,2,#fc8d62,car
5808,158378,"9,200109007113E+018",9,7,72,202,2020,1,8,5,3,1,5,0,1,1,0,0,0,0,636692.8555,5358553.0294,10.845559177,48.365338316,0,1,#66c2a5,bicycle
5809,158379,"9,20011400858201E+018",9,1,62,0,2020,1,8,3,2,0,6,0,1,0,0,0,0,1,689768.2955,5336342726,11.551559716,48.151995336,0,1,#66c2a5,bicycle
5810,158382,"9,20011300712301E+018",9,7,72,184,2020,1,7,2,3,5,3,1,0,1,0,0,1,0,636138.2468,5363162.5634,10.839568766,48.406906831,0,2,#fc8d62,car
5811,158384,"9,200113007119E+018",9,7,72,163,2020,1,12,2,3,5,2,0,1,1,0,0,0,0,640110.2259,5348027.2554,10.888176037,48.269943515,0,1,#66c2a5,bicycle
5812,158385,"9,20011300710401E+018",9,7,61,0,2020,1,5,2,3,1,5,2,0,1,0,0,0,0,639818.6289,5358647.7328,10.887769746,48.365505244,0,2,#fc8d62,car
5813,158388,"9,20011400858201E+018",9,1,62,0,2020,1,16,3,3,4,5,2,1,0,0,0,0,1,682132.4958,5339350.7852,11.450279083,48.181266359,0,1,#66c2a5,bicycle
5814,158402,"9,20011500210903E+018",9,2,61,0,2020,1,6,4,3,5,3,2,0,1,0,0,0,0,731484.9258,5382842.3975,12.137245009,48.555903131,1,2,#fc8d62,car
5815,158404,"9,20011500712301E+018",9,7,72,171,2020,1,11,4,3,0,7,0,1,0,0,0,0,0,637147.4733,5371942.1633,10.856073907,48.48563216,0,1,#66c2a5,bicycle
5816,158408,"9,20011500854102E+018",9,1,62,0,2020,1,17,4,3,5,2,1,0,1,0,0,0,1,687412.02,5333979679,11.518870037,48.131454334,0,2,#fc8d62,car
5817,158418,"9,20011300210906E+018",9,2,61,0,2020,1,16,2,3,5,3,1,1,1,0,0,0,0,732638.8189,5381418.1455,12.152063298,48.542682592,0,1,#66c2a5,bicycle
5818,158420,"9,20011400858201E+018",9,1,62,0,2020,1,18,3,3,5,2,2,1,1,0,0,0,0,692914.2146,5337833.7779,11.594490124,48.164450091,1,1,#66c2a5,bicycle
5819,158422,"9,20011300141302E+018",9,1,63,0,2020,1,10,2,3,2,6,0,0,1,0,0,0,1,734382.5913,5305337.1187,12.133647222,47.858580986,0,2,#fc8d62,car
5820,158424,"9,20011300140103E+018",9,1,87,117,2020,1,7,2,3,5,3,2,1,1,0,0,0,0,723361797,5304521002,11.986092048,47.855173169,0,1,#66c2a5,bicycle
5821,158425,"9,20011200858201E+018",9,1,62,0,2020,1,17,1,3,5,3,2,1,0,0,0,0,1,692267654,5338363065,11.586043077,48.169403054,0,1,#66c2a5,bicycle
5822,158427,"9,20011200857102E+018",9,1,62,0,2020,1,21,1,2,6,2,2,0,1,1,0,0,0,690408.6185,5342696.8122,11.563007471,48.208913867,1,2,#fc8d62,car
5823,158428,"9,20011200857101E+018",9,1,62,0,2020,1,5,1,3,2,6,2,0,1,0,0,0,0,691814.7396,5335666.7436,11.578742149,48.145305856,1,2,#fc8d62,car
5824,158430,"9,20011200857101E+018",9,1,62,0,2020,1,14,1,3,4,2,0,0,1,0,0,0,1,686750291,5330248488,11.50835118,48.098111515,0,2,#fc8d62,car
5825,158432,"9,20011400858201E+018",9,1,62,0,2020,1,8,3,3,6,7,0,1,0,1,0,0,0,688636.9569,5332812.0736,11.5348001,48.120597839,0,1,#66c2a5,bicycle
5826,158433,"9,20011200857101E+018",9,1,62,0,2020,1,18,1,3,2,6,2,0,1,0,1,0,0,688836.2874,5332408.2694,11.537297033,48.116909295,1,2,#fc8d62,car
5827,158435,"9,20011200852101E+018",9,1,62,0,2020,1,12,1,3,6,6,0,1,0,1,0,0,1,692422225,5334193085,11.586234749,48.131877471,0,1,#66c2a5,bicycle
5828,158437,"9,20011200851403E+018",9,1,62,0,2020,1,18,1,3,0,5,2,1,1,0,0,0,0,688716.0421,5334079.0858,11.536422738,48.131962519,2,1,#66c2a5,bicycle
5829,158439,"9,200112007127E+018",9,7,72,130,2020,1,12,1,3,5,3,0,0,1,0,0,0,0,632115.8035,5357570.4374,10.783485199,48.357477192,0,2,#fc8d62,car
5830,158441,"9,20011200710401E+018",9,7,61,0,2020,1,16,1,3,3,2,0,1,1,0,0,0,0,640776.1127,5359246.6546,10.900890379,48.37067773,0,1,#66c2a5,bicycle
5831,158444,"9,200114008582E+018",9,1,84,149,2020,1,8,3,3,5,3,0,1,1,0,0,0,0,690714.6567,5350533.1392,11.570651749,48.279252942,0,1,#66c2a5,bicycle
5832,158450,"9,20011200140901E+018",9,1,82,123,2020,1,19,1,3,5,3,2,0,1,0,0,0,0,715942128,5304895667,11.887219063,47.861075731,1,2,#fc8d62,car
5833,158451,"9,20011200120555E+018",9,1,79,121,2020,1,15,1,3,2,6,0,0,1,0,0,0,0,667508.7212,5337914.7047,11.253140143,48.172380147,0,2,#fc8d62,car
5834,158453,"9,20011100858203E+018",9,1,62,0,2020,1,11,7,3,4,2,0,0,1,0,0,0,0,690171044,5333909.4761,11.555882771,48.130004995,0,2,#fc8d62,car
5835,158454,"9,20011500121701E+018",9,1,79,142,2020,1,7,4,3,0,1,0,1,0,0,0,0,0,672909921,5341951189,11.327373198,48.207219484,1,1,#66c2a5,bicycle
5836,158455,"9,20011100858201E+018",9,1,62,0,2020,1,14,7,2,0,3,0,1,1,0,0,0,0,697034.81,5337097785,11.649506015,48.156571841,0,1,#66c2a5,bicycle
5837,158457,"9,20011100858201E+018",9,1,62,0,2020,1,14,7,3,0,7,0,1,0,0,0,0,0,700253.2113,5332380.7919,11.690517131,48.113174775,0,1,#66c2a5,bicycle
5838,158458,"9,20011100858201E+018",9,1,62,0,2020,1,19,7,3,5,3,2,0,1,0,0,0,0,692199.3618,5337006.1593,11.584512365,48.157228158,0,2,#fc8d62,car
5839,158460,"9,200111008582E+018",9,1,62,0,2020,1,8,7,3,5,2,0,0,1,0,0,0,1,690231.0379,5337405.6228,11.558250365,48.161410381,1,2,#fc8d62,car
5840,158462,"9,20011100857101E+018",9,1,62,0,2020,1,13,7,3,6,4,0,1,0,1,0,0,0,692117.5581,5336229.1752,11.583062748,48.150269506,0,1,#66c2a5,bicycle
5841,158463,"9,20011100854401E+018",9,1,62,0,2020,1,20,7,3,2,5,2,0,1,0,0,0,0,685235.2072,5339599.9144,11.492088698,48.18260866,0,2,#fc8d62,car
5842,158464,"9,20010900210902E+018",9,2,61,0,2020,1,7,5,3,5,2,0,1,0,0,0,0,0,732204552,5381798.5206,12.146400588,48.546260255,1,1,#66c2a5,bicycle
5843,158466,"9,20011100750104E+018",9,7,78,116,2020,1,19,7,3,2,6,2,0,1,0,0,0,0,619165.0552,5318749.3442,10.597841849,48.010921997,0,2,#fc8d62,car
5844,158468,"9,20011100740701E+018",9,7,62,0,2020,1,0,7,3,6,4,2,0,1,1,0,0,0,621381.2029,5304265.2195,10.623459733,47.880239796,0,2,#fc8d62,car
5845,158478,"9,20011500121501E+018",9,1,81,130,2020,1,18,4,3,6,4,2,0,1,1,0,0,0,639601.2746,5324309.7724,10.873535673,48.056786062,0,2,#fc8d62,car
5846,158483,"9,20011400854701E+018",9,1,62,0,2020,1,11,3,3,5,3,0,1,0,0,0,0,1,691884.5708,5341598.0057,11.582356962,48.198593663,0,1,#66c2a5,bicycle
5847,158485,"9,20011400854301E+018",9,1,62,0,2020,1,16,3,3,0,4,1,1,1,1,0,0,0,690483.5171,5340340.6653,11.562957428,48.187714678,0,1,#66c2a5,bicycle
5848,158487,"9,20011100121704E+018",9,1,79,126,2020,1,18,7,2,5,3,2,1,0,0,0,0,0,677120.8155,5341460.6078,11.383796905,48.201648656,0,1,#66c2a5,bicycle
5849,158488,"9,20011100120101E+018",9,1,74,147,2020,1,17,7,2,0,1,1,1,0,0,0,0,0,675228.5302,5366335257,11.368684599,48.425772697,0,1,#66c2a5,bicycle
5850,158489,"9,20011000858202E+018",9,1,62,0,2020,1,10,6,3,0,7,0,1,0,0,0,0,0,689385.5997,5335639.5162,11.546106536,48.145788912,0,1,#66c2a5,bicycle
5851,158491,"9,20011000858201E+018",9,1,62,0,2020,1,17,6,3,1,6,1,0,1,0,0,0,0,686254074,5331358.4361,11.50217725,48.108233446,0,2,#fc8d62,car
5852,158492,"9,20011000858201E+018",9,1,62,0,2020,1,13,6,3,2,6,0,0,1,0,0,0,0,686007527,5340452.3517,11.5028422,48.190044985,0,2,#fc8d62,car
5853,158493,"9,20010900141303E+018",9,1,63,0,2020,1,8,5,3,5,3,0,1,1,0,0,0,0,732661.5086,5304758.0142,12.110360411,47.854003613,0,1,#66c2a5,bicycle
5854,158494,"9,20011400852902E+018",9,1,62,0,2020,1,18,3,3,4,7,2,0,1,0,0,0,0,686012.8193,5329878.0404,11.498294134,48.094997461,0,2,#fc8d62,car
5855,158495,"9,20011000858201E+018",9,1,84,129,2020,1,8,6,3,5,5,0,1,1,0,0,0,0,701422.5583,5324672.4765,11.7025766,48.043531185,0,1,#66c2a5,bicycle
5856,158496,"9,200110008582E+018",9,1,62,0,2020,1,11,6,3,3,1,0,0,1,0,1,0,0,692121.6915,5336746.4127,11.583351754,48.154917081,0,2,#fc8d62,car
5857,158497,"9,200110008582E+018",9,1,62,0,2020,1,14,6,3,6,4,0,1,0,1,0,0,0,688480.3219,5336435.6544,11.534300852,48.15321357,0,1,#66c2a5,bicycle
5858,158498,"9,20010900141301E+018",9,1,63,0,2020,1,11,5,2,5,3,0,1,1,0,0,0,0,731380.4984,5304086.1075,12.092901654,47.848429415,0,1,#66c2a5,bicycle
5859,158499,"9,20011000857101E+018",9,1,62,0,2020,1,8,6,2,0,7,0,1,0,0,0,0,0,691784.6759,5332435.9944,11.576884267,48.116277378,0,1,#66c2a5,bicycle
5860,158500,"9,20010900141301E+018",9,1,63,0,2020,1,11,5,3,0,7,0,0,1,0,0,0,0,733626.1311,5304632.0028,12.123168256,47.852521641,0,2,#fc8d62,car
5861,158501,"9,20011000857101E+018",9,1,62,0,2020,1,7,6,3,6,4,0,1,0,1,0,0,0,693285.0463,5334559.9758,11.597985539,48.134913551,0,1,#66c2a5,bicycle
5862,158503,"9,20011000857101E+018",9,1,62,0,2020,1,8,6,3,1,6,0,1,1,0,0,0,0,692277603,5337330.5112,11.585709951,48.160119705,0,1,#66c2a5,bicycle
5863,158507,"9,20011000712303E+018",9,7,72,166,2020,1,7,6,3,2,6,2,1,1,0,0,0,0,634544.0967,5380916.1143,10.823755987,48.566886801,1,1,#66c2a5,bicycle
5864,158508,"9,20011500712502E+018",9,7,72,200,2020,1,14,4,3,5,3,0,0,1,0,0,0,0,630206.35,5338012613,10.751698495,48.181999367,0,2,#fc8d62,car
5865,158509,"9,200110007119E+018",9,7,72,186,2020,1,10,6,3,5,3,0,0,1,0,0,0,0,638143.0002,5344052.5397,10.860382256,48.234634869,0,2,#fc8d62,car
5866,158511,"9,200110007106E+018",9,7,61,0,2020,1,11,6,2,6,1,0,0,1,1,0,0,0,639352.3785,5356533.3472,10.880778032,48.346596274,1,2,#fc8d62,car
5867,158512,"9,20011000710401E+018",9,7,61,0,2020,1,18,6,3,3,6,2,1,1,0,0,0,0,639610.9355,5359552841,10.885267629,48.373689703,1,1,#66c2a5,bicycle
5868,158513,"9,20010900120901E+018",9,1,88,121,2020,1,15,5,2,5,3,0,1,1,0,0,0,0,670497.4296,5331623.2856,11.290788506,48.115027092,0,1,#66c2a5,bicycle
5869,158514,"9,20011000710401E+018",9,7,61,0,2020,1,8,6,3,2,6,0,0,1,0,1,0,0,639649191,5358873.9467,10.885558468,48.367576807,0,2,#fc8d62,car
5870,158515,"9,20011000710401E+018",9,7,61,0,2020,1,16,6,3,5,3,0,1,1,0,0,0,0,640693277,5359114.5162,10.899728283,48.369508059,0,1,#66c2a5,bicycle
5871,158517,"9,20010900120501E+018",9,1,79,121,2020,1,14,5,2,0,1,0,1,0,0,0,0,0,667343.9773,5337201.2781,11.250645174,48.166009863,1,1,#66c2a5,bicycle
5872,158522,"9,20010900110502E+018",9,1,77,117,2020,1,12,5,3,5,2,0,0,1,0,1,0,0,715072.5097,5353311.9297,11.899974869,48.296417668,0,2,#fc8d62,car
5873,158525,"9,200109001101E+018",9,1,77,139,2020,1,17,5,3,4,6,2,0,1,0,0,0,0,733142.8509,5360583.2652,12.147283686,48.355339044,0,2,#fc8d62,car
5874,158532,"9,20010800858201E+018",9,1,62,0,2020,1,12,4,3,2,2,0,0,1,0,0,0,1,691814.7396,5335666.7436,11.578742149,48.145305856,0,2,#fc8d62,car
5875,158533,"9,20011400852101E+018",9,1,62,0,2020,1,6,3,3,6,3,2,1,0,1,0,0,0,691355.4971,5332958.9522,11.571358401,48.121106791,0,1,#66c2a5,bicycle
5876,158536,"9,20011500120901E+018",9,1,79,145,2020,1,15,4,3,0,7,0,1,0,0,0,0,0,675581386,5337880.6409,11.361617029,48.169895073,0,1,#66c2a5,bicycle
5877,158538,"9,20011500112007E+018",9,1,77,133,2020,1,6,4,3,3,6,2,0,1,0,0,0,0,706405.8061,5359805.5706,11.786441345,48.357655754,1,2,#fc8d62,car
5878,158540,"9,20011000210907E+018",9,2,61,0,2020,1,17,6,3,5,3,1,1,1,0,0,0,0,732880.7596,5382872.2696,12.156149213,48.555654758,0,1,#66c2a5,bicycle
5879,158542,"9,20010800858201E+018",9,1,62,0,2020,1,9,4,3,4,6,0,1,1,0,0,0,0,689181.31,5337891884,11.544364257,48.166094121,1,1,#66c2a5,bicycle
5880,158544,"9,20011900857102E+018",9,1,62,0,2020,1,3,1,3,5,3,2,0,1,0,0,0,0,692129.55,5332264.3289,11.581435901,48.114630518,1,2,#fc8d62,car
5881,158545,"9,20011600858201E+018",9,1,62,0,2020,1,17,5,3,5,3,2,1,1,0,0,0,0,684420.7403,5339333.9318,11.481026393,48.180454824,0,1,#66c2a5,bicycle
5882,158546,"9,20011700141301E+018",9,1,63,0,2020,1,16,6,3,6,7,0,0,1,1,0,0,0,731094.4179,5304076.9568,12.089078431,47.848450101,0,2,#fc8d62,car
5883,158549,"9,20012100210901E+018",9,2,61,0,2020,1,17,3,3,0,5,2,0,1,0,1,0,0,731454.4747,5382321.3912,12.136543379,48.551234262,1,2,#fc8d62,car
5884,158550,"9,20011600854301E+018",9,1,62,0,2020,1,10,5,2,8,1,0,0,1,0,0,0,0,690368.6789,5343146.3601,11.562672144,48.212966314,0,2,#fc8d62,car
5885,158551,"9,20011700710702E+018",9,7,61,0,2020,1,15,6,3,5,3,0,1,1,0,0,0,0,641100695,5362149822,10.906245532,48.396709368,0,1,#66c2a5,bicycle
5886,158553,"9,20011600854301E+018",9,1,62,0,2020,1,11,5,3,2,6,0,0,1,0,0,0,1,689611.2243,5340119.2738,11.551134003,48.185985786,0,2,#fc8d62,car
5887,158555,"9,20011600854203E+018",9,1,62,0,2020,1,15,5,3,5,2,0,1,1,0,0,0,0,688544.5045,5337405909,11.535592929,48.161915312,0,1,#66c2a5,bicycle
5888,158557,"9,20011800120901E+018",9,1,88,121,2020,1,12,7,3,5,3,0,0,1,0,0,0,0,671002.8764,5330939.8492,11.297299981,48.108747631,1,2,#fc8d62,car
5889,158558,"9,20012000857103E+018",9,1,62,0,2020,1,23,2,3,6,4,2,0,1,1,0,0,0,691975.1858,5340006.4046,11.58285571,48.184261391,0,2,#fc8d62,car
5890,158560,"9,20011800161901E+018",9,1,73,147,2020,1,21,7,3,0,1,2,1,0,0,0,0,0,682135.3835,5308445.9426,11.437170644,47.903464143,2,1,#66c2a5,bicycle
5891,158561,"9,20012100120301E+018",9,1,81,114,2020,1,14,3,2,4,7,0,1,1,0,0,0,0,656806.5872,5313639.9522,11.100389012,47.956856536,0,1,#66c2a5,bicycle
5892,158564,"9,20011600851403E+018",9,1,62,0,2020,1,13,5,3,0,1,0,1,0,0,0,0,0,690791.8244,5333937.0725,11.564229712,48.13006726,0,1,#66c2a5,bicycle
5893,158565,"9,20012100710402E+018",9,7,61,0,2020,1,16,3,3,0,7,1,1,1,0,0,0,0,640649.2296,5360179.2394,10.899490066,48.379091494,0,1,#66c2a5,bicycle
5894,158567,"9,20011600851301E+018",9,1,62,0,2020,1,8,5,3,5,2,0,1,1,0,0,0,0,692905968,5337852.3558,11.59438776,48.164619565,0,1,#66c2a5,bicycle
5895,158569,"9,20011700858202E+018",9,1,62,0,2020,1,10,6,3,6,4,0,0,1,1,0,0,0,691207.3734,5340321.3706,11.572678066,48.187323794,0,2,#fc8d62,car
5896,158572,"9,20011600851102E+018",9,1,62,0,2020,1,14,5,3,5,3,0,1,0,0,0,0,0,691261.1946,5334453306,11.570763177,48.13456626,0,1,#66c2a5,bicycle
5897,158573,"9,20011700141301E+018",9,1,63,0,2020,1,14,6,3,2,6,0,0,1,0,0,1,0,733622.5846,5305787.8205,12.123745201,47.862906827,0,2,#fc8d62,car
5898,158579,"9,20011600711302E+018",9,7,61,0,2020,1,11,5,2,0,7,0,0,0,0,0,0,1,639779166,5358717454,10.887260406,48.366140898,1,6,#ffd92f,circle
5899,158581,"9,20011700854401E+018",9,1,62,0,2020,1,11,6,3,2,6,0,0,1,0,0,0,0,683052.0065,5340259.3994,11.463029193,48.189169259,1,2,#fc8d62,car
5900,158582,"9,20012000711901E+018",9,7,72,163,2020,1,9,2,3,5,3,0,0,1,0,0,0,0,639038.2583,5346417.2287,10.873208639,48.255702463,1,2,#fc8d62,car
5901,158583,"9,20012000120101E+018",9,1,74,143,2020,1,9,2,3,8,1,0,0,1,0,0,0,0,671408.2437,5352769.2691,11.311559595,48.30487554,2,2,#fc8d62,car
5902,158584,"9,20011600711301E+018",9,7,61,0,2020,1,16,5,3,2,6,0,0,1,0,0,0,0,636792.4595,5360855.0018,10.847652314,48.386015878,0,2,#fc8d62,car
5903,158585,"9,20011700141301E+018",9,1,63,0,2020,1,11,6,3,5,3,0,1,1,0,0,0,0,732604.2976,5304299.2707,12.109350123,47.849902896,0,1,#66c2a5,bicycle
5904,158588,"9,20011600710601E+018",9,7,61,0,2020,1,7,5,3,8,1,0,1,0,0,0,0,0,637513.1251,5352747.1909,10.854732653,48.312954462,0,1,#66c2a5,bicycle
5905,158589,"9,20011700717007E+018",9,7,71,114,2020,1,14,6,3,5,1,0,0,1,0,1,0,0,645754429,5376433772,10.974053928,48.524079695,0,2,#fc8d62,car
5906,158593,"9,20011900851202E+018",9,1,62,0,2020,1,16,1,3,6,2,0,0,1,1,0,0,0,690915.0103,5335658.4393,11.566655155,48.145501858,0,2,#fc8d62,car
5907,158594,"9,20011600710401E+018",9,7,61,0,2020,1,7,5,3,5,3,0,1,1,0,0,0,0,639149.6651,5359223.9136,10.878933393,48.37083395,0,1,#66c2a5,bicycle
5908,158599,"9,20011600710401E+018",9,7,61,0,2020,1,8,5,3,3,2,0,1,1,0,0,0,0,639969.3492,5359181.7467,10.889981281,48.370273538,0,1,#66c2a5,bicycle
5909,158605,"9,20011800854403E+018",9,1,62,0,2020,1,19,7,3,6,4,2,0,1,1,0,0,0,687732089,5340214.8028,11.525918922,48.187402506,1,2,#fc8d62,car
5910,158608,"9,20011900712701E+018",9,7,72,130,2020,1,0,1,3,8,1,2,0,0,0,1,0,0,631463.3907,5355772.6362,10.774120999,48.34144697,2,4,#e78ac3,marker