fid,OBJECTID,UIDENTSTLA,ULAND,UREGBEZ,UKREIS,UGEMEINDE,UJAHR,UMONAT,USTUNDE,UWOCHENTAG,UKATEGORIE,UART,UTYP1,ULICHTVERH,IstRad,IstPKW,IstFuss,IstKrad,IstGkfz,IstSonstig,LINREFX,LINREFY,XGCSWGS84,YGCSWGS84,STRZUSTAND,Teilnehmer,color,symbol
5911,158610,"9,20011900210903E+018",9,2,61,0,2020,1,22,1,3,4,2,2,0,1,0,0,0,0,731689.6543,5381891.3148,12.139486193,48.547284155,1,2,#fc8d62,car
5912,158612,"9,20012100110901E+018",9,1,78,143,2020,1,18,3,3,4,6,2,1,0,0,0,0,0,717194891,5372252933,11.938340339,48.465873711,0,1,#66c2a5,bicycle
5913,158618,"9,20011800710703E+018",9,7,61,0,2020,1,13,7,3,6,4,0,0,1,1,0,0,0,642124.0592,5361825.0678,10.919953047,48.393559504,0,2,#fc8d62,car
5914,158619,"9,20011700857102E+018",9,1,62,0,2020,1,16,6,2,1,5,0,0,1,0,1,0,0,688528.7018,5336341.5069,11.534909,48.152353021,0,2,#fc8d62,car
5915,158621,"9,20011800110901E+018",9,1,78,155,2020,1,14,7,3,8,1,0,0,1,0,0,0,0,721977006,5375123116,12.004467716,48.489990646,1,2,#fc8d62,car
5916,158622,"9,20012000851202E+018",9,1,62,0,2020,1,17,2,3,6,2,2,0,1,1,0,0,0,692552492,5335441831,11.588548243,48.14306153,0,2,#fc8d62,car
5917,158629,"9,20011700854301E+018",9,1,62,0,2020,1,8,6,3,5,3,0,1,1,0,0,0,0,689214.6762,5341713.9818,11.546514664,48.200437239,0,1,#66c2a5,bicycle
5918,158631,"9,20012000111303E+018",9,1,75,132,2020,1,15,2,2,6,4,0,0,1,1,0,0,0,707493.8028,5331017.4787,11.787018429,48.098605996,0,2,#fc8d62,car
5919,158633,"9,20011700131301E+018",9,1,86,143,2020,1,23,6,3,0,1,2,1,0,0,0,0,0,684073082,5377805553,11.493177197,48.526344786,1,1,#66c2a5,bicycle
5920,158635,"9,20012000121703E+018",9,1,79,142,2020,1,9,2,3,0,1,0,1,0,0,0,0,0,673278.6305,5341561.9076,11.332172818,48.203619536,2,1,#66c2a5,bicycle
5921,158637,"9,20011700131301E+018",9,1,86,143,2020,1,6,6,2,6,2,2,0,1,1,0,0,0,684617.8809,5377909.9929,11.500595156,48.527123488,1,2,#fc8d62,car
5922,158643,"9,20011900750103E+018",9,7,78,116,2020,1,13,1,3,4,6,0,0,1,0,0,0,0,619135.4962,5318163.5594,10.597282939,48.005659151,1,2,#fc8d62,car
5923,158648,"9,20011800210907E+018",9,2,61,0,2020,1,17,7,3,5,3,2,0,1,0,0,0,0,732653.7403,5381786.5043,12.152470845,48.545985917,0,2,#fc8d62,car
5924,158649,"9,20012100121703E+018",9,1,79,126,2020,1,15,3,3,5,2,0,0,1,0,1,0,0,677531767,5341594136,11.389378601,48.202734169,0,2,#fc8d62,car
5925,158654,"9,20011700710703E+018",9,7,61,0,2020,1,11,6,2,6,2,0,0,1,1,0,0,0,641854.2088,5361180.2313,10.916091992,48.387822193,0,2,#fc8d62,car
5926,158662,"9,20012000858202E+018",9,1,62,0,2020,1,8,2,3,2,6,0,0,1,0,0,1,0,691962.1975,5340401.6164,11.582859731,48.187817378,1,2,#fc8d62,car
5927,158664,"9,20012000210903E+018",9,2,61,0,2020,1,9,2,3,5,3,0,1,0,0,0,0,0,733276.1439,5381983.7036,12.16100152,48.547526189,0,1,#66c2a5,bicycle
5928,158673,"9,20011800851202E+018",9,1,62,0,2020,1,3,7,3,1,7,2,0,1,0,0,0,0,691766.4635,5335471.0202,11.57800566,48.143561279,1,2,#fc8d62,car
5929,158675,"9,20011700858202E+018",9,1,62,0,2020,1,20,6,3,5,2,2,0,1,0,0,0,0,688660277,5335669.1568,11.536378337,48.146270839,0,2,#fc8d62,car
5930,158685,"9,20011700854401E+018",9,1,62,0,2020,1,14,6,3,5,3,0,0,1,0,0,0,1,684008.0184,5339655.2702,11.475618556,48.18346283,0,2,#fc8d62,car
5931,158687,"9,20012000121701E+018",9,1,79,142,2020,1,17,2,3,5,2,2,1,1,0,0,0,0,673697.3414,5342595.7044,11.338226646,48.212798287,1,1,#66c2a5,bicycle
5932,158689,"9,20011700120301E+018",9,1,81,114,2020,1,7,6,2,6,7,2,0,1,1,0,0,0,657087976,5312460458,11.103724866,47.946182509,1,2,#fc8d62,car
5933,158694,"9,20011700740106E+018",9,7,77,121,2020,1,14,6,3,6,4,0,0,1,1,0,0,0,628192.5984,5321100.4234,10.719537707,48.030318429,0,2,#fc8d62,car
5934,158698,"9,20011900854301E+018",9,1,62,0,2020,1,19,1,3,5,3,2,0,1,0,1,0,0,690333.6222,5338835.0226,11.560268288,48.17422703,1,2,#fc8d62,car
5935,158700,"9,20011700111106E+018",9,1,78,120,2020,1,16,6,3,3,6,0,0,1,0,0,0,1,693857.5858,5353300.0609,11.614239889,48.303165883,0,2,#fc8d62,car
5936,158710,"9,20011900121303E+018",9,1,88,126,2020,1,1,1,2,6,6,2,0,1,1,0,0,0,660911.6937,5327474.7286,11.160529257,48.080223396,1,2,#fc8d62,car
5937,158712,"9,20011800120901E+018",9,1,79,145,2020,1,18,7,2,6,2,2,0,1,1,0,0,0,675446.0679,5338451.5213,11.360034171,48.17506424,1,2,#fc8d62,car
5938,158713,"9,20011900740701E+018",9,7,62,0,2020,1,18,1,3,5,3,2,0,1,0,0,0,0,622528086,5305925.0916,10.639263821,47.894950283,1,2,#fc8d62,car
5939,158714,"9,20011600141303E+018",9,1,63,0,2020,1,22,5,2,4,6,2,1,1,0,0,0,0,731646.7545,5305194.9268,12.097049068,47.858295456,0,1,#66c2a5,bicycle
5940,158717,"9,20012100120101E+018",9,1,74,137,2020,1,7,3,3,6,4,2,0,1,1,0,0,0,660402362,5351359.2317,11.162715507,48.295085401,0,2,#fc8d62,car
5941,158724,"9,20011800712107E+018",9,7,71,142,2020,1,11,7,3,5,3,0,1,1,0,0,0,0,646287.6221,5352708.0334,10.972995921,48.310633562,0,1,#66c2a5,bicycle
5942,158725,"9,20011700858201E+018",9,1,62,0,2020,1,15,6,3,3,6,0,1,1,0,0,0,0,691561.0703,5336218.2292,11.575583575,48.150338962,0,1,#66c2a5,bicycle
5943,158726,"9,20012000740704E+018",9,7,77,158,2020,1,10,2,3,5,3,0,0,1,0,0,0,0,620967.2322,5310334.2996,10.6196277,47.934901645,2,2,#fc8d62,car
5944,158727,"9,20012000131503E+018",9,1,85,158,2020,1,23,2,3,0,1,2,1,0,0,0,0,0,667001.5794,5381557.7833,11.263654247,48.564848812,0,1,#66c2a5,bicycle
5945,158728,"9,20011600131501E+018",9,1,85,158,2020,1,15,5,3,5,1,0,1,1,0,0,0,0,666953424,5381001804,11.26277899,48.559863786,0,1,#66c2a5,bicycle
5946,158729,"9,20012000854501E+018",9,1,62,0,2020,1,4,2,3,8,7,2,0,1,0,0,0,0,681026922,5338498973,11.435056651,48.173925574,1,2,#fc8d62,car
5947,158734,"9,20011600121701E+018",9,1,79,142,2020,1,17,5,3,0,1,2,0,0,0,1,0,0,677617.1099,5341993.4914,11.390693328,48.206300115,1,4,#e78ac3,marker
5948,158737,"9,20011700854303E+018",9,1,62,0,2020,1,9,6,2,6,4,0,0,1,1,0,0,0,690270.7321,5343603.0735,11.561559868,48.217100555,0,2,#fc8d62,car
5949,158738,"9,20012000711901E+018",9,7,72,215,2020,1,9,2,3,5,3,0,0,1,0,0,1,0,633408.29,5344994557,10.796949426,48.244119658,1,2,#fc8d62,car
5950,158739,"9,20012000120101E+018",9,1,74,135,2020,1,7,2,3,5,3,1,0,1,0,0,0,0,663532995,5352580046,11.205366782,48.305259309,1,2,#fc8d62,car
5951,158740,"9,20011600121701E+018",9,1,79,134,2020,1,6,5,3,5,3,2,0,1,0,0,0,0,667646.4366,5341930.8385,11.256576418,48.208448502,1,2,#fc8d62,car
5952,158741,"9,20011700110701E+018",9,1,78,124,2020,1,14,6,2,0,1,0,1,0,0,0,0,0,703976.2211,5365014.3201,11.756209749,48.405251917,1,1,#66c2a5,bicycle
5953,158744,"9,20011600858202E+018",9,1,62,0,2020,1,12,5,2,5,3,0,0,1,0,1,0,0,691016.9176,5336915.4998,11.568587919,48.156769602,0,2,#fc8d62,car
5954,158750,"9,20011600120101E+018",9,1,74,113,2020,1,13,5,3,5,3,0,0,1,0,0,1,0,674029.3628,5345542.9211,11.343902309,48.239200741,0,2,#fc8d62,car
5955,158751,"9,20011600858202E+018",9,1,62,0,2020,1,9,5,3,8,2,0,1,0,0,0,0,1,687317.5321,5331963.4465,11.516715406,48.113359643,0,1,#66c2a5,bicycle
5956,158753,"9,20012100141302E+018",9,1,63,0,2020,1,10,3,3,6,4,0,0,1,1,0,0,0,733457.1246,5306108.61,12.121709453,47.865848946,0,2,#fc8d62,car
5957,158756,"9,20011600112001E+018",9,1,78,124,2020,1,7,5,3,4,2,2,0,1,0,0,0,0,703667.1654,5359234.2333,11.749238294,48.353410748,1,2,#fc8d62,car
5958,158758,"9,20011600111303E+018",9,1,75,132,2020,1,11,5,2,0,7,0,1,0,0,0,0,0,705974.1139,5331592.1584,11.766908353,48.104263382,0,1,#66c2a5,bicycle
5959,158759,"9,20011700711301E+018",9,7,61,0,2020,1,11,6,3,1,6,0,0,1,0,0,0,0,636853.0855,5360848.2021,10.84846853,48.385941585,0,2,#fc8d62,car
5960,158761,"9,20011500858202E+018",9,1,62,0,2020,1,13,4,2,6,7,0,1,0,1,0,0,0,687318.9379,5328426.5648,11.515182222,48.0815685,0,1,#66c2a5,bicycle
5961,158762,"9,20011900710601E+018",9,7,61,0,2020,1,22,1,3,8,7,2,0,1,0,0,0,0,640169.2633,5352918.3292,10.890594579,48.313910148,1,2,#fc8d62,car
5962,158763,"9,20011500858202E+018",9,1,62,0,2020,1,9,4,3,6,4,0,1,0,1,0,0,0,686406.1663,5332295.7633,11.504628115,48.116614034,0,1,#66c2a5,bicycle
5963,158765,"9,20011800141301E+018",9,1,63,0,2020,1,12,7,3,3,6,0,0,1,0,0,0,0,733800.3523,5303940896,12.125120308,47.846249377,1,2,#fc8d62,car
5964,158766,"9,20012000858203E+018",9,1,62,0,2020,1,19,2,3,5,3,1,0,1,0,0,0,0,686692217,5329047165,11.507046663,48.087330541,1,2,#fc8d62,car
5965,158769,"9,20011500858201E+018",9,1,84,113,2020,1,12,4,2,0,7,0,0,1,1,0,0,0,686230.8131,5322744.2423,11.498112643,48.030811538,0,2,#fc8d62,car
5966,158771,"9,20011500858201E+018",9,1,84,120,2020,1,13,4,3,5,3,0,1,1,0,0,0,0,681707478,5332206606,11.441516868,48.11717071,0,1,#66c2a5,bicycle
5967,158772,"9,20011800710401E+018",9,7,61,0,2020,1,13,7,3,2,6,0,0,1,0,0,0,0,641590.7635,5359603366,10.912004323,48.373702891,0,2,#fc8d62,car
5968,158775,"9,20011500857101E+018",9,1,84,149,2020,1,11,4,3,6,7,0,0,1,1,0,0,0,690980.7035,5351714.6784,11.574768078,48.289792015,0,2,#fc8d62,car
5969,158776,"9,20011800854301E+018",9,1,62,0,2020,1,20,7,3,6,2,2,0,1,1,0,0,0,689650.1136,5340133.0183,11.551662839,48.186097713,2,2,#fc8d62,car
5970,158777,"9,20011700858203E+018",9,1,62,0,2020,1,13,6,3,0,7,0,0,0,0,0,0,1,682851374,5334843964,11.458003907,48.140549695,0,6,#ffd92f,circle
5971,158778,"9,20012000851103E+018",9,1,62,0,2020,1,12,2,3,5,3,0,1,0,0,0,0,0,692843.5584,5334977.4438,11.59224671,48.13879958,0,1,#66c2a5,bicycle
5972,158781,"9,20011500857101E+018",9,1,62,0,2020,1,8,4,3,5,7,0,0,1,0,0,0,1,690618.7495,5337382.3872,11.563448538,48.161085425,0,2,#fc8d62,car
5973,158783,"9,20011500854601E+018",9,1,84,138,2020,1,14,4,3,0,1,0,1,0,0,0,0,0,679899.2707,5330613.3404,11.416571427,48.103362255,0,1,#66c2a5,bicycle
5974,158785,"9,20011700851301E+018",9,1,62,0,2020,1,15,6,2,0,1,0,1,0,0,0,0,0,691474.0492,5337271278,11.574888609,48.159829807,0,1,#66c2a5,bicycle
5975,158787,"9,20011700857101E+018",9,1,62,0,2020,1,11,6,3,0,7,0,1,1,0,0,0,0,690823.6155,5339477.7352,11.567141122,48.179856714,0,1,#66c2a5,bicycle
5976,158789,"9,20012000121703E+018",9,1,79,142,2020,1,7,2,3,0,1,1,1,0,0,0,0,0,673790.7364,5342377.6697,11.339393468,48.21081273,1,1,#66c2a5,bicycle
5977,158790,"9,20011500854501E+018",9,1,62,0,2020,1,16,4,3,0,7,0,0,1,0,0,0,0,684317.8585,5336631.3054,11.478472172,48.156192144,0,2,#fc8d62,car
5978,158791,"9,20011600858201E+018",9,1,62,0,2020,1,14,5,3,2,6,0,0,1,0,0,0,0,692143.3337,5338539444,11.584452412,48.171025896,0,2,#fc8d62,car
5979,158799,"9,20011500854402E+018",9,1,62,0,2020,1,14,4,3,1,5,0,1,1,0,0,0,0,687414.0408,5339127554,11.521164349,48.177724032,0,1,#66c2a5,bicycle
5980,158804,"9,20012800121302E+018",9,1,88,117,2020,1,19,3,3,8,7,2,0,1,0,0,0,0,666208.4506,5313526.4505,11.226185382,47.953464795,2,2,#fc8d62,car
5981,158807,"9,20012300210902E+018",9,2,61,0,2020,1,17,5,3,1,6,1,0,1,0,0,0,0,731692.1589,5381903.2249,12.139526703,48.547390216,1,2,#fc8d62,car
5982,158838,"9,20012700140102E+018",9,1,87,122,2020,1,7,2,3,4,2,1,0,1,0,0,0,1,719209.4933,5307370.3071,11.932101303,47.882205555,1,2,#fc8d62,car
5983,158839,"9,20012700121702E+018",9,1,79,142,2020,1,13,2,3,5,3,0,1,1,0,0,0,0,673367578,5341684.5819,11.333419055,48.204698021,0,1,#66c2a5,bicycle
5984,158840,"9,20012700111107E+018",9,1,78,145,2020,1,17,2,3,3,1,2,1,1,0,0,0,0,697329589,5354809.7426,11.661715054,48.31566005,1,1,#66c2a5,bicycle
5985,158841,"9,20012700110903E+018",9,1,78,143,2020,1,6,2,2,8,1,1,1,0,0,0,0,0,716845.4876,5373698.6336,11.93436938,48.478983327,1,1,#66c2a5,bicycle
5986,158842,"9,20012300131302E+018",9,1,86,143,2020,1,12,5,3,6,7,0,0,1,1,0,0,0,684473122,5377878363,11.498622388,48.526881761,0,2,#fc8d62,car
5987,158845,"9,20012700110902E+018",9,1,78,116,2020,1,15,2,3,5,3,0,0,1,0,0,1,0,700336.2724,5384336.8061,11.716349018,48.580057216,1,2,#fc8d62,car
5988,158847,"9,20012700110502E+018",9,1,77,117,2020,1,17,2,3,0,5,2,1,0,0,0,1,0,714242.3071,5355386.3751,11.889848433,48.315338669,0,1,#66c2a5,bicycle
5989,158848,"9,20012700110502E+018",9,1,77,117,2020,1,12,2,3,1,6,0,0,1,0,0,0,0,714788.73,5352019.3808,11.895496346,48.284900196,0,2,#fc8d62,car
5990,158849,"9,20012700110302E+018",9,1,75,123,2020,1,15,2,2,5,3,0,1,1,0,0,0,0,722123.1795,5337924.64,11.98684954,48.155734462,0,1,#66c2a5,bicycle
5991,158850,"9,20012600858203E+018",9,1,62,0,2020,1,17,1,3,5,3,0,0,1,0,0,0,0,686195.6028,5338914.7895,11.504696558,48.176169826,0,2,#fc8d62,car
5992,158852,"9,20012600857102E+018",9,1,62,0,2020,1,15,1,3,0,1,0,0,0,0,1,0,1,690699272,5334117537,11.563067871,48.131717005,0,4,#e78ac3,marker
5993,158855,"9,20012600851406E+018",9,1,62,0,2020,1,0,1,3,6,2,2,0,1,1,0,0,0,688849.3894,5334521.0304,11.538409064,48.135895226,0,2,#fc8d62,car
5994,158857,"9,20012300110503E+018",9,1,77,117,2020,1,16,5,3,0,1,0,1,0,0,0,0,0,715840.3009,5354405.2621,11.910872636,48.305979981,2,1,#66c2a5,bicycle
5995,158858,"9,20012600712302E+018",9,7,72,184,2020,1,13,1,3,0,7,0,1,0,0,0,0,0,634539.8918,5361777149,10.817538358,48.394792351,0,1,#66c2a5,bicycle
5996,158860,"9,20012200858203E+018",9,1,62,0,2020,1,18,4,3,2,6,2,0,1,0,0,0,0,690750517,5334752.0832,11.56404003,48.137404923,0,2,#fc8d62,car
5997,158863,"9,20012200858203E+018",9,1,62,0,2020,1,12,4,2,0,6,0,0,0,0,1,0,0,697566.4483,5333928.9726,11.655176801,48.127927877,1,4,#e78ac3,marker
5998,158866,"9,20012200858203E+018",9,1,62,0,2020,1,18,4,3,5,3,2,1,0,0,1,0,0,691572.7562,5335402.7345,11.575373571,48.143005893,0,1,#66c2a5,bicycle
5999,158868,"9,20012600131502E+018",9,1,85,158,2020,1,0,1,2,0,1,2,1,0,0,0,0,0,667148.4558,5381423.3686,11.265589494,48.563601379,0,1,#66c2a5,bicycle
6000,158869,"9,20012200858203E+018",9,1,62,0,2020,1,13,4,3,0,7,0,0,0,0,0,0,1,689830.6758,5343173.2704,11.555449278,48.213369323,0,6,#ffd92f,circle
6001,158870,"9,20012500858202E+018",9,1,62,0,2020,1,15,7,3,4,2,0,1,1,0,0,0,0,690354539,5333511682,11.558168696,48.12637477,0,1,#66c2a5,bicycle
6002,158871,"9,20012500858202E+018",9,1,62,0,2020,1,10,7,3,5,3,0,0,1,0,0,0,0,684422.8745,5339330062,11.481053397,48.180419421,0,2,#fc8d62,car
6003,158872,"9,20012500858202E+018",9,1,62,0,2020,1,14,7,3,0,1,0,1,0,0,0,0,0,680348.0378,5334893.2777,11.424404827,48.141707462,2,1,#66c2a5,bicycle
6004,158873,"9,20012500854803E+018",9,1,62,0,2020,1,19,7,3,0,7,2,0,0,0,0,0,1,692311.2379,5337588.8485,11.586278577,48.162431406,0,6,#ffd92f,circle
6005,158874,"9,20012500854602E+018",9,1,84,138,2020,1,11,7,3,5,3,0,0,1,0,0,0,0,680284.3001,5331230.1485,11.421999339,48.108797888,0,2,#fc8d62,car
6006,158875,"9,20012200857102E+018",9,1,62,0,2020,1,16,4,3,5,2,0,1,1,0,0,0,0,689056.2724,5333361.7737,11.540672688,48.125414256,0,1,#66c2a5,bicycle
6007,158877,"9,20012200857102E+018",9,1,62,0,2020,1,11,4,3,5,2,0,1,1,0,0,0,0,692213323,5337115.8422,11.584749453,48.158209743,0,1,#66c2a5,bicycle
6008,158878,"9,20012500853102E+018",9,1,84,134,2020,1,12,7,3,6,4,0,0,1,1,0,0,0,693277.4961,5322422.5613,11.592393808,48.025826932,1,2,#fc8d62,car
6009,158879,"9,20012500852302E+018",9,1,62,0,2020,1,15,7,3,0,1,0,0,0,0,1,0,0,694066.8504,5330822.2963,11.606781556,48.101082591,0,4,#e78ac3,marker
6010,158880,"9,20012500852202E+018",9,1,62,0,2020,1,16,7,3,5,3,0,0,1,0,0,0,0,693507.9709,5335781.3306,11.601533662,48.145822958,1,2,#fc8d62,car
6011,158881,"9,20012500851403E+018",9,1,62,0,2020,1,16,7,3,3,7,0,0,1,0,0,0,0,692275723,5334184.4315,11.584263875,48.131843968,0,2,#fc8d62,car
6012,158883,"9,20012500711902E+018",9,7,72,125,2020,1,20,7,3,8,1,2,0,1,0,0,0,0,634065.5896,5348847906,10.807019636,48.278631452,0,2,#fc8d62,car
6013,158884,"9,20012500711902E+018",9,7,72,125,2020,1,9,7,3,5,3,0,0,1,0,0,0,0,636743964,5347190128,10.842565059,48.263151743,0,2,#fc8d62,car
6014,158885,"9,20012200857101E+018",9,1,62,0,2020,1,7,4,3,4,6,1,1,1,0,0,0,0,698379.2153,5332013.6227,11.665196535,48.110461383,2,1,#66c2a5,bicycle
6015,158887,"9,20012200857101E+018",9,1,62,0,2020,1,5,4,3,2,6,2,0,1,0,0,0,0,689505.9516,5334916023,11.547400916,48.139250273,0,2,#fc8d62,car
6016,158888,"9,20012500710703E+018",9,7,61,0,2020,1,14,7,3,6,4,0,0,1,1,0,0,0,640972.9996,5361113.73,10.904173626,48.387421811,1,2,#fc8d62,car
6017,158889,"9,20012500710402E+018",9,7,61,0,2020,1,15,7,3,0,1,0,1,0,0,0,0,0,639587.2669,5359515.3573,10.88493575,48.373357896,1,1,#66c2a5,bicycle
6018,158892,"9,20012200857101E+018",9,1,62,0,2020,1,9,4,3,5,6,0,1,1,0,0,0,0,690138.4036,5335245.0353,11.556040676,48.142018768,0,1,#66c2a5,bicycle
6019,158895,"9,20012200854802E+018",9,1,84,149,2020,1,16,4,3,5,3,0,0,1,0,0,0,0,691364395,5350768475,11.579506952,48.281172028,1,2,#fc8d62,car
6020,158897,"9,20012800141303E+018",9,1,63,0,2020,1,7,3,3,3,7,0,1,0,0,0,0,0,733618.4461,5304077.9183,12.122766536,47.847546514,0,1,#66c2a5,bicycle
6021,158899,"9,20012700858203E+018",9,1,62,0,2020,1,16,2,3,2,6,1,0,1,0,0,0,0,697125.9678,5332136.9875,11.648435054,48.111959193,0,2,#fc8d62,car
6022,158904,"9,20012200853102E+018",9,1,84,134,2020,1,18,4,3,6,7,2,0,1,1,0,0,0,692849.7306,5321192.7078,11.58610905,48.01490231,0,2,#fc8d62,car
6023,158907,"9,20012700858203E+018",9,1,62,0,2020,1,14,2,3,5,3,0,0,1,0,0,0,0,695685033,5329902339,11.628072307,48.092319514,0,2,#fc8d62,car
6024,158910,"9,20012800121302E+018",9,1,88,132,2020,1,15,3,3,4,2,0,0,1,0,0,0,0,662849.4555,5322709.2482,11.184713405,48.036887154,0,2,#fc8d62,car
6025,158911,"9,20012700858202E+018",9,1,62,0,2020,1,15,2,3,1,7,0,1,1,0,0,0,0,691576.5724,5335329.3892,11.575391822,48.142345527,0,1,#66c2a5,bicycle
6026,158914,"9,20012200712102E+018",9,7,71,146,2020,1,11,4,2,0,7,0,1,0,0,0,0,0,646625.7173,5347783234,10.975843511,48.266274562,0,1,#66c2a5,bicycle
6027,158915,"9,20012500110704E+018",9,1,78,124,2020,1,13,7,3,0,1,0,1,0,0,0,0,0,703039587,5364086.0008,11.743119782,48.397212162,0,1,#66c2a5,bicycle
6028,158916,"9,20012400858203E+018",9,1,62,0,2020,1,20,6,3,0,1,2,1,0,0,0,0,0,692357828,5336980369,11.586629355,48.156948447,0,1,#66c2a5,bicycle
6029,158917,"9,20012200710401E+018",9,7,61,0,2020,1,11,4,3,3,6,0,0,1,0,0,0,0,639877.6693,5359254.3586,10.888768198,48.370946769,0,2,#fc8d62,car
6030,158919,"9,20012400858202E+018",9,1,62,0,2020,1,12,6,3,5,3,0,1,1,0,0,0,0,684157.7261,5341218.0595,11.478308389,48.197466527,0,1,#66c2a5,bicycle
6031,158921,"9,20012400858202E+018",9,1,62,0,2020,1,7,6,3,1,1,2,0,1,0,0,1,0,692490.3918,5334484.9544,11.587281839,48.134480121,0,2,#fc8d62,car
6032,158922,"9,20012700857104E+018",9,1,62,0,2020,1,10,2,3,2,6,0,1,1,0,0,0,0,682856036,5339762926,11.460181151,48.184763109,1,1,#66c2a5,bicycle
6033,158923,"9,20012400858202E+018",9,1,62,0,2020,1,18,6,3,5,2,1,0,0,0,0,0,1,694528.2576,5334835.8874,11.614803813,48.137014549,0,6,#ffd92f,circle
6034,158924,"9,20012400857102E+018",9,1,62,0,2020,1,6,6,2,6,2,2,0,1,1,0,0,0,691207.23,5340323.4541,11.572677076,48.187342563,0,2,#fc8d62,car
6035,158925,"9,20012400857102E+018",9,1,62,0,2020,1,14,6,3,4,7,0,0,1,0,0,0,1,690661.4245,5337652.5786,11.564142943,48.163501087,0,2,#fc8d62,car
6036,158926,"9,20012400857102E+018",9,1,84,138,2020,1,17,6,2,6,4,2,0,1,1,0,0,0,680505.1732,5330711.2503,11.424744336,48.104070984,0,2,#fc8d62,car
6037,158928,"9,20012400854203E+018",9,1,62,0,2020,1,20,6,3,5,3,2,1,1,0,0,0,0,689464.3832,5335417.5844,11.547065861,48.143770718,1,1,#66c2a5,bicycle
6038,158929,"9,20012400854103E+018",9,1,62,0,2020,1,16,6,3,0,3,0,0,0,1,0,0,1,686213906,5334868.6245,11.503171632,48.139796171,0,3,#8da0cb,toilet
6039,158932,"9,20012400854103E+018",9,1,62,0,2020,1,19,6,3,2,6,2,0,1,0,0,0,0,687452.3494,5335519.2701,11.520089123,48.145280702,1,2,#fc8d62,car
6040,158934,"9,20012400854102E+018",9,1,62,0,2020,1,14,6,3,3,6,0,0,1,0,0,0,0,686226.7262,5333868.2454,11.502906468,48.130800633,0,2,#fc8d62,car
6041,158935,"9,20012700857101E+018",9,1,62,0,2020,1,19,2,3,5,2,2,1,1,0,0,0,0,700454.2437,5334640.1125,11.694277428,48.133416138,0,1,#66c2a5,bicycle
6042,158936,"9,20012400852803E+018",9,1,84,136,2020,1,17,6,3,6,4,2,0,1,1,0,0,0,698549.6388,5325674.5709,11.664537698,48.053437277,0,2,#fc8d62,car
6043,158937,"9,20012400852203E+018",9,1,62,0,2020,1,10,6,3,0,6,0,0,1,0,1,0,0,693248.9213,5334968.9423,11.59768603,48.138600195,1,2,#fc8d62,car
6044,158938,"9,20012400852106E+018",9,1,62,0,2020,1,18,6,3,4,6,2,1,0,0,0,0,0,694451.4803,5334196.5408,11.613481088,48.13129182,1,1,#66c2a5,bicycle
6045,158943,"9,20012400851403E+018",9,1,62,0,2020,1,16,6,3,6,5,1,0,0,1,0,0,1,690023.7852,5333595.4016,11.553765617,48.12722606,0,3,#8da0cb,toilet
6046,158946,"9,20012400851103E+018",9,1,62,0,2020,1,15,6,3,0,1,0,1,0,0,0,0,0,692043.5803,5334390004,11.58123973,48.133761706,0,1,#66c2a5,bicycle
6047,158953,"9,20012700854402E+018",9,1,62,0,2020,1,7,2,3,0,7,0,1,0,0,0,0,0,683577.5639,5338966.8286,11.469535457,48.177399274,1,1,#66c2a5,bicycle
6048,158955,"9,20012700854204E+018",9,1,62,0,2020,1,9,2,3,5,2,0,1,1,0,0,0,0,688550.4911,5336315.0718,11.535189965,48.15210896,0,1,#66c2a5,bicycle
6049,158960,"9,20012400712302E+018",9,7,72,185,2020,1,11,6,2,5,3,0,0,1,0,0,0,0,635089442,5383119.3073,10.83186009,48.586579908,0,2,#fc8d62,car
6050,158961,"9,20012400711903E+018",9,7,72,125,2020,1,15,6,2,5,3,0,0,1,0,0,0,0,636489.7884,5347985.4223,10.839398673,48.270357946,0,2,#fc8d62,car
6051,158964,"9,20012400711302E+018",9,7,72,202,2020,1,23,6,3,5,3,2,0,1,0,0,0,0,636053.4341,5359884.0177,10.837361315,48.37744467,0,2,#fc8d62,car
6052,158974,"9,20012700852304E+018",9,1,62,0,2020,1,16,2,3,1,6,1,0,1,0,0,0,1,693957.2629,5331209.1713,11.605486945,48.104593081,0,2,#fc8d62,car
6053,158999,"9,20012700852103E+018",9,1,62,0,2020,1,16,2,3,5,2,0,1,1,0,0,0,0,693829.48,5334078.7694,11.605076637,48.130423047,0,1,#66c2a5,bicycle
6054,159002,"9,20012400210903E+018",9,2,61,0,2020,1,16,6,3,5,2,0,1,1,0,0,0,0,731375435,5383174.9796,12.135948259,48.558931057,0,1,#66c2a5,bicycle
6055,159005,"9,20012800121902E+018",9,1,88,137,2020,1,14,3,3,1,7,0,0,1,0,0,0,0,671960.3802,5315762.3646,11.304057151,47.972046982,0,2,#fc8d62,car
6056,159013,"9,20012400121501E+018",9,1,81,128,2020,1,14,6,2,5,3,0,1,1,0,0,0,0,638362.4026,5327295.5249,10.857884816,48.083904823,0,1,#66c2a5,bicycle