fid,OBJECTID,UIDENTSTLA,ULAND,UREGBEZ,UKREIS,UGEMEINDE,UJAHR,UMONAT,USTUNDE,UWOCHENTAG,UKATEGORIE,UART,UTYP1,ULICHTVERH,IstRad,IstPKW,IstFuss,IstKrad,IstGkfz,IstSonstig,LINREFX,LINREFY,XGCSWGS84,YGCSWGS84,STRZUSTAND,Teilnehmer,color,symbol
6057,159014,"9,20012200141303E+018",9,1,63,0,2020,1,16,4,3,4,2,0,1,1,0,0,0,0,733159.5514,5304980.5416,12.117128308,47.855822352,0,1,#66c2a5,bicycle
6058,159016,"9,20012400120902E+018",9,1,88,121,2020,1,17,6,3,6,2,1,0,1,1,0,0,0,671091.8712,5331023.7288,11.298528207,48.109477791,0,2,#fc8d62,car
6059,159017,"9,20012400120101E+018",9,1,74,131,2020,1,17,6,2,8,1,2,0,1,0,0,0,0,677265.6847,5365210.7749,11.395722031,48.41509518,0,2,#fc8d62,car
6060,159018,"9,20012400111102E+018",9,1,78,130,2020,1,19,6,3,0,1,2,1,0,0,0,0,0,703388.8862,5355717.3116,11.743788671,48.321896229,0,1,#66c2a5,bicycle
6061,159019,"9,20012400110307E+018",9,1,75,115,2020,1,6,6,3,5,3,0,1,1,0,0,0,0,720647.5965,5328999.0039,11.962417519,48.076051725,0,1,#66c2a5,bicycle
6062,159020,"9,20012200141301E+018",9,1,63,0,2020,1,7,4,3,2,6,1,0,1,0,0,0,0,734400.3958,5304896.1164,12.133645923,47.854612555,0,2,#fc8d62,car
6063,159021,"9,20012300858203E+018",9,1,62,0,2020,1,7,5,3,2,3,0,0,1,0,0,0,1,696988.8926,5331495.8134,11.64629939,48.106239109,0,2,#fc8d62,car
6064,159023,"9,20012300858202E+018",9,1,62,0,2020,1,8,5,3,1,1,0,0,1,0,1,0,0,687919.62,5336858.8712,11.526956186,48.157183438,1,2,#fc8d62,car
6065,159024,"9,20012300858202E+018",9,1,84,112,2020,1,9,5,3,2,6,0,0,1,0,0,0,0,699729121,5336154402,11.685252428,48.147253138,0,2,#fc8d62,car
6066,159025,"9,20012200121501E+018",9,1,81,130,2020,1,18,4,3,5,3,2,0,1,0,0,0,0,638698594,5324884647,10.861614214,48.062152388,0,2,#fc8d62,car
6067,159027,"9,20012300854102E+018",9,1,62,0,2020,1,9,5,3,1,6,0,0,1,0,0,0,0,687809.3423,5334434.6101,11.524405338,48.135426248,0,2,#fc8d62,car
6068,159028,"9,20012200117001E+018",9,1,62,0,2020,1,16,4,3,3,6,0,0,1,0,0,1,0,688317.5898,5344482529,11.535682753,48.225587734,0,2,#fc8d62,car
6069,159029,"9,20012300851206E+018",9,1,62,0,2020,1,8,5,3,0,7,0,1,0,0,0,0,0,690393.9169,5336365.8898,11.559973274,48.152016563,0,1,#66c2a5,bicycle
6070,159034,"9,20012200110302E+018",9,1,75,115,2020,1,17,4,3,5,3,2,0,1,0,0,0,0,720647.9459,5328999.0816,11.962422243,48.076052302,1,2,#fc8d62,car
6071,159036,"9,20012100858203E+018",9,1,62,0,2020,1,17,3,3,1,5,1,0,1,0,0,0,0,690147.3052,5334485.2704,11.555821027,48.135187336,0,2,#fc8d62,car
6072,159037,"9,20012300717003E+018",9,7,61,0,2020,1,7,5,2,6,4,1,0,1,1,0,0,0,640340385,5363164133,10.896318835,48.405999353,1,2,#fc8d62,car
6073,159039,"9,20012300711301E+018",9,7,61,0,2020,1,6,5,3,5,3,2,1,1,0,0,0,0,638395.3258,5358250.6819,10.868432984,48.362248695,1,1,#66c2a5,bicycle
6074,159040,"9,20012100857101E+018",9,1,62,0,2020,1,18,3,3,2,2,2,0,1,0,0,0,0,694478917,5333026458,11.613315547,48.12076718,1,2,#fc8d62,car
6075,159041,"9,20012300710704E+018",9,7,61,0,2020,1,7,5,3,6,4,2,0,1,1,0,0,0,642457.9014,5360898.9172,10.924146195,48.385156698,0,2,#fc8d62,car
6076,159042,"9,20012300710702E+018",9,7,61,0,2020,1,7,5,3,5,3,2,1,0,0,0,0,1,643496.7879,5360163.4377,10.937918745,48.378308208,0,1,#66c2a5,bicycle
6077,159043,"9,20012300710402E+018",9,7,61,0,2020,1,7,5,3,4,2,0,1,1,0,0,0,0,640890.5747,5359237.1252,10.902431873,48.370566502,2,1,#66c2a5,bicycle
6078,159046,"9,20012100854702E+018",9,1,62,0,2020,1,20,3,3,5,3,2,1,1,0,0,0,0,691155.4067,5342292.9532,11.57286723,48.205059624,0,1,#66c2a5,bicycle
6079,159048,"9,20012100852402E+018",9,1,62,0,2020,1,19,3,3,0,2,2,1,1,0,0,0,0,697823531,5331707495,11.657597381,48.107882934,0,1,#66c2a5,bicycle
6080,159058,"9,20012700851403E+018",9,1,62,0,2020,1,18,2,3,6,4,2,0,1,1,0,0,0,689053.1617,5334935.8205,11.541329371,48.139562903,0,2,#fc8d62,car
6081,159066,"9,20012800110703E+018",9,1,78,124,2020,1,16,3,3,4,3,0,1,1,0,0,0,0,702890.1807,5364555.4533,11.741330491,48.401478865,0,1,#66c2a5,bicycle
6082,159069,"9,20013000120703E+018",9,1,88,120,2020,1,7,5,1,8,1,1,0,1,0,0,0,0,672856.9617,5325377492,11.3199364,48.058243449,1,2,#fc8d62,car
6083,159071,"9,20020200120705E+018",9,1,88,120,2020,2,12,1,3,1,5,0,1,1,0,0,0,0,677058.4465,5326327.8302,11.376668849,48.065634382,1,1,#66c2a5,bicycle
6084,159072,"9,20020400110507E+018",9,1,77,117,2020,2,11,3,3,5,3,0,0,1,0,0,0,0,715135849,5354720789,11.90154575,48.309054974,0,2,#fc8d62,car
6085,159074,"9,20013000120102E+018",9,1,74,115,2020,1,23,5,3,0,6,2,1,1,0,0,0,0,681686.8766,5346893.1063,11.447520654,48.249189161,1,1,#66c2a5,bicycle
6086,159075,"9,20013100711302E+018",9,7,61,0,2020,1,16,6,3,2,6,0,0,1,0,0,0,0,638486.0048,5359338.9161,10.870014862,48.372014008,0,2,#fc8d62,car
6087,159076,"9,20013000110703E+018",9,1,78,124,2020,1,6,5,3,5,3,2,1,1,0,0,0,0,702705107,5364212437,11.73866727,48.398455953,0,1,#66c2a5,bicycle
6088,159078,"9,20013000853102E+018",9,1,84,145,2020,1,9,5,3,6,7,0,0,1,1,0,0,0,694286.5177,5325282.1175,11.607210454,48.051222002,0,2,#fc8d62,car
6089,159079,"9,20012900858206E+018",9,1,62,0,2020,1,7,4,3,6,3,2,0,1,1,0,0,0,691351844,5336032.7791,11.572690056,48.148735136,1,2,#fc8d62,car
6090,159080,"9,20020100852104E+018",9,1,62,0,2020,2,15,7,3,5,2,0,0,1,0,0,0,0,693664.4995,5332447.2775,11.602120461,48.115809902,0,2,#fc8d62,car
6091,159081,"9,20020300854404E+018",9,1,62,0,2020,2,17,2,3,2,6,2,0,1,0,0,0,0,686049.1561,5338676.5513,11.502624238,48.174071356,1,2,#fc8d62,car
6092,159082,"9,20020100120904E+018",9,1,79,123,2020,2,12,7,3,5,3,0,0,1,0,0,0,0,675531.9825,5332493.2582,11.358731889,48.121479823,0,2,#fc8d62,car
6093,159083,"9,20020300858204E+018",9,1,62,0,2020,2,15,2,3,5,3,0,0,1,0,1,0,0,688979.0134,5342214.5837,11.543569175,48.205006828,1,2,#fc8d62,car
6094,159086,"9,20012900858203E+018",9,1,62,0,2020,1,18,4,3,2,6,2,0,1,0,0,0,0,695968.3522,5332791.2815,11.633199943,48.118196878,0,2,#fc8d62,car
6095,159087,"9,20020300120506E+018",9,1,79,119,2020,2,16,2,3,5,3,1,1,1,0,0,0,0,668648068,5339249.9005,11.268982802,48.184082036,1,1,#66c2a5,bicycle
6096,159089,"9,20012900857104E+018",9,1,62,0,2020,1,11,4,2,3,6,0,0,1,0,0,0,0,693824.7803,5332966615,11.604507796,48.120428788,1,2,#fc8d62,car
6097,159092,"9,20013100858203E+018",9,1,62,0,2020,1,13,6,3,2,6,0,0,1,0,0,0,0,686253.7686,5331383.4025,11.502184051,48.108457944,0,2,#fc8d62,car
6098,159094,"9,20012900852802E+018",9,1,84,136,2020,1,11,4,3,1,7,0,0,1,0,0,0,1,699518947,5327196.6398,11.678241075,48.066814223,1,2,#fc8d62,car
6099,159098,"9,20012900852703E+018",9,1,84,121,2020,1,18,4,3,1,5,2,1,1,0,0,0,0,705586.9111,5331291.9819,11.761568615,48.101690887,1,1,#66c2a5,bicycle
6100,159100,"9,20012900852503E+018",9,1,62,0,2020,1,13,4,3,5,3,0,0,1,0,0,0,0,700054.7724,5335232.7361,11.68919264,48.138867766,1,2,#fc8d62,car
6101,159101,"9,20020200852104E+018",9,1,62,0,2020,2,17,1,3,5,3,2,0,1,0,0,0,0,694593946,5332002862,11.614392501,48.111532339,1,2,#fc8d62,car
6102,159102,"9,20013000710603E+018",9,7,61,0,2020,1,15,5,3,3,1,0,0,1,0,0,0,0,642583668,5357923852,10.924835059,48.358377933,0,2,#fc8d62,car
6103,159103,"9,20012900851103E+018",9,1,62,0,2020,1,16,4,3,5,2,0,1,1,0,0,0,0,690929282,5335060.8002,11.566578855,48.14012604,1,1,#66c2a5,bicycle
6104,159104,"9,20020100710605E+018",9,7,61,0,2020,2,21,7,3,6,4,2,0,1,1,0,0,0,641264.3908,5352286.3331,10.905145517,48.307983726,0,2,#fc8d62,car
6105,159105,"9,20020300710404E+018",9,7,61,0,2020,2,21,2,3,2,6,2,0,1,0,0,0,0,641179.4686,5359194.4144,10.906316197,48.370117905,1,2,#fc8d62,car
6106,159106,"9,20013100858202E+018",9,1,62,0,2020,1,7,6,3,5,3,0,0,1,0,0,0,0,684528.7873,5332205.9838,11.479388663,48.116353826,1,2,#fc8d62,car
6107,159111,"9,20020400121504E+018",9,1,81,130,2020,2,6,3,3,7,7,2,0,0,0,1,0,0,637198.1152,5325184.7704,10.841581906,48.065175693,1,4,#e78ac3,marker
6108,159116,"9,20013100851503E+018",9,1,62,0,2020,1,11,6,3,5,3,0,0,1,0,0,0,0,688094.0372,5332588.8967,11.527413556,48.118752487,1,2,#fc8d62,car
6109,159121,"9,20020100858205E+018",9,1,62,0,2020,2,11,7,3,4,3,0,1,1,0,0,0,0,695677.3092,5334195.9972,11.629938369,48.130911266,0,1,#66c2a5,bicycle
6110,159122,"9,20020300858205E+018",9,1,84,135,2020,2,11,2,3,6,6,0,0,0,1,0,1,0,692651.9573,5348683.36,11.595894272,48.262041586,1,3,#8da0cb,toilet
6111,159125,"9,20013100710103E+018",9,7,71,113,2020,1,13,6,3,5,6,0,1,1,0,0,0,0,657097.2816,5369088.8822,11.12481012,48.455311581,0,1,#66c2a5,bicycle
6112,159126,"9,20012900717303E+018",9,7,72,147,2020,1,18,4,3,5,3,2,0,1,0,0,0,0,636060.2252,5364144.5558,10.838833514,48.415753658,1,2,#fc8d62,car
6113,159127,"9,20020300140104E+018",9,1,87,130,2020,2,7,2,3,4,6,1,0,1,0,0,0,0,711833.7555,5308972869,11.834358266,47.899082501,1,2,#fc8d62,car
6114,159128,"9,20013000851302E+018",9,1,62,0,2020,1,19,5,3,2,6,2,0,1,0,0,0,0,692087.1602,5336622.0179,11.582831772,48.153809477,0,2,#fc8d62,car
6115,159129,"9,20012900710702E+018",9,7,61,0,2020,1,8,4,3,5,3,0,1,1,0,0,0,0,642443.9953,5360100.2765,10.923687781,48.377978853,0,1,#66c2a5,bicycle
6116,159131,"9,20012900710402E+018",9,7,61,0,2020,1,16,4,3,0,1,0,1,0,0,0,0,0,640443511,5359550.8748,10.896503456,48.373487279,1,1,#66c2a5,bicycle
6117,159133,"9,20013000858202E+018",9,1,84,145,2020,1,6,5,3,5,3,1,0,1,0,0,0,0,694243445,5325655103,11.606802373,48.054587423,1,2,#fc8d62,car
6118,159135,"9,20020100854405E+018",9,1,62,0,2020,2,20,7,3,5,2,2,0,1,0,0,0,0,683307.8697,5338962.2906,11.465908989,48.177436339,1,2,#fc8d62,car
6119,159136,"9,20020300857107E+018",9,1,84,148,2020,2,18,2,2,0,1,2,1,0,0,0,0,0,695131895,5326341346,11.619025755,48.060484138,1,1,#66c2a5,bicycle
6120,159137,"9,20020100141304E+018",9,1,63,0,2020,2,14,7,3,2,6,0,0,1,0,1,0,0,732668.6082,5304937.9827,12.110551971,47.855617906,0,2,#fc8d62,car
6121,159140,"9,20020300112005E+018",9,1,77,133,2020,2,10,2,3,5,3,0,0,1,0,0,0,0,706484.3803,5359270.0216,11.787238072,48.352817641,1,2,#fc8d62,car
6122,159141,"9,20013000740703E+018",9,7,62,0,2020,1,7,5,3,0,1,1,1,0,0,0,0,0,621611.6962,5304869.4152,10.626711433,47.885630155,2,1,#66c2a5,bicycle
6123,159143,"9,20020100712105E+018",9,7,71,142,2020,2,10,7,3,5,3,0,1,1,0,0,0,0,647149.8534,5351093.4677,10.984054782,48.29591648,0,1,#66c2a5,bicycle
6124,159145,"9,20013100858203E+018",9,1,62,0,2020,1,6,6,3,5,3,2,0,1,0,0,0,0,691452.6439,5332232.5366,11.572336299,48.114548621,1,2,#fc8d62,car
6125,159148,"9,20020100110507E+018",9,1,77,134,2020,2,10,7,2,0,1,0,0,0,0,1,0,0,715108.5073,5342710.3757,11.895073504,48.201147538,0,4,#e78ac3,marker
6126,159151,"9,20020200710707E+018",9,7,61,0,2020,2,13,1,2,6,4,0,0,1,1,0,0,0,641898.2136,5360433921,10.916434009,48.381101814,1,2,#fc8d62,car
6127,159154,"9,20020100710404E+018",9,7,61,0,2020,2,15,7,3,0,1,1,1,0,0,0,0,0,640972038,5358783039,10.90337902,48.366465333,1,1,#66c2a5,bicycle
6128,159156,"9,20013100854403E+018",9,1,62,0,2020,1,11,6,2,0,5,0,0,1,0,1,0,0,686740.4459,5338879.3645,11.512002906,48.175691548,1,2,#fc8d62,car
6129,159159,"9,20013000141303E+018",9,1,63,0,2020,1,16,5,3,3,6,0,1,0,0,0,0,1,732894.6689,5303277.2644,12.11267584,47.840615923,0,1,#66c2a5,bicycle
6130,159162,"9,20013000141302E+018",9,1,63,0,2020,1,18,5,3,5,3,2,0,1,0,0,0,0,732530.3093,5305699566,12.109115321,47.862510133,0,2,#fc8d62,car
6131,159165,"9,2002040014011E+018",9,1,87,117,2020,2,17,3,3,4,3,2,0,1,0,1,0,0,724882.2244,5305419.0133,12.00685652,47.86271163,1,2,#fc8d62,car
6132,159169,"9,20013100851103E+018",9,1,62,0,2020,1,18,6,3,2,6,2,0,1,0,1,0,0,691371.5107,5334240.9313,11.572149002,48.132624295,0,2,#fc8d62,car
6133,159173,"9,20013000140103E+018",9,1,87,117,2020,1,13,5,3,0,1,0,1,0,0,0,0,0,724291.9319,5305547.3277,11.999041588,47.864070863,0,1,#66c2a5,bicycle
6134,159174,"9,20020100858204E+018",9,1,62,0,2020,2,9,7,3,6,2,0,0,1,1,0,0,0,694547.5019,5335433.8057,11.615335336,48.142382508,0,2,#fc8d62,car
6135,159175,"9,20020300858204E+018",9,1,62,0,2020,2,6,2,3,5,2,2,1,1,0,0,0,0,693310729,5330973.3495,11.596704295,48.102670071,1,1,#66c2a5,bicycle
6136,159178,"9,20020200120904E+018",9,1,79,123,2020,2,14,1,3,0,7,0,1,0,0,0,0,0,676888108,5334293.7402,11.377686191,48.137289449,0,1,#66c2a5,bicycle
6137,159179,"9,20020400120104E+018",9,1,74,115,2020,2,6,3,2,6,2,2,0,1,1,0,0,0,682295.4909,5347772.5318,11.456090308,48.25691915,1,2,#fc8d62,car
6138,159183,"9,20013100711302E+018",9,7,72,202,2020,1,12,6,3,2,6,0,0,1,0,0,0,0,636036095,5359888896,10.83712886,48.377492274,0,2,#fc8d62,car
6139,159186,"9,20013000854203E+018",9,1,62,0,2020,1,7,5,3,5,2,1,1,1,0,0,0,0,687684.5374,5334319.7446,11.522678876,48.134430628,0,1,#66c2a5,bicycle
6140,159188,"9,20020100852207E+018",9,1,62,0,2020,2,18,7,3,6,2,2,0,1,1,0,0,0,694605.9007,5336154.5727,11.616448998,48.148842591,1,2,#fc8d62,car
6141,159189,"9,20020300857105E+018",9,1,62,0,2020,2,15,2,3,3,6,0,0,1,0,0,1,0,690848.2412,5334843.8313,11.565393368,48.138200249,1,2,#fc8d62,car
6142,159194,"9,20020200854504E+018",9,1,62,0,2020,2,19,1,2,6,4,2,0,1,1,0,0,0,679241.5914,5336069.4432,11.410039862,48.15259267,1,2,#fc8d62,car
6143,159198,"9,20013000851103E+018",9,1,62,0,2020,1,19,5,3,0,3,2,0,0,1,0,0,1,691724736,5334686.8938,11.57709229,48.136526241,1,3,#8da0cb,toilet
6144,159203,"9,20013100858204E+018",9,1,62,0,2020,1,8,6,3,0,7,0,1,0,0,0,0,0,690793.2601,5333301.8094,11.563964594,48.124357106,1,1,#66c2a5,bicycle
6145,159212,"9,20013000710703E+018",9,7,61,0,2020,1,9,5,3,2,2,0,0,1,0,0,0,0,643122.6217,5360087.1332,10.932842657,48.377707105,0,2,#fc8d62,car
6146,159214,"9,20020100711104E+018",9,7,61,0,2020,2,8,7,3,3,6,0,1,1,0,0,0,0,638184.9676,5360762.0953,10.866420003,48.384876959,0,1,#66c2a5,bicycle
6147,159215,"9,20020300710604E+018",9,7,61,0,2020,2,14,2,3,2,1,0,0,1,0,0,0,0,639702.1329,5357607.3353,10.885852292,48.356176054,1,2,#fc8d62,car
6148,159216,"9,20013100858202E+018",9,1,62,0,2020,1,15,6,3,1,6,0,0,1,0,0,0,0,692554.5582,5340969.1144,11.591078809,48.192738588,0,2,#fc8d62,car
6149,159219,"9,20013000131502E+018",9,1,85,166,2020,1,7,5,3,0,1,0,0,0,0,1,0,0,671402655,5382643571,11.323706368,48.573420985,2,4,#e78ac3,marker
6150,159225,"9,20013100740702E+018",9,7,62,0,2020,1,16,6,3,3,2,0,1,1,0,0,0,0,622079.7349,5305264.0595,10.633081022,47.88909062,0,1,#66c2a5,bicycle
6151,159227,"9,20013100852203E+018",9,1,62,0,2020,1,12,6,3,3,6,0,1,0,0,0,1,0,695835.2571,5338470.9617,11.634025697,48.169283677,0,1,#66c2a5,bicycle
6152,159232,"9,20020200120704E+018",9,1,88,120,2020,2,19,1,3,5,3,2,0,1,0,0,0,0,676678.3297,5327239.6504,11.371947888,48.073936451,0,2,#fc8d62,car
6153,159233,"9,20020300858206E+018",9,1,62,0,2020,2,16,2,3,5,2,1,1,1,0,0,0,0,689568.3461,5330610.9728,11.546324634,48.10053748,1,1,#66c2a5,bicycle
6154,159236,"9,20013100710603E+018",9,7,61,0,2020,1,12,6,3,2,1,0,0,1,0,0,0,1,639712.3598,5356264.6003,10.885544642,48.344100243,0,2,#fc8d62,car
6155,159237,"9,20012900141503E+018",9,1,87,124,2020,1,12,4,3,5,3,0,0,1,0,0,0,1,734987813,5325871.2537,12.152938484,48.04283199,1,2,#fc8d62,car
6156,159239,"9,20013000852803E+018",9,1,84,136,2020,1,10,5,3,0,5,0,1,1,0,0,0,0,699250.6209,5326762.1533,11.674440832,48.062993238,2,1,#66c2a5,bicycle
6157,159240,"9,20012900141303E+018",9,1,63,0,2020,1,8,4,3,0,1,0,1,0,0,0,0,0,733218.9558,5305728.8617,12.118324792,47.86252376,2,1,#66c2a5,bicycle
6158,159241,"9,20020100851204E+018",9,1,62,0,2020,2,14,7,3,3,5,0,1,1,0,0,0,0,690945755,5335734.5775,11.567102203,48.146176955,0,1,#66c2a5,bicycle
6159,159242,"9,20020300851204E+018",9,1,62,0,2020,2,18,2,3,5,7,2,1,1,0,0,0,0,691659.6068,5335911.1616,11.576768777,48.147549403,1,1,#66c2a5,bicycle
6160,159244,"9,20013100110306E+018",9,1,75,112,2020,1,17,6,2,8,1,0,1,0,0,0,0,0,724970.5959,5320471.2866,12.015896585,47.997923131,0,1,#66c2a5,bicycle
6161,159246,"9,20020100858204E+018",9,1,62,0,2020,2,17,7,3,5,3,2,0,1,0,1,0,0,694007.1328,5333741.0337,11.607307979,48.127333472,1,2,#fc8d62,car
6162,159247,"9,20020300858204E+018",9,1,62,0,2020,2,8,2,3,4,2,0,0,1,0,0,0,0,696686.6401,5337772.6034,11.645141371,48.16274444,1,2,#fc8d62,car
6163,159251,"9,20020300120504E+018",9,1,79,121,2020,2,7,2,3,6,4,2,0,1,1,0,0,0,665994.2157,5337881.2841,11.23277178,48.172477069,1,2,#fc8d62,car
6164,159253,"9,20012900111304E+018",9,1,75,132,2020,1,15,4,3,5,3,1,0,1,0,0,0,1,707219647,5331489165,11.783569529,48.102933966,1,2,#fc8d62,car
6165,159254,"9,20020100712704E+018",9,7,72,216,2020,2,15,7,3,6,7,0,1,0,1,0,0,0,621031.3808,5367205.5623,10.636696479,48.446346931,0,1,#66c2a5,bicycle
6166,159256,"9,20013100858203E+018",9,1,62,0,2020,1,17,6,3,0,7,1,1,0,0,0,0,0,688007.0894,5332088.1005,11.526025624,48.114276884,0,1,#66c2a5,bicycle
6167,159258,"9,20012900110306E+018",9,1,75,112,2020,1,7,4,3,4,1,0,0,1,0,0,0,0,722597.7136,5317770.6765,11.982731625,47.974488482,2,2,#fc8d62,car
6168,159259,"9,20020100111307E+018",9,1,75,135,2020,2,17,7,3,6,4,2,0,1,1,0,0,0,708747077,5339173.8016,11.807827784,48.171490839,1,2,#fc8d62,car
6169,159261,"9,20012800858204E+018",9,1,62,0,2020,1,9,3,3,1,7,0,1,1,0,0,0,0,692122.3263,5336748.7122,11.583361319,48.154937557,1,1,#66c2a5,bicycle
6170,159262,"9,20020200712304E+018",9,7,72,147,2020,2,13,1,3,5,3,0,0,1,0,0,0,0,638736.1113,5367452.5253,10.876072712,48.444914402,1,2,#fc8d62,car
6171,159263,"9,20013000710403E+018",9,7,61,0,2020,1,19,5,3,5,3,2,0,1,0,0,0,0,640553.5033,5359218.4645,10.897876793,48.37047387,0,2,#fc8d62,car
6172,159264,"9,20012800858203E+018",9,1,84,118,2020,1,8,3,3,5,3,0,0,1,0,0,0,0,703284.4689,5336418.1187,11.733122208,48.148496937,1,2,#fc8d62,car
6173,159265,"9,20020100710404E+018",9,7,61,0,2020,2,18,7,3,4,2,2,1,1,0,0,0,0,640587.9233,5358035476,10.897945903,48.359829161,1,1,#66c2a5,bicycle
6174,159268,"9,20013100857104E+018",9,1,62,0,2020,1,7,6,2,6,4,0,0,1,1,0,0,0,690512.1544,5342231.0798,11.564190578,48.204696873,1,2,#fc8d62,car
6175,159270,"9,20012800858203E+018",9,1,62,0,2020,1,11,3,3,5,3,0,0,1,0,0,0,0,687527.6785,5331979.5663,11.519543099,48.113442691,0,2,#fc8d62,car
6176,159271,"9,20013000121502E+018",9,1,81,130,2020,1,9,5,3,5,3,0,1,1,0,0,0,0,638495.7215,5325642.1321,10.859138111,48.069008029,0,1,#66c2a5,bicycle
6177,159273,"9,20020400120104E+018",9,1,74,115,2020,2,6,3,2,6,2,2,0,1,1,0,0,0,681963.1541,5348774705,11.452047997,48.266022729,1,2,#fc8d62,car
6178,159274,"9,20013000121303E+018",9,1,88,132,2020,1,16,5,3,6,4,0,0,1,1,0,0,0,663803.7332,5323187.4397,11.197688753,48.040942251,0,2,#fc8d62,car
6179,159279,"9,20013100851203E+018",9,1,62,0,2020,1,22,6,3,6,2,2,0,1,1,0,0,0,690802.0137,5336515.9078,11.565521964,48.15324262,0,2,#fc8d62,car
6180,159282,"9,20012800858202E+018",9,1,84,120,2020,1,15,3,3,6,4,1,0,1,1,0,0,0,681402495,5333266.5332,11.437873842,48.126785183,0,2,#fc8d62,car
6181,159283,"9,20013000120906E+018",9,1,79,123,2020,1,14,5,3,0,1,0,1,0,0,0,0,0,677527.7501,5334449.0192,11.386341103,48.138507149,0,1,#66c2a5,bicycle
6182,159284,"9,20020100858204E+018",9,1,62,0,2020,2,17,7,3,0,7,1,0,0,1,0,0,1,696032.3585,5338789.4918,11.636820702,48.172085675,1,3,#8da0cb,toilet
6183,159285,"9,20020300858204E+018",9,1,62,0,2020,2,19,2,3,5,3,2,0,1,0,0,0,0,682561.6626,5337721.8703,11.455347725,48.166501461,1,2,#fc8d62,car
6184,159288,"9,20012800857102E+018",9,1,62,0,2020,1,15,3,3,5,3,0,1,1,0,0,0,0,693785.1397,5342351.2702,11.608251092,48.20478651,1,1,#66c2a5,bicycle
6185,159290,"9,20012800854103E+018",9,1,62,0,2020,1,13,3,3,6,7,0,0,1,1,0,0,0,686942.8364,5333527.9041,11.512372179,48.127531614,1,2,#fc8d62,car
6186,159291,"9,20013100712303E+018",9,7,72,147,2020,1,13,6,3,4,2,0,0,1,0,0,0,0,637920.2344,5366121.4047,10.864607804,48.433124621,0,2,#fc8d62,car
6187,159292,"9,20012800852903E+018",9,1,62,0,2020,1,14,3,3,0,1,0,0,0,0,0,0,1,689512008,5330394005,11.545472327,48.098604102,1,6,#ffd92f,circle
6188,159294,"9,20013000858202E+018",9,1,62,0,2020,1,10,5,3,6,3,0,0,1,1,0,0,0,696987.2287,5331543.7572,11.646299197,48.106670514,0,2,#fc8d62,car
6189,159295,"9,20012800851406E+018",9,1,62,0,2020,1,8,3,3,5,2,0,1,1,0,0,0,0,695356.5855,5334274.6395,11.625668539,48.131716582,0,1,#66c2a5,bicycle
6190,159296,"9,20020100852403E+018",9,1,62,0,2020,2,9,7,3,5,3,0,1,1,0,0,0,0,698792428,5328839831,11.669263879,48.08180888,0,1,#66c2a5,bicycle
6191,159297,"9,20020300857107E+018",9,1,62,0,2020,2,9,2,3,1,5,0,0,1,0,1,0,0,689953.4699,5335948.7657,11.553871132,48.148399144,1,2,#fc8d62,car
6192,159300,"9,20012800851203E+018",9,1,62,0,2020,1,18,3,3,0,7,2,1,0,0,0,0,0,691250.0408,5335803.5191,11.571219765,48.14670519,0,1,#66c2a5,bicycle
6193,159301,"9,20020200857104E+018",9,1,84,123,2020,2,2,1,2,6,7,2,1,0,1,0,0,0,703682.0736,5332619.3371,11.736645755,48.114231246,1,1,#66c2a5,bicycle
6194,159302,"9,20013000711302E+018",9,7,61,0,2020,1,21,5,3,5,3,2,0,1,0,0,0,0,638485.7851,5359324.5564,10.870007167,48.371884937,1,2,#fc8d62,car
6195,159304,"9,20020100712105E+018",9,7,71,130,2020,2,6,7,3,1,6,2,0,1,0,0,0,0,645643.8805,5357488.8913,10.965971421,48.353768581,0,2,#fc8d62,car
6196,159305,"9,20020300131304E+018",9,1,86,143,2020,2,14,2,2,6,4,0,0,1,1,0,0,0,685249.4673,5378142.0867,11.509244398,48.529023418,0,2,#fc8d62,car
6197,159306,"9,20013000851206E+018",9,1,62,0,2020,1,7,5,3,3,3,0,1,1,0,0,0,0,691062289,5335566374,11.568591788,48.144630169,0,1,#66c2a5,bicycle
6198,159308,"9,20020100740705E+018",9,7,77,130,2020,2,12,7,3,5,3,0,0,1,0,0,0,0,623480.3588,5308948.0233,10.652864151,47.921954727,0,2,#fc8d62,car
6199,159310,"9,20013100858204E+018",9,1,62,0,2020,1,18,6,3,5,3,2,0,1,0,0,0,0,682780538,5334800209,11.457033814,48.140176748,1,2,#fc8d62,car
6200,159315,"9,20012800710402E+018",9,7,61,0,2020,1,8,3,3,0,5,0,1,1,0,0,0,0,639641.9535,5360048.1393,10.88585078,48.378136423,1,1,#66c2a5,bicycle
6201,159318,"9,20013100854202E+018",9,1,62,0,2020,1,12,6,2,5,2,0,1,1,0,0,0,0,688285.0287,5336363.2349,11.531645567,48.152620498,0,1,#66c2a5,bicycle
6202,159319,"9,20020300711104E+018",9,7,61,0,2020,2,19,2,3,6,2,2,0,1,1,0,0,0,637729.2014,5359442.5023,10.859835082,48.373111062,1,2,#fc8d62,car
6203,159320,"9,20013100858203E+018",9,1,62,0,2020,1,14,6,3,5,2,0,0,1,0,0,0,0,693501.4252,5332857.9564,11.600118062,48.119550542,0,2,#fc8d62,car
6204,159323,"9,20013000120903E+018",9,1,79,123,2020,1,18,5,2,0,7,2,1,0,1,0,0,0,677067261,5333743569,11.379863484,48.132294022,0,1,#66c2a5,bicycle