fid,OBJECTID,UIDENTSTLA,ULAND,UREGBEZ,UKREIS,UGEMEINDE,UJAHR,UMONAT,USTUNDE,UWOCHENTAG,UKATEGORIE,UART,UTYP1,ULICHTVERH,IstRad,IstPKW,IstFuss,IstKrad,IstGkfz,IstSonstig,LINREFX,LINREFY,XGCSWGS84,YGCSWGS84,STRZUSTAND,Teilnehmer,color,symbol
6205,159330,"9,20013100750103E+018",9,7,78,209,2020,1,16,6,2,0,1,0,1,0,0,0,0,0,617952.6181,5324327.9885,10.583127787,48.061319555,0,1,#66c2a5,bicycle
6206,159332,"9,20013100121902E+018",9,1,88,139,2020,1,15,6,3,6,2,0,0,1,1,0,0,0,674623379,5319173.8322,11.34109471,48.001993989,0,2,#fc8d62,car
6207,159334,"9,20020100858204E+018",9,1,62,0,2020,2,6,7,3,0,7,2,0,0,0,0,0,1,692292.4365,5334591.6954,11.584672094,48.135499331,0,6,#ffd92f,circle
6208,159335,"9,20021000140111E+018",9,1,87,150,2020,2,14,2,3,2,6,0,0,1,0,0,0,0,729807.9202,5304122.4069,12.071931359,47.849319609,0,2,#fc8d62,car
6209,159341,"9,20021000121504E+018",9,1,81,130,2020,2,16,2,3,2,6,0,0,1,0,0,0,0,639242.9062,5324231.3633,10.868703278,48.05615929,0,2,#fc8d62,car
6210,159342,"9,20020500711904E+018",9,7,72,163,2020,2,19,4,3,1,5,2,0,1,0,0,0,0,639769.8583,5347744761,10.883498322,48.267478561,1,2,#fc8d62,car
6211,159343,"9,20021000111305E+018",9,1,75,133,2020,2,7,2,2,7,7,0,0,0,0,1,0,0,705615.5817,5343262.3204,11.767737085,48.209252551,1,4,#e78ac3,marker
6212,159344,"9,20020500711304E+018",9,7,61,0,2020,2,10,4,3,1,6,0,0,1,0,0,0,0,638148.3024,5360659573,10.865891344,48.38396313,0,2,#fc8d62,car
6213,159345,"9,20020900858207E+018",9,1,62,0,2020,2,2,1,3,2,6,2,0,1,0,0,0,0,688069.94,5334992731,11.528151018,48.140365792,0,2,#fc8d62,car
6214,159346,"9,20020900857105E+018",9,1,62,0,2020,2,5,1,3,9,6,2,0,1,0,0,0,0,693182.2592,5337954.6749,11.598146108,48.165455282,0,2,#fc8d62,car
6215,159347,"9,20020500711104E+018",9,7,61,0,2020,2,20,4,3,6,4,2,0,0,1,1,0,0,639275.2361,5362244.7804,10.881629326,48.397969063,0,3,#8da0cb,toilet
6216,159348,"9,20021100121704E+018",9,1,79,142,2020,2,11,3,2,6,4,0,0,1,1,0,0,0,672299.4192,5342567858,11.319413277,48.21292902,1,2,#fc8d62,car
6217,159349,"9,20020900854605E+018",9,1,84,138,2020,2,19,1,3,5,2,2,1,1,0,0,0,0,679946.5406,5330734.9528,11.417257099,48.10444208,0,1,#66c2a5,bicycle
6218,159350,"9,20020900854105E+018",9,1,62,0,2020,2,18,1,3,6,4,2,1,0,1,0,0,0,685390.1475,5335139.4161,11.492227073,48.142470709,0,1,#66c2a5,bicycle
6219,159353,"9,20020500710605E+018",9,7,61,0,2020,2,20,4,3,5,2,2,0,1,0,0,0,0,640937.3188,5351182.4377,10.900368402,48.298130734,0,2,#fc8d62,car
6220,159357,"9,20021000854204E+018",9,1,62,0,2020,2,17,2,3,5,2,0,1,1,0,0,0,0,687450.2507,5336040.6056,11.520290496,48.14996721,0,1,#66c2a5,bicycle
6221,159358,"9,20020900710705E+018",9,7,61,0,2020,2,17,1,3,0,2,0,0,1,0,0,0,1,641786.8989,5361478.0189,10.915283845,48.390514898,0,2,#fc8d62,car
6222,159359,"9,20020900710605E+018",9,7,61,0,2020,2,3,1,2,0,1,2,0,1,0,0,0,0,640900.9821,5357200.5655,10.901890262,48.352252138,0,2,#fc8d62,car
6223,159374,"9,20020900161904E+018",9,1,73,120,2020,2,13,1,2,6,7,0,1,0,1,0,0,0,682343268,5312210.7229,11.441542544,47.937247226,0,1,#66c2a5,bicycle
6224,159382,"9,20020900120104E+018",9,1,74,113,2020,2,15,1,3,0,1,0,1,0,0,0,0,0,677948.2714,5347228.6883,11.397344897,48.253266286,0,1,#66c2a5,bicycle
6225,159383,"9,20020800858205E+018",9,1,62,0,2020,2,23,7,3,1,5,2,0,1,0,0,0,0,683058.0669,5339439.4537,11.462757341,48.181797371,0,2,#fc8d62,car
6226,159384,"9,20020800858205E+018",9,1,84,145,2020,2,14,7,3,5,7,0,0,1,0,0,0,1,694604.9023,5324731.3309,11.611227968,48.046174674,0,2,#fc8d62,car
6227,159388,"9,20020800858204E+018",9,1,62,0,2020,2,21,7,3,5,3,2,0,1,0,0,0,0,694774.7305,5341489.5904,11.621160676,48.196739383,0,2,#fc8d62,car
6228,159389,"9,20020800858204E+018",9,1,62,0,2020,2,17,7,3,1,6,0,0,1,0,0,0,0,691698.2722,5335680.9709,11.57718442,48.145468834,0,2,#fc8d62,car
6229,159391,"9,20020800857107E+018",9,1,62,0,2020,2,22,7,2,2,6,2,0,1,0,0,0,0,686243.4287,5332827.6095,11.502675989,48.1214421,0,2,#fc8d62,car
6230,159393,"9,20020800857105E+018",9,1,62,0,2020,2,7,7,3,2,6,0,0,1,0,0,0,1,690868.6709,5334245.6334,11.565399673,48.132817552,1,2,#fc8d62,car
6231,159394,"9,20020800857104E+018",9,1,84,112,2020,2,13,7,2,6,4,0,1,0,1,0,0,0,701961.7767,5339168.1605,11.716665215,48.173632358,0,1,#66c2a5,bicycle
6232,159396,"9,20021000858204E+018",9,1,62,0,2020,2,14,2,3,6,2,0,0,1,1,0,0,0,689060.9776,5332577118,11.54038787,48.118360263,0,2,#fc8d62,car
6233,159402,"9,20021100145007E+018",9,1,63,0,2020,2,13,3,3,6,4,0,1,0,1,0,0,0,732515.4371,5305899.5343,12.109024299,47.864312058,0,1,#66c2a5,bicycle
6234,159419,"9,20020800140104E+018",9,1,87,117,2020,2,10,7,3,5,3,0,0,1,0,0,0,0,724291.2491,5305319.3866,11.998914235,47.862023036,0,2,#fc8d62,car
6235,159420,"9,20020800131304E+018",9,1,86,143,2020,2,14,7,3,0,1,0,1,0,0,0,0,0,683921.6452,5377955042,11.491194022,48.527732757,0,1,#66c2a5,bicycle
6236,159425,"9,20020800120704E+018",9,1,88,127,2020,2,10,7,3,5,3,0,1,1,0,0,0,0,675061.4961,5327558.8237,11.35039128,48.077251533,0,1,#66c2a5,bicycle
6237,159429,"9,20020800120105E+018",9,1,74,122,2020,2,19,7,3,4,1,2,0,1,0,0,0,0,681612055,5351084.6451,11.448313664,48.286886452,0,2,#fc8d62,car
6238,159430,"9,20020800117004E+018",9,1,78,124,2020,2,3,7,2,9,1,2,1,0,0,0,0,0,704119.7346,5365230.4268,11.758251712,48.407147428,0,1,#66c2a5,bicycle
6239,159431,"9,20020700858205E+018",9,1,62,0,2020,2,8,6,3,2,6,0,0,1,0,0,0,0,691258624,5339254461,11.572886674,48.177719178,0,2,#fc8d62,car
6240,159432,"9,20021000852304E+018",9,1,62,0,2020,2,9,2,3,5,2,0,0,1,0,0,0,0,692218.9203,5330454.5613,11.581820085,48.098337592,1,2,#fc8d62,car
6241,159433,"9,20020700858204E+018",9,1,62,0,2020,2,3,6,3,9,7,2,0,1,0,0,0,0,690180.9213,5336320.3118,11.557092001,48.151670632,0,2,#fc8d62,car
6242,159434,"9,20020700858204E+018",9,1,62,0,2020,2,0,6,3,5,3,2,0,1,0,0,0,0,687916537,5343606.3079,11.529899729,48.217831133,0,2,#fc8d62,car
6243,159435,"9,20020700857106E+018",9,1,62,0,2020,2,20,6,3,5,3,2,0,1,0,0,0,0,689592.7824,5335391.3984,11.548778566,48.143497107,0,2,#fc8d62,car
6244,159436,"9,20020500121507E+018",9,1,81,130,2020,2,15,4,3,4,3,0,0,1,0,0,0,0,638819.6371,5323136.0261,10.862670571,48.046401866,0,2,#fc8d62,car
6245,159439,"9,20020700857104E+018",9,1,62,0,2020,2,17,6,3,3,7,0,0,1,0,0,1,0,688552.7001,5332397.5557,11.533485743,48.116897028,0,2,#fc8d62,car
6246,159440,"9,20021000852105E+018",9,1,62,0,2020,2,11,2,3,0,1,0,1,0,0,0,0,0,692857.8934,5333707.5593,11.591864368,48.127381819,1,1,#66c2a5,bicycle
6247,159441,"9,20020700852304E+018",9,1,62,0,2020,2,18,6,3,2,6,2,0,1,0,0,0,1,692804.1064,5330762.9338,11.589811093,48.100932403,0,2,#fc8d62,car
6248,159442,"9,20020700851506E+018",9,1,62,0,2020,2,7,6,3,5,2,0,1,1,0,0,0,0,688672648,5333143.4089,11.535425854,48.123565365,0,1,#66c2a5,bicycle
6249,159443,"9,20021000851505E+018",9,1,62,0,2020,2,7,2,3,1,7,1,1,1,0,0,0,0,686634712,5333867.2457,11.508383958,48.130672148,1,1,#66c2a5,bicycle
6250,159445,"9,20020500120104E+018",9,1,74,135,2020,2,13,4,3,5,6,0,0,1,0,1,0,0,662781.1867,5353168.3904,11.195462791,48.310742485,0,2,#fc8d62,car
6251,159447,"9,20020400858204E+018",9,1,62,0,2020,2,11,3,3,1,5,0,1,1,0,0,0,0,683263.6119,5336068.7482,11.464067383,48.151440225,1,1,#66c2a5,bicycle
6252,159450,"9,20020400858204E+018",9,1,62,0,2020,2,7,3,3,6,2,2,0,1,1,0,0,0,693170.5609,5340385.1403,11.599093515,48.187302999,1,2,#fc8d62,car
6253,159454,"9,20020700712507E+018",9,7,72,200,2020,2,17,6,3,1,7,0,0,1,1,0,0,0,630659.4351,5337697.0417,10.757693946,48.179068513,0,2,#fc8d62,car
6254,159455,"9,20020700711304E+018",9,7,72,202,2020,2,15,6,2,4,2,0,1,0,0,0,0,1,636408.4862,5360033.9614,10.842202275,48.378716295,0,1,#66c2a5,bicycle
6255,159456,"9,20020400858204E+018",9,1,62,0,2020,2,16,3,3,4,6,0,0,1,0,0,0,0,687889.7729,5332556.2832,11.524657256,48.118519653,1,2,#fc8d62,car
6256,159457,"9,20020700710604E+018",9,7,61,0,2020,2,16,6,2,0,1,0,1,0,0,0,0,0,638521.9043,5355560.8445,10.869255839,48.338034344,0,1,#66c2a5,bicycle
6257,159458,"9,20020700710404E+018",9,7,61,0,2020,2,16,6,3,6,7,0,0,1,1,0,0,0,638535.7608,5355555.8759,10.869441085,48.337986629,0,2,#fc8d62,car
6258,159459,"9,20020400858204E+018",9,1,62,0,2020,2,7,3,3,4,2,0,1,1,0,0,0,0,694210.5213,5334305.5617,11.610295713,48.132345227,1,1,#66c2a5,bicycle
6259,159462,"9,20020400857104E+018",9,1,62,0,2020,2,7,3,3,4,2,0,1,1,0,0,0,0,690142.0629,5335253.7737,11.556093719,48.142096215,1,1,#66c2a5,bicycle
6260,159463,"9,20021000857105E+018",9,1,62,0,2020,2,7,2,2,4,7,1,0,1,0,0,0,1,687420213,5335356926,11.519586057,48.143830981,1,2,#fc8d62,car
6261,159465,"9,20021000712304E+018",9,7,72,171,2020,2,16,2,3,6,4,0,0,1,1,0,0,0,638135.0915,5369185.8213,10.868521824,48.460631835,0,2,#fc8d62,car
6262,159468,"9,20020400854304E+018",9,1,62,0,2020,2,18,3,3,6,4,2,0,1,1,0,0,0,689619992,5342605.5046,11.552362264,48.208329272,1,2,#fc8d62,car
6263,159470,"9,20021100750108E+018",9,7,78,209,2020,2,18,3,2,8,1,2,0,1,0,0,0,0,619039.1645,5325034.5943,10.597901992,48.067472648,1,2,#fc8d62,car
6264,159473,"9,20020400852304E+018",9,1,62,0,2020,2,7,3,3,4,2,0,0,1,0,0,0,0,693124.2828,5331869372,11.594608039,48.110779871,0,2,#fc8d62,car
6265,159476,"9,20020400852104E+018",9,1,62,0,2020,2,22,3,3,0,6,2,0,1,0,0,0,1,694476.8113,5333680.4121,11.613585635,48.126645316,1,2,#fc8d62,car
6266,159480,"9,20020400851406E+018",9,1,62,0,2020,2,21,3,3,5,3,2,0,1,0,0,0,0,691057.3631,5333173.1703,11.567452377,48.123121702,1,2,#fc8d62,car
6267,159484,"9,20021000712304E+018",9,7,72,177,2020,2,14,2,3,0,1,0,0,1,0,0,0,0,636349915,5378715538,10.847499958,48.546709814,0,2,#fc8d62,car
6268,159486,"9,20021000710405E+018",9,7,61,0,2020,2,12,2,3,6,2,0,0,1,1,0,0,0,639730.7215,5358964.5127,10.886688772,48.368373108,1,2,#fc8d62,car
6269,159488,"9,20020700141304E+018",9,1,63,0,2020,2,8,6,3,5,3,0,1,1,0,0,0,0,734526002,5303802.52,12.134729828,47.844741932,0,1,#66c2a5,bicycle
6270,159490,"9,20020700120507E+018",9,1,79,121,2020,2,19,6,3,5,3,2,1,1,0,0,0,0,665663785,5336994638,11.227985226,48.164592241,0,1,#66c2a5,bicycle
6271,159491,"9,20020700120507E+018",9,1,79,121,2020,2,23,6,2,1,5,2,0,1,0,0,0,0,666067.8788,5337082.9938,11.233450041,48.165281134,0,2,#fc8d62,car
6272,159492,"9,20020400851304E+018",9,1,62,0,2020,2,12,3,3,1,5,0,0,0,0,1,0,1,691454.6351,5337549.3596,11.574752961,48.162335005,1,4,#e78ac3,marker
6273,159495,"9,20020700120504E+018",9,1,79,121,2020,2,13,6,3,2,5,0,0,1,0,0,0,0,666411087,5338842.8775,11.238751152,48.181012809,0,2,#fc8d62,car
6274,159496,"9,20020700120105E+018",9,1,74,115,2020,2,10,6,2,6,4,0,0,1,1,0,0,0,680919.8736,5347701944,11.437543749,48.256678897,0,2,#fc8d62,car
6275,159497,"9,20020400750105E+018",9,7,78,116,2020,2,19,3,3,2,6,2,0,1,0,0,0,0,619218.4927,5318075.4572,10.598370761,48.004851313,1,2,#fc8d62,car
6276,159498,"9,20020700111106E+018",9,1,78,120,2020,2,14,6,3,6,2,0,0,1,1,0,0,0,695201.4443,5353486.5711,11.632428753,48.304428908,0,2,#fc8d62,car
6277,159500,"9,20020600858205E+018",9,1,62,0,2020,2,17,5,3,4,7,2,0,1,0,0,0,0,691227.6362,5340347.5658,11.572962207,48.187553132,1,2,#fc8d62,car
6278,159501,"9,20020600858204E+018",9,1,62,0,2020,2,14,5,3,1,6,0,0,1,0,0,0,0,686291843,5333274172,11.503521083,48.125441817,0,2,#fc8d62,car
6279,159502,"9,20020400711104E+018",9,7,61,0,2020,2,11,3,3,4,2,0,1,1,0,0,0,0,637376.1947,5361492.6869,10.855741056,48.391622986,0,1,#66c2a5,bicycle
6280,159503,"9,20021000858206E+018",9,1,62,0,2020,2,13,2,3,0,5,0,0,1,0,0,0,0,695898.1082,5330612.1531,11.631256507,48.098633543,1,2,#fc8d62,car
6281,159504,"9,20020600858204E+018",9,1,62,0,2020,2,12,5,3,1,6,0,0,1,0,0,0,0,679485.4188,5333831.5707,11.412372006,48.132407725,0,2,#fc8d62,car
6282,159505,"9,20021000710405E+018",9,7,61,0,2020,2,19,2,3,6,4,2,0,1,1,0,0,0,639854.9364,5359840.3873,10.888656348,48.376221206,0,2,#fc8d62,car
6283,159506,"9,20020600857105E+018",9,1,62,0,2020,2,18,5,3,3,2,2,0,1,0,0,0,1,685422.53,5334893691,11.492554975,48.140252587,0,2,#fc8d62,car
6284,159507,"9,20020400710604E+018",9,7,61,0,2020,2,19,3,3,2,1,2,0,1,0,0,0,0,641992.3472,5359528.8289,10.917398877,48.372942454,1,2,#fc8d62,car
6285,159509,"9,20020600854704E+018",9,1,62,0,2020,2,10,5,3,0,7,0,1,0,0,0,0,0,694799.3605,5340916.5081,11.621228873,48.191581277,0,1,#66c2a5,bicycle
6286,159510,"9,20020600854404E+018",9,1,62,0,2020,2,10,5,3,5,3,0,0,1,0,0,0,1,683296.2362,5340539.8229,11.466433257,48.191619428,0,2,#fc8d62,car
6287,159511,"9,20020600854104E+018",9,1,62,0,2020,2,11,5,3,5,3,0,1,1,0,0,0,0,684552.3855,5332873.5332,11.479994382,48.122347297,0,1,#66c2a5,bicycle
6288,159512,"9,20020400710404E+018",9,7,61,0,2020,2,18,3,3,2,6,2,0,1,0,0,0,0,639889858,5359306.6925,10.888950099,48.371414639,1,2,#fc8d62,car
6289,159513,"9,20020600852804E+018",9,1,84,136,2020,2,8,5,3,5,3,0,1,1,0,0,0,0,699127.5408,5326699.5072,11.672761487,48.062468645,0,1,#66c2a5,bicycle
6290,159514,"9,20020600851405E+018",9,1,62,0,2020,2,19,5,3,5,3,2,1,1,0,0,0,0,690891404,5334261921,11.565712201,48.132957126,0,1,#66c2a5,bicycle
6291,159516,"9,20020600851207E+018",9,1,62,0,2020,2,13,5,3,3,6,0,1,1,0,0,0,0,690540.8091,5335203445,11.561426024,48.141524574,0,1,#66c2a5,bicycle
6292,159517,"9,20020600851204E+018",9,1,62,0,2020,2,19,5,3,5,2,2,1,1,0,0,0,0,691983.8256,5336203.3688,11.58125494,48.150077941,0,1,#66c2a5,bicycle
6293,159520,"9,20020600740704E+018",9,7,62,0,2020,2,14,5,3,5,3,0,1,1,0,0,0,0,622634.2158,5307930.4609,10.641253275,47.912965585,0,1,#66c2a5,bicycle
6294,159523,"9,20020600730305E+018",9,7,73,182,2020,2,13,5,3,0,1,0,0,0,0,1,0,0,623836.9998,5380309.0658,10.678507454,48.563634939,0,4,#e78ac3,marker
6295,159524,"9,20020600712304E+018",9,7,72,177,2020,2,15,5,3,5,3,0,1,1,0,0,0,0,636287.6205,5378657.1276,10.846637229,48.546198147,0,1,#66c2a5,bicycle
6296,159526,"9,20020600712104E+018",9,7,71,142,2020,2,20,5,3,0,1,2,1,0,0,0,0,0,646275.1455,5352021.8536,10.972589883,48.304466756,0,1,#66c2a5,bicycle
6297,159528,"9,20020600711304E+018",9,7,72,202,2020,2,16,5,2,1,7,0,0,1,0,0,0,1,636266.3249,5358462019,10.839773981,48.364612175,0,2,#fc8d62,car
6298,159557,"9,20020600210904E+018",9,2,61,0,2020,2,22,5,3,8,1,2,0,1,0,0,0,0,731532.2874,5383469.5853,12.138234697,48.561519553,0,2,#fc8d62,car
6299,159565,"9,20020600141505E+018",9,1,87,124,2020,2,15,5,3,0,7,0,0,0,0,1,0,0,736120.1983,5327258.6843,12.168873489,48.054878035,0,4,#e78ac3,marker
6300,159566,"9,20020600141305E+018",9,1,63,0,2020,2,15,5,3,1,5,0,0,1,0,0,0,0,732621.4622,5305234.9862,12.11008236,47.858303293,0,2,#fc8d62,car
6301,159568,"9,20021000857105E+018",9,1,62,0,2020,2,14,2,3,6,7,0,0,1,1,0,0,0,683216.9831,5340125.4614,11.465189106,48.187917786,0,2,#fc8d62,car
6302,159570,"9,20020600131504E+018",9,1,85,158,2020,2,16,5,3,8,1,0,1,0,0,0,0,0,667635.2496,5380916.5592,11.271978124,48.558915579,0,1,#66c2a5,bicycle
6303,159577,"9,20020600121707E+018",9,1,79,123,2020,2,11,5,2,6,7,0,0,1,1,0,0,0,677486.3867,5333530978,11.385403106,48.130266261,0,2,#fc8d62,car
6304,159578,"9,20020600121506E+018",9,1,81,128,2020,2,18,5,3,2,6,1,0,1,0,0,0,0,637485.8321,5326954927,10.846011245,48.081031697,0,2,#fc8d62,car
6305,159579,"9,20020600110904E+018",9,1,78,143,2020,2,18,5,3,1,5,2,0,1,0,0,0,0,716817.2188,5372986.7685,11.933618283,48.472597227,0,2,#fc8d62,car
6306,159580,"9,20020600110706E+018",9,1,78,124,2020,2,8,5,3,1,6,0,0,1,0,0,0,0,703748.0568,5364701.6884,11.752978675,48.402516337,0,2,#fc8d62,car
6307,159582,"9,20021000141304E+018",9,1,63,0,2020,2,10,2,2,1,5,0,1,1,0,0,0,0,733894.5308,5305129.5734,12.127019782,47.856894211,0,1,#66c2a5,bicycle
6308,159584,"9,20020500858204E+018",9,1,62,0,2020,2,12,4,3,6,4,0,0,1,1,0,0,0,691810.9907,5334459.6275,11.578148146,48.134457613,0,2,#fc8d62,car
6309,159585,"9,20020500854404E+018",9,1,62,0,2020,2,14,4,3,0,1,0,0,0,0,1,0,0,688264.9452,5338995.7382,11.53254107,48.176287734,0,4,#e78ac3,marker
6310,159594,"9,20021000852906E+018",9,1,62,0,2020,2,18,2,3,5,3,2,1,1,0,0,0,0,688750242,5330054.8306,11.535100934,48.095781628,0,1,#66c2a5,bicycle
6311,159596,"9,20021500857104E+018",9,1,62,0,2020,2,16,7,3,5,7,0,0,1,0,1,0,0,692499.5507,5340958.3763,11.590334527,48.192658752,0,2,#fc8d62,car
6312,159598,"9,20021400854305E+018",9,1,62,0,2020,2,6,6,3,6,4,2,0,1,1,0,0,0,690055041,5339303694,11.556734397,48.178522791,1,2,#fc8d62,car
6313,159599,"9,20021700853105E+018",9,1,84,145,2020,2,15,2,3,5,3,0,0,1,0,0,0,1,693827.1423,5325622841,11.60120683,48.054424028,0,2,#fc8d62,car
6314,159603,"9,20021300131305E+018",9,1,86,143,2020,2,5,5,3,8,6,2,0,1,0,0,0,0,686530.8119,5380559.9041,11.527665318,48.550374286,2,2,#fc8d62,car
6315,159607,"9,20021400710405E+018",9,7,61,0,2020,2,14,6,3,2,6,0,0,1,0,0,0,0,639285.6022,5359530.7422,10.880869561,48.373562889,0,2,#fc8d62,car
6316,159608,"9,20021700712304E+018",9,7,72,147,2020,2,6,2,3,5,3,2,1,1,0,0,0,0,638729.0839,5365284846,10.87526006,48.42542488,0,1,#66c2a5,bicycle
6317,159610,"9,20021300858205E+018",9,1,62,0,2020,2,8,5,3,4,2,0,0,1,0,0,0,0,696998583,5331210859,11.646297869,48.103675109,1,2,#fc8d62,car
6318,159614,"9,20021400120904E+018",9,1,79,123,2020,2,8,6,3,5,3,0,1,1,0,0,0,0,675610.1444,5332414.71,11.359748919,48.120752171,1,1,#66c2a5,bicycle
6319,159615,"9,2002130012171E+018",9,1,79,142,2020,2,15,5,3,0,7,0,0,0,0,0,0,1,673250.8511,5340950.0394,11.331549505,48.198126782,0,6,#ffd92f,circle
6320,159617,"9,20021300121704E+018",9,1,79,142,2020,2,8,5,3,0,1,0,1,0,0,0,0,0,673416.6281,5342262.2448,11.334314765,48.209877458,2,1,#66c2a5,bicycle
6321,159620,"9,20021700710405E+018",9,7,61,0,2020,2,11,2,3,0,6,0,0,1,0,0,0,1,639983.8019,5358618.3248,10.889988792,48.365204208,0,2,#fc8d62,car
6322,159622,"9,20021300854105E+018",9,1,62,0,2020,2,14,5,3,5,2,0,0,1,0,0,0,0,687689.3478,5334304.4886,11.522736746,48.134292085,0,2,#fc8d62,car
6323,159623,"9,20021300120904E+018",9,1,79,123,2020,2,7,5,3,0,1,1,1,0,0,0,0,0,675140.3954,5333960159,11.354077384,48.134774198,2,1,#66c2a5,bicycle
6324,159624,"9,20021500858206E+018",9,1,84,134,2020,2,15,7,3,5,3,0,1,1,0,0,0,0,692136256,5322817234,11.577279633,48.029718519,0,1,#66c2a5,bicycle
6325,159626,"9,20021300120904E+018",9,1,79,123,2020,2,9,5,3,5,3,0,1,0,0,0,0,0,675896.9998,5332876215,11.363790557,48.124821609,1,1,#66c2a5,bicycle
6326,159627,"9,20021500120505E+018",9,1,79,132,2020,2,15,7,3,0,7,0,1,0,0,0,0,0,661406.9953,5336435.8649,11.170567495,48.16066369,0,1,#66c2a5,bicycle
6327,159628,"9,20021300120509E+018",9,1,79,121,2020,2,12,5,3,1,1,0,0,1,0,0,0,0,667294.9148,5338493.3829,11.250494325,48.17763876,0,2,#fc8d62,car
6328,159630,"9,20021300110304E+018",9,1,75,124,2020,2,7,5,3,0,1,0,1,0,0,0,0,0,714656095,5328633.4641,11.881898907,48.074811865,2,1,#66c2a5,bicycle
6329,159631,"9,20021500161905E+018",9,1,73,120,2020,2,14,7,3,7,7,0,1,0,0,0,0,1,683856.1382,5313856.0365,11.462483098,47.951604604,0,1,#66c2a5,bicycle
6330,159636,"9,20021200858206E+018",9,1,62,0,2020,2,17,4,3,3,5,1,1,1,0,0,0,0,690053.9809,5335834.8464,11.555170221,48.147345215,0,1,#66c2a5,bicycle
6331,159637,"9,20021500858204E+018",9,1,62,0,2020,2,19,7,3,6,7,2,0,1,1,0,0,0,693137.6293,5334564.5206,11.596008246,48.134999153,0,2,#fc8d62,car
6332,159639,"9,20021400857107E+018",9,1,62,0,2020,2,14,6,3,0,4,0,0,0,1,0,0,1,685103.5144,5334961.0647,11.488300068,48.140951059,1,3,#8da0cb,toilet
6333,159640,"9,20021700857104E+018",9,1,62,0,2020,2,17,2,3,1,6,2,1,1,0,0,0,0,696653.4259,5333320093,11.642638964,48.122738335,1,1,#66c2a5,bicycle
6334,159641,"9,20021200858205E+018",9,1,62,0,2020,2,20,4,3,1,6,2,0,1,0,0,0,0,696431.9646,5337081.9276,11.641401248,48.156615818,1,2,#fc8d62,car
6335,159643,"9,20021800120106E+018",9,1,74,122,2020,2,7,3,3,3,6,1,0,1,0,0,0,0,686624.2487,5349758.9541,11.515230961,48.273513297,0,2,#fc8d62,car
6336,159645,"9,20021600858205E+018",9,1,62,0,2020,2,11,1,2,3,6,0,1,0,0,0,0,0,684470.7037,5337512.1856,11.480907417,48.16406561,0,1,#66c2a5,bicycle
6337,159646,"9,20021300711306E+018",9,7,61,0,2020,2,16,5,3,3,2,1,1,1,0,0,0,0,638062.6378,5358579.2852,10.864051789,48.365276291,0,1,#66c2a5,bicycle
6338,159647,"9,20021200857104E+018",9,1,62,0,2020,2,15,4,3,3,2,0,1,1,0,0,0,0,691789.9875,5336717.0159,11.57888296,48.154752986,1,1,#66c2a5,bicycle
6339,159648,"9,20021500851405E+018",9,1,62,0,2020,2,12,7,2,6,4,0,1,0,1,0,0,0,690720.7404,5333566.7243,11.563109594,48.126759884,0,1,#66c2a5,bicycle
6340,159651,"9,20021700852205E+018",9,1,62,0,2020,2,13,2,3,1,5,0,1,1,0,0,0,0,693636.5894,5336168.0793,11.603436879,48.149259788,0,1,#66c2a5,bicycle
6341,159653,"9,20021200854504E+018",9,1,62,0,2020,2,16,4,3,2,6,0,0,1,0,0,0,0,683379.9875,5335537533,11.465401756,48.146631795,1,2,#fc8d62,car
6342,159654,"9,20021400121707E+018",9,1,79,142,2020,2,13,6,3,6,7,0,0,1,1,0,0,0,673040.8745,5342053.2792,11.329175961,48.208101531,0,2,#fc8d62,car
6343,159655,"9,20021200854304E+018",9,1,62,0,2020,2,12,4,3,0,1,0,1,0,0,0,0,0,686982.8693,5344250.0935,11.517626393,48.223893375,1,1,#66c2a5,bicycle
6344,159657,"9,20021200851405E+018",9,1,62,0,2020,2,7,4,3,0,1,0,1,0,0,0,0,0,690176184,5334173839,11.556069774,48.132379557,0,1,#66c2a5,bicycle
6345,159660,"9,20021600710605E+018",9,7,61,0,2020,2,16,1,3,7,1,0,1,0,0,0,0,0,641321.1403,5358916163,10.908134552,48.367584269,0,1,#66c2a5,bicycle
6346,159661,"9,20021200740707E+018",9,7,62,0,2020,2,10,4,3,6,7,0,0,0,1,0,0,1,622325.6393,5307444.8188,10.636987458,47.908656829,1,3,#8da0cb,toilet
6347,159666,"9,20021300858206E+018",9,1,62,0,2020,2,5,5,3,6,2,2,0,1,1,0,0,0,691491.1888,5337018.2007,11.57500495,48.157550027,1,2,#fc8d62,car
6348,159669,"9,20021200712105E+018",9,7,71,130,2020,2,7,4,3,0,1,0,1,0,0,0,0,0,646848931,5357385.7518,10.982191711,48.352562156,1,1,#66c2a5,bicycle
6349,159675,"9,20021700710705E+018",9,7,61,0,2020,2,16,2,3,5,3,0,1,1,0,0,0,0,642150207,5361710686,10.920267357,48.392525145,1,1,#66c2a5,bicycle
6350,159677,"9,20021300857104E+018",9,1,62,0,2020,2,1,5,2,9,7,2,0,1,0,0,0,0,690405.7749,5335190.0026,11.559606638,48.141444178,0,2,#fc8d62,car