fid,OBJECTID,UIDENTSTLA,ULAND,UREGBEZ,UKREIS,UGEMEINDE,UJAHR,UMONAT,USTUNDE,UWOCHENTAG,UKATEGORIE,UART,UTYP1,ULICHTVERH,IstRad,IstPKW,IstFuss,IstKrad,IstGkfz,IstSonstig,LINREFX,LINREFY,XGCSWGS84,YGCSWGS84,STRZUSTAND,Teilnehmer,color,symbol
6351,159678,"9,20021200711304E+018",9,7,61,0,2020,2,10,4,3,5,3,0,0,1,0,0,0,0,636966.0766,5360747.6149,10.849961079,48.385012592,0,2,#fc8d62,car
6352,159680,"9,20021200710405E+018",9,7,61,0,2020,2,18,4,3,6,4,2,0,1,1,0,0,0,640439.6839,5359936.2158,10.896580534,48.376952987,0,2,#fc8d62,car
6353,159681,"9,20021500141305E+018",9,1,63,0,2020,2,18,7,3,4,2,2,0,1,0,1,0,0,732877.5383,5304910.9163,12.11332633,47.855299072,0,2,#fc8d62,car
6354,159683,"9,20021700120506E+018",9,1,79,119,2020,2,18,2,3,2,6,2,0,1,0,0,0,0,669531.8379,5339674.9258,11.281032868,48.187667683,1,2,#fc8d62,car
6355,159686,"9,20021500857104E+018",9,1,62,0,2020,2,22,7,3,1,5,2,0,1,0,0,1,0,690608.3146,5342705.6434,11.565696664,48.208933308,0,2,#fc8d62,car
6356,159688,"9,20021300851109E+018",9,1,62,0,2020,2,9,5,3,6,2,0,1,0,1,0,0,0,691730765,5334694997,11.577176892,48.136597255,0,1,#66c2a5,bicycle
6357,159690,"9,20021500858205E+018",9,1,62,0,2020,2,12,7,3,0,5,0,1,1,0,0,0,0,691863.4407,5331989.4544,11.577740582,48.1122402,0,1,#66c2a5,bicycle
6358,159692,"9,20021400858207E+018",9,1,62,0,2020,2,14,6,3,2,3,0,0,1,0,0,0,0,693122.0924,5330885.6767,11.594133397,48.101939292,0,2,#fc8d62,car
6359,159693,"9,20021700858205E+018",9,1,62,0,2020,2,19,2,3,6,4,2,0,0,1,0,0,1,692253.6596,5332728304,11.583310851,48.118763203,1,3,#8da0cb,toilet
6360,159695,"9,20021300711304E+018",9,7,61,0,2020,2,8,5,3,0,1,0,1,0,0,0,0,0,637821.0032,5357923.4665,10.860576301,48.359432061,2,1,#66c2a5,bicycle
6361,159701,"9,20021300711105E+018",9,7,61,0,2020,2,7,5,3,0,3,0,1,1,0,0,0,0,638667.6989,5360657.2233,10.872901874,48.383828041,1,1,#66c2a5,bicycle
6362,159704,"9,20021400854404E+018",9,1,62,0,2020,2,16,6,3,0,7,0,1,0,0,0,0,0,682047.2566,5340647.8295,11.449689292,48.192949481,0,1,#66c2a5,bicycle
6363,159705,"9,20021300710607E+018",9,7,61,0,2020,2,14,5,3,6,1,0,0,1,1,0,0,0,641111.2389,5358453.3128,10.905146791,48.363469452,0,2,#fc8d62,car
6364,159706,"9,20021700854505E+018",9,1,62,0,2020,2,7,2,3,3,5,0,1,1,0,0,0,0,682799.5104,5335869.4981,11.457747704,48.149782788,0,1,#66c2a5,bicycle
6365,159714,"9,20021400710607E+018",9,7,61,0,2020,2,12,6,3,5,2,0,1,1,0,0,0,0,640344.2447,5355689.1841,10.893875926,48.338786188,0,1,#66c2a5,bicycle
6366,159715,"9,20021300710405E+018",9,7,61,0,2020,2,16,5,3,0,5,0,1,1,0,0,0,0,640216.3044,5358474.4496,10.893078181,48.363858923,0,1,#66c2a5,bicycle
6367,159716,"9,20021700730306E+018",9,7,73,182,2020,2,12,2,2,5,3,0,0,1,0,0,0,0,624297986,5379389125,10.684478165,48.555271212,0,2,#fc8d62,car
6368,159718,"9,20021300858206E+018",9,1,62,0,2020,2,7,5,3,5,3,0,1,1,0,0,0,0,692247.4039,5338556.0075,11.585858235,48.171143297,0,1,#66c2a5,bicycle
6369,159721,"9,20021400121504E+018",9,1,81,130,2020,2,12,6,3,2,6,0,0,1,0,0,0,0,639321.3008,5324345.2399,10.869791878,48.05716619,0,2,#fc8d62,car
6370,159727,"9,20021300710405E+018",9,7,61,0,2020,2,16,5,3,6,4,0,1,0,1,0,0,0,640415.6063,5359181.9931,10.896003669,48.370176626,1,1,#66c2a5,bicycle
6371,159728,"9,20021700710606E+018",9,7,61,0,2020,2,20,2,3,6,2,2,0,1,1,0,0,0,640932.4566,5357910.4874,10.902552597,48.358628493,0,2,#fc8d62,car
6372,159730,"9,20021300854305E+018",9,1,62,0,2020,2,18,5,3,6,4,2,0,1,1,0,0,0,690233313,5343917.5781,11.561197712,48.219938492,0,2,#fc8d62,car
6373,159732,"9,20021500858206E+018",9,1,62,0,2020,2,12,7,3,5,2,0,1,1,0,0,0,0,693990.3686,5336363.4622,11.608277363,48.150908022,0,1,#66c2a5,bicycle
6374,159735,"9,20021500127005E+018",9,1,81,130,2020,2,14,7,3,5,3,0,1,1,0,0,0,0,640880.0183,5324050.9499,10.890602333,48.054177625,0,1,#66c2a5,bicycle
6375,159738,"9,20021500161905E+018",9,1,73,120,2020,2,16,7,3,3,6,0,1,0,0,0,0,0,683569.5591,5312592.0619,11.458109351,47.940324962,0,1,#66c2a5,bicycle
6376,159744,"9,20021500858205E+018",9,1,62,0,2020,2,0,7,3,5,3,2,0,1,0,0,0,0,690753.6379,5342588.9874,11.567598316,48.207841171,0,2,#fc8d62,car
6377,159746,"9,20021400858206E+018",9,1,62,0,2020,2,8,6,3,3,2,0,1,1,0,0,0,0,686811538,5339950.4886,11.513429154,48.185298172,0,1,#66c2a5,bicycle
6378,159748,"9,20021700857105E+018",9,1,62,0,2020,2,7,2,3,3,6,1,1,1,0,0,0,0,682848.2549,5336658.7104,11.458741541,48.156862733,0,1,#66c2a5,bicycle
6379,159751,"9,20021600711904E+018",9,7,72,163,2020,2,14,1,3,5,3,0,1,1,0,0,0,0,641064.5422,5348419.7777,10.901160386,48.273261161,0,1,#66c2a5,bicycle
6380,159752,"9,20021600858207E+018",9,1,62,0,2020,2,16,1,3,5,3,0,0,1,0,0,0,0,696981.7618,5331821.8071,11.646354213,48.109171153,0,2,#fc8d62,car
6381,159753,"9,20021300711904E+018",9,7,72,125,2020,2,6,5,3,0,6,2,1,0,0,0,0,1,636173.2884,5347486774,10.83497507,48.265942159,2,1,#66c2a5,bicycle
6382,159755,"9,20021500852904E+018",9,1,62,0,2020,2,15,7,3,6,6,0,1,0,1,0,0,0,686119.3419,5329866.5416,11.49971839,48.094863004,0,1,#66c2a5,bicycle
6383,159757,"9,20021400851407E+018",9,1,62,0,2020,2,12,6,3,3,2,0,0,1,0,0,0,1,690429.5232,5333459.5876,11.559152089,48.12588412,0,2,#fc8d62,car
6384,159758,"9,20021700853105E+018",9,1,84,145,2020,2,10,2,3,6,4,0,0,1,1,0,0,0,694224.0146,5325511.0465,11.606476502,48.053298589,0,2,#fc8d62,car
6385,159769,"9,20021500711104E+018",9,7,61,0,2020,2,15,7,3,1,1,0,0,1,0,0,0,0,639312604,5360152.1904,10.881439931,48.379144829,0,2,#fc8d62,car
6386,159773,"9,20021400111107E+018",9,1,78,120,2020,2,12,6,3,5,1,0,1,0,0,0,1,0,695530.2648,5353772.8268,11.636990868,48.306899998,0,1,#66c2a5,bicycle
6387,159776,"9,20021200141306E+018",9,1,63,0,2020,2,17,4,3,2,6,0,0,1,0,0,0,0,734338.3851,5304903.8875,12.132822407,47.854704981,0,2,#fc8d62,car
6388,159781,"9,20021300852304E+018",9,1,62,0,2020,2,6,5,3,0,1,2,1,0,0,0,0,0,691617.7157,5330007522,11.573552708,48.094500695,2,1,#66c2a5,bicycle
6389,159783,"9,20021500858205E+018",9,1,84,139,2020,2,12,7,3,5,3,0,0,1,0,0,0,0,687559425,5325905599,11.517302052,48.058838406,0,2,#fc8d62,car
6390,159784,"9,20021700711305E+018",9,7,61,0,2020,2,16,2,3,2,6,0,0,1,0,0,0,0,638376.0516,5360359.6055,10.868866947,48.381215966,1,2,#fc8d62,car
6391,159786,"9,20021300858205E+018",9,1,62,0,2020,2,7,5,3,0,1,0,1,0,0,0,0,0,692393.1499,5337132.8009,11.587172751,48.158307782,2,1,#66c2a5,bicycle
6392,159787,"9,2002110085821E+018",9,1,62,0,2020,2,12,3,3,5,3,0,1,1,0,0,0,0,689728.3661,5341684.1064,11.553407606,48.200015436,0,1,#66c2a5,bicycle
6393,159789,"9,20021100858206E+018",9,1,62,0,2020,2,16,3,3,6,2,0,0,1,1,0,0,0,686472.9944,5328446.5144,11.503843484,48.081995787,1,2,#fc8d62,car
6394,159793,"9,20021700121505E+018",9,1,81,130,2020,2,18,2,3,5,3,2,0,1,0,0,0,0,639781.1324,5324125787,10.875888017,48.055092239,1,2,#fc8d62,car
6395,159794,"9,20021300712704E+018",9,7,72,130,2020,2,21,5,3,5,3,2,0,1,0,0,0,0,631245.2252,5356639.0244,10.771448327,48.349283188,1,2,#fc8d62,car
6396,159795,"9,20021100858205E+018",9,1,62,0,2020,2,8,3,3,2,6,0,0,1,0,0,0,0,701302.55,5335214092,11.705937465,48.138306716,1,2,#fc8d62,car
6397,159796,"9,20021500857105E+018",9,1,62,0,2020,2,12,7,2,5,3,0,1,1,0,0,0,0,689669.6019,5336027.3622,11.55009355,48.149190276,0,1,#66c2a5,bicycle
6398,159798,"9,20021400857104E+018",9,1,62,0,2020,2,8,6,3,3,2,0,0,1,0,0,0,1,686507.9305,5334867.6651,11.5071197,48.139701433,0,2,#fc8d62,car
6399,159800,"9,20021500111106E+018",9,1,78,145,2020,2,20,7,3,4,1,2,0,1,0,0,0,0,697031594,5354283228,11.657454097,48.31102117,0,2,#fc8d62,car
6400,159801,"9,20021700858206E+018",9,1,84,149,2020,2,11,2,3,5,3,0,0,1,0,0,0,0,690369.0709,5351154.6802,11.566278427,48.284943163,0,2,#fc8d62,car
6401,159803,"9,20021600855207E+018",9,1,62,0,2020,2,14,1,3,5,2,0,0,1,0,0,0,0,686095.2075,5337812.0529,11.502864703,48.166287482,0,2,#fc8d62,car
6402,159804,"9,20021300711305E+018",9,7,61,0,2020,2,19,5,3,3,2,2,1,1,0,0,0,0,638039.2601,5359387.3753,10.864001579,48.372547622,1,1,#66c2a5,bicycle
6403,159805,"9,20021100858205E+018",9,1,62,0,2020,2,13,3,2,0,6,0,0,0,0,0,0,1,687466142,5335713.2188,11.520359765,48.147019896,0,6,#ffd92f,circle
6404,159809,"9,20021700851206E+018",9,1,62,0,2020,2,17,2,3,1,7,2,1,1,0,0,0,0,691469.7928,5336501.0122,11.574484827,48.152908057,1,1,#66c2a5,bicycle
6405,159811,"9,20021400121504E+018",9,1,81,130,2020,2,19,6,3,5,3,2,0,1,0,0,0,0,641160.3797,5323966.6311,10.894334818,48.053357458,1,2,#fc8d62,car
6406,159812,"9,20021100858205E+018",9,1,62,0,2020,2,13,3,3,5,3,0,1,1,0,0,0,0,690131.7036,5337392.2192,11.556909895,48.161319622,1,1,#66c2a5,bicycle
6407,159814,"9,20021700854704E+018",9,1,62,0,2020,2,6,2,3,2,6,1,0,1,0,0,0,0,692585.0909,5340852.0397,11.59143614,48.191677102,0,2,#fc8d62,car
6408,159816,"9,20021100858205E+018",9,1,62,0,2020,2,13,3,2,0,7,0,0,1,0,1,0,0,690459.2769,5340115.9886,11.562530881,48.185702578,1,2,#fc8d62,car
6409,159818,"9,20021100858205E+018",9,1,62,0,2020,2,10,3,3,8,1,0,0,1,0,0,0,0,690130843,5341816357,11.558877868,48.201083703,1,2,#fc8d62,car
6410,159819,"9,20021600710113E+018",9,7,71,113,2020,2,3,1,2,0,1,2,0,1,0,0,1,0,658243.9084,5368024.6949,11.139905325,48.445457034,0,2,#fc8d62,car
6411,159820,"9,20021100858204E+018",9,1,62,0,2020,2,9,3,3,0,5,0,1,1,0,0,0,0,694282.8177,5333844.1745,11.611056006,48.128176386,1,1,#66c2a5,bicycle
6412,159822,"9,20021400711105E+018",9,7,61,0,2020,2,4,6,2,5,3,2,0,1,0,0,0,0,639200988,5362244.8268,10.8806268,48.397985877,0,2,#fc8d62,car
6413,159825,"9,20021300858206E+018",9,1,62,0,2020,2,6,5,2,0,7,1,1,0,0,0,0,0,693186.1868,5336201.1975,11.597402725,48.149694393,2,1,#66c2a5,bicycle
6414,159826,"9,20021100857104E+018",9,1,62,0,2020,2,20,3,3,6,7,1,0,1,1,0,0,0,692436.6106,5334828.0566,11.586714721,48.137580117,1,2,#fc8d62,car
6415,159827,"9,20021600161705E+018",9,1,90,138,2020,2,11,1,2,1,5,0,1,0,0,0,0,1,662884263,5308369.1995,11.179744867,47.907951265,0,1,#66c2a5,bicycle
6416,159828,"9,20021100854504E+018",9,1,62,0,2020,2,7,3,3,4,7,0,0,1,0,0,0,1,679580.7823,5336906.0764,11.414949446,48.160017434,1,2,#fc8d62,car
6417,159830,"9,20021100852304E+018",9,1,62,0,2020,2,18,3,3,6,4,2,0,1,1,0,0,0,691951.5178,5331806.9965,11.578840573,48.110573751,1,2,#fc8d62,car
6418,159833,"9,20021700710705E+018",9,7,61,0,2020,2,10,2,3,2,6,0,0,1,0,0,0,0,641730.3333,5360010.3634,10.914025159,48.377331105,0,2,#fc8d62,car
6419,159835,"9,20021300854405E+018",9,1,62,0,2020,2,16,5,3,6,7,0,0,1,1,0,0,0,688007.1237,5339595.8795,11.529341861,48.18175821,0,2,#fc8d62,car
6420,159836,"9,20021100852104E+018",9,1,62,0,2020,2,18,3,3,5,2,2,1,1,0,0,0,0,694514.7777,5335084.7584,11.614736469,48.139255421,1,1,#66c2a5,bicycle
6421,159837,"9,20021500858207E+018",9,1,62,0,2020,2,17,7,3,0,1,0,1,0,0,0,0,0,691575.7786,5333617.7983,11.574611467,48.126962194,0,1,#66c2a5,bicycle
6422,159838,"9,20021100851405E+018",9,1,62,0,2020,2,17,3,3,2,2,0,1,1,0,0,0,0,689642.5803,5335660.1042,11.549567017,48.145897404,1,1,#66c2a5,bicycle
6423,159839,"9,20021500140104E+018",9,1,87,117,2020,2,17,7,3,0,3,0,1,0,0,0,0,0,725894652,5307136.6931,12.021271781,47.87778964,0,1,#66c2a5,bicycle
6424,159841,"9,20021700120105E+018",9,1,74,126,2020,2,8,2,2,5,3,0,1,0,0,0,1,0,683301.2326,5344446.3511,11.46818818,48.22673184,0,1,#66c2a5,bicycle
6425,159842,"9,20021300712106E+018",9,7,71,142,2020,2,14,5,3,5,2,0,1,1,0,0,0,0,646167934,5351029611,10.9708014,48.295569902,0,1,#66c2a5,bicycle
6426,159847,"9,20021100851204E+018",9,1,62,0,2020,2,11,3,3,3,6,0,0,1,0,0,0,0,692082.1753,5336604.4386,11.58275688,48.153652984,1,2,#fc8d62,car
6427,159848,"9,20021500858205E+018",9,1,62,0,2020,2,15,7,3,5,3,0,1,1,0,0,0,0,696936.4722,5330680.5334,11.645219743,48.098928048,0,1,#66c2a5,bicycle
6428,159850,"9,20021400858207E+018",9,1,62,0,2020,2,8,6,2,5,3,0,0,1,0,0,0,0,691887.4146,5334211.0324,11.579062321,48.132200239,0,2,#fc8d62,car
6429,159852,"9,20021700857106E+018",9,1,62,0,2020,2,10,2,3,6,7,0,0,0,1,0,0,1,691963.8407,5335729.9323,11.580773034,48.145828813,0,3,#8da0cb,toilet
6430,159856,"9,20021100851106E+018",9,1,62,0,2020,2,16,3,3,4,6,0,1,0,0,0,0,0,691704.9169,5334956708,11.576947606,48.138957264,0,1,#66c2a5,bicycle
6431,159859,"9,20022200710605E+018",9,7,61,0,2020,2,15,7,3,6,4,0,0,1,1,0,0,0,641192.1441,5358829.5849,10.906364769,48.36683466,0,2,#fc8d62,car
6432,159860,"9,20022300710407E+018",9,7,61,0,2020,2,3,1,3,0,1,2,0,0,0,0,0,1,640964.2681,5358158.8084,10.903064993,48.360854208,1,6,#ffd92f,circle
6433,159861,"9,20022200710407E+018",9,7,61,0,2020,2,17,7,3,2,2,1,0,1,0,0,0,0,639124.4707,5359150.4432,10.878569077,48.370178876,0,2,#fc8d62,car
6434,159863,"9,20022200710107E+018",9,7,71,113,2020,2,18,7,3,5,3,2,0,1,0,0,0,0,657277342,5368999248,11.127210092,48.454460769,0,2,#fc8d62,car
6435,159878,"9,20021900141305E+018",9,1,63,0,2020,2,8,4,2,6,4,0,0,1,1,0,0,0,733987.9258,5305220.6591,12.128315762,47.857678529,1,2,#fc8d62,car
6436,159885,"9,20021900121506E+018",9,1,81,128,2020,2,12,4,3,2,5,0,0,1,0,0,0,0,638517.0462,5327668.7028,10.860081217,48.087226968,0,2,#fc8d62,car
6437,159888,"9,20021900120906E+018",9,1,79,123,2020,2,8,4,3,0,7,0,0,0,0,0,0,1,675924.4391,5333651.6558,11.364479102,48.131784709,0,6,#ffd92f,circle
6438,159890,"9,2002190011111E+018",9,1,78,130,2020,2,16,4,3,1,1,0,0,1,0,0,0,0,702560.0959,5356422.7786,11.732960168,48.32850191,0,2,#fc8d62,car
6439,159891,"9,20022200140705E+018",9,1,87,130,2020,2,19,7,3,5,3,2,1,1,0,0,0,0,712605.7021,5308560.7689,11.844470841,47.89512398,0,1,#66c2a5,bicycle
6440,159892,"9,20021800858207E+018",9,1,62,0,2020,2,14,3,3,6,4,0,0,1,1,0,0,0,690793.2601,5333301.8094,11.563964594,48.124357106,0,2,#fc8d62,car
6441,159893,"9,20022200121705E+018",9,1,79,126,2020,2,11,7,2,5,2,0,1,0,0,0,0,0,676355834,5340820107,11.373244429,48.196104048,0,1,#66c2a5,bicycle
6442,159894,"9,20022200120505E+018",9,1,79,125,2020,2,16,7,3,0,1,0,1,0,0,0,0,0,662132904,5332560638,11.1788464,48.125638979,1,1,#66c2a5,bicycle
6443,159895,"9,20022100858207E+018",9,1,62,0,2020,2,19,6,3,0,7,2,1,0,0,0,0,0,691750.8986,5335406.9546,11.577767784,48.142990159,0,1,#66c2a5,bicycle
6444,159896,"9,20022100858207E+018",9,1,62,0,2020,2,19,6,2,0,7,2,1,1,0,0,0,0,690417.6435,5334741.5954,11.559565541,48.137410352,0,1,#66c2a5,bicycle
6445,159897,"9,20021800858206E+018",9,1,62,0,2020,2,6,3,2,5,6,1,1,1,0,0,0,0,687862.6931,5342621.2334,11.528739295,48.20899315,0,1,#66c2a5,bicycle
6446,159898,"9,20022100858206E+018",9,1,62,0,2020,2,11,6,3,2,6,0,0,1,0,0,0,0,690657.2776,5333370157,11.562169668,48.12501215,0,2,#fc8d62,car
6447,159900,"9,20022100857106E+018",9,1,62,0,2020,2,9,6,3,7,6,0,0,1,0,0,0,0,688930162,5342310.01,11.542954815,48.205879059,0,2,#fc8d62,car
6448,159902,"9,20021800858206E+018",9,1,62,0,2020,2,14,3,3,5,2,0,0,1,0,0,0,0,686644.2091,5336490.8773,11.509661443,48.15425142,0,2,#fc8d62,car
6449,159903,"9,20022100855206E+018",9,1,62,0,2020,2,1,6,3,0,1,2,1,0,0,0,0,0,692275.3905,5338429.5003,11.586177066,48.169997817,1,1,#66c2a5,bicycle
6450,159904,"9,20022100855206E+018",9,1,62,0,2020,2,2,6,3,0,1,2,0,0,0,0,0,1,691536748,5336685622,11.575467244,48.154547142,1,6,#ffd92f,circle
6451,159905,"9,20022100854106E+018",9,1,62,0,2020,2,15,6,3,1,7,0,0,1,0,0,0,1,684331.2589,5331861.4857,11.476588276,48.11331448,0,2,#fc8d62,car
6452,159906,"9,20022100854105E+018",9,1,62,0,2020,2,15,6,3,1,5,0,0,1,0,0,0,0,684424.6234,5332577.2485,11.478151023,48.119721142,0,2,#fc8d62,car
6453,159907,"9,20021800857105E+018",9,1,62,0,2020,2,20,3,2,3,6,2,0,1,0,1,0,0,689702.4953,5331914.5979,11.548704321,48.112214681,0,2,#fc8d62,car
6454,159908,"9,20022100852509E+018",9,1,62,0,2020,2,17,6,3,5,5,0,0,1,0,0,0,0,697890.3876,5334437637,11.659761715,48.132398768,0,2,#fc8d62,car
6455,159910,"9,20022100851506E+018",9,1,62,0,2020,2,13,6,3,2,6,0,1,0,0,0,0,0,689667.0921,5332317.8793,11.548408504,48.115849957,0,1,#66c2a5,bicycle
6456,159911,"9,20022400712305E+018",9,7,72,171,2020,2,7,2,3,4,2,0,0,1,0,0,0,0,638205.1484,5369191.0323,10.869470664,48.460663304,1,2,#fc8d62,car
6457,159912,"9,20022100851306E+018",9,1,62,0,2020,2,17,6,3,6,4,0,0,1,1,0,0,0,692215.7987,5336803406,11.584641569,48.155400889,0,2,#fc8d62,car
6458,159913,"9,20021800857105E+018",9,1,62,0,2020,2,12,3,1,6,4,0,0,0,1,0,1,0,691752835,5331966.9126,11.576245987,48.112070905,0,3,#8da0cb,toilet
6459,159915,"9,20021800854505E+018",9,1,62,0,2020,2,18,3,3,0,7,2,0,0,0,1,0,0,683358.5692,5334829.9564,11.46480938,48.140277827,0,4,#e78ac3,marker
6460,159917,"9,20021800854406E+018",9,1,62,0,2020,2,17,3,3,0,7,0,1,0,0,0,0,1,682991.7026,5341177.7036,11.462614288,48.197440871,0,1,#66c2a5,bicycle
6461,159919,"9,20021800854305E+018",9,1,62,0,2020,2,18,3,3,5,3,2,1,1,0,0,0,0,690424.9485,5342511.1935,11.56314375,48.207240656,0,1,#66c2a5,bicycle
6462,159921,"9,20021800854207E+018",9,1,62,0,2020,2,13,3,3,3,7,0,1,0,0,0,0,0,688360733,5336642447,11.532786025,48.155107681,0,1,#66c2a5,bicycle
6463,159923,"9,20022100710405E+018",9,7,61,0,2020,2,15,6,3,0,7,0,1,1,0,0,0,0,640823.7697,5360120.2806,10.901826154,48.378522425,0,1,#66c2a5,bicycle
6464,159927,"9,20021800852905E+018",9,1,62,0,2020,2,12,3,3,0,1,0,1,0,0,0,0,0,688312.2407,5330622.3166,11.529474453,48.101011914,0,1,#66c2a5,bicycle
6465,159929,"9,20021800852207E+018",9,1,62,0,2020,2,14,3,3,3,6,0,1,1,0,0,0,0,694958.6926,5336642738,11.621410689,48.153121961,0,1,#66c2a5,bicycle
6466,159934,"9,20022400210918E+018",9,2,61,0,2020,2,16,2,3,5,3,0,1,1,0,0,0,0,732206.5345,5379901003,12.145370242,48.529214563,0,1,#66c2a5,bicycle
6467,159937,"9,20021800852206E+018",9,1,62,0,2020,2,9,3,3,5,3,0,1,0,0,1,0,0,693283.2596,5334726.8262,11.598037254,48.136413697,0,1,#66c2a5,bicycle
6468,159939,"9,20021800851506E+018",9,1,62,0,2020,2,16,3,3,6,2,0,0,1,1,0,0,0,688388.1387,5333860.1767,11.531923259,48.130092062,0,2,#fc8d62,car
6469,159944,"9,20021800851505E+018",9,1,62,0,2020,2,8,3,3,3,7,0,0,1,0,1,0,0,688115.4643,5332784701,11.527787572,48.120506092,0,2,#fc8d62,car
6470,159946,"9,20022300140705E+018",9,1,82,133,2020,2,17,1,3,7,1,2,0,1,0,0,0,0,705493.3626,5311070.4821,11.750625262,47.919995425,0,2,#fc8d62,car
6471,159948,"9,20021800851205E+018",9,1,62,0,2020,2,19,3,3,5,7,2,1,1,0,0,0,0,691566.6912,5336877.2404,11.575955712,48.156260358,0,1,#66c2a5,bicycle
6472,159950,"9,20022300140105E+018",9,1,87,117,2020,2,14,1,3,6,4,0,1,0,1,0,0,0,725316.6648,5305464.0138,12.012680491,47.862963766,0,1,#66c2a5,bicycle
6473,159951,"9,20022100161905E+018",9,1,73,147,2020,2,18,6,2,4,2,2,1,1,0,0,0,0,681664.2677,5308933.0892,11.431077648,47.907976791,0,1,#66c2a5,bicycle
6474,159953,"9,20022400141307E+018",9,1,63,0,2020,2,5,2,3,5,3,2,1,1,0,0,0,0,733386.1351,5305053.3404,12.120192159,47.856394144,0,1,#66c2a5,bicycle
6475,159957,"9,20022300110707E+018",9,1,78,124,2020,2,18,1,3,9,1,2,0,1,0,0,0,0,700036.8806,5363203.2828,11.702179313,48.390239191,0,2,#fc8d62,car
6476,159958,"9,20022100121906E+018",9,1,88,141,2020,2,14,6,3,5,3,0,1,1,0,0,0,0,670130.2021,5308608.6516,11.276728199,47.908223087,0,1,#66c2a5,bicycle
6477,159961,"9,20022100121705E+018",9,1,79,134,2020,2,13,6,3,2,6,0,0,1,0,0,0,1,669544.4856,5342618.7306,11.282378793,48.214128312,0,2,#fc8d62,car
6478,159962,"9,20022100120105E+018",9,1,74,141,2020,2,14,6,3,2,6,0,0,1,0,0,0,0,682485.5711,5357733.6507,11.462954923,48.346399015,0,2,#fc8d62,car
6479,159963,"9,20022400121705E+018",9,1,79,126,2020,2,8,2,3,2,2,0,1,1,0,0,0,0,676357.7677,5340932.8255,11.373317251,48.197116754,1,1,#66c2a5,bicycle
6480,159964,"9,2002240075011E+018",9,7,78,116,2020,2,15,2,3,5,3,0,0,1,0,0,0,0,620300.3903,5318639.7354,10.613028185,48.009723505,0,2,#fc8d62,car
6481,159965,"9,20022100110713E+018",9,1,78,113,2020,2,5,6,3,9,1,1,0,0,0,0,0,1,694231.1791,5368547.5439,11.626314661,48.440082967,1,6,#ffd92f,circle
6482,159967,"9,2002200085821E+018",9,1,62,0,2020,2,18,5,3,5,3,2,0,1,0,0,0,0,690199.1237,5335438.6839,11.556942593,48.143741132,0,2,#fc8d62,car
6483,159969,"9,20022000858206E+018",9,1,62,0,2020,2,14,5,2,5,3,0,1,1,0,0,0,0,682517.1836,5336392.6307,11.45417977,48.154566138,0,1,#66c2a5,bicycle
6484,159970,"9,20021800740711E+018",9,7,62,0,2020,2,11,3,3,3,6,0,0,1,0,0,0,0,622244042,5305400.8356,10.635316796,47.890289467,0,2,#fc8d62,car
6485,159971,"9,20022000858205E+018",9,1,62,0,2020,2,11,5,3,5,3,0,1,0,0,0,0,0,679802.6438,5335415.2709,11.41730035,48.146553992,0,1,#66c2a5,bicycle
6486,159972,"9,20022000858205E+018",9,1,62,0,2020,2,7,5,3,5,3,0,1,1,0,0,0,0,690690743,5340540767,11.565832587,48.189450991,0,1,#66c2a5,bicycle
6487,159973,"9,20022400120513E+018",9,1,79,149,2020,2,5,2,2,2,6,2,1,1,0,0,0,0,654259.9829,5330273.9059,11.072291339,48.107035343,1,1,#66c2a5,bicycle
6488,159975,"9,20022000858205E+018",9,1,62,0,2020,2,7,5,3,2,6,0,0,1,0,0,0,0,695248.0248,5330842159,11.622639456,48.100900261,0,2,#fc8d62,car
6489,159976,"9,20022000857106E+018",9,1,84,147,2020,2,16,5,2,5,3,0,1,1,0,0,0,0,697131352,5339911.6086,11.652107253,48.181830532,0,1,#66c2a5,bicycle
6490,159978,"9,20022000857106E+018",9,1,62,0,2020,2,11,5,3,6,4,0,0,1,1,0,0,0,691372.7045,5336253.8522,11.57306962,48.150715837,0,2,#fc8d62,car
6491,159979,"9,20022000854705E+018",9,1,62,0,2020,2,13,5,3,6,4,0,0,1,1,0,0,0,692677.9631,5341977.2882,11.593195159,48.20176228,0,2,#fc8d62,car
6492,159980,"9,20021800710605E+018",9,7,61,0,2020,2,5,3,3,3,2,2,0,1,0,1,0,0,641640.4058,5359341.7844,10.912586173,48.371339718,1,2,#fc8d62,car
6493,159981,"9,20022000854105E+018",9,1,62,0,2020,2,13,5,3,6,2,0,0,1,1,0,0,0,686248.4432,5333358482,11.502975265,48.126212327,0,2,#fc8d62,car
6494,159982,"9,20021800710605E+018",9,7,61,0,2020,2,22,3,3,4,2,2,0,1,0,0,0,0,640937.5285,5351182.4238,10.900371223,48.298130563,0,2,#fc8d62,car
6495,159983,"9,20022000852105E+018",9,1,62,0,2020,2,17,5,3,6,4,2,0,1,1,0,0,0,694237.3141,5332741.2196,11.609942553,48.118277304,0,2,#fc8d62,car
6496,159984,"9,20022000851506E+018",9,1,62,0,2020,2,1,5,3,0,7,2,1,1,0,0,0,0,690427.7915,5334741.7716,11.559701886,48.137408899,0,1,#66c2a5,bicycle
6497,159985,"9,20022400110707E+018",9,1,78,124,2020,2,12,2,3,5,3,0,0,1,0,0,0,0,702790.1408,5364725.2373,11.740062427,48.40303677,0,2,#fc8d62,car