fid,OBJECTID,UIDENTSTLA,ULAND,UREGBEZ,UKREIS,UGEMEINDE,UJAHR,UMONAT,USTUNDE,UWOCHENTAG,UKATEGORIE,UART,UTYP1,ULICHTVERH,IstRad,IstPKW,IstFuss,IstKrad,IstGkfz,IstSonstig,LINREFX,LINREFY,XGCSWGS84,YGCSWGS84,STRZUSTAND,Teilnehmer,color,symbol
6498,159989,"9,20021800710407E+018",9,7,61,0,2020,2,18,3,2,2,6,2,0,1,0,1,0,0,641542.9047,5359521.2904,10.911330794,48.372975637,0,2,#fc8d62,car
6499,159991,"9,20022200858207E+018",9,1,62,0,2020,2,8,7,3,2,7,0,0,1,1,0,0,0,692896126,5335567.26,11.593219749,48.144084762,0,2,#fc8d62,car
6500,159993,"9,20022000712505E+018",9,7,72,200,2020,2,19,5,3,5,3,2,0,1,0,0,0,0,630668.9879,5337927.3852,10.757893231,48.18113795,0,2,#fc8d62,car
6501,159994,"9,20022000711905E+018",9,7,72,125,2020,2,15,5,3,8,1,0,0,0,0,1,0,0,637745.8131,5348075.1564,10.856345483,48.270892903,0,4,#e78ac3,marker
6502,159996,"9,20022000710414E+018",9,7,61,0,2020,2,14,5,3,3,6,0,1,1,0,0,0,0,640809.2226,5359167.9926,10.901310863,48.369963042,0,1,#66c2a5,bicycle
6503,159997,"9,20022000710406E+018",9,7,61,0,2020,2,7,5,3,0,7,0,0,0,0,0,0,1,639717.0374,5358961.4131,10.886503079,48.368348266,0,6,#ffd92f,circle
6504,159998,"9,20022000710405E+018",9,7,61,0,2020,2,5,5,3,0,1,2,1,0,0,0,0,0,640621.6417,5359108.5846,10.898759588,48.369470689,0,1,#66c2a5,bicycle
6505,160002,"9,20022200858206E+018",9,1,62,0,2020,2,20,7,3,4,2,2,1,1,0,0,0,0,688223.2973,5339941.5004,11.532400304,48.184800683,0,1,#66c2a5,bicycle
6506,160004,"9,20022300858207E+018",9,1,62,0,2020,2,3,1,3,0,7,2,0,0,0,0,0,1,691013.3474,5334027.8609,11.567244567,48.130816823,1,6,#ffd92f,circle
6507,160006,"9,20022300858206E+018",9,1,62,0,2020,2,11,1,2,3,6,0,1,0,0,0,0,0,690364004,5333754.3481,11.558404158,48.128553025,0,1,#66c2a5,bicycle
6508,160012,"9,20022200858205E+018",9,1,62,0,2020,2,12,7,3,5,3,0,1,1,0,0,0,0,686771.0853,5337182.4275,11.511669318,48.160430023,0,1,#66c2a5,bicycle
6509,160014,"9,20022400712506E+018",9,7,72,209,2020,2,10,2,3,6,4,0,0,1,1,0,0,0,635315.9234,5335765646,10.819688305,48.160726007,0,2,#fc8d62,car
6510,160023,"9,20022300858205E+018",9,1,84,149,2020,2,11,1,3,5,3,0,0,1,0,0,0,0,691366.9033,5350769.7764,11.579541317,48.281182966,0,2,#fc8d62,car
6511,160043,"9,20022000140105E+018",9,1,87,150,2020,2,16,5,2,0,1,0,1,0,0,0,0,0,728358.6589,5304605.2377,12.052841877,47.854174111,0,1,#66c2a5,bicycle
6512,160045,"9,20022000140105E+018",9,1,87,122,2020,2,10,5,3,1,5,0,1,1,0,0,0,0,719431851,5306725717,11.934744071,47.876337603,0,1,#66c2a5,bicycle
6513,160047,"9,2002230085711E+018",9,1,62,0,2020,2,18,1,3,5,3,2,0,1,0,0,0,0,690711.1692,5338142.3295,11.565030865,48.167888,0,2,#fc8d62,car
6514,160051,"9,20022000121505E+018",9,1,81,130,2020,2,7,5,3,6,4,0,0,1,1,0,0,0,638481.3541,5323594.6651,10.858282405,48.050599602,0,2,#fc8d62,car
6515,160052,"9,20022200857105E+018",9,1,62,0,2020,2,14,7,3,5,2,0,0,1,0,0,0,1,688359.0343,5336619.9453,11.532753246,48.154905936,0,2,#fc8d62,car
6516,160053,"9,20022000120505E+018",9,1,79,111,2020,2,11,5,3,4,6,0,0,1,0,0,0,0,656642.0395,5339721.0732,11.10774582,48.191392247,0,2,#fc8d62,car
6517,160055,"9,20022200852407E+018",9,1,62,0,2020,2,16,7,3,1,6,0,0,1,0,0,0,1,696988.8583,5331496.8,11.646299385,48.106247986,0,2,#fc8d62,car
6518,160056,"9,20021900858214E+018",9,1,62,0,2020,2,18,4,3,0,7,2,0,0,0,0,0,1,688992.8293,5341745.6608,11.543546134,48.20078804,0,6,#ffd92f,circle
6519,160057,"9,20021900858206E+018",9,1,62,0,2020,2,16,4,2,6,4,0,0,1,1,0,0,0,688383.8451,5329659.2819,11.530010314,48.092334749,1,2,#fc8d62,car
6520,160058,"9,20021900858206E+018",9,1,62,0,2020,2,12,4,3,4,2,0,0,1,0,0,0,0,693315.5175,5335241.1401,11.598703825,48.1410264,0,2,#fc8d62,car
6521,160059,"9,20021900858205E+018",9,1,62,0,2020,2,14,4,3,2,6,0,0,1,0,0,0,0,680172.5014,5338505.7469,11.423577105,48.174229267,0,2,#fc8d62,car
6522,160061,"9,20021900858205E+018",9,1,62,0,2020,2,8,4,3,5,3,0,0,1,0,0,0,1,682136185,5338542.0895,11.449982099,48.173996202,0,2,#fc8d62,car
6523,160063,"9,20021900857105E+018",9,1,62,0,2020,2,7,4,3,5,3,0,1,1,0,0,0,0,692930.8934,5338911.2137,11.595203062,48.174128681,0,1,#66c2a5,bicycle
6524,160064,"9,20022400710406E+018",9,7,61,0,2020,2,18,2,3,0,1,2,1,0,0,0,0,0,640784.8026,5358296.2085,10.900689514,48.362129709,0,1,#66c2a5,bicycle
6525,160065,"9,20021900855107E+018",9,1,62,0,2020,2,13,4,3,0,1,0,1,1,0,0,0,0,691002.7409,5336166.7111,11.568061421,48.150043825,1,1,#66c2a5,bicycle
6526,160066,"9,20021900854505E+018",9,1,62,0,2020,2,14,4,3,0,7,0,1,0,0,0,0,0,683156.1707,5335955.9383,11.462575624,48.150457167,1,1,#66c2a5,bicycle
6527,160068,"9,20021900854305E+018",9,1,62,0,2020,2,15,4,3,4,3,0,1,1,0,0,0,0,690107.0227,5342184.1302,11.558722343,48.204396339,0,1,#66c2a5,bicycle
6528,160069,"9,20021900851507E+018",9,1,62,0,2020,2,16,4,3,1,6,1,0,1,0,0,0,0,689655.0407,5332493.7327,11.548324956,48.117434134,0,2,#fc8d62,car
6529,160071,"9,20021900851105E+018",9,1,62,0,2020,2,8,4,3,5,3,0,1,1,0,0,0,0,691284.8237,5335238.3839,11.571433023,48.14161536,0,1,#66c2a5,bicycle
6530,160073,"9,20021900851105E+018",9,1,62,0,2020,2,8,4,3,5,3,0,1,1,0,0,0,0,690877.5401,5334994.4859,11.565854314,48.139545535,0,1,#66c2a5,bicycle
6531,160076,"9,20021900740705E+018",9,7,62,0,2020,2,13,4,3,0,1,0,0,0,0,1,0,0,621926498,5305219.77,10.631019497,47.888721424,1,4,#e78ac3,marker
6532,160079,"9,20021900710605E+018",9,7,61,0,2020,2,17,4,3,3,1,0,0,1,0,0,0,1,641019.0005,5358705.7474,10.903986821,48.365759865,0,2,#fc8d62,car
6533,160081,"9,20021900710405E+018",9,7,61,0,2020,2,3,4,3,0,7,2,1,0,0,0,0,0,640337.1815,5359167.1806,10.894940373,48.37006088,0,1,#66c2a5,bicycle
6534,160090,"9,20021800141307E+018",9,1,63,0,2020,2,13,3,3,0,7,0,1,0,0,0,0,0,733912.0903,5305327.4072,12.127361166,47.858665158,0,1,#66c2a5,bicycle
6535,160100,"9,20021800120905E+018",9,1,88,121,2020,2,19,3,3,5,3,2,1,1,0,0,0,0,670509.6672,5331273435,11.290812919,48.111878726,0,1,#66c2a5,bicycle
6536,160102,"9,2002220074071E+018",9,7,62,0,2020,2,12,7,3,3,6,0,0,1,0,0,0,0,620907747,5304648.6933,10.617237298,47.883778021,0,2,#fc8d62,car
6537,160104,"9,20022300857105E+018",9,1,62,0,2020,2,10,1,2,5,3,0,1,1,0,0,0,0,694128.2991,5334744.4949,11.609391802,48.136315282,1,1,#66c2a5,bicycle
6538,160106,"9,20022300852106E+018",9,1,62,0,2020,2,14,1,3,1,6,0,0,1,0,0,0,0,692071.8831,5333350.9099,11.581151401,48.124413951,0,2,#fc8d62,car
6539,160108,"9,20021800120905E+018",9,1,79,123,2020,2,13,3,3,6,4,0,0,1,1,0,0,0,675597.5491,5331943.7982,11.359385875,48.116522448,0,2,#fc8d62,car
6540,160113,"9,20022700858206E+018",9,1,62,0,2020,2,17,5,3,2,6,0,0,1,0,0,0,0,691681.7916,5340385.1788,11.57908341,48.187754314,1,2,#fc8d62,car
6541,160115,"9,20022600858206E+018",9,1,62,0,2020,2,15,4,3,5,3,0,0,1,0,0,0,0,694648.9555,5336153.6901,11.617026834,48.148821485,1,2,#fc8d62,car
6542,160123,"9,20022700710606E+018",9,7,61,0,2020,2,17,5,3,5,3,0,0,1,0,0,0,0,641046.3176,5351865.6188,10.902065564,48.304249439,1,2,#fc8d62,car
6543,160128,"9,20022600141307E+018",9,1,63,0,2020,2,9,4,3,3,2,0,1,1,0,0,0,0,733857.1755,5304622.0423,12.126246777,47.852348142,0,1,#66c2a5,bicycle
6544,160131,"9,20022600140106E+018",9,1,87,117,2020,2,8,4,3,5,3,0,1,0,0,0,1,0,724469.6738,5306095.8366,12.001699631,47.868937166,0,1,#66c2a5,bicycle
6545,160132,"9,20030200140107E+018",9,1,87,122,2020,3,7,2,3,5,3,0,0,1,0,0,0,0,721044.9839,5307956.8877,11.956918995,47.886846969,0,2,#fc8d62,car
6546,160134,"9,2002290085821E+018",9,1,62,0,2020,2,23,7,3,5,3,2,0,1,0,0,0,0,696280.6706,5331126.8451,11.636626059,48.103141611,1,2,#fc8d62,car
6547,160135,"9,20022900110906E+018",9,1,78,143,2020,2,11,7,3,5,3,0,0,1,0,0,0,0,717357553,5373983.8584,11.941437477,48.481369171,0,2,#fc8d62,car
6548,160136,"9,20022600121706E+018",9,1,79,142,2020,2,20,4,3,6,2,2,0,1,1,0,0,0,672390.5109,5342675.9494,11.320682398,48.213875967,1,2,#fc8d62,car
6549,160138,"9,20022800141307E+018",9,1,87,142,2020,2,6,6,3,4,1,1,0,1,0,0,0,0,733533.0092,5308898.1177,12.124230381,47.89088229,2,2,#fc8d62,car
6550,160139,"9,20022600120105E+018",9,1,74,126,2020,2,23,4,3,8,1,2,0,1,0,0,0,0,684255.8895,5344114.3481,11.48088604,48.223471101,1,2,#fc8d62,car
6551,160140,"9,20030100858208E+018",9,1,62,0,2020,3,17,1,3,3,2,1,1,1,0,0,0,0,692662.1029,5334798432,11.589729158,48.137245629,0,1,#66c2a5,bicycle
6552,160141,"9,20022500857106E+018",9,1,62,0,2020,2,20,3,2,6,4,2,0,1,1,0,0,0,696994.4936,5330902.5638,11.64610069,48.100905595,0,2,#fc8d62,car
6553,160144,"9,20022500857106E+018",9,1,62,0,2020,2,17,3,3,5,3,2,0,1,0,0,0,0,690453.1313,5334745.6369,11.560043876,48.137436057,1,2,#fc8d62,car
6554,160145,"9,20030200121708E+018",9,1,79,142,2020,3,9,2,3,9,1,0,0,1,0,0,0,0,673708.8778,5342283.0711,11.338253789,48.209984759,1,2,#fc8d62,car
6555,160148,"9,20022800857106E+018",9,1,62,0,2020,2,16,6,3,0,6,0,0,1,0,0,0,1,683346.2121,5340344.9738,11.467020968,48.189853595,0,2,#fc8d62,car
6556,160149,"9,20022500854207E+018",9,1,62,0,2020,2,2,3,3,0,7,2,1,0,0,0,0,0,689430.4561,5337211.2558,11.547408556,48.159902426,0,1,#66c2a5,bicycle
6557,160151,"9,20022800110507E+018",9,1,77,117,2020,2,14,6,3,5,2,0,1,1,0,0,0,0,715038.0405,5352397.3366,11.899045105,48.288211582,0,1,#66c2a5,bicycle
6558,160152,"9,20030100854308E+018",9,1,62,0,2020,3,11,1,3,4,1,0,0,1,0,0,0,0,692113.6906,5342054.6301,11.585643829,48.20262839,0,2,#fc8d62,car
6559,160153,"9,2002260085822E+018",9,1,62,0,2020,2,10,4,2,0,7,0,0,0,1,0,0,1,692293.8162,5338205.1913,11.586323199,48.167976211,0,3,#8da0cb,toilet
6560,160154,"9,20022500854207E+018",9,1,62,0,2020,2,11,3,3,3,2,0,1,1,0,0,0,0,688656.8661,5336286.9337,11.536606323,48.151824507,0,1,#66c2a5,bicycle
6561,160157,"9,20022900711905E+018",9,7,72,163,2020,2,10,7,3,5,3,0,0,1,0,0,0,0,641189.7405,5344513.1855,10.901543267,48.238105883,0,2,#fc8d62,car
6562,160159,"9,20030200710708E+018",9,7,61,0,2020,3,9,2,3,1,5,0,0,1,0,0,0,0,640358.9257,5362273.6156,10.896271465,48.39798803,0,2,#fc8d62,car
6563,160160,"9,20022500854106E+018",9,1,62,0,2020,2,6,3,3,5,2,0,1,1,0,0,0,0,686222.6171,5333275.6496,11.502592342,48.125475352,0,1,#66c2a5,bicycle
6564,160162,"9,20022700857106E+018",9,1,62,0,2020,2,19,5,2,6,4,2,0,1,1,0,0,0,692758.7592,5334076.8834,11.590700549,48.130731247,1,2,#fc8d62,car
6565,160164,"9,20022500852705E+018",9,1,84,118,2020,2,18,3,3,1,5,2,1,1,0,0,0,0,703473.2551,5336551.8583,11.735721328,48.149638456,1,1,#66c2a5,bicycle
6566,160166,"9,20022500852606E+018",9,1,84,130,2020,2,14,3,3,5,3,0,1,1,0,0,0,0,699503.7814,5345164.2696,11.686457812,48.228295585,0,1,#66c2a5,bicycle
6567,160169,"9,2002250085141E+018",9,1,62,0,2020,2,22,3,3,6,4,2,0,1,1,0,0,0,689685971,5334813.0489,11.54977245,48.138271098,0,2,#fc8d62,car
6568,160171,"9,20022500851106E+018",9,1,62,0,2020,2,11,3,3,3,6,0,0,1,0,1,0,0,691076.8935,5335182.4484,11.568615645,48.141175094,0,2,#fc8d62,car
6569,160172,"9,20022800711306E+018",9,7,61,0,2020,2,16,6,3,0,1,0,0,0,0,1,0,0,636579.3475,5360908.4021,10.844792729,48.386542229,0,4,#e78ac3,marker
6570,160185,"9,20022900854306E+018",9,1,62,0,2020,2,13,7,3,2,6,0,0,1,0,0,0,0,690458.9414,5338660.0301,11.561873868,48.17261667,0,2,#fc8d62,car
6571,160188,"9,20022900120513E+018",9,1,79,121,2020,2,13,7,3,5,3,0,0,1,0,0,0,0,667676502,5340350254,11.256356362,48.19423129,0,2,#fc8d62,car
6572,160192,"9,20022500710606E+018",9,7,61,0,2020,2,16,3,2,0,1,0,1,0,0,0,0,0,640424.9785,5352300.4358,10.893836022,48.308297456,1,1,#66c2a5,bicycle
6573,160193,"9,20030200120955E+018",9,1,79,145,2020,3,21,2,2,3,6,2,1,1,0,0,0,0,675429.1565,5338434.3056,11.359799781,48.174914152,0,1,#66c2a5,bicycle
6574,160196,"9,20022800854506E+018",9,1,62,0,2020,2,18,6,3,2,6,2,0,1,0,0,0,0,682882.8403,5337533.4671,11.459582233,48.164715657,0,2,#fc8d62,car
6575,160197,"9,20022500710407E+018",9,7,61,0,2020,2,15,3,3,6,4,0,1,0,1,0,0,0,639653.8783,5360045.8685,10.886010978,48.378113365,1,1,#66c2a5,bicycle
6576,160199,"9,20022700858207E+018",9,1,62,0,2020,2,14,5,2,6,4,0,0,0,1,0,0,1,694656319,5334962.4611,11.616581167,48.138112982,0,3,#8da0cb,toilet
6577,160200,"9,20022800858206E+018",9,1,62,0,2020,2,8,6,3,5,3,0,1,1,0,0,0,0,689671.7712,5336036.1707,11.550126611,48.1492688,1,1,#66c2a5,bicycle
6578,160201,"9,20022500710405E+018",9,7,61,0,2020,2,8,3,3,2,6,0,0,1,0,0,0,0,639808.7487,5361010.3444,10.888422182,48.386751339,0,2,#fc8d62,car
6579,160203,"9,20022800131306E+018",9,1,86,143,2020,2,10,6,3,2,6,0,0,1,0,0,0,0,685110.3286,5378481.3568,11.50751226,48.532113733,0,2,#fc8d62,car
6580,160204,"9,20030100857107E+018",9,1,62,0,2020,3,18,1,3,4,2,2,0,1,0,0,0,0,692923.1943,5337847.7747,11.594617112,48.164573165,0,2,#fc8d62,car
6581,160205,"9,20022700121706E+018",9,1,79,126,2020,2,14,5,3,8,1,0,0,1,0,0,0,0,676699.1767,5340643.4871,11.37778721,48.194420946,0,2,#fc8d62,car
6582,160206,"9,20022600857106E+018",9,1,62,0,2020,2,22,4,1,6,4,2,0,1,1,0,0,0,686860.4392,5334370.8008,11.511635581,48.135132037,1,2,#fc8d62,car
6583,160207,"9,20022900710407E+018",9,7,61,0,2020,2,15,7,3,8,7,0,0,1,0,0,0,0,641535.0737,5359508.2634,10.911220724,48.37286026,0,2,#fc8d62,car
6584,160212,"9,20022700852906E+018",9,1,62,0,2020,2,22,5,3,0,7,2,0,1,1,0,0,0,685561.3519,5330211.3573,11.492381424,48.098125099,1,2,#fc8d62,car
6585,160213,"9,20022600852906E+018",9,1,84,132,2020,2,14,4,3,1,5,0,0,1,0,0,0,1,683925.67,5329388687,11.470078487,48.091204613,1,2,#fc8d62,car
6586,160215,"9,20022600852206E+018",9,1,62,0,2020,2,9,4,3,3,2,0,1,1,0,0,0,0,696024.1933,5334986666,11.634959252,48.137910631,0,1,#66c2a5,bicycle
6587,160216,"9,20030100852308E+018",9,1,62,0,2020,3,16,1,2,2,6,0,1,1,0,0,0,0,689930.2866,5330637.5299,11.551193126,48.100668393,0,1,#66c2a5,bicycle
6588,160217,"9,20022600858206E+018",9,1,62,0,2020,2,12,4,3,5,3,0,0,1,0,0,0,0,691213.3331,5335362.9753,11.570528927,48.142756664,0,2,#fc8d62,car
6589,160225,"9,20022700712106E+018",9,7,71,130,2020,2,11,5,3,5,3,0,0,1,0,0,1,0,646128716,5357386.2249,10.972476296,48.352733472,0,2,#fc8d62,car
6590,160226,"9,20022600851407E+018",9,1,62,0,2020,2,7,4,3,5,3,0,1,1,0,0,0,0,690412.5588,5334741.5072,11.559497224,48.13741108,0,1,#66c2a5,bicycle
6591,160237,"9,20030200210909E+018",9,2,61,0,2020,3,14,2,3,5,2,0,1,1,0,0,0,0,731691.1982,5381907.9151,12.139516314,48.547432702,0,1,#66c2a5,bicycle
6592,160239,"9,20022600851307E+018",9,1,62,0,2020,2,8,4,2,5,3,0,1,1,0,0,0,0,690821.6303,5337751.9265,11.566339829,48.164345952,0,1,#66c2a5,bicycle
6593,160240,"9,20030100120107E+018",9,1,74,126,2020,3,16,1,2,4,6,0,1,0,0,0,0,0,683023.3852,5344700.8221,11.464560391,48.229099375,0,1,#66c2a5,bicycle
6594,160241,"9,2002290011111E+018",9,1,78,145,2020,2,22,7,3,5,3,2,0,1,0,0,0,0,696819903,5354606151,11.654752756,48.313989194,1,2,#fc8d62,car
6595,160246,"9,20030200110308E+018",9,1,75,113,2020,3,20,2,2,9,7,2,0,1,0,0,0,0,716596.4254,5315625738,11.901344211,47.957273824,0,2,#fc8d62,car
6596,160252,"9,20022900851107E+018",9,1,62,0,2020,2,11,7,2,1,5,0,1,1,0,0,0,0,691101.4499,5334090.0968,11.568455355,48.13134975,0,1,#66c2a5,bicycle
6597,160253,"9,20022800857106E+018",9,1,62,0,2020,2,9,6,3,5,3,0,0,1,0,0,1,0,692720.4447,5330084.6247,11.588382269,48.094861179,1,2,#fc8d62,car
6598,160256,"9,20022800120106E+018",9,1,74,115,2020,2,15,6,3,5,7,0,0,1,0,0,0,0,683582.9087,5348291.8367,11.473644437,48.261215206,0,2,#fc8d62,car
6599,160258,"9,20030100857107E+018",9,1,62,0,2020,3,0,1,2,1,5,2,0,1,0,0,0,0,685314.9842,5334285.5313,11.490846105,48.1348175,1,2,#fc8d62,car
6600,160259,"9,20022700111307E+018",9,1,75,133,2020,2,20,5,3,9,1,2,0,1,0,0,0,0,706003873,5339895467,11.771324137,48.178870974,2,2,#fc8d62,car
6601,160262,"9,20022800712107E+018",9,7,71,130,2020,2,17,6,3,6,6,0,0,1,1,0,0,0,646654.1283,5357375.7831,10.979560391,48.352517792,0,2,#fc8d62,car
6602,160264,"9,20022800852307E+018",9,1,62,0,2020,2,10,6,3,5,3,0,0,1,0,0,0,0,691437.0837,5332909003,11.572431154,48.120633327,0,2,#fc8d62,car
6603,160265,"9,20030200717013E+018",9,7,61,0,2020,3,11,2,3,5,3,0,0,1,0,1,0,0,641788.8493,5360352.5801,10.914930384,48.380395021,0,2,#fc8d62,car
6604,160268,"9,20022700857106E+018",9,1,62,0,2020,2,16,5,3,0,6,0,0,1,1,0,0,1,682228.3845,5335979.1608,11.450123135,48.150932394,1,2,#fc8d62,car
6605,160269,"9,2003010074071E+018",9,7,62,0,2020,3,15,1,3,6,4,0,0,1,1,0,0,0,621843.4409,5302781.2524,10.629221013,47.866805814,0,2,#fc8d62,car
6606,160270,"9,20022600858206E+018",9,1,62,0,2020,2,8,4,3,4,7,0,0,1,0,0,0,0,679294.6723,5334317.3997,11.41001511,48.136828609,0,2,#fc8d62,car
6607,160279,"9,20022600710407E+018",9,7,61,0,2020,2,8,4,3,2,2,0,1,1,0,0,0,0,640784.7742,5359253.7713,10.90100965,48.370739788,0,1,#66c2a5,bicycle
6608,160280,"9,20030100210911E+018",9,2,61,0,2020,3,3,1,3,6,2,2,0,1,1,0,0,0,732555.6275,5380406.7975,12.150373586,48.533628767,1,2,#fc8d62,car
6609,160292,"9,20022900858207E+018",9,1,62,0,2020,2,21,7,3,3,7,2,1,1,0,0,0,0,691474.5631,5336513.0518,11.574554317,48.153014831,0,1,#66c2a5,bicycle
6610,160293,"9,20022800858207E+018",9,1,62,0,2020,2,12,6,3,5,2,0,1,0,0,0,0,1,691855819,5335839.9117,11.579371872,48.146849875,0,1,#66c2a5,bicycle
6611,160295,"9,20022900121507E+018",9,1,81,128,2020,2,12,7,2,0,1,0,0,0,0,1,0,0,637688.4112,5328193.7526,10.849129195,48.092127944,0,4,#e78ac3,marker
6612,160300,"9,20030200121708E+018",9,1,79,142,2020,3,9,2,3,4,2,0,0,1,0,0,1,0,673251.1507,5340949983,11.331553511,48.198126193,0,2,#fc8d62,car
6613,160304,"9,20022800855207E+018",9,1,62,0,2020,2,16,6,3,2,1,0,0,1,0,0,0,0,686691.1644,5338373.53,11.511118496,48.171159454,0,2,#fc8d62,car
6614,160307,"9,20022700858207E+018",9,1,62,0,2020,2,8,5,3,5,3,0,0,1,0,0,0,0,687513657,5329353631,11.518201129,48.089844063,1,2,#fc8d62,car
6615,160308,"9,20030100852408E+018",9,1,62,0,2020,3,19,1,3,0,2,2,0,1,1,0,0,0,696470.4283,5331794.4158,11.63947965,48.109082892,1,2,#fc8d62,car
6616,160309,"9,20022600858207E+018",9,1,62,0,2020,2,11,4,2,0,2,0,0,0,1,0,0,1,689957.4929,5334734.3468,11.553383411,48.137482726,0,3,#8da0cb,toilet
6617,160312,"9,20030100858208E+018",9,1,62,0,2020,3,1,1,3,3,2,2,1,1,0,0,0,0,690319.2364,5335761.4741,11.558699947,48.146606444,1,1,#66c2a5,bicycle
6618,160314,"9,20022900710606E+018",9,7,61,0,2020,2,6,7,2,0,1,2,0,1,1,0,0,0,639699.5938,5357550.7747,10.88579926,48.355668037,1,2,#fc8d62,car
6619,160317,"9,20022500120513E+018",9,1,79,136,2020,2,12,3,3,4,6,0,0,1,0,0,0,1,660876.8153,5341704.9898,11.165438418,48.208169973,0,2,#fc8d62,car
6620,160319,"9,20022700854207E+018",9,1,62,0,2020,2,21,5,3,5,3,2,1,1,0,0,0,0,690234968,5337389.1921,11.558295815,48.161261527,1,1,#66c2a5,bicycle
6621,160322,"9,20022500110906E+018",9,1,78,143,2020,2,22,3,2,0,1,2,1,0,0,0,0,0,716937.2775,5372453.7776,11.934964094,48.467767106,0,1,#66c2a5,bicycle
6622,160323,"9,20022400858206E+018",9,1,62,0,2020,2,16,2,3,4,6,0,1,1,0,0,0,0,697793.0346,5333806.5312,11.658161766,48.126757098,0,1,#66c2a5,bicycle
6623,160325,"9,20022400858205E+018",9,1,62,0,2020,2,4,2,3,8,1,2,0,1,0,0,0,0,684749.1296,5333732.6696,11.483008053,48.130012612,1,2,#fc8d62,car
6624,160326,"9,20022800710706E+018",9,7,61,0,2020,2,7,6,3,0,1,0,1,0,0,0,0,0,641033.0413,5362418.9351,10.905422461,48.399144256,2,1,#66c2a5,bicycle
6625,160328,"9,20022400857107E+018",9,1,62,0,2020,2,14,2,3,2,5,0,0,1,0,0,0,0,690026.6146,5333598.0545,11.553804785,48.12724906,1,2,#fc8d62,car
6626,160330,"9,20022700712306E+018",9,7,72,177,2020,2,22,5,3,5,3,2,0,1,0,0,0,0,636335.8333,5378963.3227,10.84739038,48.548940867,2,2,#fc8d62,car
6627,160333,"9,20022400857105E+018",9,1,62,0,2020,2,11,2,3,0,7,0,0,1,0,0,0,1,692226.4812,5338784.2214,11.585680293,48.173200753,0,2,#fc8d62,car
6628,160336,"9,20022400857105E+018",9,1,62,0,2020,2,1,2,3,1,5,2,0,1,0,0,0,0,691233.6782,5331169.1108,11.56892065,48.10505638,1,2,#fc8d62,car
6629,160341,"9,20022400857105E+018",9,1,62,0,2020,2,23,2,3,3,6,2,1,0,0,0,0,0,690049.7126,5333981.6448,11.554285957,48.130689887,0,1,#66c2a5,bicycle
6630,160345,"9,20022900120507E+018",9,1,79,121,2020,2,12,7,3,0,1,0,1,0,0,0,0,0,664858782,5336167387,11.216846686,48.157364369,0,1,#66c2a5,bicycle
6631,160346,"9,20022400854305E+018",9,1,62,0,2020,2,5,2,3,5,3,2,1,1,0,0,0,0,690768.8315,5339999.3478,11.566639069,48.184561347,1,1,#66c2a5,bicycle
6632,160348,"9,20022400851407E+018",9,1,62,0,2020,2,10,2,3,0,4,0,0,0,1,1,0,0,689531.5536,5334746.4109,11.547669237,48.137718163,1,3,#8da0cb,toilet
6633,160349,"9,2003020011051E+018",9,1,77,117,2020,3,15,2,3,5,3,0,1,1,0,0,0,0,715080.95,5353953822,11.900415495,48.302182317,0,1,#66c2a5,bicycle
6634,160352,"9,20022800854506E+018",9,1,62,0,2020,2,19,6,3,4,6,2,0,1,0,0,0,0,677248.8417,5337212.4936,11.383746222,48.163426209,0,2,#fc8d62,car
6635,160353,"9,20022900852306E+018",9,1,62,0,2020,2,11,7,3,5,3,0,0,1,0,0,0,0,692388.0374,5331950.9494,11.584763896,48.11173588,0,2,#fc8d62,car
6636,160354,"9,20022800857106E+018",9,1,62,0,2020,2,11,6,3,4,2,0,0,1,0,0,0,0,690633.7732,5340904.5144,11.565230103,48.192737402,1,2,#fc8d62,car
6637,160355,"9,20022400851306E+018",9,1,62,0,2020,2,10,2,3,3,2,0,1,1,0,0,0,0,692437.2423,5338146.7365,11.588223765,48.167407433,1,1,#66c2a5,bicycle
6638,160359,"9,20030100857107E+018",9,1,62,0,2020,3,5,1,3,1,5,2,0,1,0,0,0,0,687313.6185,5334798.2546,11.517908753,48.138840886,1,2,#fc8d62,car
6639,160360,"9,20022700112006E+018",9,1,77,133,2020,2,8,5,3,1,7,0,0,1,0,0,0,0,706322.2845,5359290.0502,11.785062519,48.353050588,1,2,#fc8d62,car
6640,160363,"9,20022800712306E+018",9,7,72,184,2020,2,11,6,3,6,6,0,0,1,1,0,0,0,636069.9664,5361481.0054,10.838101627,48.391801136,0,2,#fc8d62,car
6641,160365,"9,20022400851105E+018",9,1,62,0,2020,2,14,2,3,0,1,0,1,0,0,0,0,0,690961.5253,5335132.8838,11.567044159,48.140764246,0,1,#66c2a5,bicycle
6642,160366,"9,20022700851506E+018",9,1,62,0,2020,2,18,5,3,5,3,2,0,1,0,0,0,0,687318.5826,5331952.2207,11.516724576,48.113258433,1,2,#fc8d62,car
6643,160367,"9,20030400210909E+018",9,2,74,113,2020,3,17,4,3,0,1,0,1,0,0,0,0,0,728764.9403,5381958.4176,12.099952838,48.548960201,0,1,#66c2a5,bicycle
6644,160368,"9,20030900215011E+018",9,2,61,0,2020,3,12,2,3,5,3,0,0,1,0,0,0,0,732873126,5381720.09,12.155401715,48.545307953,1,2,#fc8d62,car