fid,OBJECTID,UIDENTSTLA,ULAND,UREGBEZ,UKREIS,UGEMEINDE,UJAHR,UMONAT,USTUNDE,UWOCHENTAG,UKATEGORIE,UART,UTYP1,ULICHTVERH,IstRad,IstPKW,IstFuss,IstKrad,IstGkfz,IstSonstig,LINREFX,LINREFY,XGCSWGS84,YGCSWGS84,STRZUSTAND,Teilnehmer,color,symbol
6645,160370,"9,20030900712307E+018",9,7,72,147,2020,3,8,2,3,5,3,0,0,1,0,0,0,1,638647.8593,5365571.2656,10.874257452,48.428018162,1,2,#fc8d62,car
6646,160375,"9,20030400160907E+018",9,1,73,126,2020,3,13,4,3,5,3,0,0,1,0,0,0,0,685429.4091,5303716.5095,11.479175489,47.86000798,0,2,#fc8d62,car
6647,160383,"9,20030800141308E+018",9,1,63,0,2020,3,17,1,3,5,3,0,1,0,0,0,0,0,730945.5262,5304310.7275,12.087215922,47.850603882,0,1,#66c2a5,bicycle
6648,160384,"9,20030400141311E+018",9,1,63,0,2020,3,15,4,3,0,7,0,1,0,0,0,0,0,733745.4395,5305223.9966,12.125080619,47.857796751,0,1,#66c2a5,bicycle
6649,160391,"9,20030400131308E+018",9,1,86,143,2020,3,7,4,3,5,2,0,1,1,0,0,0,0,685685.3725,5377908.6132,11.515038934,48.526796238,0,1,#66c2a5,bicycle
6650,160394,"9,20030900852709E+018",9,1,84,112,2020,3,8,2,3,5,7,0,0,1,0,0,0,0,699764.4224,5336466.6562,11.685873025,48.1500483,1,2,#fc8d62,car
6651,160395,"9,20030400120107E+018",9,1,74,115,2020,3,13,4,3,6,7,0,0,1,1,0,0,0,683668.1795,5348582.8094,11.474918614,48.263805864,0,2,#fc8d62,car
6652,160396,"9,20030800121309E+018",9,1,88,144,2020,3,11,1,3,5,3,0,0,1,0,0,0,0,668398.2857,5327408.4959,11.260944807,48.07769462,0,2,#fc8d62,car
6653,160397,"9,20030400111308E+018",9,1,75,133,2020,3,7,4,3,6,2,0,0,1,1,0,0,0,706213.7993,5340925.0607,11.77464448,48.188055165,0,2,#fc8d62,car
6654,160398,"9,20030700858209E+018",9,1,62,0,2020,3,16,7,3,5,3,0,0,1,0,0,0,0,693308.7564,5335228657,11.598607367,48.14091626,0,2,#fc8d62,car
6655,160399,"9,20030900858208E+018",9,1,62,0,2020,3,10,2,3,6,2,0,0,1,1,0,0,0,694459.0202,5333037.7179,11.613053608,48.120874457,1,2,#fc8d62,car
6656,160400,"9,2003030085821E+018",9,1,62,0,2020,3,8,3,3,5,3,0,1,1,0,0,0,0,696860148,5329268095,11.643544516,48.086257409,1,1,#66c2a5,bicycle
6657,160401,"9,20030700858209E+018",9,1,62,0,2020,3,16,7,3,5,3,0,0,1,0,0,0,0,684406427,5331343.1581,11.477373138,48.108633685,1,2,#fc8d62,car
6658,160402,"9,20030700858208E+018",9,1,62,0,2020,3,10,7,2,5,3,0,1,1,0,0,0,0,683739.1041,5339965.7354,11.472138391,48.186331278,1,1,#66c2a5,bicycle
6659,160403,"9,20030700858208E+018",9,1,62,0,2020,3,18,7,3,0,1,2,1,0,0,0,0,0,681941.1408,5341080.9473,11.448448305,48.196873036,1,1,#66c2a5,bicycle
6660,160404,"9,20030700858208E+018",9,1,62,0,2020,3,14,7,3,5,3,0,0,1,0,0,0,0,691470451,5339991.4793,11.576065358,48.184279561,0,2,#fc8d62,car
6661,160405,"9,20030300858208E+018",9,1,62,0,2020,3,9,3,3,2,6,0,0,1,0,0,0,0,692231.9605,5334656.9806,11.583889532,48.136104372,1,2,#fc8d62,car
6662,160407,"9,20030700858208E+018",9,1,62,0,2020,3,1,7,3,0,7,2,0,0,0,0,0,1,692172148,5332825468,11.582260527,48.119661103,0,6,#ffd92f,circle
6663,160409,"9,20030700858208E+018",9,1,62,0,2020,3,10,7,3,3,6,0,0,1,0,1,0,0,697732.5971,5333845.9106,11.657368716,48.127129788,0,2,#fc8d62,car
6664,160410,"9,20030700853108E+018",9,1,84,134,2020,3,12,7,3,1,5,0,0,1,0,0,0,0,693003.2015,5321639.3456,11.58836597,48.018870348,0,2,#fc8d62,car
6665,160411,"9,20030300858208E+018",9,1,62,0,2020,3,16,3,3,5,3,0,0,1,0,0,0,0,685614.0522,5338981.3449,11.496910346,48.176938176,1,2,#fc8d62,car
6666,160412,"9,20030700852209E+018",9,1,62,0,2020,3,12,7,3,5,3,0,0,1,0,0,0,0,694396.8902,5334973.6502,11.613102782,48.13829285,1,2,#fc8d62,car
6667,160413,"9,20030700851508E+018",9,1,62,0,2020,3,15,7,3,6,4,0,1,0,1,0,0,0,689822477,5333428647,11.55098871,48.12578732,0,1,#66c2a5,bicycle
6668,160414,"9,2003070085111E+018",9,1,62,0,2020,3,3,7,3,0,1,2,1,0,0,0,0,0,691248.2776,5334043.9256,11.570405977,48.130890666,1,1,#66c2a5,bicycle
6669,160415,"9,20030700851108E+018",9,1,62,0,2020,3,18,7,2,5,3,1,1,1,0,0,0,0,692093893,5334945.2496,11.582165654,48.138736974,0,1,#66c2a5,bicycle
6670,160416,"9,20030300858207E+018",9,1,62,0,2020,3,19,3,3,6,4,2,0,1,1,0,0,0,693900.1713,5331291.7044,11.604758342,48.105352243,1,2,#fc8d62,car
6671,160417,"9,2003090012051E+018",9,1,79,121,2020,3,13,2,3,5,2,0,0,1,0,0,0,1,667865.8874,5337961921,11.257959121,48.17271038,1,2,#fc8d62,car
6672,160418,"9,20030700711308E+018",9,7,61,0,2020,3,19,7,3,5,2,2,1,1,0,0,0,0,639147.3033,5359224416,10.878901686,48.370838988,1,1,#66c2a5,bicycle
6673,160419,"9,20030900711308E+018",9,7,61,0,2020,3,19,2,3,2,6,2,0,1,0,0,0,0,637484.1143,5359472.7542,10.856537233,48.373436526,0,2,#fc8d62,car
6674,160421,"9,20030300857108E+018",9,1,62,0,2020,3,16,3,3,1,7,0,1,0,0,0,0,1,690006.0405,5337801.8627,11.5554047,48.165039051,0,1,#66c2a5,bicycle
6675,160423,"9,20030300857107E+018",9,1,62,0,2020,3,17,3,3,5,3,2,1,1,1,0,0,0,690330.5254,5334950.9984,11.558489298,48.139318526,0,1,#66c2a5,bicycle
6676,160425,"9,20030300857107E+018",9,1,62,0,2020,3,7,3,3,4,3,1,1,1,0,0,0,0,694954.0947,5337099343,11.621558119,48.157227115,1,1,#66c2a5,bicycle
6677,160427,"9,20030300857107E+018",9,1,62,0,2020,3,8,3,3,0,3,0,0,1,0,1,0,0,687507.7189,5336038.9611,11.521061662,48.14993549,1,2,#fc8d62,car
6678,160429,"9,20030300854308E+018",9,1,62,0,2020,3,19,3,3,5,2,2,1,1,0,0,0,0,690707.1717,5338153286,11.564982068,48.167987675,0,1,#66c2a5,bicycle
6679,160435,"9,20030300852108E+018",9,1,62,0,2020,3,7,3,3,2,6,0,0,1,0,0,0,0,694500.3441,5334807.5801,11.614416086,48.136768667,1,2,#fc8d62,car
6680,160437,"9,20030300852108E+018",9,1,62,0,2020,3,6,3,3,6,2,1,0,1,1,0,0,0,693675.5417,5332456.1621,11.602272703,48.115886397,1,2,#fc8d62,car
6681,160443,"9,20030700141309E+018",9,1,63,0,2020,3,10,7,3,5,2,0,1,1,0,0,0,0,732137.5049,5304311.3854,12.103126217,47.850180466,0,1,#66c2a5,bicycle
6682,160444,"9,20030300852108E+018",9,1,62,0,2020,3,17,3,2,0,1,0,1,0,0,0,0,0,693088.3665,5332697.1045,11.594500773,48.118230232,1,1,#66c2a5,bicycle
6683,160446,"9,20030900858208E+018",9,1,62,0,2020,3,18,2,3,3,7,2,1,1,0,0,0,0,692465.6341,5333505.8788,11.5865072,48.12568787,0,1,#66c2a5,bicycle
6684,160448,"9,20030700131508E+018",9,1,85,158,2020,3,10,7,3,8,6,0,0,1,0,1,0,0,668955.4092,5379670.3637,11.289349853,48.547359035,1,2,#fc8d62,car
6685,160450,"9,20030700120108E+018",9,1,74,115,2020,3,18,7,3,5,2,1,0,1,0,0,0,0,682285125,5347773108,11.455951029,48.256927311,1,2,#fc8d62,car
6686,160451,"9,20030700120108E+018",9,1,74,115,2020,3,16,7,3,2,6,0,0,1,0,0,0,0,681381.2482,5347830.0442,11.443808918,48.257698448,1,2,#fc8d62,car
6687,160453,"9,20030900111309E+018",9,1,75,139,2020,3,12,2,3,5,3,0,0,1,0,0,0,1,710444.0825,5329466335,11.825832032,48.08369985,1,2,#fc8d62,car
6688,160454,"9,2003070011131E+018",9,1,75,132,2020,3,7,7,3,8,1,0,0,1,0,0,0,0,707980.7291,5332660.0389,11.794351286,48.113207823,1,2,#fc8d62,car
6689,160455,"9,20030600858209E+018",9,1,62,0,2020,3,13,6,3,5,2,0,0,1,0,0,0,1,688285.1056,5335728.1179,11.531365662,48.146911942,0,2,#fc8d62,car
6690,160457,"9,20030800858208E+018",9,1,62,0,2020,3,17,1,2,3,5,0,0,1,0,1,0,0,693009.3541,5335365.1007,11.594648692,48.14223347,0,2,#fc8d62,car
6691,160458,"9,20030600857109E+018",9,1,62,0,2020,3,9,6,3,1,7,0,0,1,0,0,0,0,690976.6201,5334467.1901,11.566948388,48.134776508,0,2,#fc8d62,car
6692,160459,"9,20030900851408E+018",9,1,62,0,2020,3,17,2,3,1,5,0,1,1,0,0,0,0,690251223,5334620.5655,11.557276796,48.136372311,0,1,#66c2a5,bicycle
6693,160460,"9,20030600857108E+018",9,1,62,0,2020,3,15,6,3,3,6,0,0,1,0,1,0,0,691147682,5335571598,11.569740937,48.144651471,0,2,#fc8d62,car
6694,160461,"9,20030600854508E+018",9,1,62,0,2020,3,14,6,3,1,6,0,0,1,0,0,0,0,686389.8465,5333347.2544,11.504868778,48.126070023,0,2,#fc8d62,car
6695,160463,"9,20030600852108E+018",9,1,62,0,2020,3,12,6,3,5,2,0,1,1,0,0,0,0,692720907,5334130679,11.590216682,48.131226212,0,1,#66c2a5,bicycle
6696,160464,"9,20030600851108E+018",9,1,62,0,2020,3,16,6,3,6,4,0,1,0,1,0,0,0,691824.1028,5334822.8907,11.578487784,48.137718617,0,1,#66c2a5,bicycle
6697,160466,"9,20030800858208E+018",9,1,62,0,2020,3,10,1,2,3,7,0,1,1,0,0,0,0,690492.5952,5330335.6418,11.558603674,48.097787146,0,1,#66c2a5,bicycle
6698,160468,"9,20030900710709E+018",9,7,61,0,2020,3,16,2,3,5,3,0,1,1,0,0,0,0,643136.5038,5360092.6516,10.933031901,48.377753574,0,1,#66c2a5,bicycle
6699,160471,"9,20030900712307E+018",9,7,72,147,2020,3,16,2,3,5,3,0,0,1,0,0,0,0,638809.0076,5364660.7528,10.876133218,48.419795618,0,2,#fc8d62,car
6700,160474,"9,20030600712113E+018",9,7,71,111,2020,3,9,6,3,0,7,0,0,0,0,0,0,1,660007.0508,5358040.6503,11.15992538,48.355253323,0,6,#ffd92f,circle
6701,160476,"9,20030600711907E+018",9,7,72,186,2020,3,6,6,3,8,7,0,0,1,0,0,0,0,638200.7054,5344314.5235,10.861244422,48.23697807,0,2,#fc8d62,car
6702,160477,"9,20030300711907E+018",9,7,72,125,2020,3,13,3,3,1,5,0,1,0,0,0,0,1,633661.5656,5348430.6605,10.801444799,48.274964878,1,1,#66c2a5,bicycle
6703,160478,"9,2003060071071E+018",9,7,61,0,2020,3,16,6,3,4,2,0,0,1,0,0,0,0,641859.1102,5361176.8736,10.916157025,48.3877909,0,2,#fc8d62,car
6704,160479,"9,20030300711307E+018",9,7,72,202,2020,3,7,3,3,4,2,0,1,1,0,0,0,0,636657921,5358404857,10.845039624,48.364013522,1,1,#66c2a5,bicycle
6705,160480,"9,20030600710608E+018",9,7,61,0,2020,3,18,6,3,4,2,2,0,1,0,0,0,0,641141.1898,5351851.5942,10.903339529,48.304102173,1,2,#fc8d62,car
6706,160481,"9,20030600710408E+018",9,7,61,0,2020,3,12,6,3,0,1,0,1,0,0,0,0,0,640793.8701,5358556.4926,10.900898975,48.364468072,1,1,#66c2a5,bicycle
6707,160497,"9,20030800854708E+018",9,1,62,0,2020,3,14,1,3,5,3,0,0,1,0,0,0,0,691433.0356,5342330714,11.576617107,48.205315355,0,2,#fc8d62,car
6708,160499,"9,20030900854508E+018",9,1,62,0,2020,3,11,2,3,5,3,0,0,1,0,0,0,0,679966.3275,5336019554,11.419754397,48.151939559,1,2,#fc8d62,car
6709,160510,"9,20030800854308E+018",9,1,62,0,2020,3,17,1,3,5,3,0,1,1,0,0,0,0,688675.7685,5342962.5847,11.539824425,48.211820064,0,1,#66c2a5,bicycle
6710,160511,"9,20030600141308E+018",9,1,63,0,2020,3,12,6,3,6,4,0,0,0,1,0,0,1,733814.2581,5305005.0565,12.125880934,47.855804758,0,3,#8da0cb,toilet
6711,160514,"9,20030600141308E+018",9,1,63,0,2020,3,13,6,3,2,6,0,0,1,0,0,0,0,734005.9069,5303170.3986,12.127447142,47.839252437,0,2,#fc8d62,car
6712,160515,"9,20030600140108E+018",9,1,87,179,2020,3,18,6,3,9,1,2,0,1,0,0,0,0,727879.4879,5313372.8203,12.051073677,47.93311742,0,2,#fc8d62,car
6713,160517,"9,20030600110709E+018",9,1,78,124,2020,3,16,6,3,2,2,0,0,1,0,0,0,1,702698661,5364973381,11.738947652,48.40529607,0,2,#fc8d62,car
6714,160518,"9,20030500858209E+018",9,1,62,0,2020,3,16,5,3,3,2,0,1,1,0,0,0,0,692640.0378,5332368.3505,11.588334511,48.115411238,1,1,#66c2a5,bicycle
6715,160519,"9,20030500858208E+018",9,1,62,0,2020,3,23,5,3,6,4,2,1,0,1,0,0,0,690797.2105,5334703.2394,11.564645147,48.136951919,0,1,#66c2a5,bicycle
6716,160521,"9,20030800854109E+018",9,1,62,0,2020,3,14,1,3,6,2,0,0,1,1,0,0,0,684184816,5333227872,11.47521292,48.125638742,0,2,#fc8d62,car
6717,160522,"9,20030500858208E+018",9,1,62,0,2020,3,8,5,3,0,7,0,0,0,1,0,0,1,688815.0821,5330552.8523,11.536191208,48.100238743,0,3,#8da0cb,toilet
6718,160523,"9,20030900711909E+018",9,7,72,163,2020,3,8,2,2,0,1,0,1,0,0,0,0,0,640096.3631,5349754.1832,10.888561759,48.285474872,1,1,#66c2a5,bicycle
6719,160524,"9,20030500858208E+018",9,1,62,0,2020,3,6,5,3,6,3,2,0,0,1,0,0,1,686626.9585,5330299.8182,11.506718716,48.098609025,0,3,#8da0cb,toilet
6720,160525,"9,20030500857108E+018",9,1,62,0,2020,3,18,5,3,6,7,2,1,0,1,0,0,0,691881.0205,5333602.3857,11.578702407,48.126731735,1,1,#66c2a5,bicycle
6721,160527,"9,20030500857108E+018",9,1,62,0,2020,3,18,5,3,5,3,2,0,1,0,0,0,0,688292.4681,5332715.7016,11.530133171,48.119833592,1,2,#fc8d62,car
6722,160529,"9,20030500857108E+018",9,1,62,0,2020,3,18,5,3,6,2,1,0,1,1,0,0,0,690452.7798,5337096845,11.561091055,48.158568725,1,2,#fc8d62,car
6723,160530,"9,20030300210909E+018",9,2,74,126,2020,3,16,3,3,5,3,0,1,1,0,0,0,0,733367.3453,5382476.7377,12.162511619,48.551921004,0,1,#66c2a5,bicycle
6724,160531,"9,20030500854707E+018",9,1,62,0,2020,3,20,5,3,5,2,2,0,1,0,0,0,0,694368.2846,5341716.3793,11.615800723,48.198902176,1,2,#fc8d62,car
6725,160532,"9,20030500854108E+018",9,1,62,0,2020,3,7,5,3,2,6,0,1,0,0,0,0,0,686240577,5333204.06,11.50280218,48.124826622,1,1,#66c2a5,bicycle
6726,160534,"9,20030500852708E+018",9,1,84,123,2020,3,18,5,3,5,3,1,1,1,0,0,0,0,702975.5781,5332068.2096,11.72690229,48.109503916,1,1,#66c2a5,bicycle
6727,160536,"9,20030500852107E+018",9,1,62,0,2020,3,19,5,3,1,7,2,1,1,0,0,0,0,693706.6312,5333423.6733,11.603129559,48.124572644,1,1,#66c2a5,bicycle
6728,160537,"9,20030500851409E+018",9,1,62,0,2020,3,16,5,3,6,4,0,0,1,1,0,0,0,690317.1174,5334621.7826,11.558162149,48.136363548,1,2,#fc8d62,car
6729,160540,"9,20030500711307E+018",9,7,72,202,2020,3,15,5,3,2,1,0,1,1,0,0,0,0,637259.1958,5358664.2803,10.853237777,48.366215777,1,1,#66c2a5,bicycle
6730,160542,"9,2003050071041E+018",9,7,61,0,2020,3,14,5,3,6,4,0,0,0,1,0,1,0,640571144,5359228.5299,10.898118222,48.370560445,0,3,#8da0cb,toilet
6731,160543,"9,2003030013151E+018",9,1,85,158,2020,3,16,3,3,3,6,0,1,1,0,0,0,0,667035214,5381449827,11.264066445,48.563869403,0,1,#66c2a5,bicycle
6732,160544,"9,20030500710409E+018",9,7,61,0,2020,3,19,5,3,6,2,2,0,1,1,0,0,0,640723.0233,5357844.0105,10.899704686,48.358077468,1,2,#fc8d62,car
6733,160548,"9,20030300121709E+018",9,1,79,126,2020,3,20,3,3,5,3,2,0,1,0,0,0,0,676896.5687,5339623.6049,11.380016289,48.185198155,0,2,#fc8d62,car
6734,160550,"9,20030200858208E+018",9,1,62,0,2020,3,11,2,3,3,6,0,1,0,0,0,0,1,691651.2255,5332774.3715,11.575245148,48.119358854,0,1,#66c2a5,bicycle
6735,160552,"9,20030900858208E+018",9,1,62,0,2020,3,19,2,3,1,5,2,1,1,0,0,0,0,690020.4169,5334736.6752,11.554229394,48.137484867,0,1,#66c2a5,bicycle
6736,160553,"9,20030200858208E+018",9,1,84,123,2020,3,7,2,2,5,3,0,1,1,0,0,0,0,703145.0137,5332126.4016,11.729203629,48.109972864,0,1,#66c2a5,bicycle
6737,160559,"9,20030200858208E+018",9,1,62,0,2020,3,11,2,3,3,2,0,1,1,0,0,0,0,693494.3924,5332853.6912,11.600021726,48.119514345,0,1,#66c2a5,bicycle
6738,160560,"9,20030800854109E+018",9,1,62,0,2020,3,0,1,3,6,4,2,0,1,1,0,0,0,687633.95,5334927651,11.522267399,48.139909556,0,2,#fc8d62,car
6739,160561,"9,20030500210914E+018",9,2,61,0,2020,3,13,5,3,5,2,0,1,1,0,0,0,0,731221822,5381307471,12.132832741,48.542212152,0,1,#66c2a5,bicycle
6740,160562,"9,2003090071231E+018",9,7,72,177,2020,3,19,2,3,0,1,2,1,0,0,0,0,0,636696033,5379222929,10.852353763,48.551196745,0,1,#66c2a5,bicycle
6741,160563,"9,20030500210908E+018",9,2,61,0,2020,3,13,5,3,2,6,0,1,1,0,0,0,0,732432528,5381988.4886,12.149590825,48.547882272,0,1,#66c2a5,bicycle
6742,160565,"9,2003080071251E+018",9,7,72,200,2020,3,9,1,2,0,1,0,0,0,0,0,0,1,630783.5384,5337737.9949,10.759375232,48.179411257,0,6,#ffd92f,circle
6743,160566,"9,20030500141309E+018",9,1,63,0,2020,3,12,5,3,5,3,0,0,1,0,1,0,0,734195192,5304463164,12.130672481,47.850797723,0,2,#fc8d62,car
6744,160567,"9,20030900852708E+018",9,1,62,0,2020,3,8,2,3,5,2,0,1,1,0,0,0,0,697935.9637,5330960.4561,11.658759619,48.101134129,0,1,#66c2a5,bicycle
6745,160570,"9,20030500121508E+018",9,1,81,130,2020,3,7,5,3,5,3,0,1,1,0,0,0,0,639533.09,5324333825,10.872628946,48.057017264,1,1,#66c2a5,bicycle
6746,160571,"9,20030500120108E+018",9,1,74,115,2020,3,10,5,3,1,7,0,0,1,0,1,0,0,681226.5015,5347533.9863,11.441599146,48.255081575,0,2,#fc8d62,car
6747,160572,"9,20030200857113E+018",9,1,84,146,2020,3,7,2,2,0,1,0,1,0,0,0,0,0,698293.0639,5328200.8823,11.662269733,48.076221927,0,1,#66c2a5,bicycle
6748,160573,"9,20030800712308E+018",9,7,72,147,2020,3,12,1,3,6,3,0,0,1,1,0,0,0,639018.8721,5365119.3267,10.879120177,48.423872695,0,2,#fc8d62,car
6749,160574,"9,20030500111109E+018",9,1,78,145,2020,3,15,5,3,5,3,0,1,1,0,0,0,0,697942098,5353813.0724,11.669500123,48.306511643,1,1,#66c2a5,bicycle
6750,160575,"9,20030900711308E+018",9,7,61,0,2020,3,11,2,2,5,3,0,1,1,0,0,0,0,638017.2462,5359404.5153,10.863710106,48.372706557,1,1,#66c2a5,bicycle
6751,160576,"9,20030400858208E+018",9,1,62,0,2020,3,16,4,3,5,3,0,0,1,0,0,0,0,691387.9172,5338918.2531,11.574472771,48.174658476,0,2,#fc8d62,car
6752,160577,"9,20030400858208E+018",9,1,62,0,2020,3,13,4,3,2,6,0,0,1,0,0,0,0,697939509,5334534.0211,11.660465975,48.133249723,0,2,#fc8d62,car
6753,160578,"9,20030200857108E+018",9,1,62,0,2020,3,14,2,3,6,4,0,0,1,1,0,0,0,692354.7717,5331262.4076,11.584006985,48.105557414,0,2,#fc8d62,car
6754,160579,"9,20030200854607E+018",9,1,84,138,2020,3,8,2,3,5,3,0,1,1,0,0,0,0,681346692,5330718913,11.436041231,48.103900879,1,1,#66c2a5,bicycle
6755,160580,"9,20030400858208E+018",9,1,62,0,2020,3,6,4,3,3,2,2,1,1,0,0,0,0,690690.8648,5340539702,11.565833746,48.189441383,1,1,#66c2a5,bicycle
6756,160581,"9,2003020085441E+018",9,1,62,0,2020,3,20,2,2,6,2,2,0,1,1,0,0,0,685076.9079,5339237782,11.489803357,48.179399803,1,2,#fc8d62,car
6757,160582,"9,20030400858207E+018",9,1,84,134,2020,3,19,4,3,2,6,2,0,1,0,0,0,0,692696.4258,5323147.4539,11.584934262,48.032517783,0,2,#fc8d62,car
6758,160583,"9,20030200854207E+018",9,1,62,0,2020,3,15,2,3,2,6,0,0,1,0,0,0,0,689857.6093,5336684.4768,11.552911826,48.15504034,0,2,#fc8d62,car
6759,160584,"9,20030400857108E+018",9,1,62,0,2020,3,15,4,3,2,6,0,1,1,0,0,0,0,690549.9268,5334970.4016,11.561444194,48.139427258,0,1,#66c2a5,bicycle
6760,160585,"9,20030400857108E+018",9,1,62,0,2020,3,7,4,3,6,4,0,0,1,1,0,0,0,685910.5293,5333527.5595,11.49851231,48.12783084,1,2,#fc8d62,car
6761,160587,"9,20030400857108E+018",9,1,62,0,2020,3,19,4,3,3,2,2,1,1,0,0,0,0,691664.1857,5331515.5875,11.574853429,48.108041115,0,1,#66c2a5,bicycle
6762,160589,"9,20030200852909E+018",9,1,62,0,2020,3,12,2,3,5,3,0,0,1,0,0,0,0,687262801,5329005161,11.514682849,48.086785633,0,2,#fc8d62,car
6763,160591,"9,20030200852109E+018",9,1,62,0,2020,3,14,2,3,0,7,0,1,1,0,0,0,1,692760.2001,5334075.3873,11.590719218,48.130717364,0,1,#66c2a5,bicycle
6764,160593,"9,20030400711108E+018",9,7,61,0,2020,3,16,4,3,0,2,0,0,1,0,0,0,1,639026.0223,5360884374,10.877813993,48.385791654,0,2,#fc8d62,car
6765,160594,"9,20030400710719E+018",9,7,61,0,2020,3,20,4,3,5,3,2,1,0,0,1,0,0,641352.5497,5360468.7579,10.909080419,48.381537547,0,1,#66c2a5,bicycle
6766,160595,"9,20030200851408E+018",9,1,62,0,2020,3,19,2,3,6,4,2,1,0,1,0,0,0,689269.9716,5334812.0612,11.544185842,48.13838609,0,1,#66c2a5,bicycle
6767,160596,"9,20030400710607E+018",9,7,61,0,2020,3,18,4,3,6,2,2,0,0,1,1,0,0,640926096,5357812.9853,10.902434126,48.357753207,1,3,#8da0cb,toilet
6768,160597,"9,20030400710408E+018",9,7,61,0,2020,3,17,4,3,5,3,0,0,1,0,0,0,0,640180.4623,5358602.0965,10.892637085,48.365014645,0,2,#fc8d62,car
6769,160600,"9,20030200851308E+018",9,1,62,0,2020,3,19,2,3,1,5,2,1,1,0,0,0,0,691903716,5338210.7473,11.581084446,48.168144033,0,1,#66c2a5,bicycle
6770,160602,"9,20030900854808E+018",9,1,84,119,2020,3,6,2,3,6,2,2,0,1,1,0,0,0,696803.4284,5347359.0867,11.651156034,48.248864301,1,2,#fc8d62,car
6771,160603,"9,20030200851208E+018",9,1,62,0,2020,3,17,2,3,1,6,0,0,1,0,0,0,1,691801.6328,5335599.8533,11.578535995,48.144708609,0,2,#fc8d62,car
6772,160611,"9,20030800711311E+018",9,7,61,0,2020,3,16,1,3,5,3,0,1,1,0,0,0,0,638491.6023,5360071.1949,10.870331641,48.378597283,0,1,#66c2a5,bicycle
6773,160623,"9,2003110011051E+018",9,1,77,117,2020,3,23,4,3,0,1,2,1,0,0,0,0,0,714840.0985,5350867.5685,11.895602475,48.274533455,0,1,#66c2a5,bicycle
6774,160624,"9,20031300125008E+018",9,1,81,130,2020,3,17,6,3,0,7,0,1,0,0,0,0,0,639269.8184,5323943.4183,10.868970514,48.053564126,0,1,#66c2a5,bicycle
6775,160629,"9,20031300121709E+018",9,1,79,126,2020,3,17,6,2,5,3,0,1,1,0,0,0,0,677529199,5341577384,11.389337062,48.202584303,0,1,#66c2a5,bicycle
6776,160632,"9,20031200858209E+018",9,1,62,0,2020,3,12,5,3,0,7,0,0,1,0,0,0,1,685130.1045,5334473.5478,11.488445253,48.136561291,0,2,#fc8d62,car
6777,160633,"9,20031000852708E+018",9,1,62,0,2020,3,16,3,3,5,3,0,0,1,0,0,0,0,700796.8285,5331422.5355,11.697361543,48.104391743,1,2,#fc8d62,car
6778,160634,"9,20031200858209E+018",9,1,84,134,2020,3,17,5,3,3,6,0,1,1,0,0,0,0,692364.4799,5322407838,11.580153982,48.025970174,0,1,#66c2a5,bicycle
6779,160635,"9,20031600120309E+018",9,1,81,114,2020,3,10,2,3,6,7,0,0,1,0,0,0,1,656798076,5313551.6696,11.100242903,47.956064853,0,2,#fc8d62,car
6780,160636,"9,20031500121909E+018",9,1,88,113,2020,3,12,1,2,0,7,0,1,0,0,0,0,0,676027.7269,5317621.5454,11.359269113,47.98765451,0,1,#66c2a5,bicycle
6781,160638,"9,20031500161708E+018",9,1,90,157,2020,3,12,1,3,0,7,0,1,0,0,0,0,0,660153.9203,5303040.1742,11.141257116,47.860725166,0,1,#66c2a5,bicycle
6782,160641,"9,20031200858209E+018",9,1,62,0,2020,3,16,5,3,5,3,0,0,1,0,0,0,1,687043.6742,5328224.9682,11.51140161,48.079837279,0,2,#fc8d62,car
6783,160642,"9,20031000710408E+018",9,7,61,0,2020,3,14,3,3,0,4,0,0,0,1,0,0,1,640334594,5358653.5615,10.894734071,48.365443155,1,3,#8da0cb,toilet
6784,160643,"9,20031200858209E+018",9,1,62,0,2020,3,19,5,2,5,2,2,0,1,0,0,0,0,694642.3478,5332072.8841,11.615074035,48.112146882,1,2,#fc8d62,car
6785,160644,"9,20031500858208E+018",9,1,62,0,2020,3,14,1,3,5,2,0,0,1,0,0,0,1,691987.0335,5332322.0082,11.579549041,48.115191911,0,2,#fc8d62,car
6786,160645,"9,20031400858209E+018",9,1,62,0,2020,3,1,7,3,1,5,2,0,1,0,0,0,0,695226.2219,5333710.8403,11.623660018,48.126689413,0,2,#fc8d62,car
6787,160646,"9,20031400121508E+018",9,1,81,128,2020,3,0,7,3,8,7,2,0,1,0,0,0,0,638224744,5330311.2206,10.857014029,48.111052742,0,2,#fc8d62,car
6788,160648,"9,20031200858209E+018",9,1,62,0,2020,3,18,5,3,5,2,0,1,1,0,0,0,0,691470.3888,5340004.5,11.57607039,48.184396607,0,1,#66c2a5,bicycle
6789,160652,"9,20031200858208E+018",9,1,62,0,2020,3,10,5,3,4,2,0,1,1,0,0,0,0,691565.9,5332857182,11.574137025,48.120128823,0,1,#66c2a5,bicycle
6790,160654,"9,20031100215013E+018",9,2,61,0,2020,3,15,4,3,0,1,0,1,0,0,0,0,0,732664.2147,5380776.2161,12.152048464,48.536906911,0,1,#66c2a5,bicycle
6791,160655,"9,20031200857109E+018",9,1,62,0,2020,3,9,5,3,5,3,0,1,1,0,0,0,0,685028.0914,5337533.8351,11.4884057,48.16409823,0,1,#66c2a5,bicycle