fid,OBJECTID,UIDENTSTLA,ULAND,UREGBEZ,UKREIS,UGEMEINDE,UJAHR,UMONAT,USTUNDE,UWOCHENTAG,UKATEGORIE,UART,UTYP1,ULICHTVERH,IstRad,IstPKW,IstFuss,IstKrad,IstGkfz,IstSonstig,LINREFX,LINREFY,XGCSWGS84,YGCSWGS84,STRZUSTAND,Teilnehmer,color,symbol
6792,160657,"9,20031200857109E+018",9,1,62,0,2020,3,14,5,3,2,2,0,0,1,0,0,0,0,689425.8752,5337211.9625,11.547347331,48.159910142,0,2,#fc8d62,car
6793,160658,"9,20031500851509E+018",9,1,62,0,2020,3,13,1,3,0,1,0,1,0,0,0,0,0,689664.6225,5333402.6207,11.54885793,48.125600442,0,1,#66c2a5,bicycle
6794,160659,"9,2003140075011E+018",9,7,78,203,2020,3,18,7,3,0,1,2,1,0,0,0,0,0,622245.3338,5324740.4367,10.640837299,48.064220722,0,1,#66c2a5,bicycle
6795,160660,"9,20031300858208E+018",9,1,62,0,2020,3,12,6,3,4,2,0,0,1,0,0,0,0,694443.4412,5332960679,11.612809354,48.120186817,0,2,#fc8d62,car
6796,160661,"9,20031100120108E+018",9,1,74,115,2020,3,8,4,3,6,7,0,0,1,1,0,0,0,680865.3274,5346909.7349,11.436471009,48.249573582,0,2,#fc8d62,car
6797,160662,"9,20031200857108E+018",9,1,62,0,2020,3,10,5,3,6,4,0,0,0,1,0,0,1,695975.5775,5330728.9095,11.632349524,48.099659074,0,3,#8da0cb,toilet
6798,160667,"9,20031200854109E+018",9,1,62,0,2020,3,6,5,3,4,1,1,1,1,0,0,0,0,685360.3342,5332195.5127,11.490546124,48.116018209,0,1,#66c2a5,bicycle
6799,160669,"9,20031100710709E+018",9,7,61,0,2020,3,19,4,3,0,4,2,0,1,1,0,0,0,644510.2998,5357066.7338,10.950534127,48.350233214,0,2,#fc8d62,car
6800,160670,"9,2003140071211E+018",9,7,71,146,2020,3,11,7,3,5,6,0,1,1,0,0,0,0,646983.3328,5347819.2841,10.980672073,48.26651582,0,1,#66c2a5,bicycle
6801,160671,"9,20031100854808E+018",9,1,84,149,2020,3,21,4,3,4,2,2,0,1,0,1,0,0,691106951,5350830.8555,11.576068576,48.281810436,0,2,#fc8d62,car
6802,160672,"9,20031300851408E+018",9,1,62,0,2020,3,4,6,3,4,7,2,1,1,0,0,0,0,690986.9695,5333207.4576,11.566522765,48.123450995,1,1,#66c2a5,bicycle
6803,160673,"9,20031000858209E+018",9,1,62,0,2020,3,16,3,3,4,2,0,1,1,0,0,0,0,689610.9164,5335489.5032,11.549065787,48.144373473,1,1,#66c2a5,bicycle
6804,160674,"9,20031200853208E+018",9,1,84,113,2020,3,7,5,3,0,7,0,1,0,0,0,0,0,685503553,5321632409,11.487885384,48.021029288,0,1,#66c2a5,bicycle
6805,160679,"9,2003120085251E+018",9,1,62,0,2020,3,9,5,3,1,6,0,1,1,0,0,0,0,699318.4125,5333071.5418,11.678294685,48.119675884,0,1,#66c2a5,bicycle
6806,160682,"9,20031200851609E+018",9,1,62,0,2020,3,11,5,3,3,3,0,0,1,0,0,0,1,690460.6431,5335166.8869,11.560333124,48.141219993,0,2,#fc8d62,car
6807,160684,"9,20031200851508E+018",9,1,62,0,2020,3,18,5,3,6,4,1,1,0,1,0,0,0,692009262,5336307469,11.581643536,48.151005896,0,1,#66c2a5,bicycle
6808,160685,"9,20031600110109E+018",9,1,77,123,2020,3,17,2,3,2,6,0,1,1,0,0,0,0,724814.4323,5341622.3077,12.024941399,48.188010124,0,1,#66c2a5,bicycle
6809,160686,"9,20031200851408E+018",9,1,62,0,2020,3,10,5,3,3,2,0,1,1,0,0,0,0,689801.4982,5334534.5904,11.5511997,48.135733854,0,1,#66c2a5,bicycle
6810,160687,"9,20031000857108E+018",9,1,62,0,2020,3,11,3,3,5,3,0,0,1,0,1,0,0,690839.63,5336593943,11.56606222,48.153932707,1,2,#fc8d62,car
6811,160688,"9,20031200750108E+018",9,7,78,116,2020,3,12,5,3,5,3,0,0,1,0,0,0,0,619674874,5318224921,10.604528718,48.006110253,0,2,#fc8d62,car
6812,160689,"9,2003160014011E+018",9,1,87,117,2020,3,16,2,3,5,3,0,1,1,0,0,0,0,723939.6352,5305489.3296,11.994307594,47.863672627,0,1,#66c2a5,bicycle
6813,160697,"9,20031500857109E+018",9,1,62,0,2020,3,16,1,2,5,3,0,0,1,0,0,0,0,691826.4058,5335668.8357,11.578899766,48.145321142,0,2,#fc8d62,car
6814,160698,"9,20031400858208E+018",9,1,62,0,2020,3,21,7,3,8,1,2,0,1,0,0,0,0,684229.8508,5333229.1436,11.475818095,48.125637141,0,2,#fc8d62,car
6815,160699,"9,20031500120108E+018",9,1,74,113,2020,3,19,1,3,0,1,1,1,0,0,0,0,0,676203394,5350247438,11.375116426,48.280889449,0,1,#66c2a5,bicycle
6816,160700,"9,20031400127008E+018",9,1,62,0,2020,3,19,7,3,7,1,2,0,1,0,0,0,0,680963.6817,5339523.6985,11.434643125,48.183154612,0,2,#fc8d62,car
6817,160707,"9,20031300858208E+018",9,1,62,0,2020,3,15,6,3,0,7,0,0,0,1,0,0,1,682959.0966,5335797.9522,11.459860545,48.149093804,0,3,#8da0cb,toilet
6818,160708,"9,2003110011111E+018",9,1,78,145,2020,3,13,4,3,5,2,0,0,1,0,1,0,0,697443.4794,5354717907,11.663206577,48.31479918,0,2,#fc8d62,car
6819,160709,"9,20031200711108E+018",9,7,61,0,2020,3,16,5,3,5,3,0,0,1,0,0,1,0,638334.4672,5360877.9483,10.868476274,48.385885918,0,2,#fc8d62,car
6820,160712,"9,20031300858209E+018",9,1,62,0,2020,3,16,6,3,5,3,0,0,1,0,0,0,0,693966.4129,5335836.5914,11.607715548,48.146180012,0,2,#fc8d62,car
6821,160714,"9,20031200710409E+018",9,7,61,0,2020,3,20,5,3,0,7,2,1,0,0,0,0,0,641371.9849,5359358.6177,10.908969409,48.371551262,0,1,#66c2a5,bicycle
6822,160715,"9,20031600210914E+018",9,2,61,0,2020,3,18,2,3,8,3,2,0,1,0,0,0,0,731791.2002,5379941.6522,12.139775705,48.529733191,0,2,#fc8d62,car
6823,160722,"9,20031000858209E+018",9,1,62,0,2020,3,17,3,3,2,6,0,0,1,0,0,0,0,686772.5478,5336729.7158,11.511490227,48.156360493,0,2,#fc8d62,car
6824,160724,"9,20031600141308E+018",9,1,63,0,2020,3,6,2,3,2,6,0,0,1,0,0,0,0,731099035,5303648148,12.088911086,47.844595878,0,2,#fc8d62,car
6825,160731,"9,20031300712508E+018",9,7,72,149,2020,3,18,6,3,5,3,1,0,1,0,1,0,0,636673828,5338484498,10.838813506,48.184884211,0,2,#fc8d62,car
6826,160736,"9,20031000854409E+018",9,1,62,0,2020,3,22,3,3,4,6,2,1,0,0,0,0,1,687493.4873,5338896.3019,11.522130007,48.17562206,0,1,#66c2a5,bicycle
6827,160739,"9,20031500131508E+018",9,1,85,158,2020,3,17,1,3,0,3,0,0,1,0,1,0,0,668465.9745,5381099128,11.283301631,48.560334073,0,2,#fc8d62,car
6828,160740,"9,20031300712108E+018",9,7,71,146,2020,3,12,6,3,5,7,0,1,1,0,0,0,0,647562.1907,5348283.3914,10.98862955,48.270554181,0,1,#66c2a5,bicycle
6829,160747,"9,20031000711909E+018",9,7,72,163,2020,3,15,3,3,5,3,0,1,1,0,0,0,0,640834342,5347536.67,10.897765556,48.265371651,1,1,#66c2a5,bicycle
6830,160749,"9,20031500858209E+018",9,1,62,0,2020,3,10,1,3,2,6,0,0,1,0,0,0,0,688918.7338,5336723.6911,11.540317593,48.155672396,0,2,#fc8d62,car
6831,160750,"9,20031500110308E+018",9,1,75,137,2020,3,0,1,3,9,1,2,0,1,0,0,0,0,727348.4799,5331476.4487,12.053571688,48.09595645,0,2,#fc8d62,car
6832,160752,"9,20031400121508E+018",9,1,81,130,2020,3,15,7,3,2,6,0,0,1,0,0,0,0,640805.0073,5323731.1805,10.889491022,48.051318749,0,2,#fc8d62,car
6833,160753,"9,2003110014011E+018",9,1,87,117,2020,3,7,4,3,5,2,0,0,1,0,1,0,0,724414.1872,5305870.1942,12.000841555,47.866929145,0,2,#fc8d62,car
6834,160760,"9,20031400712113E+018",9,7,71,130,2020,3,17,7,3,8,1,1,0,1,0,0,0,0,651730767,5357594609,11.048119777,48.353285946,0,2,#fc8d62,car
6835,160763,"9,2003150085211E+018",9,1,62,0,2020,3,15,1,3,5,3,0,0,1,0,0,0,0,694449.2953,5333037337,11.612922896,48.120874004,0,2,#fc8d62,car
6836,160764,"9,20031400857108E+018",9,1,62,0,2020,3,18,7,3,5,3,2,1,1,0,0,0,0,690876.6076,5334268.5196,11.56551649,48.133020872,0,1,#66c2a5,bicycle
6837,160765,"9,20031300858209E+018",9,1,62,0,2020,3,14,6,3,3,3,0,1,1,0,0,0,0,694345.3001,5334212.4102,11.612062773,48.131466877,0,1,#66c2a5,bicycle
6838,160766,"9,20031100120108E+018",9,1,74,113,2020,3,18,4,3,0,6,1,0,1,0,1,0,0,676921.7982,5346496.9271,11.383222731,48.246975866,0,2,#fc8d62,car
6839,160776,"9,20031000858208E+018",9,1,62,0,2020,3,18,3,3,5,3,2,1,0,0,0,0,1,684458.5497,5332674.8893,11.4786487,48.120588966,1,1,#66c2a5,bicycle
6840,160777,"9,20031100857108E+018",9,1,62,0,2020,3,8,4,2,5,3,0,0,1,0,1,0,0,682618.8042,5334465.7357,11.454718358,48.137216707,0,2,#fc8d62,car
6841,160778,"9,20031300857109E+018",9,1,62,0,2020,3,18,6,3,2,6,2,0,1,0,0,0,0,685027.0536,5339238.4567,11.489133627,48.179420386,0,2,#fc8d62,car
6842,160779,"9,20031100110507E+018",9,1,77,112,2020,3,8,4,3,9,1,0,0,1,0,0,0,0,715325.7614,5364368646,11.909038038,48.395676782,0,2,#fc8d62,car
6843,160789,"9,20031000852608E+018",9,1,84,130,2020,3,12,3,3,5,3,0,1,1,0,0,0,0,699310222,5345379593,11.683955627,48.230291528,1,1,#66c2a5,bicycle
6844,160791,"9,2003160011071E+018",9,1,78,138,2020,3,15,2,3,7,1,0,1,0,0,0,0,0,710517.9652,5368587522,11.846286158,48.43520834,0,1,#66c2a5,bicycle
6845,160792,"9,20031500120909E+018",9,1,79,123,2020,3,8,1,3,1,7,0,1,1,0,0,0,0,676241.3119,5333315.8735,11.368595313,48.1286786,0,1,#66c2a5,bicycle
6846,160795,"9,2003160014011E+018",9,1,87,122,2020,3,16,2,3,0,1,0,1,0,0,0,0,0,717485.0426,5307014.5462,11.908887155,47.879595174,0,1,#66c2a5,bicycle
6847,160803,"9,20031500857109E+018",9,1,62,0,2020,3,14,1,3,4,3,0,1,1,0,0,0,0,692108.5541,5338836.5771,11.584119364,48.173706969,0,1,#66c2a5,bicycle
6848,160804,"9,20031400858209E+018",9,1,62,0,2020,3,1,7,3,0,7,2,1,0,0,0,0,0,682645.5961,5341341.7416,11.458031581,48.199014984,0,1,#66c2a5,bicycle
6849,160805,"9,2003130085821E+018",9,1,62,0,2020,3,15,6,3,1,5,0,1,1,0,0,0,0,691410.8529,5336351.0261,11.573625701,48.151577744,0,1,#66c2a5,bicycle
6850,160809,"9,20031400131509E+018",9,1,85,158,2020,3,9,7,3,5,3,0,1,1,0,0,0,0,667581.4173,5381261266,11.271387927,48.562028617,0,1,#66c2a5,bicycle
6851,160810,"9,20031100210909E+018",9,2,61,0,2020,3,15,4,3,1,2,0,0,1,0,0,0,0,732615.7699,5380410.3757,12.151189033,48.533638624,0,2,#fc8d62,car
6852,160812,"9,20031000215013E+018",9,2,61,0,2020,3,19,3,2,5,2,2,1,1,0,0,0,0,731690.4385,5381911.6241,12.139508098,48.5474663,1,1,#66c2a5,bicycle
6853,160817,"9,20031300858208E+018",9,1,62,0,2020,3,8,6,3,3,2,0,1,1,0,0,0,0,686616.2215,5329821.8813,11.506365713,48.094316274,1,1,#66c2a5,bicycle
6854,160818,"9,20031100115008E+018",9,1,77,117,2020,3,10,4,3,5,3,0,0,1,0,0,0,0,714761.3457,5355039156,11.896663553,48.312042811,0,2,#fc8d62,car
6855,160819,"9,2003120021091E+018",9,2,61,0,2020,3,13,5,3,5,3,0,1,1,0,0,0,0,733296.2449,5380808.4092,12.16061544,48.53696148,0,1,#66c2a5,bicycle
6856,160821,"9,20031300160908E+018",9,1,73,126,2020,3,16,6,2,0,7,0,1,0,0,0,0,0,685631.6253,5303599.2672,11.481826151,47.858895704,0,1,#66c2a5,bicycle
6857,160822,"9,20031000210909E+018",9,2,61,0,2020,3,15,3,3,2,6,0,0,1,0,0,0,0,731681.0228,5381998.3279,12.139428934,48.54824862,1,2,#fc8d62,car
6858,160824,"9,20031300160908E+018",9,1,73,126,2020,3,9,6,3,5,3,0,0,1,0,0,0,1,684664032,5305866.5506,11.469870988,47.87955518,1,2,#fc8d62,car
6859,160825,"9,20031000141308E+018",9,1,63,0,2020,3,10,3,3,5,2,0,1,1,0,0,0,0,731093.5929,5304159.6199,12.089111564,47.84919307,0,1,#66c2a5,bicycle
6860,160826,"9,20031500712109E+018",9,7,71,146,2020,3,10,1,3,5,3,0,0,1,0,0,0,0,646890146,5348200.5039,10.979549537,48.269965133,0,2,#fc8d62,car
6861,160829,"9,20031300851309E+018",9,1,62,0,2020,3,12,6,3,3,6,0,1,0,0,0,0,0,692214.65,5338902.3274,11.58557472,48.174265837,0,1,#66c2a5,bicycle
6862,160830,"9,20031000858209E+018",9,1,84,135,2020,3,16,3,3,5,3,0,1,1,0,0,0,0,689581.0755,5347742299,11.554137021,48.254509796,1,1,#66c2a5,bicycle
6863,160833,"9,20031300140108E+018",9,1,87,150,2020,3,8,6,3,6,4,0,0,0,1,0,0,1,729229.8964,5304303.5156,12.064312075,47.851153156,1,3,#8da0cb,toilet
6864,160841,"9,20031100710408E+018",9,7,61,0,2020,3,23,4,3,0,7,2,0,1,0,0,0,0,640443773,5359043.0222,10.896337369,48.368920778,0,2,#fc8d62,car
6865,160842,"9,2003120014011E+018",9,1,87,122,2020,3,6,5,3,8,1,0,0,1,0,0,0,0,716355.2639,5307032.6452,11.893805286,47.880139448,0,2,#fc8d62,car
6866,160843,"9,20031000857107E+018",9,1,62,0,2020,3,14,3,3,6,7,0,1,0,1,0,0,0,693325169,5333220.1963,11.597916461,48.122859797,1,1,#66c2a5,bicycle
6867,160844,"9,20031200120108E+018",9,1,74,126,2020,3,14,5,3,5,3,0,1,0,0,0,0,0,684062.5202,5343962.2905,11.478218962,48.222160474,0,1,#66c2a5,bicycle
6868,160846,"9,20031000121508E+018",9,1,81,130,2020,3,15,3,3,2,6,0,0,1,0,0,0,0,639610.8049,5324292.3338,10.873657813,48.056627164,1,2,#fc8d62,car
6869,160850,"9,20031200120108E+018",9,1,74,115,2020,3,20,5,3,0,3,2,0,1,0,0,0,1,680219.1831,5346805405,11.427730393,48.248819834,0,2,#fc8d62,car
6870,160852,"9,20031200110108E+018",9,1,77,115,2020,3,17,5,2,5,3,0,1,1,0,0,0,0,734048.0997,5350733.9712,12.154022131,48.266527765,0,1,#66c2a5,bicycle
6871,160853,"9,20031500857108E+018",9,1,62,0,2020,3,12,1,2,4,6,0,1,0,0,0,0,0,686677522,5344463.7429,11.513613247,48.225903611,0,1,#66c2a5,bicycle
6872,160855,"9,2003110085821E+018",9,1,62,0,2020,3,18,4,3,4,6,1,1,0,0,0,0,0,686236.8681,5332345.2208,11.502377208,48.117108113,1,1,#66c2a5,bicycle
6873,160856,"9,20031500858209E+018",9,1,62,0,2020,3,0,1,3,3,6,2,0,1,0,0,0,0,690577.0683,5336329192,11.562416881,48.151631873,0,2,#fc8d62,car
6874,160857,"9,20031500110514E+018",9,1,77,126,2020,3,20,1,3,0,1,2,1,0,0,0,0,0,717492.7632,5368908.4825,11.940627575,48.435722228,0,1,#66c2a5,bicycle
6875,160858,"9,20031400121709E+018",9,1,79,126,2020,3,3,7,3,8,1,2,0,1,0,0,0,0,677629.7136,5341316.4248,11.39057944,48.200210419,0,2,#fc8d62,car
6876,160860,"9,20031100858209E+018",9,1,62,0,2020,3,17,4,3,2,6,0,0,1,0,0,0,0,690630.8758,5333375.1992,11.561817487,48.125065376,0,2,#fc8d62,car
6877,160862,"9,20031000120908E+018",9,1,88,121,2020,3,15,3,3,1,6,0,0,1,0,0,0,0,671557479,5330676.2597,11.304638428,48.106228899,1,2,#fc8d62,car
6878,160863,"9,20031100858209E+018",9,1,62,0,2020,3,9,4,3,0,1,0,1,0,0,0,0,0,688503.8229,5337268.9421,11.534985694,48.1606963,0,1,#66c2a5,bicycle
6879,160865,"9,2003140074071E+018",9,7,62,0,2020,3,14,7,3,1,7,0,0,1,0,0,0,0,622881525,5305955151,10.643998916,47.895153038,0,2,#fc8d62,car
6880,160866,"9,20031100857109E+018",9,1,62,0,2020,3,15,4,3,3,6,0,1,0,0,0,0,0,691195382,5333015.7382,11.56923455,48.12166528,0,1,#66c2a5,bicycle
6881,160867,"9,20031300858208E+018",9,1,62,0,2020,3,17,6,3,2,2,0,0,1,0,0,0,0,686233.8181,5334375.2517,11.503223315,48.135355724,0,2,#fc8d62,car
6882,160868,"9,20031400857108E+018",9,1,62,0,2020,3,16,7,3,5,2,0,0,1,0,0,0,0,689366.1615,5333632.8203,11.544953372,48.127758349,0,2,#fc8d62,car
6883,160869,"9,20031300858209E+018",9,1,62,0,2020,3,22,6,2,0,7,2,1,0,0,0,0,0,684358705,5338599.3084,11.479873983,48.173869686,1,1,#66c2a5,bicycle
6884,160870,"9,20031100120509E+018",9,1,79,121,2020,3,8,4,3,0,7,0,1,0,0,0,0,1,667624.0341,5339135.5264,11.255171482,48.183324847,0,1,#66c2a5,bicycle
6885,160871,"9,20031100858208E+018",9,1,62,0,2020,3,8,4,3,1,5,0,1,1,0,0,0,0,691515.8994,5336829.2166,11.575251827,48.155844026,0,1,#66c2a5,bicycle
6886,160874,"9,20030900858209E+018",9,1,62,0,2020,3,11,2,3,3,7,0,0,1,0,0,0,0,698367.6838,5334754.0863,11.666316998,48.135094193,1,2,#fc8d62,car
6887,160880,"9,20031000858208E+018",9,1,62,0,2020,3,15,3,3,2,6,0,0,1,0,0,0,0,686231.9492,5332744.5099,11.502485583,48.120698525,1,2,#fc8d62,car
6888,160881,"9,20031100857109E+018",9,1,62,0,2020,3,19,4,1,6,7,2,0,1,1,0,0,0,694792.1389,5336127.3486,11.618937775,48.14854091,0,2,#fc8d62,car
6889,160883,"9,20030900858208E+018",9,1,62,0,2020,3,7,2,3,5,2,0,0,1,0,0,0,0,694553968,5342643.6677,11.618721993,48.207179282,0,2,#fc8d62,car
6890,160886,"9,2003170085821E+018",9,1,62,0,2020,3,14,3,3,1,5,0,1,1,0,0,0,0,692581.3369,5335207.3768,11.588829576,48.140945579,0,1,#66c2a5,bicycle
6891,160888,"9,20032400750109E+018",9,7,78,203,2020,3,10,3,2,0,1,0,1,0,0,0,0,0,621888.2441,5324617.0759,10.636011127,48.063179622,0,1,#66c2a5,bicycle
6892,160891,"9,20031800858209E+018",9,1,62,0,2020,3,17,4,3,3,6,0,0,1,0,1,0,0,692685508,5338209.7223,11.591587862,48.167898328,0,2,#fc8d62,car
6893,160897,"9,20032300858209E+018",9,1,62,0,2020,3,7,2,3,4,2,0,0,1,0,0,0,0,698565.8806,5335286939,11.669226419,48.139821239,0,2,#fc8d62,car
6894,160899,"9,2003240013131E+018",9,1,86,143,2020,3,18,3,3,9,1,1,0,1,0,0,0,0,683827.3141,5377722.9368,11.48981525,48.52567426,0,2,#fc8d62,car
6895,160900,"9,20031800857108E+018",9,1,62,0,2020,3,22,4,3,1,5,2,0,1,0,0,0,0,687384.8682,5335540.7976,11.519192298,48.145494077,0,2,#fc8d62,car
6896,160903,"9,2003250085711E+018",9,1,62,0,2020,3,17,4,3,2,6,0,0,1,0,0,0,1,682795.8198,5334780.7737,11.457230702,48.13999766,0,2,#fc8d62,car
6897,160910,"9,20031700858209E+018",9,1,62,0,2020,3,9,3,3,5,3,0,1,1,0,0,0,0,692223.1562,5335491.7392,11.584148076,48.143609681,0,1,#66c2a5,bicycle
6898,160912,"9,20032500210934E+018",9,2,74,126,2020,3,9,4,3,5,3,0,1,1,0,0,0,0,733952.6273,5384225.5254,12.171413316,48.567411513,0,1,#66c2a5,bicycle
6899,160916,"9,20032000858209E+018",9,1,62,0,2020,3,18,6,3,5,3,0,1,1,0,0,0,0,699820.2456,5334845.9847,11.685862235,48.13546569,0,1,#66c2a5,bicycle
6900,160924,"9,20031700858209E+018",9,1,62,0,2020,3,10,3,3,9,1,0,0,1,0,0,0,0,686249.9045,5333346849,11.5029898,48.126107337,0,2,#fc8d62,car
6901,160925,"9,20032000710608E+018",9,7,61,0,2020,3,19,6,2,7,1,2,0,0,0,1,0,0,639798.4907,5357445.8386,10.887098655,48.354702591,1,4,#e78ac3,marker
6902,160926,"9,2003250012131E+018",9,1,88,117,2020,3,6,4,3,9,1,0,0,1,0,0,0,0,663312.0007,5317702.3967,11.189007004,47.9917545,0,2,#fc8d62,car
6903,160927,"9,20031900857114E+018",9,1,62,0,2020,3,16,5,3,4,2,0,0,1,0,0,0,0,687448.8993,5336068.6162,11.52028468,48.150219374,0,2,#fc8d62,car
6904,160929,"9,2003180085821E+018",9,1,62,0,2020,3,17,4,3,4,6,0,1,0,0,0,0,0,687993.1559,5339313.7838,11.529029338,48.17922683,0,1,#66c2a5,bicycle
6905,160935,"9,2003170085711E+018",9,1,84,140,2020,3,10,3,3,0,7,0,0,0,0,0,0,1,702014.3913,5328436.7027,11.712286012,48.077173327,0,6,#ffd92f,circle
6906,160937,"9,20032400710609E+018",9,7,61,0,2020,3,10,3,3,0,1,0,1,0,0,0,0,0,641210.6588,5352179232,10.904385441,48.307032701,0,1,#66c2a5,bicycle
6907,160938,"9,2003190071041E+018",9,7,61,0,2020,3,17,5,3,6,7,0,1,0,1,0,0,0,640606.1766,5358874.4372,10.898472604,48.36736876,0,1,#66c2a5,bicycle
6908,160940,"9,20031800858208E+018",9,1,62,0,2020,3,9,4,3,0,1,0,1,0,0,0,0,0,691621.6049,5332808.9079,11.57486307,48.119678179,0,1,#66c2a5,bicycle
6909,160942,"9,2003210085821E+018",9,1,62,0,2020,3,19,7,3,0,1,2,0,0,0,1,0,0,687386.2739,5339056.7383,11.520759971,48.177095716,1,4,#e78ac3,marker
6910,160945,"9,20032200858209E+018",9,1,84,131,2020,3,11,1,3,0,7,0,1,0,0,0,0,0,705011.1839,5338186.5666,11.757161808,48.163834997,0,1,#66c2a5,bicycle
6911,160951,"9,20032400121309E+018",9,1,88,132,2020,3,19,3,3,0,1,2,1,0,0,0,0,0,664938.5451,5322867.7982,11.212779219,48.037776386,0,1,#66c2a5,bicycle
6912,160953,"9,20031700121709E+018",9,1,79,134,2020,3,7,3,3,5,3,0,1,1,0,0,0,0,668529.5965,5342976.5223,11.268869863,48.21761511,0,1,#66c2a5,bicycle
6913,160956,"9,20031700110509E+018",9,1,77,117,2020,3,14,3,3,5,3,0,1,1,0,0,0,0,714195.9066,5354993.5681,11.889023955,48.311824919,0,1,#66c2a5,bicycle
6914,160961,"9,20032300857109E+018",9,1,62,0,2020,3,18,2,3,1,6,2,0,1,0,0,0,0,684325.2652,5337518161,11.478955935,48.164161504,0,2,#fc8d62,car
6915,160962,"9,2003180071061E+018",9,7,61,0,2020,3,16,4,2,9,1,0,1,0,0,0,0,1,641013.7323,5352329.5435,10.901781419,48.308428196,0,1,#66c2a5,bicycle
6916,160963,"9,20031700110308E+018",9,1,75,124,2020,3,17,3,3,0,7,0,1,0,0,0,0,0,715114.4814,5328415.6628,11.887935345,48.072700346,0,1,#66c2a5,bicycle
6917,160964,"9,20032000857109E+018",9,1,62,0,2020,3,15,6,3,6,4,0,1,0,1,0,0,0,687574.8089,5341287.7887,11.524278796,48.197093119,0,1,#66c2a5,bicycle
6918,160966,"9,20031700110109E+018",9,1,77,123,2020,3,18,3,3,8,1,1,0,1,0,0,0,0,726631.4688,5340296.1191,12.04864712,48.175449872,0,2,#fc8d62,car
6919,160967,"9,20032000141309E+018",9,1,63,0,2020,3,16,6,3,0,1,0,1,0,0,0,0,0,735075.0043,5304402.2554,12.142382285,47.849929404,0,1,#66c2a5,bicycle
6920,160971,"9,20031600858209E+018",9,1,62,0,2020,3,12,2,3,6,3,0,1,0,1,0,0,0,688169617,5334576235,11.529305577,48.136592777,0,1,#66c2a5,bicycle
6921,160972,"9,20031700857109E+018",9,1,62,0,2020,3,12,3,2,5,2,0,1,1,0,0,0,0,687576573,5328907078,11.518849086,48.08581178,0,1,#66c2a5,bicycle
6922,160973,"9,2003200071041E+018",9,7,61,0,2020,3,10,6,3,6,4,0,1,0,1,0,0,0,640245.3632,5358616.1996,10.893517545,48.36512704,0,1,#66c2a5,bicycle
6923,160976,"9,20031600858209E+018",9,1,62,0,2020,3,10,2,3,4,2,0,0,1,0,1,0,0,691266.5037,5332596.8748,11.570001363,48.117879202,0,2,#fc8d62,car
6924,160977,"9,20031700857109E+018",9,1,62,0,2020,3,10,3,2,4,2,0,1,0,0,0,0,1,690107.3287,5340196.8018,11.557836666,48.186534337,0,1,#66c2a5,bicycle
6925,160979,"9,20032500141309E+018",9,1,63,0,2020,3,14,4,3,5,3,0,0,1,0,0,0,0,732716.6936,5305243.3279,12.111358124,47.858343759,0,2,#fc8d62,car
6926,160980,"9,20031900858209E+018",9,1,62,0,2020,3,15,5,3,4,2,0,1,1,0,0,0,0,690310586,5335872.5528,11.558633425,48.147607404,0,1,#66c2a5,bicycle
6927,160982,"9,20031900121309E+018",9,1,88,124,2020,3,13,5,3,0,1,0,1,0,0,0,0,0,661946.0584,5317844.9549,11.170765585,47.993383547,0,1,#66c2a5,bicycle
6928,160985,"9,20031600858209E+018",9,1,62,0,2020,3,8,2,3,0,7,0,1,0,0,0,0,0,688544.7474,5332397.1106,11.533378798,48.116895382,0,1,#66c2a5,bicycle
6929,160986,"9,20031700852108E+018",9,1,62,0,2020,3,13,3,3,0,1,0,1,0,0,0,0,0,693206.2843,5334166.5648,11.596749605,48.131401596,0,1,#66c2a5,bicycle
6930,160991,"9,2003240085411E+018",9,1,62,0,2020,3,9,3,3,5,7,0,0,1,0,0,0,0,684870519,5332369.3416,11.484046634,48.117723059,0,2,#fc8d62,car
6931,160994,"9,20031600858208E+018",9,1,84,114,2020,3,18,2,3,2,6,2,1,1,0,0,0,0,699433.8322,5323779.2768,11.675507288,48.03612804,0,1,#66c2a5,bicycle
6932,160995,"9,20031800858209E+018",9,1,62,0,2020,3,10,4,3,0,1,0,1,0,0,0,0,0,690775.1613,5333662.7998,11.563883208,48.127607101,0,1,#66c2a5,bicycle
6933,160996,"9,20031600858208E+018",9,1,84,130,2020,3,15,2,3,1,5,0,1,1,0,0,0,0,698647.8446,5344735.0084,11.67474393,48.22470642,0,1,#66c2a5,bicycle
6934,160999,"9,20031600857109E+018",9,1,62,0,2020,3,16,2,3,6,4,0,0,1,1,0,0,0,691468.2457,5334215.2367,11.573436272,48.132364262,0,2,#fc8d62,car
6935,161001,"9,20031800141309E+018",9,1,87,142,2020,3,12,4,2,0,7,0,1,0,0,0,0,0,731554.0173,5309746.9104,12.098250731,47.899224895,0,1,#66c2a5,bicycle
6936,161003,"9,2003240011051E+018",9,1,77,117,2020,3,7,3,2,5,3,0,1,1,0,0,0,0,715608.4425,5354077.0208,11.907582266,48.303109754,0,1,#66c2a5,bicycle
6937,161005,"9,20031600857109E+018",9,1,62,0,2020,3,16,2,3,5,3,0,0,1,0,1,0,0,687814.2915,5334466.7584,11.524485968,48.135713743,0,2,#fc8d62,car
6938,161006,"9,2003200085821E+018",9,1,62,0,2020,3,8,6,3,4,2,0,1,1,0,0,0,0,690053354,5335497329,11.555011135,48.144311796,0,1,#66c2a5,bicycle