fid,OBJECTID,UIDENTSTLA,ULAND,UREGBEZ,UKREIS,UGEMEINDE,UJAHR,UMONAT,USTUNDE,UWOCHENTAG,UKATEGORIE,UART,UTYP1,ULICHTVERH,IstRad,IstPKW,IstFuss,IstKrad,IstGkfz,IstSonstig,LINREFX,LINREFY,XGCSWGS84,YGCSWGS84,STRZUSTAND,Teilnehmer,color,symbol
6939,161008,"9,20031800857109E+018",9,1,62,0,2020,3,16,4,3,4,6,0,1,0,0,0,0,0,678706.2247,5336953.1507,11.403219188,48.160686989,0,1,#66c2a5,bicycle
6940,161009,"9,20031600857109E+018",9,1,62,0,2020,3,11,2,3,4,2,0,1,1,0,0,0,0,690152.5525,5334740.6807,11.556005499,48.137481399,0,1,#66c2a5,bicycle
6941,161011,"9,20032600120513E+018",9,1,79,121,2020,3,0,5,3,0,6,2,0,1,0,0,0,0,667299.7008,5337822314,11.250294526,48.171604615,0,2,#fc8d62,car
6942,161012,"9,20031600857109E+018",9,1,62,0,2020,3,15,2,2,5,3,0,1,0,0,1,0,0,687834.3657,5334446.4482,11.524746566,48.135525266,0,1,#66c2a5,bicycle
6943,161014,"9,2003180012191E+018",9,1,88,139,2020,3,16,4,3,0,1,0,1,0,0,0,0,0,675128.0911,5318811.8353,11.347707541,47.998601722,0,1,#66c2a5,bicycle
6944,161018,"9,2003160085273E+018",9,1,62,0,2020,3,7,2,3,3,2,0,1,1,0,0,0,0,699009.0156,5333722.7241,11.674445927,48.125624949,0,1,#66c2a5,bicycle
6945,161022,"9,20031600851409E+018",9,1,62,0,2020,3,18,2,3,6,2,2,0,1,1,0,0,0,689774.4332,5333399.2899,11.550330651,48.12553778,0,2,#fc8d62,car
6946,161032,"9,2003200071071E+018",9,7,61,0,2020,3,8,6,2,1,5,0,1,1,0,0,0,0,644024401,5358285.48,10.944396704,48.361302492,0,1,#66c2a5,bicycle
6947,161034,"9,20031800121709E+018",9,1,79,142,2020,3,17,4,2,0,1,0,1,0,0,0,0,0,675099.6181,5344983.9517,11.35807329,48.233881414,0,1,#66c2a5,bicycle
6948,161035,"9,20031900858209E+018",9,1,62,0,2020,3,6,5,3,0,1,0,1,0,0,0,0,0,698027.1258,5335368.6642,11.662030314,48.140723616,0,1,#66c2a5,bicycle
6949,161036,"9,20031800120914E+018",9,1,79,123,2020,3,14,4,3,0,7,0,0,0,0,0,0,1,675914.5866,5333367.3396,11.364229415,48.129231625,0,6,#ffd92f,circle
6950,161037,"9,20031900110709E+018",9,1,78,124,2020,3,14,5,3,0,1,0,1,0,0,0,0,0,704685.1778,5363972.8942,11.765270209,48.395663827,0,1,#66c2a5,bicycle
6951,161038,"9,2003220085821E+018",9,1,62,0,2020,3,17,1,3,5,3,0,0,1,0,0,0,1,691818.4587,5341391.2748,11.581374768,48.196755595,0,2,#fc8d62,car
6952,161043,"9,2003160074071E+018",9,7,62,0,2020,3,19,2,2,4,2,2,1,1,0,0,0,0,621500436,5304656563,10.625163909,47.883736887,0,1,#66c2a5,bicycle
6953,161046,"9,2003240073031E+018",9,7,73,182,2020,3,12,3,3,0,7,0,1,0,0,0,0,0,624200271,5380267.32,10.68341662,48.563187673,0,1,#66c2a5,bicycle
6954,161047,"9,2003190071271E+018",9,7,72,223,2020,3,20,5,2,0,7,2,1,0,0,0,0,1,618556.9652,5366124.4616,10.602942944,48.437095574,0,1,#66c2a5,bicycle
6955,161049,"9,20031800858209E+018",9,1,62,0,2020,3,14,4,3,0,1,0,1,0,0,0,0,0,692903.0109,5334358091,11.592764566,48.133214972,0,1,#66c2a5,bicycle
6956,161052,"9,20031600712508E+018",9,7,72,200,2020,3,9,2,3,4,2,0,0,1,0,1,0,0,630606.8051,5337190.5848,10.756830636,48.174524933,0,2,#fc8d62,car
6957,161054,"9,20031800120909E+018",9,1,79,123,2020,3,15,4,3,0,7,0,1,0,0,0,0,0,675094.3186,5333865.2523,11.353419595,48.133933725,0,1,#66c2a5,bicycle
6958,161055,"9,20031600710611E+018",9,7,61,0,2020,3,14,2,3,0,1,0,1,0,0,0,0,0,640457.8834,5353673.6535,10.894736822,48.320637805,0,1,#66c2a5,bicycle
6959,161059,"9,20032400121709E+018",9,1,79,126,2020,3,13,3,3,1,3,0,0,1,0,1,0,0,676350.8102,5341110.6345,11.373297567,48.198717038,0,2,#fc8d62,car
6960,161060,"9,2003180085111E+018",9,1,62,0,2020,3,8,4,3,3,2,0,1,1,0,0,0,0,690649.2274,5334071.3714,11.562375295,48.131317062,0,1,#66c2a5,bicycle
6961,161061,"9,20031600710608E+018",9,7,61,0,2020,3,10,2,3,0,1,0,0,0,0,1,0,0,640432091,5352401657,10.89396558,48.309206035,0,4,#e78ac3,marker
6962,161063,"9,20032500857109E+018",9,1,62,0,2020,3,8,4,3,5,3,0,1,1,0,0,0,0,692877.6307,5335175.7977,11.592794061,48.140572008,0,1,#66c2a5,bicycle
6963,161064,"9,20031600710409E+018",9,7,61,0,2020,3,7,2,3,4,2,0,1,1,0,0,0,0,640116.7927,5358609.1831,10.891780302,48.365092502,0,1,#66c2a5,bicycle
6964,161069,"9,20031600710408E+018",9,7,61,0,2020,3,17,2,3,2,6,0,1,1,0,0,0,0,640619846,5359950.81,10.899017043,48.377044088,0,1,#66c2a5,bicycle
6965,161071,"9,20032300858209E+018",9,1,62,0,2020,3,7,2,2,6,4,0,0,1,1,0,0,0,690055041,5339303694,11.556734397,48.178522791,0,2,#fc8d62,car
6966,161073,"9,20031600710408E+018",9,7,61,0,2020,3,10,2,3,5,2,0,1,1,0,0,0,0,640982.4549,5359700.9156,10.903827323,48.374716216,0,1,#66c2a5,bicycle
6967,161074,"9,20032000858209E+018",9,1,84,122,2020,3,15,6,3,4,7,0,1,1,0,0,0,0,689256.6703,5324028.0209,11.539228009,48.041461115,0,1,#66c2a5,bicycle
6968,161076,"9,20031600710408E+018",9,7,61,0,2020,3,19,2,3,5,3,2,0,1,0,0,0,0,639641.1,5360249.4171,10.885906131,48.379946444,0,2,#fc8d62,car
6969,161078,"9,20031800120109E+018",9,1,74,115,2020,3,18,4,3,5,3,0,0,1,0,1,0,0,679320.7712,5351975.4743,11.417831807,48.295547072,0,2,#fc8d62,car
6970,161083,"9,2003170071211E+018",9,7,71,130,2020,3,15,3,3,0,1,0,1,0,0,0,0,0,646419.9834,5357827.6289,10.976559017,48.35663479,0,1,#66c2a5,bicycle
6971,161084,"9,20032000710608E+018",9,7,61,0,2020,3,17,6,3,6,1,0,1,0,1,0,0,0,643260.3303,5353848.8247,10.932578416,48.321584054,0,1,#66c2a5,bicycle
6972,161085,"9,20032400857111E+018",9,1,62,0,2020,3,18,3,3,5,3,2,1,1,0,0,0,0,691715.1912,5334670362,11.576956687,48.136380531,0,1,#66c2a5,bicycle
6973,161086,"9,20031900857109E+018",9,1,62,0,2020,3,14,5,3,5,3,0,1,1,0,0,0,0,689309716,5335041978,11.54482174,48.140440779,0,1,#66c2a5,bicycle
6974,161087,"9,20031700711908E+018",9,7,72,163,2020,3,15,3,3,5,3,0,0,1,0,0,0,0,640783661,5350140112,10.897950195,48.288792577,0,2,#fc8d62,car
6975,161090,"9,20032000121509E+018",9,1,81,130,2020,3,12,6,2,5,3,0,1,1,0,0,0,0,638552.3606,5325484.0838,10.859846784,48.067574504,0,1,#66c2a5,bicycle
6976,161095,"9,20031700711309E+018",9,7,61,0,2020,3,16,3,3,2,6,0,0,1,0,0,0,0,636843.1106,5360849.3005,10.84833423,48.385953626,0,2,#fc8d62,car
6977,161098,"9,20031900710409E+018",9,7,61,0,2020,3,12,5,3,1,6,0,0,1,0,0,0,0,639459.9031,5359754.2813,10.883296098,48.375534397,0,2,#fc8d62,car
6978,161099,"9,20031800857109E+018",9,1,62,0,2020,3,18,4,2,2,6,0,0,1,0,0,0,0,697628.3045,5332663.9928,11.655420766,48.1165399,0,2,#fc8d62,car
6979,161102,"9,20031800858209E+018",9,1,62,0,2020,3,9,4,3,4,3,0,1,1,0,0,0,0,695758.8125,5337811.6359,11.632695139,48.163381588,0,1,#66c2a5,bicycle
6980,161110,"9,2003240012011E+018",9,1,74,143,2020,3,20,3,3,8,1,2,0,1,0,0,0,0,673868.0261,5350673.7511,11.343840024,48.285367288,0,2,#fc8d62,car
6981,161114,"9,20032500712309E+018",9,7,72,184,2020,3,16,4,3,3,6,0,1,0,0,0,0,1,635221099,5361607.6119,10.826681542,48.393122165,0,1,#66c2a5,bicycle
6982,161122,"9,20032300852211E+018",9,1,62,0,2020,3,13,2,3,1,5,0,0,1,0,0,0,1,695575.5498,5339211845,11.630877231,48.176022265,0,2,#fc8d62,car
6983,161123,"9,20031800710608E+018",9,7,61,0,2020,3,13,4,3,0,7,0,1,0,0,0,0,0,637909.8399,5355876.2128,10.861104253,48.341003997,0,1,#66c2a5,bicycle
6984,161125,"9,20032000857109E+018",9,1,62,0,2020,3,17,6,2,9,1,0,0,0,0,1,0,0,686266503,5330670765,11.502043864,48.102048727,0,4,#e78ac3,marker
6985,161128,"9,20032000141309E+018",9,1,63,0,2020,3,10,6,3,5,3,0,0,1,0,0,0,0,733101.3298,5305549.4888,12.116657757,47.86095494,0,2,#fc8d62,car
6986,161135,"9,20031700711309E+018",9,7,61,0,2020,3,17,3,3,1,6,0,0,1,0,0,0,0,637115.4605,5359325.2447,10.851513664,48.372190345,0,2,#fc8d62,car
6987,161137,"9,20032500131509E+018",9,1,85,166,2020,3,6,4,3,0,1,0,1,0,0,0,0,0,670889.0134,5382539.7695,11.316706218,48.57262819,0,1,#66c2a5,bicycle
6988,161138,"9,2003180011051E+018",9,1,77,117,2020,3,11,4,3,0,7,0,1,1,0,0,0,0,715571.1304,5354494.3813,11.907292916,48.306872498,0,1,#66c2a5,bicycle
6989,161139,"9,20031900858209E+018",9,1,62,0,2020,3,2,5,3,7,7,2,1,0,0,0,0,0,694016.4679,5338020.7824,11.609383656,48.165795393,0,1,#66c2a5,bicycle
6990,161140,"9,2003180011051E+018",9,1,77,143,2020,3,18,4,3,3,6,0,1,1,0,0,0,0,719337.6825,5364907.9352,11.963445778,48.39913962,0,1,#66c2a5,bicycle
6991,161141,"9,2003190011071E+018",9,1,78,124,2020,3,12,5,3,5,3,0,0,1,0,0,0,0,702790.4509,5364725361,11.740066672,48.403037782,0,2,#fc8d62,car
6992,161142,"9,20032300120909E+018",9,1,79,123,2020,3,8,2,3,5,3,0,0,1,0,0,0,0,675931135,5332606021,11.364137357,48.122383315,0,2,#fc8d62,car
6993,161147,"9,20033100121511E+018",9,1,81,132,2020,3,14,3,3,5,3,0,1,1,0,0,0,0,643381.6663,5325917.1155,10.924780561,48.07040101,0,1,#66c2a5,bicycle
6994,161149,"9,20040600140111E+018",9,1,87,117,2020,4,14,2,2,0,1,0,1,0,0,0,0,0,725641.8798,5304595.6823,12.016569644,47.855047752,0,1,#66c2a5,bicycle
6995,161152,"9,20040500110111E+018",9,1,77,115,2020,4,15,1,3,0,1,0,1,0,0,0,0,0,734167.1271,5350795678,12.155657772,48.267038105,0,1,#66c2a5,bicycle
6996,161154,"9,20040300858211E+018",9,1,84,112,2020,4,12,6,2,0,1,0,1,0,0,0,0,0,702377368,5340127.9088,11.72270594,48.182125172,0,1,#66c2a5,bicycle
6997,161156,"9,2003280014011E+018",9,1,87,122,2020,3,11,7,2,2,6,0,1,0,0,0,0,0,721008352,5306854.6184,11.955865665,47.876955267,0,1,#66c2a5,bicycle
6998,161158,"9,20032800121311E+018",9,1,88,117,2020,3,15,7,2,9,1,0,0,0,0,1,0,0,665984.6904,5315531.9532,11.223964857,47.971553226,0,4,#e78ac3,marker
6999,161161,"9,2004030071071E+018",9,7,61,0,2020,4,19,6,3,1,5,0,1,1,0,0,0,0,643849.8996,5357296.3099,10.941704133,48.352448201,0,1,#66c2a5,bicycle
7000,161165,"9,20032800121309E+018",9,1,88,124,2020,3,15,7,3,0,1,0,1,0,0,0,0,0,661284.9938,5319646.6992,11.162588322,48.009749678,0,1,#66c2a5,bicycle
7001,161167,"9,20032800120909E+018",9,1,79,145,2020,3,16,7,3,0,7,0,1,0,0,0,0,0,674131.7565,5337753.3331,11.342083956,48.16914945,0,1,#66c2a5,bicycle
7002,161172,"9,20032800120111E+018",9,1,74,113,2020,3,15,7,2,0,1,0,0,0,0,1,0,0,675503.2402,5347221.58,11.364431467,48.253884194,0,4,#e78ac3,marker
7003,161176,"9,20032800120109E+018",9,1,74,113,2020,3,15,7,3,5,2,0,1,1,0,0,0,0,675527243,5347491.1884,11.364866376,48.256301087,0,1,#66c2a5,bicycle
7004,161179,"9,20032800110709E+018",9,1,78,124,2020,3,16,7,3,0,1,0,1,0,0,0,0,0,700943386,5357993945,11.711922111,48.343137289,0,1,#66c2a5,bicycle
7005,161180,"9,20033000110909E+018",9,1,78,143,2020,3,18,2,3,4,1,0,1,1,0,0,0,0,717046.7322,5372693.7347,11.936567388,48.469885277,0,1,#66c2a5,bicycle
7006,161181,"9,2003270085821E+018",9,1,62,0,2020,3,17,6,3,3,2,0,1,1,0,0,0,0,689391.0041,5336101.5631,11.546384678,48.149940208,0,1,#66c2a5,bicycle
7007,161184,"9,20040300210914E+018",9,2,61,0,2020,4,15,6,3,4,2,0,0,1,0,1,0,0,732247313,5382344.41,12.147283462,48.551148011,0,2,#fc8d62,car
7008,161186,"9,2003270085821E+018",9,1,62,0,2020,3,13,6,3,5,3,0,0,1,0,0,0,0,689992.9601,5336288.9599,11.554553366,48.151445015,0,2,#fc8d62,car
7009,161187,"9,20040600145011E+018",9,1,63,0,2020,4,11,2,3,0,7,0,1,0,0,0,0,0,734196.8721,5304464386,12.130695567,47.850808089,0,1,#66c2a5,bicycle
7010,161189,"9,2003300011051E+018",9,1,77,120,2020,3,16,2,3,0,7,0,1,0,0,0,0,1,720962014,5361950.3539,11.983806056,48.372000602,0,1,#66c2a5,bicycle
7011,161190,"9,20040500131311E+018",9,1,86,146,2020,4,14,1,3,9,1,0,0,0,0,1,0,0,682734908,5371354.6016,11.472247385,48.468754523,0,4,#e78ac3,marker
7012,161191,"9,2003270085821E+018",9,1,62,0,2020,3,13,6,2,0,7,0,1,0,1,0,0,0,699576.7583,5335766.4799,11.683024487,48.143814668,0,1,#66c2a5,bicycle
7013,161192,"9,20040400120111E+018",9,1,74,113,2020,4,9,7,2,9,6,0,1,0,0,0,1,0,677370.1848,5350186.0254,11.390804116,48.280011633,0,1,#66c2a5,bicycle
7014,161196,"9,20040200858211E+018",9,1,62,0,2020,4,15,5,3,0,1,0,1,0,0,0,0,0,694190.8151,5334334.1282,11.610044156,48.132607985,0,1,#66c2a5,bicycle
7015,161198,"9,2003270085711E+018",9,1,62,0,2020,3,16,6,3,4,2,0,1,1,0,0,0,0,694332.0162,5340562.4637,11.614785083,48.188542459,0,1,#66c2a5,bicycle
7016,161199,"9,20040600121511E+018",9,1,81,138,2020,4,13,2,2,4,6,0,1,0,0,0,0,0,639755.0434,5335557321,10.879283039,48.157892408,0,1,#66c2a5,bicycle
7017,161202,"9,20040400858211E+018",9,1,62,0,2020,4,11,7,3,5,3,0,0,1,0,1,0,0,689114.3447,5333101.3696,11.541336775,48.123056462,0,2,#fc8d62,car
7018,161203,"9,20032700857109E+018",9,1,62,0,2020,3,17,6,3,5,3,0,0,1,0,0,0,0,689009.0482,5331959.3386,11.539417004,48.112822981,0,2,#fc8d62,car
7019,161204,"9,20040300854112E+018",9,1,62,0,2020,4,14,6,3,4,6,0,0,1,0,0,0,0,685715.0271,5332691.1316,11.49552305,48.12036972,0,2,#fc8d62,car
7020,161206,"9,20032700857109E+018",9,1,62,0,2020,3,13,6,3,0,7,0,0,1,1,0,0,0,691148.3528,5334291.6518,11.56917551,48.133147227,0,2,#fc8d62,car
7021,161215,"9,20040400710711E+018",9,7,61,0,2020,4,11,7,3,0,5,0,0,1,0,1,0,0,641563.5424,5362577.0447,10.912638946,48.400447015,0,2,#fc8d62,car
7022,161220,"9,20032700712709E+018",9,7,72,148,2020,3,13,6,3,1,6,0,1,1,0,0,0,0,627800.7279,5354347908,10.724284155,48.329386567,0,1,#66c2a5,bicycle
7023,161225,"9,2004010011031E+018",9,1,75,124,2020,4,13,4,3,0,7,0,1,0,0,0,0,0,712647.1806,5329134.4585,11.855212066,48.079986702,0,1,#66c2a5,bicycle
7024,161226,"9,20032700712509E+018",9,7,72,200,2020,3,10,6,3,5,3,0,1,1,0,0,0,0,630453.8593,5339113.2399,10.75536473,48.191846159,0,1,#66c2a5,bicycle
7025,161227,"9,20032900141309E+018",9,1,63,0,2020,3,11,1,3,9,7,0,0,1,0,0,0,0,731123.2008,5303705.2598,12.089264101,47.845100304,0,2,#fc8d62,car
7026,161228,"9,2003270071211E+018",9,7,71,146,2020,3,11,6,3,5,2,0,1,1,0,0,0,0,647385.7378,5347600.7555,10.986015143,48.264457447,0,1,#66c2a5,bicycle
7027,161231,"9,20040300110714E+018",9,1,78,113,2020,4,20,6,3,8,1,1,1,0,0,0,0,0,690981.4659,5367984.9526,11.58216378,48.436020808,0,1,#66c2a5,bicycle
7028,161232,"9,20033100140113E+018",9,1,87,122,2020,3,14,3,3,4,6,0,0,1,0,0,0,0,717786.7114,5308293.6516,11.913561662,47.890986624,0,2,#fc8d62,car
7029,161234,"9,20040600140111E+018",9,1,87,150,2020,4,17,2,3,2,2,0,1,1,0,0,0,0,728277.6769,5303920.8028,12.051399748,47.848053472,0,1,#66c2a5,bicycle
7030,161241,"9,2003280085821E+018",9,1,62,0,2020,3,16,7,3,4,6,0,1,1,0,0,0,0,689385.3548,5333199.9303,11.545018701,48.123861779,0,1,#66c2a5,bicycle
7031,161243,"9,20040400120911E+018",9,1,79,123,2020,4,16,7,3,0,1,0,1,0,0,0,0,0,676369.4984,5334475.7626,11.370796744,48.139069648,0,1,#66c2a5,bicycle
7032,161244,"9,20040200857117E+018",9,1,62,0,2020,4,18,5,3,3,7,0,0,1,0,1,0,0,691499.3387,5336956.6994,11.575086747,48.156994809,0,2,#fc8d62,car
7033,161245,"9,20040100711911E+018",9,7,72,125,2020,4,19,4,3,5,3,1,0,1,0,0,0,0,636746.0168,5347189.2438,10.842592419,48.263143349,0,2,#fc8d62,car
7034,161248,"9,20040500857111E+018",9,1,62,0,2020,4,11,1,3,5,2,0,1,1,0,0,0,0,691931.0171,5336080.8888,11.580490442,48.14899305,0,1,#66c2a5,bicycle
7035,161250,"9,2003280085821E+018",9,1,84,144,2020,3,12,7,3,3,6,0,1,1,0,0,0,0,688287079,5317276148,11.523268038,47.981059085,0,1,#66c2a5,bicycle
7036,161251,"9,20040400854611E+018",9,1,88,127,2020,4,12,7,3,6,4,0,0,1,1,0,0,0,679880.3914,5330029.6024,11.416072024,48.098120353,0,2,#fc8d62,car
7037,161252,"9,20040200857111E+018",9,1,62,0,2020,4,6,5,3,6,4,0,1,1,1,0,0,0,693490.6484,5334658.6755,11.600790959,48.135738158,0,1,#66c2a5,bicycle
7038,161253,"9,2003280085711E+018",9,1,62,0,2020,3,12,7,3,5,2,0,1,1,0,0,0,0,683368.3429,5335481.5071,11.465221222,48.146131556,0,1,#66c2a5,bicycle
7039,161254,"9,20040500110711E+018",9,1,78,124,2020,4,17,1,3,6,6,0,1,0,1,0,0,0,702765292,5363712.07,11.739237868,48.393940171,0,1,#66c2a5,bicycle
7040,161255,"9,20040200854711E+018",9,1,62,0,2020,4,18,5,3,5,2,0,0,1,0,0,0,0,692981.9461,5340991.0275,11.596833718,48.19280582,0,2,#fc8d62,car
7041,161257,"9,20040300858211E+018",9,1,62,0,2020,4,11,6,3,0,6,0,0,1,0,0,0,1,680564.4028,5336664.7498,11.428062172,48.157569621,0,2,#fc8d62,car
7042,161264,"9,20040200852311E+018",9,1,62,0,2020,4,14,5,3,5,3,0,1,1,0,0,0,0,692661.3756,5330941.9999,11.587976749,48.102584994,0,1,#66c2a5,bicycle
7043,161265,"9,20040300711111E+018",9,7,61,0,2020,4,13,6,3,5,3,0,0,1,0,0,0,0,639196.0938,5361663.2626,10.880367944,48.392757698,0,2,#fc8d62,car
7044,161271,"9,20032800857109E+018",9,1,62,0,2020,3,17,7,3,5,3,0,1,1,0,0,0,0,691700.4135,5332890.8025,11.575957752,48.120390517,0,1,#66c2a5,bicycle
7045,161275,"9,20040200851211E+018",9,1,62,0,2020,4,10,5,3,0,7,0,1,0,0,0,0,0,692215615,5336366.7718,11.584441892,48.151476571,0,1,#66c2a5,bicycle
7046,161280,"9,20032800857109E+018",9,1,62,0,2020,3,12,7,3,3,3,0,1,1,0,0,0,0,686762.1197,5339508.4352,11.512570614,48.181339421,0,1,#66c2a5,bicycle
7047,161292,"9,20040200111311E+018",9,1,75,132,2020,4,9,5,3,0,7,0,1,0,0,0,0,0,707647.5372,5331861.7978,11.78949162,48.10614327,0,1,#66c2a5,bicycle
7048,161296,"9,20040400120112E+018",9,1,74,131,2020,4,14,7,3,0,1,0,1,0,0,0,0,0,676270357,5357503.62,11.379050194,48.346096191,0,1,#66c2a5,bicycle
7049,161301,"9,20040200858212E+018",9,1,62,0,2020,4,15,5,3,8,1,0,1,0,0,0,0,0,690441191,5330212.1252,11.557858848,48.096692336,0,1,#66c2a5,bicycle
7050,161302,"9,2003300085261E+018",9,1,84,130,2020,3,15,2,3,3,2,0,1,1,0,0,0,0,698843656,5344769.5261,11.677393685,48.22495529,0,1,#66c2a5,bicycle
7051,161305,"9,20040200111111E+018",9,1,78,120,2020,4,18,5,3,0,1,0,1,0,0,0,0,0,694302.5083,5353117.4617,11.620149272,48.301388331,0,1,#66c2a5,bicycle
7052,161306,"9,2003280075011E+018",9,7,78,203,2020,3,11,7,3,0,1,0,1,0,0,0,0,0,620600.9237,5322660.3512,10.618187985,48.045826485,0,1,#66c2a5,bicycle
7053,161307,"9,20040400858211E+018",9,1,62,0,2020,4,11,7,3,6,4,0,0,1,1,0,0,0,694610.2116,5333645.9715,11.615360748,48.126295011,0,2,#fc8d62,car
7054,161309,"9,20040300854611E+018",9,1,84,120,2020,4,11,6,3,3,6,0,1,1,0,0,0,0,680347.9151,5332191.1636,11.423259544,48.1174184,0,1,#66c2a5,bicycle
7055,161316,"9,20040200712311E+018",9,7,72,171,2020,4,17,5,3,5,3,0,0,1,0,0,0,1,634658.7209,5371576.4792,10.822292651,48.482882067,0,2,#fc8d62,car
7056,161319,"9,20032800715014E+018",9,7,71,144,2020,3,14,7,3,5,6,0,1,0,0,0,0,0,661900.5971,5373014.7196,11.191248247,48.489386889,0,1,#66c2a5,bicycle
7057,161320,"9,20040400711911E+018",9,7,72,125,2020,4,17,7,3,3,2,0,1,0,0,0,0,0,634332.8172,5348119.4999,10.81038814,48.272024795,0,1,#66c2a5,bicycle
7058,161321,"9,20040300750114E+018",9,7,78,203,2020,4,15,6,3,4,3,0,1,1,0,0,0,0,622111.8281,5323436.9075,10.638673919,48.052523121,0,1,#66c2a5,bicycle
7059,161323,"9,20032700140117E+018",9,1,87,150,2020,3,10,6,3,9,1,0,0,1,0,0,0,0,729767.0224,5304599.8443,12.071639011,47.853623754,0,2,#fc8d62,car
7060,161324,"9,20032800711309E+018",9,7,61,0,2020,3,15,7,3,0,7,0,1,0,0,0,0,0,638482.9319,5360355.7058,10.870308357,48.381157449,0,1,#66c2a5,bicycle
7061,161325,"9,2003270014011E+018",9,1,87,122,2020,3,11,6,2,5,3,0,1,0,0,0,1,0,717684652,5307185.65,11.911639612,47.881065035,0,1,#66c2a5,bicycle
7062,161330,"9,2003270011131E+018",9,1,75,118,2020,3,11,6,2,0,7,0,1,0,0,0,0,0,715862.2709,5340067.9364,11.903861843,48.177148597,0,1,#66c2a5,bicycle
7063,161332,"9,20040300710614E+018",9,7,61,0,2020,4,13,6,3,5,2,0,1,1,0,0,0,0,641237.8526,5352213.4146,10.904763411,48.30733399,0,1,#66c2a5,bicycle
7064,161333,"9,20040100120111E+018",9,1,74,131,2020,4,18,4,3,4,6,0,0,1,0,0,0,1,669619.1448,5361062.9791,11.29079253,48.379913745,0,2,#fc8d62,car
7065,161334,"9,2003270011051E+018",9,1,77,117,2020,3,13,6,3,9,3,0,1,1,0,0,0,0,714353.7396,5355010.4428,11.891158527,48.311923076,0,1,#66c2a5,bicycle
7066,161335,"9,2003280071071E+018",9,7,61,0,2020,3,15,7,3,4,6,0,1,1,0,0,0,0,641264.3249,5360418.7136,10.907872737,48.38110733,0,1,#66c2a5,bicycle
7067,161336,"9,20032600858214E+018",9,1,62,0,2020,3,10,5,3,0,7,0,0,0,0,0,0,1,690702.2387,5331023.2095,11.561723809,48.103904319,0,6,#ffd92f,circle
7068,161339,"9,2004020071071E+018",9,7,61,0,2020,4,20,5,3,0,7,2,1,0,0,0,0,0,641652.9556,5362072.3722,10.913676028,48.395889151,0,1,#66c2a5,bicycle
7069,161340,"9,20040300120911E+018",9,1,79,123,2020,4,16,6,3,5,3,0,0,1,0,1,0,0,676712605,5332165584,11.374446745,48.118207687,0,2,#fc8d62,car
7070,161342,"9,2003260085411E+018",9,1,62,0,2020,3,16,5,3,0,7,0,0,1,0,1,0,0,686494.3468,5334868182,11.50693751,48.13971006,0,2,#fc8d62,car
7071,161344,"9,20040200110311E+018",9,1,75,122,2020,4,15,5,3,1,5,0,0,1,0,0,0,0,721230.4445,5325010.1429,11.968169361,48.040009896,0,2,#fc8d62,car
7072,161346,"9,20040500111112E+018",9,1,78,145,2020,4,0,1,3,1,1,2,0,1,0,0,0,0,697075115,5355855.5227,11.658775081,48.325137812,0,2,#fc8d62,car
7073,161347,"9,20040100857111E+018",9,1,62,0,2020,4,16,4,2,5,3,0,0,1,0,1,0,0,691602.3027,5332678.3473,11.574545303,48.118510521,0,2,#fc8d62,car
7074,161352,"9,20040200858211E+018",9,1,62,0,2020,4,17,5,2,0,1,0,1,0,0,0,0,0,689507.1264,5338463.7488,11.548996639,48.171137006,0,1,#66c2a5,bicycle
7075,161353,"9,2003300071071E+018",9,7,61,0,2020,3,16,2,2,0,1,0,1,0,0,0,0,0,644526.9217,5358135.1268,10.951125238,48.359835767,0,1,#66c2a5,bicycle
7076,161355,"9,20040500858211E+018",9,1,62,0,2020,4,17,1,3,0,4,0,1,0,1,0,0,0,701239.2909,5331067.6121,11.703131054,48.101062444,0,1,#66c2a5,bicycle
7077,161356,"9,20040100857111E+018",9,1,62,0,2020,4,21,4,3,3,2,2,1,1,0,0,0,0,687635.1357,5329151.5269,11.519742088,48.087991735,0,1,#66c2a5,bicycle
7078,161358,"9,20040400857111E+018",9,1,62,0,2020,4,23,7,2,1,7,2,1,1,0,0,0,0,685587.7887,5333112.1199,11.493998259,48.124190856,0,1,#66c2a5,bicycle
7079,161359,"9,20040300852411E+018",9,1,62,0,2020,4,20,6,3,3,2,2,1,1,0,0,0,0,695114.1963,5333884.3804,11.622235583,48.128283459,0,1,#66c2a5,bicycle
7080,161361,"9,2003260071271E+018",9,7,72,167,2020,3,14,5,3,0,7,0,1,0,0,0,0,0,623482.6947,5357155.5315,10.666874663,48.355493502,0,1,#66c2a5,bicycle
7081,161363,"9,20040400110911E+018",9,1,78,143,2020,4,13,7,3,0,3,0,0,1,0,0,0,0,719016.3664,5372762.1385,11.963214739,48.469817194,0,2,#fc8d62,car
7082,161368,"9,20040500710717E+018",9,7,61,0,2020,4,15,1,3,0,6,0,0,1,0,0,0,1,642448.2869,5361462.3066,10.92420744,48.390224584,0,2,#fc8d62,car
7083,161370,"9,20040400710611E+018",9,7,61,0,2020,4,15,7,3,0,1,0,1,0,0,0,0,0,637071.6901,5352925.1783,10.848839786,48.314650762,0,1,#66c2a5,bicycle