fid,OBJECTID,UIDENTSTLA,ULAND,UREGBEZ,UKREIS,UGEMEINDE,UJAHR,UMONAT,USTUNDE,UWOCHENTAG,UKATEGORIE,UART,UTYP1,ULICHTVERH,IstRad,IstPKW,IstFuss,IstKrad,IstGkfz,IstSonstig,LINREFX,LINREFY,XGCSWGS84,YGCSWGS84,STRZUSTAND,Teilnehmer,color,symbol
7084,161371,"9,20040300717312E+018",9,7,72,147,2020,4,12,6,3,0,1,0,1,0,0,0,0,0,639031.7209,5365037.3607,10.879266578,48.423132848,0,1,#66c2a5,bicycle
7085,161382,"9,20033100858209E+018",9,1,62,0,2020,3,7,3,3,5,3,0,1,1,0,0,0,0,694807.9085,5336706037,11.619414423,48.153737065,0,1,#66c2a5,bicycle
7086,161388,"9,20040100854411E+018",9,1,62,0,2020,4,14,4,3,0,7,0,1,0,0,0,0,0,687108.4436,5339175.9169,11.517078752,48.178248784,0,1,#66c2a5,bicycle
7087,161389,"9,20040300110311E+018",9,1,75,124,2020,4,12,6,2,0,1,0,1,0,0,0,0,0,714389825,5328874728,11.878449755,48.07706935,0,1,#66c2a5,bicycle
7088,161395,"9,20040100857111E+018",9,1,62,0,2020,4,13,4,3,5,3,0,1,0,0,0,0,1,695672.5549,5330907.6189,11.628365689,48.101358357,0,1,#66c2a5,bicycle
7089,161397,"9,20040500141311E+018",9,1,63,0,2020,4,13,1,3,0,7,0,1,0,0,0,0,0,732437.8109,5307825.6351,12.109023834,47.881644486,0,1,#66c2a5,bicycle
7090,161399,"9,20040400120711E+018",9,1,88,127,2020,4,14,7,1,4,7,0,0,1,0,0,0,1,676730.7245,5331361199,11.374356647,48.110971823,0,2,#fc8d62,car
7091,161401,"9,20040100710419E+018",9,7,61,0,2020,4,20,4,3,6,7,0,1,0,1,0,0,0,640679.3093,5358865.0416,10.899456339,48.367267982,0,1,#66c2a5,bicycle
7092,161403,"9,2003260021091E+018",9,2,74,194,2020,3,7,5,3,4,6,0,0,1,0,0,0,0,723354.9334,5380875.9441,12.026170296,48.541185007,0,2,#fc8d62,car
7093,161404,"9,20040500751311E+018",9,7,78,134,2020,4,14,1,2,0,1,0,0,0,0,0,0,1,617303.6319,5340596.6715,10.578901156,48.207752675,0,6,#ffd92f,circle
7094,161405,"9,2004020085821E+018",9,1,62,0,2020,4,8,5,3,0,5,0,1,0,0,0,0,1,691922.9751,5337295.4752,11.580930206,48.159911946,0,1,#66c2a5,bicycle
7095,161406,"9,20040700851411E+018",9,1,62,0,2020,4,8,3,3,5,2,0,1,1,0,0,0,0,689309.4195,5333002.8236,11.543911768,48.122112745,0,1,#66c2a5,bicycle
7096,161408,"9,20040700858211E+018",9,1,84,127,2020,4,17,3,3,5,3,0,1,1,0,0,0,0,702650.1099,5321262528,11.717415431,48.012497513,0,1,#66c2a5,bicycle
7097,161415,"9,20040900851111E+018",9,1,62,0,2020,4,16,5,3,6,2,0,0,1,1,0,0,0,690953.8868,5334322.6799,11.566578371,48.13348448,0,2,#fc8d62,car
7098,161417,"9,20040900120911E+018",9,1,79,145,2020,4,16,5,3,0,1,0,1,0,0,0,0,0,674915.9012,5338208.8162,11.352808947,48.173028633,0,1,#66c2a5,bicycle
7099,161419,"9,20041100120111E+018",9,1,74,115,2020,4,16,7,2,4,2,0,0,1,0,1,0,0,683489.2827,5348437571,11.472447324,48.262552243,0,2,#fc8d62,car
7100,161424,"9,20040700715012E+018",9,7,61,0,2020,4,16,3,3,0,1,0,1,0,0,0,0,0,640810.2435,5351091.0129,10.898625431,48.297336956,0,1,#66c2a5,bicycle
7101,161426,"9,20040700710612E+018",9,7,61,0,2020,4,12,3,3,3,1,0,1,1,0,0,0,0,641007.9798,5351428.2136,10.90140273,48.300324948,0,1,#66c2a5,bicycle
7102,161427,"9,20040900110913E+018",9,1,78,116,2020,4,17,5,3,0,1,0,1,0,0,0,0,0,702136.2237,5382564.2272,11.739864134,48.563550804,0,1,#66c2a5,bicycle
7103,161429,"9,20041000858211E+018",9,1,62,0,2020,4,17,6,2,0,1,0,1,0,0,0,0,0,690435.5311,5330178.7336,11.557768011,48.096393902,0,1,#66c2a5,bicycle
7104,161433,"9,20040700858211E+018",9,1,62,0,2020,4,8,3,3,0,1,0,0,0,0,1,0,0,692341.5141,5337784.4034,11.586773742,48.164179846,0,4,#e78ac3,marker
7105,161434,"9,20041100858211E+018",9,1,62,0,2020,4,17,7,3,2,6,0,0,1,0,0,0,0,689961.5852,5343155.9389,11.557201962,48.213174382,0,2,#fc8d62,car
7106,161441,"9,20040800858211E+018",9,1,62,0,2020,4,20,4,3,0,7,2,1,0,0,0,0,0,688991.2778,5335567744,11.540778812,48.145261083,0,1,#66c2a5,bicycle
7107,161442,"9,20041000854211E+018",9,1,62,0,2020,4,17,6,3,4,6,0,1,0,0,0,0,0,687434.4748,5335427.3539,11.519808596,48.144459803,0,1,#66c2a5,bicycle
7108,161443,"9,20041000125014E+018",9,1,79,119,2020,4,14,6,2,0,1,0,0,0,0,1,0,0,669162.9405,5339262.4809,11.275909217,48.18405824,0,4,#e78ac3,marker
7109,161446,"9,20040700858211E+018",9,1,62,0,2020,4,17,3,3,5,3,0,1,1,0,0,0,0,688587629,5335868855,11.535491102,48.148087294,0,1,#66c2a5,bicycle
7110,161449,"9,20040800712114E+018",9,7,71,142,2020,4,19,4,3,0,1,2,0,1,0,0,0,0,647588438,5351157.9,10.989987139,48.296393666,0,2,#fc8d62,car
7111,161454,"9,20041000110311E+018",9,1,75,122,2020,4,12,6,2,0,1,0,1,0,0,0,0,0,721162.3599,5323113.8823,11.966278336,48.022995459,0,1,#66c2a5,bicycle
7112,161457,"9,20040700858211E+018",9,1,84,135,2020,4,10,3,3,0,6,0,1,1,0,0,0,0,691409.0982,5347235.5981,11.578510211,48.249406279,0,1,#66c2a5,bicycle
7113,161458,"9,20041100712511E+018",9,7,72,149,2020,4,18,7,2,3,2,0,0,1,0,1,0,0,635381.8926,5338910.3126,10.821576656,48.188989944,0,2,#fc8d62,car
7114,161459,"9,20041100141311E+018",9,1,63,0,2020,4,12,7,3,2,6,0,0,1,0,0,0,0,733615.2286,5303386.1648,12.122350244,47.841332931,0,2,#fc8d62,car
7115,161466,"9,20040900120911E+018",9,1,88,121,2020,4,12,5,3,0,1,0,1,0,0,0,0,0,670561.0073,5329909.9504,11.290957038,48.0996075,0,1,#66c2a5,bicycle
7116,161469,"9,20040900858211E+018",9,1,62,0,2020,4,7,5,3,3,2,0,1,0,0,0,1,0,690152.6688,5334740.6807,11.556007061,48.137481364,0,1,#66c2a5,bicycle
7117,161472,"9,20041100710411E+018",9,7,61,0,2020,4,12,7,3,0,1,0,1,0,0,0,0,0,639237.5689,5359450.8918,10.880194854,48.372855494,0,1,#66c2a5,bicycle
7118,161479,"9,20040900110111E+018",9,1,77,115,2020,4,14,5,3,0,1,0,0,0,0,1,0,0,731709321,5351147.94,12.122780496,48.271106247,0,4,#e78ac3,marker
7119,161480,"9,20041000857111E+018",9,1,62,0,2020,4,13,6,2,0,7,0,1,0,0,0,0,0,689211.3735,5329026287,11.540832332,48.086400142,0,1,#66c2a5,bicycle
7120,161481,"9,20041000858212E+018",9,1,62,0,2020,4,14,6,3,5,3,0,1,1,0,0,0,0,685414.1151,5341698.9038,11.495409719,48.201422916,0,1,#66c2a5,bicycle
7121,161488,"9,20040800857111E+018",9,1,62,0,2020,4,15,4,3,5,3,0,1,1,0,0,0,0,693887803,5331329.09,11.604609358,48.105692018,0,1,#66c2a5,bicycle
7122,161489,"9,20041000854111E+018",9,1,62,0,2020,4,13,6,3,0,7,0,1,1,0,0,0,0,683638.1766,5332216.0413,11.467437995,48.116701679,0,1,#66c2a5,bicycle
7123,161490,"9,20041000121512E+018",9,1,81,113,2020,4,17,6,3,3,6,0,1,0,0,0,0,0,639507306,5307704545,10.866881657,47.907485443,0,1,#66c2a5,bicycle
7124,161493,"9,20040700858211E+018",9,1,62,0,2020,4,13,3,3,2,6,0,0,1,0,1,0,0,688761.3496,5332406.0127,11.536290156,48.116911228,0,2,#fc8d62,car
7125,161498,"9,20040700858211E+018",9,1,62,0,2020,4,1,3,2,0,7,2,1,0,0,0,0,0,692561008,5335465692,11.588673396,48.14327341,0,1,#66c2a5,bicycle
7126,161499,"9,20041100857111E+018",9,1,84,139,2020,4,16,7,2,0,1,0,1,0,0,0,0,0,687651.5043,5326806.6116,11.518931982,48.066909982,0,1,#66c2a5,bicycle
7127,161502,"9,20041000750113E+018",9,7,78,216,2020,4,12,6,2,0,1,0,1,0,0,0,0,0,623110.1863,5320224.5599,10.651141993,48.023441419,0,1,#66c2a5,bicycle
7128,161504,"9,20040900858212E+018",9,1,62,0,2020,4,16,5,3,3,6,0,1,1,0,0,0,0,690557.7662,5337020.5308,11.562467203,48.157851366,0,1,#66c2a5,bicycle
7129,161506,"9,20040900210912E+018",9,2,61,0,2020,4,18,5,3,0,1,0,0,0,0,1,0,0,732779.8739,5380411.6363,12.153409308,48.533589113,0,4,#e78ac3,marker
7130,161507,"9,20040700857112E+018",9,1,62,0,2020,4,17,3,3,3,2,0,1,1,0,0,0,0,683511449,5337559.1977,11.468039339,48.164765797,0,1,#66c2a5,bicycle
7131,161508,"9,20041100712112E+018",9,7,71,142,2020,4,16,7,2,0,1,0,1,0,0,0,0,0,644720.8483,5351209.6074,10.951363668,48.297520954,0,1,#66c2a5,bicycle
7132,161517,"9,20040700210913E+018",9,2,61,0,2020,4,15,3,3,3,6,0,1,1,0,0,0,0,730482024,5380364.7882,12.122303411,48.534016223,0,1,#66c2a5,bicycle
7133,161519,"9,20040900854211E+018",9,1,62,0,2020,4,12,5,3,5,3,0,0,1,0,1,0,0,687883.9733,5337217.1158,11.526635535,48.160413938,0,2,#fc8d62,car
7134,161523,"9,20041100121511E+018",9,1,81,113,2020,4,16,7,3,2,6,0,1,0,0,0,0,0,638299269,5308320756,10.850922163,47.913288419,0,1,#66c2a5,bicycle
7135,161530,"9,20040900730311E+018",9,7,73,182,2020,4,16,5,3,0,1,0,1,0,0,0,0,0,623496.6539,5379771.4134,10.673736839,48.558867265,0,1,#66c2a5,bicycle
7136,161532,"9,20040900111311E+018",9,1,75,118,2020,4,12,5,3,0,7,0,0,0,0,1,0,0,716356.4065,5338891.6614,11.909901708,48.166411387,0,4,#e78ac3,marker
7137,161534,"9,20041000858211E+018",9,1,62,0,2020,4,15,6,3,0,1,0,1,0,0,0,0,0,692091699,5337408441,11.583247778,48.160876309,0,1,#66c2a5,bicycle
7138,161535,"9,20040800160911E+018",9,1,73,126,2020,4,16,4,3,5,3,0,0,1,0,0,0,0,681941.6619,5306714.9958,11.433851126,47.887959247,0,2,#fc8d62,car
7139,161540,"9,20040700857112E+018",9,1,62,0,2020,4,18,3,3,6,4,0,1,0,1,0,0,0,690164.7418,5333818.0853,11.555757373,48.129185455,0,1,#66c2a5,bicycle
7140,161541,"9,20041100858211E+018",9,1,62,0,2020,4,22,7,3,3,6,2,0,1,0,0,0,0,687316.3029,5330307.7372,11.515972026,48.098477937,0,2,#fc8d62,car
7141,161544,"9,20040800854112E+018",9,1,62,0,2020,4,9,4,3,0,7,0,1,0,0,0,0,0,685629.7776,5334244.1243,11.495055089,48.134353574,0,1,#66c2a5,bicycle
7142,161547,"9,20040700121911E+018",9,1,88,141,2020,4,18,3,3,0,1,0,1,0,0,0,0,0,667816.4867,5312782.4315,11.247416068,47.946356458,0,1,#66c2a5,bicycle
7143,161548,"9,20040800858211E+018",9,1,62,0,2020,4,11,4,3,0,7,0,1,1,0,0,0,0,696604.3774,5333657.6815,11.642136281,48.125787531,0,1,#66c2a5,bicycle
7144,161549,"9,20041000854712E+018",9,1,62,0,2020,4,19,6,3,2,6,1,0,1,0,0,0,0,692022.7872,5340985.8531,11.583938251,48.193050027,0,2,#fc8d62,car
7145,161550,"9,20041000131312E+018",9,1,86,146,2020,4,12,6,3,9,1,0,0,1,0,0,0,0,683580.4175,5370951.5593,11.48349838,48.464885791,0,2,#fc8d62,car
7146,161551,"9,20040700121711E+018",9,1,79,126,2020,4,18,3,3,5,7,0,1,1,0,0,0,0,676665.4615,5339869.5978,11.377011991,48.187473732,0,1,#66c2a5,bicycle
7147,161553,"9,20040700857111E+018",9,1,62,0,2020,4,15,3,3,5,6,0,1,0,0,0,0,1,693591.1922,5333958.86,11.60182299,48.129417855,0,1,#66c2a5,bicycle
7148,161554,"9,20041100854112E+018",9,1,62,0,2020,4,14,7,3,5,3,0,1,0,0,0,0,1,686527.0688,5334875.4339,11.507380113,48.139765652,0,1,#66c2a5,bicycle
7149,161557,"9,20040800712311E+018",9,7,72,184,2020,4,17,4,3,8,1,0,0,1,0,0,0,0,635486.3028,5360971864,10.830057181,48.387348611,0,2,#fc8d62,car
7150,161560,"9,20040900858211E+018",9,1,62,0,2020,4,9,5,3,2,6,0,0,1,0,1,0,0,691241.3648,5339896.3846,11.572943629,48.183493867,0,2,#fc8d62,car
7151,161561,"9,20041000111112E+018",9,1,78,145,2020,4,17,6,3,1,1,0,1,1,0,0,0,0,697361629,5354951242,11.662212951,48.316921702,0,1,#66c2a5,bicycle
7152,161562,"9,20040700120111E+018",9,1,74,115,2020,4,9,3,3,2,6,0,0,1,0,0,0,0,685243.0653,5347592.2118,11.495685606,48.254443621,0,2,#fc8d62,car
7153,161564,"9,20040700857111E+018",9,1,62,0,2020,4,19,3,3,5,3,0,1,1,0,0,0,0,695937834,5332822755,11.632804786,48.118489137,0,1,#66c2a5,bicycle
7154,161569,"9,20040600858212E+018",9,1,62,0,2020,4,18,2,3,1,7,0,0,1,0,1,0,0,691789.9438,5339993.3114,11.580360157,48.18419966,0,2,#fc8d62,car
7155,161570,"9,20040600858211E+018",9,1,62,0,2020,4,9,2,3,5,2,0,1,1,0,0,0,0,691306.9473,5340005.0905,11.573873993,48.184451151,0,1,#66c2a5,bicycle
7156,161572,"9,20040600858211E+018",9,1,62,0,2020,4,14,2,3,0,7,0,0,0,1,0,0,1,692307.5204,5334511147,11.584838266,48.134770819,0,3,#8da0cb,toilet
7157,161573,"9,20040900120911E+018",9,1,79,145,2020,4,18,5,3,0,1,0,1,0,0,0,0,0,674182.9431,5338037.3937,11.342888198,48.171688957,0,1,#66c2a5,bicycle
7158,161575,"9,20041100110711E+018",9,1,78,129,2020,4,17,7,3,9,1,0,0,1,0,0,0,0,711694426,5371890.0357,11.86384123,48.464487877,0,2,#fc8d62,car
7159,161578,"9,20040600858211E+018",9,1,62,0,2020,4,12,2,3,0,7,0,1,0,0,0,0,0,690447485,5336491.0194,11.560748781,48.153125184,0,1,#66c2a5,bicycle
7160,161580,"9,20041100710611E+018",9,7,61,0,2020,4,15,7,3,2,1,0,0,1,0,0,0,0,638642.7043,5354953.7017,10.870685253,48.332548507,0,2,#fc8d62,car
7161,161584,"9,20040600858211E+018",9,1,62,0,2020,4,10,2,3,2,6,0,0,1,0,0,0,1,692266.7262,5338129.8514,11.585925164,48.167307269,0,2,#fc8d62,car
7162,161586,"9,20040600854411E+018",9,1,62,0,2020,4,11,2,3,5,3,0,0,1,0,0,0,0,687490.7178,5338925.9457,11.522105865,48.175889321,0,2,#fc8d62,car
7163,161587,"9,20040900110712E+018",9,1,78,137,2020,4,15,5,3,6,4,0,0,1,1,0,0,0,693867.4345,5364595.3265,11.619574594,48.404676079,0,2,#fc8d62,car
7164,161588,"9,20041000858211E+018",9,1,84,147,2020,4,13,6,3,0,1,0,1,0,0,0,0,0,698557.9688,5342244.8505,11.67236954,48.202355381,0,1,#66c2a5,bicycle
7165,161590,"9,20040600854411E+018",9,1,62,0,2020,4,13,2,3,3,6,0,0,0,0,1,0,1,686751.7063,5337289.0082,11.511455761,48.161393693,0,4,#e78ac3,marker
7166,161592,"9,20040600854211E+018",9,1,62,0,2020,4,15,2,3,0,7,0,1,0,0,0,0,0,688990.6882,5335469.0832,11.5407271,48.144374484,0,1,#66c2a5,bicycle
7167,161595,"9,20040600852711E+018",9,1,84,121,2020,4,15,2,2,0,7,0,1,0,0,0,0,0,705313.4212,5329776.7233,11.757170688,48.088162038,0,1,#66c2a5,bicycle
7168,161596,"9,20040800857112E+018",9,1,62,0,2020,4,20,4,2,5,3,2,0,1,0,1,0,0,690786.6213,5339771161,11.566775702,48.182505094,0,2,#fc8d62,car
7169,161597,"9,20041000854211E+018",9,1,62,0,2020,4,12,6,3,1,6,0,0,1,0,1,0,0,690325.0638,5335889.8189,11.55883559,48.14775826,0,2,#fc8d62,car
7170,161598,"9,20040800115011E+018",9,1,77,117,2020,4,18,4,3,4,1,0,1,0,0,0,0,0,715740.2509,5355622.7107,11.91014761,48.316952982,0,1,#66c2a5,bicycle
7171,161599,"9,20041000121911E+018",9,1,88,139,2020,4,11,6,3,3,6,0,1,0,0,0,0,0,676126.4523,5318317.7315,11.360876743,47.993885738,0,1,#66c2a5,bicycle
7172,161602,"9,20040700854111E+018",9,1,62,0,2020,4,18,3,3,5,2,0,0,1,0,0,0,0,686209.4764,5334361.9188,11.502890627,48.135243006,0,2,#fc8d62,car
7173,161604,"9,20041100161911E+018",9,1,73,120,2020,4,15,7,2,2,6,0,1,0,0,0,0,0,684590.1759,5313091.2204,11.471976949,47.944518629,0,1,#66c2a5,bicycle
7174,161605,"9,20040800711111E+018",9,7,61,0,2020,4,6,4,3,4,2,1,1,1,0,0,0,0,637938.8322,5360924.6712,10.863150735,48.386392684,0,1,#66c2a5,bicycle
7175,161607,"9,20040700852911E+018",9,1,62,0,2020,4,16,3,3,5,3,0,1,1,0,0,0,0,688750.2877,5330055.0597,11.535101648,48.095783673,0,1,#66c2a5,bicycle
7176,161608,"9,20041100857113E+018",9,1,62,0,2020,4,10,7,3,0,2,0,0,1,1,0,0,0,689077.0294,5334920.9228,11.541643269,48.139421909,0,2,#fc8d62,car
7177,161612,"9,20040900858212E+018",9,1,84,123,2020,4,13,5,3,6,4,0,0,0,1,0,0,1,702464.2704,5331843.4152,11.719934415,48.107646438,0,3,#8da0cb,toilet
7178,161615,"9,20040700852613E+018",9,1,84,130,2020,4,16,3,3,5,3,0,1,0,0,0,0,0,699972.1188,5347742.8487,11.693974399,48.251321448,0,1,#66c2a5,bicycle
7179,161616,"9,20041100712312E+018",9,7,72,147,2020,4,15,7,3,0,1,0,0,0,0,1,0,0,638045.2107,5365333764,10.866037077,48.426014982,0,4,#e78ac3,marker
7180,161620,"9,20040600712312E+018",9,7,72,171,2020,4,13,2,3,5,3,0,1,1,0,0,0,0,637591.1377,5369497.5978,10.861270463,48.463554436,0,1,#66c2a5,bicycle
7181,161625,"9,20040900857111E+018",9,1,62,0,2020,4,11,5,3,5,2,0,0,1,0,0,0,1,693501.9734,5335487.1177,11.60131941,48.143180492,0,2,#fc8d62,car
7182,161627,"9,20040900140112E+018",9,1,87,117,2020,4,11,5,3,0,1,0,0,0,0,1,0,0,725662.54,5304562.8366,12.016828317,47.854745383,0,4,#e78ac3,marker
7183,161635,"9,20040800858212E+018",9,1,62,0,2020,4,20,4,3,5,2,2,0,1,0,0,0,0,693930.3809,5331209.5971,11.605126411,48.104605091,0,2,#fc8d62,car
7184,161637,"9,20040900120111E+018",9,1,74,115,2020,4,16,5,3,5,7,0,1,1,0,0,0,0,682211.1194,5346523.4948,11.454416989,48.245716414,0,1,#66c2a5,bicycle
7185,161639,"9,20041000858212E+018",9,1,62,0,2020,4,14,6,3,0,1,0,1,0,0,0,0,0,692497.7882,5334497.4058,11.587386776,48.134589795,0,1,#66c2a5,bicycle
7186,161644,"9,20041100858214E+018",9,1,62,0,2020,4,15,7,3,2,6,0,0,1,0,0,0,0,693483.9111,5331608.1245,11.599315974,48.108322704,0,2,#fc8d62,car
7187,161647,"9,20040800854711E+018",9,1,62,0,2020,4,13,4,2,0,7,0,1,0,0,0,0,0,692861.9704,5342448.9291,11.595883346,48.205945345,0,1,#66c2a5,bicycle
7188,161648,"9,20041000852611E+018",9,1,84,130,2020,4,10,6,3,0,1,0,1,0,0,0,0,0,698305.1771,5345672.2839,11.670573738,48.233236956,0,1,#66c2a5,bicycle
7189,161649,"9,20041000120911E+018",9,1,79,123,2020,4,11,6,3,0,1,0,1,0,0,0,0,0,677562723,5333851.2045,11.386561592,48.133123539,0,1,#66c2a5,bicycle
7190,161650,"9,20041000855112E+018",9,1,62,0,2020,4,15,6,3,0,7,0,1,0,0,0,0,0,691899.5259,5335950.1904,11.580008574,48.147827857,0,1,#66c2a5,bicycle
7191,161651,"9,20041000140111E+018",9,1,87,122,2020,4,14,6,3,7,5,0,1,0,0,0,0,0,720225.5113,5306744.2351,11.94535367,47.876232341,0,1,#66c2a5,bicycle
7192,161654,"9,20040700851413E+018",9,1,62,0,2020,4,16,3,2,6,4,0,0,1,1,0,0,0,690472.1929,5333595.7347,11.559785772,48.127095045,0,2,#fc8d62,car
7193,161655,"9,20041100857111E+018",9,1,84,112,2020,4,19,7,3,9,1,0,0,1,0,0,0,0,702492.5042,5339137.7637,11.723781397,48.173190325,0,2,#fc8d62,car
7194,161657,"9,20040700858214E+018",9,1,62,0,2020,4,16,3,3,0,1,0,1,0,0,0,0,0,688285.2898,5335728.5254,11.531368316,48.146915551,0,1,#66c2a5,bicycle
7195,161658,"9,20040800712711E+018",9,7,72,141,2020,4,16,4,3,5,3,0,1,1,0,0,0,0,622284.1653,5352235.1943,10.649274888,48.311478517,0,1,#66c2a5,bicycle
7196,161660,"9,20040700858212E+018",9,1,62,0,2020,4,6,3,3,3,6,0,0,1,0,0,0,1,690140.2545,5334452.8426,11.555711881,48.134897981,0,2,#fc8d62,car
7197,161661,"9,20040900858211E+018",9,1,62,0,2020,4,12,5,3,1,1,0,0,1,0,0,0,0,689589.0928,5330713.6213,11.546648621,48.101453926,0,2,#fc8d62,car
7198,161663,"9,20040900210912E+018",9,2,61,0,2020,4,6,5,3,1,7,1,1,1,0,0,0,0,732188793,5380597.0767,12.145517961,48.535473802,0,1,#66c2a5,bicycle
7199,161664,"9,20041100710611E+018",9,7,61,0,2020,4,14,7,3,0,1,0,1,0,0,0,0,0,638850.2949,5355536.9415,10.8736769,48.337747331,0,1,#66c2a5,bicycle
7200,161668,"9,20041700858211E+018",9,1,62,0,2020,4,13,6,3,5,3,0,1,1,0,0,0,0,691032.73,5339469.8933,11.56994787,48.179723398,0,1,#66c2a5,bicycle
7201,161674,"9,20041700711312E+018",9,7,61,0,2020,4,13,6,3,5,3,0,1,1,0,0,0,0,638514.4828,5358282.8319,10.870051381,48.362511649,0,1,#66c2a5,bicycle
7202,161688,"9,20041600210917E+018",9,2,74,113,2020,4,10,5,3,6,4,0,0,1,1,0,1,0,728719102,5382073044,12.099395582,48.55000662,0,2,#fc8d62,car
7203,161692,"9,20041700857112E+018",9,1,62,0,2020,4,13,6,3,3,6,0,1,0,0,0,0,1,693209.2069,5336177.4894,11.597701141,48.14947432,0,1,#66c2a5,bicycle
7204,161699,"9,20041800710614E+018",9,7,61,0,2020,4,13,7,2,5,1,0,1,1,0,0,0,0,640730.5864,5355573.2459,10.89904771,48.33765777,0,1,#66c2a5,bicycle
7205,161702,"9,20041600140112E+018",9,1,87,122,2020,4,14,5,3,0,1,0,1,0,0,0,0,0,719580.3084,5306749.1852,11.936738813,47.876497737,0,1,#66c2a5,bicycle
7206,161705,"9,20041600121912E+018",9,1,88,139,2020,4,15,5,2,0,1,0,1,0,0,0,0,0,675581.8742,5319198.4836,11.353943697,48.001953084,0,1,#66c2a5,bicycle
7207,161706,"9,20041700857112E+018",9,1,62,0,2020,4,19,6,2,5,2,0,0,1,1,0,0,0,693224.6179,5329106531,11.594703949,48.085917602,0,2,#fc8d62,car
7208,161707,"9,20041600117012E+018",9,1,78,137,2020,4,17,5,3,0,1,0,1,0,0,0,0,0,693990.5739,5365048.9552,11.621446321,48.408715017,0,1,#66c2a5,bicycle
7209,161709,"9,20041500858212E+018",9,1,62,0,2020,4,16,4,3,0,7,0,1,1,0,0,0,0,685674.7207,5339520.2198,11.497961106,48.181764046,0,1,#66c2a5,bicycle
7210,161710,"9,20041500858212E+018",9,1,62,0,2020,4,15,4,3,8,1,0,0,1,0,0,0,0,697311.5089,5328888.0751,11.649423398,48.082702472,0,2,#fc8d62,car
7211,161712,"9,20041500858212E+018",9,1,62,0,2020,4,17,4,3,0,7,0,0,1,0,0,0,0,692311.3087,5338375.4792,11.586635236,48.169501423,0,2,#fc8d62,car
7212,161713,"9,20041500858212E+018",9,1,62,0,2020,4,14,4,2,0,7,0,1,0,0,0,0,0,689598.2541,5335425.3305,11.548867158,48.143800459,0,1,#66c2a5,bicycle
7213,161714,"9,20041500858211E+018",9,1,62,0,2020,4,9,4,3,5,3,0,1,0,0,0,0,0,683614.7585,5334806.5766,11.468239829,48.139993797,0,1,#66c2a5,bicycle
7214,161716,"9,20041500854712E+018",9,1,62,0,2020,4,15,4,3,7,7,0,1,0,0,0,0,0,695003.4156,5343074.0624,11.624962842,48.210909512,0,1,#66c2a5,bicycle
7215,161717,"9,20041700857112E+018",9,1,62,0,2020,4,17,6,3,1,2,0,0,1,0,1,0,0,686450.7198,5336291.8653,11.506975135,48.152519391,0,2,#fc8d62,car
7216,161721,"9,20041500712312E+018",9,7,72,147,2020,4,15,4,3,0,7,0,1,0,0,0,0,0,638000.2238,5365626.2625,10.865525589,48.42865491,0,1,#66c2a5,bicycle
7217,161724,"9,20041500711312E+018",9,7,72,202,2020,4,15,4,3,5,3,0,1,1,0,0,0,0,637239.1041,5358675.9691,10.852970466,48.36632525,0,1,#66c2a5,bicycle
7218,161727,"9,20041500711311E+018",9,7,61,0,2020,4,16,4,3,2,6,0,0,1,0,0,0,0,639116.9768,5359146.0854,10.878466503,48.370141343,0,2,#fc8d62,car
7219,161729,"9,20041500710612E+018",9,7,61,0,2020,4,15,4,3,8,1,0,1,0,0,0,0,0,637406668,5355573.2598,10.854218783,48.338389502,0,1,#66c2a5,bicycle
7220,161731,"9,20041500710611E+018",9,7,61,0,2020,4,13,4,3,0,1,0,1,0,0,0,0,0,639079.4468,5356756.0405,10.877170012,48.348658844,0,1,#66c2a5,bicycle
7221,161732,"9,20041500710412E+018",9,7,61,0,2020,4,19,4,2,0,1,0,0,0,0,0,0,1,639810.0995,5360020.3778,10.888111059,48.377849563,0,6,#ffd92f,circle
7222,161733,"9,20041800161712E+018",9,1,90,158,2020,4,14,7,3,0,7,0,1,0,0,0,0,0,651151932,5304627054,11.021535362,47.877175087,0,1,#66c2a5,bicycle
7223,161744,"9,20041500210924E+018",9,2,61,0,2020,4,20,4,3,0,1,2,1,0,0,0,0,0,730812.7287,5381964.1353,12.127662335,48.548261517,0,1,#66c2a5,bicycle
7224,161745,"9,20041700161912E+018",9,1,73,130,2020,4,18,6,3,3,6,0,1,1,0,0,0,0,682060.6484,5314653.0945,11.438795143,47.959282336,0,1,#66c2a5,bicycle
7225,161748,"9,20041800710412E+018",9,7,61,0,2020,4,14,7,3,0,7,0,1,0,0,0,0,0,640518.3703,5357719.8481,10.896902066,48.357006618,0,1,#66c2a5,bicycle
7226,161749,"9,20041700141312E+018",9,1,63,0,2020,4,16,6,3,0,7,0,1,0,0,0,0,0,730890407,5304041.8396,12.086336739,47.848207897,0,1,#66c2a5,bicycle
7227,161753,"9,20041700140712E+018",9,1,82,120,2020,4,16,6,3,0,1,0,1,0,0,0,0,0,702161378,5306587108,11.703976362,47.880761134,0,1,#66c2a5,bicycle
7228,161754,"9,20041500121911E+018",9,1,88,141,2020,4,18,4,2,0,1,0,1,0,0,0,0,0,669511.1376,5309304.3446,11.268723938,47.914641453,0,1,#66c2a5,bicycle
7229,161755,"9,20041700857112E+018",9,1,62,0,2020,4,18,6,3,3,2,0,1,1,0,0,0,0,689698012,5331892374,11.548634264,48.112016265,0,1,#66c2a5,bicycle