fid,OBJECTID,UIDENTSTLA,ULAND,UREGBEZ,UKREIS,UGEMEINDE,UJAHR,UMONAT,USTUNDE,UWOCHENTAG,UKATEGORIE,UART,UTYP1,ULICHTVERH,IstRad,IstPKW,IstFuss,IstKrad,IstGkfz,IstSonstig,LINREFX,LINREFY,XGCSWGS84,YGCSWGS84,STRZUSTAND,Teilnehmer,color,symbol
7230,161756,"9,20041500121712E+018",9,1,79,126,2020,4,17,4,3,5,3,0,0,1,0,0,0,0,677221509,5341486.1081,11.385161527,48.201849781,0,2,#fc8d62,car
7231,161758,"9,20041500121512E+018",9,1,81,130,2020,4,15,4,3,5,2,0,1,1,0,0,0,0,639031628,5325051.5996,10.866136027,48.063581184,0,1,#66c2a5,bicycle
7232,161759,"9,20041700857112E+018",9,1,62,0,2020,4,16,6,3,5,2,0,1,1,0,0,0,0,686949.0814,5339257.3381,11.514972891,48.179027521,0,1,#66c2a5,bicycle
7233,161760,"9,20041500121311E+018",9,1,88,144,2020,4,17,4,2,0,1,0,1,0,0,0,0,0,668750864,5327855953,11.26585148,48.081624057,1,1,#66c2a5,bicycle
7234,161762,"9,20041500120513E+018",9,1,79,121,2020,4,19,4,2,5,3,0,1,1,0,0,0,0,668420.2055,5339767.3159,11.266124789,48.188793972,0,1,#66c2a5,bicycle
7235,161763,"9,20041500110111E+018",9,1,77,139,2020,4,10,4,3,5,3,0,1,1,0,0,0,0,732938.2151,5359133.7607,12.14372378,48.342393532,0,1,#66c2a5,bicycle
7236,161765,"9,20041400858213E+018",9,1,62,0,2020,4,12,3,3,8,1,0,0,1,0,0,0,0,692263376,5338557243,11.586073402,48.17114957,0,2,#fc8d62,car
7237,161766,"9,20041700131513E+018",9,1,85,113,2020,4,14,6,2,0,1,0,1,0,0,0,0,0,669761893,5378280.8076,11.299702382,48.534650463,0,1,#66c2a5,bicycle
7238,161767,"9,20041400858212E+018",9,1,62,0,2020,4,16,3,3,3,6,0,1,0,0,0,0,0,687632417,5338831.0337,11.523968174,48.174994415,0,1,#66c2a5,bicycle
7239,161768,"9,20041700854811E+018",9,1,84,149,2020,4,13,6,3,4,6,0,1,0,0,0,0,0,690849.3694,5350630.0442,11.572509404,48.280083305,0,1,#66c2a5,bicycle
7240,161769,"9,20041400858212E+018",9,1,62,0,2020,4,9,3,3,0,1,0,1,0,0,0,0,0,693500.9944,5335532.1809,11.601326741,48.143585804,0,1,#66c2a5,bicycle
7241,161772,"9,20041400857111E+018",9,1,62,0,2020,4,8,3,3,1,3,0,0,1,0,0,1,1,680697.1055,5335744.1555,11.429454079,48.149256844,0,2,#fc8d62,car
7242,161773,"9,20041400852413E+018",9,1,62,0,2020,4,11,3,3,5,7,0,1,1,0,0,0,0,695816.7822,5330858937,11.630278567,48.100876519,0,1,#66c2a5,bicycle
7243,161779,"9,20041700121512E+018",9,1,81,111,2020,4,14,6,3,9,1,0,1,0,0,0,0,0,644433.4566,5306514.1065,10.932366522,47.895690399,0,1,#66c2a5,bicycle
7244,161780,"9,20041700110719E+018",9,1,78,124,2020,4,13,6,3,6,5,0,0,1,1,0,0,0,703170.0764,5364879.8215,11.745264732,48.404303584,0,2,#fc8d62,car
7245,161782,"9,20041700110313E+018",9,1,75,128,2020,4,18,6,3,9,1,0,0,1,0,0,0,0,714696.6724,5323576.2436,11.879905916,48.029355455,0,2,#fc8d62,car
7246,161786,"9,20041400710612E+018",9,7,61,0,2020,4,16,3,2,5,1,0,1,0,0,0,0,0,642011.8454,5357272.8893,10.916900474,48.35265362,0,1,#66c2a5,bicycle
7247,161788,"9,20041600858212E+018",9,1,62,0,2020,4,18,5,3,5,3,0,1,1,0,0,0,0,700371.8153,5332715.7511,11.69226619,48.116147774,0,1,#66c2a5,bicycle
7248,161790,"9,20041600858212E+018",9,1,62,0,2020,4,18,5,3,0,7,0,0,0,1,0,0,1,693548.3328,5333126.5305,11.600869623,48.121950154,0,3,#8da0cb,toilet
7249,161792,"9,20041800740712E+018",9,7,62,0,2020,4,15,7,3,0,1,0,1,0,0,0,0,0,622112.8994,5305647.4604,10.633632953,47.892532503,0,1,#66c2a5,bicycle
7250,161793,"9,20041600858211E+018",9,1,62,0,2020,4,15,5,2,5,7,0,1,0,0,0,0,0,692153.1148,5336859681,11.583824987,48.155925619,0,1,#66c2a5,bicycle
7251,161799,"9,20041600857112E+018",9,1,62,0,2020,4,22,5,3,1,7,2,1,1,0,0,0,0,689984.7984,5333317896,11.553118507,48.124743464,0,1,#66c2a5,bicycle
7252,161801,"9,20041700854711E+018",9,1,62,0,2020,4,2,6,3,0,7,2,1,0,0,0,0,0,694235.6965,5341306.4495,11.613830747,48.1952585,0,1,#66c2a5,bicycle
7253,161804,"9,20041600854412E+018",9,1,62,0,2020,4,12,5,3,5,2,0,1,1,0,0,0,0,686215.5176,5338934.6857,11.504972903,48.176342824,0,1,#66c2a5,bicycle
7254,161808,"9,20041800710614E+018",9,7,61,0,2020,4,14,7,3,0,1,0,1,1,0,0,0,0,639230.4948,5355608.6576,10.878828242,48.338308523,0,1,#66c2a5,bicycle
7255,161809,"9,20041600854312E+018",9,1,62,0,2020,4,16,5,3,4,6,0,1,0,0,0,0,0,690731.9557,5340175.4136,11.566222497,48.186154874,0,1,#66c2a5,bicycle
7256,161810,"9,20041400141311E+018",9,1,63,0,2020,4,16,3,3,4,6,0,1,0,0,0,0,0,732671.8549,5304857.7241,12.110552142,47.854895676,0,1,#66c2a5,bicycle
7257,161811,"9,20041400110514E+018",9,1,77,117,2020,4,9,3,3,5,3,0,0,1,0,0,0,0,715084.8818,5352932.0881,11.899948028,48.293000516,0,2,#fc8d62,car
7258,161812,"9,20041300858211E+018",9,1,88,120,2020,4,20,2,2,0,1,1,1,0,0,0,0,0,679779.9157,5328893.4356,11.414245321,48.087935657,0,1,#66c2a5,bicycle
7259,161813,"9,20041600852111E+018",9,1,62,0,2020,4,13,5,3,0,6,0,1,0,0,0,0,0,692275.2499,5334183.9126,11.584257288,48.131839447,0,1,#66c2a5,bicycle
7260,161814,"9,20041300857113E+018",9,1,84,112,2020,4,17,2,3,1,7,0,0,1,0,0,0,1,701846.3804,5338389.4128,11.714745108,48.16667056,0,2,#fc8d62,car
7261,161815,"9,20041700854511E+018",9,1,62,0,2020,4,13,6,3,5,7,0,1,1,0,0,0,0,683210.0214,5335513.1898,11.463108408,48.146461956,0,1,#66c2a5,bicycle
7262,161816,"9,20041300857111E+018",9,1,62,0,2020,4,12,2,3,0,7,0,0,1,1,0,0,0,695163.9116,5333671.9246,11.622805715,48.126358762,0,2,#fc8d62,car
7263,161818,"9,20041800120312E+018",9,1,81,123,2020,4,6,7,2,0,7,0,1,0,0,0,0,0,655912.1947,5326397.8994,11.093056276,48.071783775,0,1,#66c2a5,bicycle
7264,161819,"9,20041300857111E+018",9,1,62,0,2020,4,16,2,2,4,2,0,1,1,0,0,0,0,694458826,5333027.6806,11.613046423,48.120784305,0,1,#66c2a5,bicycle
7265,161820,"9,20041300854812E+018",9,1,84,149,2020,4,17,2,2,0,7,0,1,0,0,0,0,0,692122.3708,5349695.1634,11.589225519,48.271296047,0,1,#66c2a5,bicycle
7266,161821,"9,20041800120311E+018",9,1,81,114,2020,4,16,7,2,0,1,0,1,0,0,0,0,0,654388.42,5311632.6177,11.067300009,47.939395407,0,1,#66c2a5,bicycle
7267,161822,"9,20041300851311E+018",9,1,62,0,2020,4,13,2,3,5,3,0,1,1,0,0,0,0,692195633,5337012088,11.584464954,48.157282571,0,1,#66c2a5,bicycle
7268,161824,"9,20041600851311E+018",9,1,62,0,2020,4,17,5,3,5,3,0,1,1,0,0,0,0,692538.3802,5336947.0511,11.589039587,48.156594354,0,1,#66c2a5,bicycle
7269,161826,"9,20041700853213E+018",9,1,84,144,2020,4,16,6,3,5,3,0,1,1,0,0,0,0,688054085,5317176008,11.520104938,47.980227498,0,1,#66c2a5,bicycle
7270,161832,"9,20041600750114E+018",9,7,78,137,2020,4,16,5,2,0,1,0,1,0,0,0,0,0,623651.2881,5329372097,10.661041495,48.105603508,0,1,#66c2a5,bicycle
7271,161837,"9,20041800111313E+018",9,1,75,133,2020,4,13,7,3,0,7,0,1,0,0,0,0,0,711079.6749,5341309.2072,11.8402241,48.189908953,0,1,#66c2a5,bicycle
7272,161849,"9,20041300140112E+018",9,1,87,122,2020,4,17,2,2,5,3,0,0,1,0,1,0,0,718220.95,5307031062,11.918725156,47.879493925,0,2,#fc8d62,car
7273,161850,"9,2004130012153E+018",9,1,81,146,2020,4,11,2,3,0,7,0,1,0,0,0,0,1,648145.14,5325682.9808,10.988605846,48.067207073,0,1,#66c2a5,bicycle
7274,161851,"9,20041300120513E+018",9,1,79,132,2020,4,16,2,3,0,7,0,1,0,0,0,0,0,661883.6006,5337110.6113,11.177228819,48.166608775,0,1,#66c2a5,bicycle
7275,161853,"9,20041300110514E+018",9,1,77,130,2020,4,14,2,3,0,1,0,1,0,0,0,0,0,707103.1034,5350817.2332,11.791430001,48.276658424,0,1,#66c2a5,bicycle
7276,161854,"9,20041600712113E+018",9,7,71,130,2020,4,13,5,3,0,1,0,1,0,0,0,0,0,646539.8721,5357215.4469,10.977963282,48.351102689,0,1,#66c2a5,bicycle
7277,161855,"9,20041300110511E+018",9,1,77,116,2020,4,13,2,3,0,1,0,1,0,0,0,0,0,712557.2653,5358251.5144,11.868593789,48.341651609,0,1,#66c2a5,bicycle
7278,161856,"9,20041300110511E+018",9,1,77,117,2020,4,15,2,3,0,1,0,1,0,0,0,0,0,716109.6059,5350766.6549,11.912638347,48.273194848,0,1,#66c2a5,bicycle
7279,161857,"9,20041800710412E+018",9,7,61,0,2020,4,17,7,3,6,4,0,1,0,1,0,0,0,640324.4362,5358681.6665,10.89460638,48.365698125,1,1,#66c2a5,bicycle
7280,161858,"9,20041600711312E+018",9,7,61,0,2020,4,15,5,3,0,1,0,1,0,0,0,0,0,638597.7299,5359062.9937,10.871431735,48.369508442,0,1,#66c2a5,bicycle
7281,161859,"9,20041200858213E+018",9,1,62,0,2020,4,23,1,3,8,1,2,0,1,0,0,0,0,689036386,5332376476,11.539968824,48.116564163,1,2,#fc8d62,car
7282,161860,"9,20041200858213E+018",9,1,62,0,2020,4,14,1,3,0,7,0,0,0,0,0,0,1,686214.5,5334378499,11.502965332,48.135390565,0,6,#ffd92f,circle
7283,161861,"9,20041800110114E+018",9,1,77,139,2020,4,17,7,3,5,3,0,1,1,0,0,0,0,731198.5876,5359164.8536,12.120299238,48.343311729,0,1,#66c2a5,bicycle
7284,161862,"9,20041200853213E+018",9,1,84,139,2020,4,12,1,3,1,5,0,1,1,0,0,0,0,687965.3289,5325593.1349,11.522607079,48.055910426,0,1,#66c2a5,bicycle
7285,161863,"9,20041600711113E+018",9,7,61,0,2020,4,17,5,3,4,2,0,1,1,0,0,0,0,637662.2294,5361439.7989,10.859585496,48.391085054,0,1,#66c2a5,bicycle
7286,161864,"9,20041200852312E+018",9,1,62,0,2020,4,16,1,2,0,1,0,1,0,0,0,0,0,693705655,5332246.2,11.602581515,48.113990159,0,1,#66c2a5,bicycle
7287,161865,"9,20041700852811E+018",9,1,84,136,2020,4,16,6,3,5,3,0,1,1,0,0,0,0,698300.4433,5326544.5884,11.661600501,48.061333927,0,1,#66c2a5,bicycle
7288,161870,"9,20041700852211E+018",9,1,62,0,2020,4,13,6,2,5,3,0,1,1,0,0,0,0,693268.9881,5335237.9268,11.598077548,48.141011655,0,1,#66c2a5,bicycle
7289,161871,"9,20041200712513E+018",9,7,72,209,2020,4,16,1,3,9,1,0,0,0,0,0,0,1,636745.4131,5336009.6428,10.838979885,48.162614234,0,6,#ffd92f,circle
7290,161873,"9,20041200712114E+018",9,7,71,130,2020,4,14,1,2,5,1,0,1,0,0,0,0,0,647225957,5358775.5664,10.987763969,48.364970479,0,1,#66c2a5,bicycle
7291,161874,"9,20041200712112E+018",9,7,71,130,2020,4,16,1,3,0,1,0,1,0,0,0,0,0,646393508,5357850.5566,10.976209816,48.356847078,0,1,#66c2a5,bicycle
7292,161876,"9,20041600710723E+018",9,7,61,0,2020,4,22,5,3,0,7,2,1,0,0,0,0,0,642960.3377,5360045.6421,10.930638228,48.377370829,0,1,#66c2a5,bicycle
7293,161883,"9,20041600710711E+018",9,7,61,0,2020,4,9,5,3,3,7,0,0,1,0,0,0,0,642818.0552,5362265.2887,10.929472436,48.397360941,0,2,#fc8d62,car
7294,161886,"9,20041600710613E+018",9,7,61,0,2020,4,16,5,3,8,1,0,1,0,0,0,0,0,640424.9733,5352303.6577,10.893837024,48.308326427,0,1,#66c2a5,bicycle
7295,161887,"9,20041600710611E+018",9,7,61,0,2020,4,11,5,3,5,1,0,0,1,0,0,0,1,642589.1854,5358838.4805,10.925219502,48.366600599,0,2,#fc8d62,car
7296,161897,"9,20041800711111E+018",9,7,61,0,2020,4,12,7,3,0,7,0,1,0,0,0,0,0,638213.5724,5362346.8827,10.867327655,48.399120765,0,1,#66c2a5,bicycle
7297,161902,"9,20041200210912E+018",9,2,74,194,2020,4,17,1,3,0,1,0,1,0,0,0,0,1,724085.9275,5382494.28,12.036930476,48.555463007,0,1,#66c2a5,bicycle
7298,161912,"9,20041200121711E+018",9,1,79,134,2020,4,16,1,3,0,1,0,1,0,0,0,0,0,667739.9515,5342221.8816,11.25794922,48.211040234,0,1,#66c2a5,bicycle
7299,161913,"9,20041200121711E+018",9,1,62,0,2020,4,12,1,3,3,6,0,1,1,0,0,0,0,677832.0269,5339817.5232,11.392672026,48.186680122,0,1,#66c2a5,bicycle
7300,161914,"9,20041200121511E+018",9,1,81,135,2020,4,13,1,2,0,1,0,0,0,0,0,0,1,644291.6738,5309049.5537,10.931319046,47.918521591,0,6,#ffd92f,circle
7301,161915,"9,20041200120711E+018",9,1,88,120,2020,4,13,1,3,1,5,0,1,0,0,0,0,1,677878.7371,5327289.0121,11.388069721,48.074046491,0,1,#66c2a5,bicycle
7302,161917,"9,20041200120311E+018",9,1,81,114,2020,4,12,1,3,0,1,0,1,0,0,0,0,0,656020.1587,5312372.8111,11.089402739,47.94565543,0,1,#66c2a5,bicycle
7303,161919,"9,20041200110714E+018",9,1,78,113,2020,4,17,1,2,4,6,0,1,0,0,0,0,0,691435.2258,5367416.5269,11.588032701,48.430774416,0,1,#66c2a5,bicycle
7304,161921,"9,20041700858212E+018",9,1,62,0,2020,4,20,6,3,0,7,2,1,0,0,0,0,0,679669.6178,5336297.9817,11.41588619,48.154526216,0,1,#66c2a5,bicycle
7305,161922,"9,20041200110513E+018",9,1,77,117,2020,4,17,1,3,5,3,0,0,1,0,0,0,0,715083.7008,5352935.5992,11.899933914,48.293032466,0,2,#fc8d62,car
7306,161923,"9,20041200110513E+018",9,1,77,117,2020,4,14,1,3,5,3,0,1,1,0,0,0,0,714468.8715,5353987.5324,11.892189545,48.302692968,0,1,#66c2a5,bicycle
7307,161924,"9,20041700858212E+018",9,1,62,0,2020,4,15,6,2,5,3,0,1,1,0,0,0,0,694239.8006,5336463.8952,11.611673297,48.151734551,0,1,#66c2a5,bicycle
7308,161925,"9,20041200110311E+018",9,1,75,128,2020,4,12,1,3,0,1,0,1,0,0,0,0,0,715585659,5324666059,11.892363382,48.038848771,0,1,#66c2a5,bicycle
7309,161932,"9,20042100858213E+018",9,1,62,0,2020,4,14,3,3,5,3,0,1,1,0,0,0,0,683769.9661,5339540.6909,11.472369371,48.182501834,0,1,#66c2a5,bicycle
7310,161934,"9,20042300712312E+018",9,7,72,147,2020,4,13,5,2,5,3,0,0,1,0,0,0,0,637652.6782,5366438.5172,10.861096747,48.43603456,0,2,#fc8d62,car
7311,161937,"9,20042100858212E+018",9,1,62,0,2020,4,15,3,3,7,1,0,1,0,0,0,0,0,691760444,5335357841,11.577873853,48.142545856,0,1,#66c2a5,bicycle
7312,161938,"9,20042200712312E+018",9,7,72,184,2020,4,15,4,3,1,2,0,0,1,0,0,0,1,635833.7361,5361921.7139,10.835054756,48.39581489,0,2,#fc8d62,car
7313,161940,"9,20042100858212E+018",9,1,84,141,2020,4,17,3,3,0,7,0,0,1,0,0,0,0,696020.9211,5312404.8225,11.624580214,47.934954108,0,2,#fc8d62,car
7314,161942,"9,20042100858212E+018",9,1,62,0,2020,4,16,3,3,5,2,0,1,0,0,0,0,1,690987.8148,5330115.1423,11.565149671,48.095657065,0,1,#66c2a5,bicycle
7315,161944,"9,20042300111317E+018",9,1,75,135,2020,4,16,5,3,8,7,0,1,0,0,0,0,0,706931.9284,5338155.2689,11.782946893,48.16293152,0,1,#66c2a5,bicycle
7316,161945,"9,20042300141312E+018",9,1,63,0,2020,4,14,5,3,3,7,0,1,1,0,0,0,0,734449.1354,5304889.1513,12.13429273,47.854532205,0,1,#66c2a5,bicycle
7317,161948,"9,20042100858212E+018",9,1,62,0,2020,4,9,3,3,5,3,0,1,1,0,0,0,0,692498.9512,5337474.1588,11.588748447,48.1613438,0,1,#66c2a5,bicycle
7318,161950,"9,20042100854319E+018",9,1,62,0,2020,4,16,3,3,2,6,0,0,1,0,0,0,0,688989.7985,5340137.3799,11.542789612,48.186333698,0,2,#fc8d62,car
7319,161952,"9,20042200858212E+018",9,1,62,0,2020,4,16,4,3,3,6,0,1,0,0,0,0,0,690759.7869,5339979871,11.566508763,48.184389008,0,1,#66c2a5,bicycle
7320,161954,"9,20042000110712E+018",9,1,78,124,2020,4,12,2,3,5,2,0,0,1,0,0,0,0,703149013,5364791.0849,11.74493752,48.403512965,0,2,#fc8d62,car
7321,161955,"9,20042100854214E+018",9,1,62,0,2020,4,11,3,2,1,5,0,1,0,0,0,0,1,690068.6084,5336250.8779,11.555552441,48.151080133,0,1,#66c2a5,bicycle
7322,161957,"9,20042300852112E+018",9,1,62,0,2020,4,13,5,3,5,7,0,1,0,0,0,0,0,692618.0103,5334801.8111,11.589138629,48.137289347,0,1,#66c2a5,bicycle
7323,161966,"9,20042200857112E+018",9,1,84,138,2020,4,22,4,3,6,4,2,0,0,1,0,0,1,679894.9953,5330750.2117,11.416571752,48.1045938,0,3,#8da0cb,toilet
7324,161974,"9,20042100717013E+018",9,7,72,167,2020,4,18,3,2,3,2,0,0,1,0,1,0,0,626677888,5359040622,10.710554065,48.37181244,0,2,#fc8d62,car
7325,161982,"9,20042100711912E+018",9,7,72,163,2020,4,19,3,3,8,1,0,1,0,0,0,0,0,639917.5313,5347326.5895,10.885348856,48.263685804,0,1,#66c2a5,bicycle
7326,161984,"9,20042300710612E+018",9,7,61,0,2020,4,9,5,3,6,4,0,1,0,1,0,0,0,642019.4559,5358809.4062,10.917521765,48.366467621,0,1,#66c2a5,bicycle
7327,161986,"9,20042300161912E+018",9,1,73,120,2020,4,14,5,2,6,6,0,1,0,1,0,0,0,684262.4815,5314168.2768,11.468053977,47.954294529,0,1,#66c2a5,bicycle
7328,161987,"9,20042100710718E+018",9,7,61,0,2020,4,22,3,3,0,7,2,1,0,0,0,0,0,641572.9521,5360181.3062,10.91195858,48.378903483,0,1,#66c2a5,bicycle
7329,161988,"9,20042200710617E+018",9,7,61,0,2020,4,6,4,3,0,1,1,0,0,0,1,0,1,640507.1372,5352996023,10.895175095,48.31453377,0,4,#e78ac3,marker
7330,161990,"9,20042100710412E+018",9,7,61,0,2020,4,16,3,3,5,3,0,0,1,0,1,0,0,640215.9807,5359835.6833,10.893527698,48.376098783,0,2,#fc8d62,car
7331,161992,"9,20042100710114E+018",9,7,71,113,2020,4,17,3,3,5,3,0,0,1,0,0,0,0,656549.5944,5367270.9585,11.116728069,48.439104328,0,2,#fc8d62,car
7332,161999,"9,20042300140114E+018",9,1,87,150,2020,4,15,5,3,0,1,0,1,0,0,0,0,0,729522.3805,5303266.9839,12.06766647,47.841736055,0,1,#66c2a5,bicycle
7333,162003,"9,20041900121913E+018",9,1,88,139,2020,4,20,1,3,0,1,2,1,0,0,0,0,0,674971662,5319516797,11.345899797,48.004981895,0,1,#66c2a5,bicycle
7334,162006,"9,20042200858212E+018",9,1,62,0,2020,4,11,4,3,2,6,0,0,1,0,0,0,0,682514.35,5337677354,11.454692899,48.166114905,0,2,#fc8d62,car
7335,162008,"9,20042300110313E+018",9,1,75,112,2020,4,16,5,3,0,1,0,0,0,0,1,0,0,720195.3263,5320005.5953,11.951730628,47.995400821,0,4,#e78ac3,marker
7336,162010,"9,20042000120912E+018",9,1,79,123,2020,4,16,2,3,1,7,0,1,1,0,0,0,0,676054915,5333188237,11.366039717,48.127582819,0,1,#66c2a5,bicycle
7337,162012,"9,20041900121712E+018",9,1,79,142,2020,4,13,1,3,0,1,0,1,0,0,0,0,0,673075.9502,5343237839,11.330131032,48.218740455,0,1,#66c2a5,bicycle
7338,162015,"9,20042200854412E+018",9,1,62,0,2020,4,6,4,3,5,3,0,1,1,0,0,0,0,684156.8028,5341214.1987,11.478294301,48.197432093,0,1,#66c2a5,bicycle
7339,162017,"9,20041900740712E+018",9,7,62,0,2020,4,21,1,3,5,3,2,0,1,0,0,0,0,621766.4625,5307696.8311,10.629578744,47.911029758,0,2,#fc8d62,car
7340,162022,"9,20041900858213E+018",9,1,62,0,2020,4,20,1,3,0,7,1,1,0,0,0,0,0,691807.5425,5334792.4449,11.578251705,48.137449966,0,1,#66c2a5,bicycle
7341,162026,"9,20041900121711E+018",9,1,79,134,2020,4,13,1,2,0,6,0,1,1,0,0,0,0,667396093,5342731.8984,11.253525538,48.215716011,0,1,#66c2a5,bicycle
7342,162032,"9,20041900710611E+018",9,7,61,0,2020,4,15,1,3,0,1,0,1,0,0,0,0,0,638842.2922,5355540.5749,10.873570167,48.337781761,0,1,#66c2a5,bicycle
7343,162034,"9,20042200121912E+018",9,1,88,139,2020,4,18,4,2,4,6,0,1,1,0,0,0,0,677099.7298,5321684.4833,11.375301533,48.02388216,0,1,#66c2a5,bicycle
7344,162035,"9,20042300710413E+018",9,7,61,0,2020,4,19,5,3,4,2,0,0,1,0,1,0,0,641056.4571,5359208.7746,10.904660971,48.370274531,0,2,#fc8d62,car
7345,162036,"9,20041900120911E+018",9,1,79,145,2020,4,13,1,2,0,1,0,1,0,0,0,0,0,673547.18,5336972.3586,11.333909436,48.162288796,0,1,#66c2a5,bicycle
7346,162039,"9,20041900110513E+018",9,1,77,118,2020,4,12,1,3,5,3,0,1,1,0,0,0,0,706751.2298,5345770.4732,11.784227955,48.231422484,0,1,#66c2a5,bicycle
7347,162043,"9,20042200712314E+018",9,7,72,147,2020,4,14,4,3,5,3,0,1,1,0,0,0,0,638100.8654,5364310532,10.866451994,48.416802142,0,1,#66c2a5,bicycle
7348,162051,"9,20042300120112E+018",9,1,74,115,2020,4,13,5,3,5,1,0,1,1,0,0,0,0,682064.8055,5348748239,11.453405106,48.265755633,0,1,#66c2a5,bicycle
7349,162058,"9,20041900110314E+018",9,1,75,113,2020,4,16,1,3,4,6,0,0,1,0,0,0,0,716573.4053,5315099645,11.900771434,47.952554288,0,2,#fc8d62,car
7350,162062,"9,20042200858213E+018",9,1,62,0,2020,4,23,4,3,1,1,2,1,1,0,0,0,0,689159.9287,5334421.8126,11.542534845,48.134911217,0,1,#66c2a5,bicycle
7351,162064,"9,20042000110714E+018",9,1,78,124,2020,4,7,2,2,6,4,0,0,1,1,0,0,0,703820.0506,5362297.7235,11.752783913,48.380890628,0,2,#fc8d62,car
7352,162065,"9,20042100210913E+018",9,2,61,0,2020,4,14,3,3,1,6,0,0,1,0,1,0,0,732702.1963,5380431.2325,12.152369627,48.533793941,0,2,#fc8d62,car
7353,162066,"9,20042200121512E+018",9,1,81,130,2020,4,16,4,3,5,3,0,1,1,0,0,0,0,639068.3815,5324910.0933,10.866583056,48.062300705,0,1,#66c2a5,bicycle
7354,162067,"9,20041900110313E+018",9,1,75,124,2020,4,15,1,3,5,2,0,1,0,0,0,0,0,713191.7927,5329198.7006,11.862547172,48.080382126,0,1,#66c2a5,bicycle
7355,162068,"9,20042100161712E+018",9,1,90,159,2020,4,19,3,2,8,1,0,0,0,0,1,0,0,661211.2144,5304781.0776,11.1560322,47.876113232,0,4,#e78ac3,marker
7356,162070,"9,20041900110311E+018",9,1,75,128,2020,4,12,1,2,8,1,0,1,0,0,0,0,0,714487.1244,5324089.8261,11.877355859,48.034040786,0,1,#66c2a5,bicycle
7357,162073,"9,20042200858212E+018",9,1,62,0,2020,4,7,4,3,5,2,0,1,1,0,0,0,0,693398.0481,5332816.9771,11.598711857,48.119213638,0,1,#66c2a5,bicycle
7358,162075,"9,20041900851211E+018",9,1,62,0,2020,4,15,1,3,4,2,0,1,0,0,0,0,0,693062025,5335704829,11.595510035,48.145270872,0,1,#66c2a5,bicycle
7359,162077,"9,20042200120912E+018",9,1,79,123,2020,4,9,4,3,0,1,0,1,0,0,0,0,0,676494.6647,5334261.5419,11.37238899,48.137109259,0,1,#66c2a5,bicycle
7360,162079,"9,20041800858212E+018",9,1,62,0,2020,4,18,7,3,0,7,0,1,0,0,0,0,0,688379.9863,5333858.8051,11.531813196,48.130082147,1,1,#66c2a5,bicycle
7361,162080,"9,20042200211512E+018",9,2,74,118,2020,4,9,4,2,0,1,0,0,0,0,1,0,0,735003.9568,5366168.0863,12.175489389,48.404816528,0,4,#e78ac3,marker
7362,162090,"9,20041900730312E+018",9,7,73,182,2020,4,15,1,3,0,1,0,1,0,0,0,0,0,624228.8784,5380581.9134,10.683898127,48.566010957,0,1,#66c2a5,bicycle
7363,162092,"9,20042200120912E+018",9,1,88,121,2020,4,14,4,3,3,6,0,1,1,0,0,0,0,671172.2079,5331021.0962,11.29960553,48.10943254,0,1,#66c2a5,bicycle
7364,162093,"9,20042300710713E+018",9,7,61,0,2020,4,15,5,2,0,7,0,1,0,0,0,0,0,640670.7553,5361750.6191,10.900306728,48.393215955,0,1,#66c2a5,bicycle
7365,162094,"9,20041800858212E+018",9,1,62,0,2020,4,17,7,3,0,1,0,1,0,0,0,0,0,692576575,5334982.8674,11.588664113,48.138929181,1,1,#66c2a5,bicycle
7366,162095,"9,20042300161912E+018",9,1,73,123,2020,4,17,5,2,0,1,0,1,0,0,0,0,0,679158.0137,5302982.3835,11.395100417,47.85518786,0,1,#66c2a5,bicycle
7367,162097,"9,20042200711312E+018",9,7,61,0,2020,4,11,4,3,0,1,0,1,0,0,0,0,0,638150.5482,5360752.4856,10.865952208,48.38479809,0,1,#66c2a5,bicycle
7368,162099,"9,20042100140112E+018",9,1,87,137,2020,4,13,3,3,2,6,0,0,1,0,1,0,0,730298074,5308760.4364,12.080944794,47.890814026,0,2,#fc8d62,car
7369,162106,"9,20041800858212E+018",9,1,62,0,2020,4,12,7,3,0,1,0,1,0,0,0,0,0,691140.6228,5334362.1852,11.569103366,48.133783497,0,1,#66c2a5,bicycle
7370,162111,"9,20041800858212E+018",9,1,62,0,2020,4,20,7,3,1,5,2,0,1,0,0,0,0,684571.0739,5333691.9594,11.480599697,48.129698343,1,2,#fc8d62,car
7371,162114,"9,20042200858212E+018",9,1,62,0,2020,4,6,4,3,2,6,0,0,1,0,0,0,0,691255.3573,5342904.4621,11.574486742,48.210525622,0,2,#fc8d62,car
7372,162116,"9,20042000110312E+018",9,1,75,115,2020,4,14,2,3,0,1,0,1,0,0,0,0,0,721353.5524,5328473.4986,11.971610383,48.071085462,0,1,#66c2a5,bicycle
7373,162117,"9,20042100120518E+018",9,1,79,121,2020,4,16,3,3,4,6,0,0,1,0,0,0,0,666694.8313,5338883.1144,11.242581157,48.181300156,0,2,#fc8d62,car
7374,162118,"9,20042300110913E+018",9,1,78,143,2020,4,15,5,3,0,1,0,1,0,0,0,0,0,717644.7834,5373496.9236,11.945065669,48.476894938,0,1,#66c2a5,bicycle