fid,OBJECTID,UIDENTSTLA,ULAND,UREGBEZ,UKREIS,UGEMEINDE,UJAHR,UMONAT,USTUNDE,UWOCHENTAG,UKATEGORIE,UART,UTYP1,ULICHTVERH,IstRad,IstPKW,IstFuss,IstKrad,IstGkfz,IstSonstig,LINREFX,LINREFY,XGCSWGS84,YGCSWGS84,STRZUSTAND,Teilnehmer,color,symbol
7521,162508,"9,20050300712115E+018",9,7,71,130,2020,5,20,1,2,8,1,2,1,0,0,0,0,0,646104.9553,5362333.4574,10.973875084,48.397220808,0,1,#66c2a5,bicycle
7522,162510,"9,20050300712115E+018",9,7,71,146,2020,5,12,1,3,4,7,0,1,1,0,0,0,0,646156.7294,5349332.7642,10.970063303,48.280315448,0,1,#66c2a5,bicycle
7523,162511,"9,20050300710614E+018",9,7,61,0,2020,5,14,1,3,0,1,0,1,1,0,0,0,0,639747.3875,5358119.3871,10.886632903,48.360770277,0,1,#66c2a5,bicycle
7524,162529,"9,20050500120114E+018",9,1,74,115,2020,5,7,3,3,2,6,0,0,1,0,0,0,0,683711.5438,5347686.3098,11.475113121,48.255735218,1,2,#fc8d62,car
7525,162532,"9,20050300121514E+018",9,1,81,113,2020,5,16,1,2,3,6,0,1,0,0,0,0,0,637352239,5309261963,10.838554345,47.921955937,0,1,#66c2a5,bicycle
7526,162534,"9,20050300120714E+018",9,1,88,120,2020,5,16,1,3,0,7,0,1,0,0,0,0,0,678009.1727,5326156.7284,11.389347822,48.063831722,0,1,#66c2a5,bicycle
7527,162535,"9,20050400740731E+018",9,7,62,0,2020,5,15,2,3,3,6,0,0,1,0,0,0,0,621564.4267,5304901.0824,10.626088324,47.885923915,1,2,#fc8d62,car
7528,162536,"9,20050300110314E+018",9,1,75,136,2020,5,16,1,2,0,1,0,1,0,0,0,0,0,727502.03,5321120.8092,12.050127102,48.002863241,0,1,#66c2a5,bicycle
7529,162538,"9,20050200858215E+018",9,1,62,0,2020,5,23,7,3,5,3,2,0,1,0,0,0,0,689650.5202,5340133.0066,11.551668299,48.186097487,0,2,#fc8d62,car
7530,162539,"9,20050400740718E+018",9,7,62,0,2020,5,8,2,3,2,6,0,0,1,0,0,0,1,621522.2008,5304743.4257,10.625479356,47.884513988,0,2,#fc8d62,car
7531,162540,"9,20050200854714E+018",9,1,62,0,2020,5,13,7,3,2,7,0,0,1,0,0,0,0,692472.4408,5340964.5005,11.58997289,48.19272201,1,2,#fc8d62,car
7532,162541,"9,20050400858214E+018",9,1,62,0,2020,5,8,2,3,5,7,0,0,1,0,0,0,0,689023.9404,5332207.5368,11.539726887,48.115049406,0,2,#fc8d62,car
7533,162542,"9,20050400858214E+018",9,1,84,138,2020,5,10,2,3,0,1,0,1,0,0,0,0,0,680754.3031,5331533.0805,11.428436007,48.111387721,0,1,#66c2a5,bicycle
7534,162546,"9,20050200710614E+018",9,7,61,0,2020,5,11,7,3,0,1,0,0,1,0,0,0,0,641642.5936,5352315.5985,10.910252986,48.30816229,0,2,#fc8d62,car
7535,162547,"9,20050400711314E+018",9,7,61,0,2020,5,17,2,3,5,3,0,1,0,0,0,0,0,638315.0435,5357041.5156,10.866952286,48.351393656,0,1,#66c2a5,bicycle
7536,162548,"9,20050400857114E+018",9,1,62,0,2020,5,8,2,3,2,6,0,0,1,0,0,0,0,690561.4434,5341513.2737,11.564531034,48.198230549,0,2,#fc8d62,car
7537,162549,"9,20050200710414E+018",9,7,61,0,2020,5,15,7,3,4,2,0,1,1,0,0,0,0,640254846,5358606.0106,10.893642106,48.365033317,1,1,#66c2a5,bicycle
7538,162550,"9,20050200710115E+018",9,7,71,114,2020,5,16,7,3,5,3,0,1,1,0,0,0,0,646831227,5371995353,10.98706751,48.483923046,1,1,#66c2a5,bicycle
7539,162551,"9,20050400857114E+018",9,1,62,0,2020,5,12,2,3,3,2,0,1,1,0,0,0,0,691667.3741,5333764.0982,11.575906937,48.128249549,1,1,#66c2a5,bicycle
7540,162561,"9,20050400857114E+018",9,1,62,0,2020,5,12,2,3,4,2,0,0,1,0,0,0,1,697822.2326,5330667.6944,11.657097953,48.098538299,1,2,#fc8d62,car
7541,162573,"9,20050400854215E+018",9,1,62,0,2020,5,20,2,3,0,1,1,1,0,0,0,0,0,689217.8468,5337178.0984,11.544537624,48.159667709,1,1,#66c2a5,bicycle
7542,162579,"9,20050400711314E+018",9,7,61,0,2020,5,16,2,3,3,2,0,1,0,0,0,1,0,638454079,5360369.3427,10.869923387,48.381286402,0,1,#66c2a5,bicycle
7543,162580,"9,20042900121512E+018",9,1,81,130,2020,4,1,4,3,8,1,2,0,1,0,0,0,0,638994.0509,5324963445,10.865603276,48.062796659,1,2,#fc8d62,car
7544,162581,"9,20050200210915E+018",9,2,74,126,2020,5,9,7,3,2,6,0,0,1,0,0,0,0,733267.0826,5382304.2217,12.161058425,48.55040865,0,2,#fc8d62,car
7545,162582,"9,20050400858215E+018",9,1,62,0,2020,5,11,2,3,5,2,0,1,1,0,0,0,0,686209.4827,5334365.8748,11.502892441,48.135278562,0,1,#66c2a5,bicycle
7546,162584,"9,20042900120513E+018",9,1,79,121,2020,4,20,4,3,0,1,1,0,0,0,1,0,0,665703.7191,5337092.2927,11.228559922,48.16545976,0,4,#e78ac3,marker
7547,162585,"9,20050200160914E+018",9,1,73,126,2020,5,13,7,3,5,3,0,1,1,0,0,0,0,685218627,5303342769,11.4762,47.856709223,1,1,#66c2a5,bicycle
7548,162589,"9,20050200120915E+018",9,1,79,118,2020,5,12,7,3,0,7,0,1,0,0,0,0,0,673386.0804,5338249.4187,11.332265524,48.173812834,1,1,#66c2a5,bicycle
7549,162590,"9,20042900120112E+018",9,1,74,111,2020,4,21,4,1,0,1,2,0,1,0,0,0,0,670301.1326,5361025.0647,11.299980057,48.379389215,1,2,#fc8d62,car
7550,162591,"9,20050200110516E+018",9,1,77,117,2020,5,12,7,3,0,6,0,1,0,0,0,0,0,716221615,5354960101,11.916292477,48.310835028,0,1,#66c2a5,bicycle
7551,162592,"9,20050400710415E+018",9,7,61,0,2020,5,20,2,3,0,1,0,1,0,0,0,0,0,640865.0166,5359152.4519,10.902058598,48.369810856,1,1,#66c2a5,bicycle
7552,162593,"9,20050400853115E+018",9,1,84,134,2020,5,11,2,3,1,5,0,1,1,0,0,0,0,692823.3846,5321711.2444,11.58598933,48.01957086,0,1,#66c2a5,bicycle
7553,162594,"9,20050100857115E+018",9,1,62,0,2020,5,17,6,3,5,2,0,1,0,0,0,0,1,693536.5797,5339544.1977,11.60362994,48.179633541,1,1,#66c2a5,bicycle
7554,162595,"9,20050400852215E+018",9,1,62,0,2020,5,13,2,3,3,2,0,0,1,0,0,0,1,695510.9241,5338006.4141,11.629454548,48.165208422,1,2,#fc8d62,car
7555,162596,"9,20050100857114E+018",9,1,62,0,2020,5,6,6,1,8,1,0,0,1,0,0,0,0,700774.8553,5332908.9893,11.69776634,48.117757474,0,2,#fc8d62,car
7556,162597,"9,20050100852114E+018",9,1,62,0,2020,5,13,6,3,5,2,0,1,1,0,0,0,0,693940.1844,5333023.2734,11.606082642,48.120902876,0,1,#66c2a5,bicycle
7557,162598,"9,20050100851314E+018",9,1,62,0,2020,5,16,6,3,3,2,0,1,1,0,0,0,0,692703.1412,5337990.4041,11.591725393,48.165921814,1,1,#66c2a5,bicycle
7558,162600,"9,20042900110517E+018",9,1,77,112,2020,4,11,4,2,4,6,0,0,1,0,0,0,0,715866651,5363150321,11.915709632,48.384545348,1,2,#fc8d62,car
7559,162601,"9,20050100711314E+018",9,7,61,0,2020,5,14,6,3,0,6,0,1,0,0,0,0,0,638007.8144,5358560.7935,10.863305931,48.365122006,1,1,#66c2a5,bicycle
7560,162603,"9,20050100710114E+018",9,7,71,113,2020,5,14,6,2,0,1,0,1,0,0,0,0,0,652252.3618,5367407.0532,11.058713658,48.441381722,0,1,#66c2a5,bicycle
7561,162605,"9,20042800858214E+018",9,1,62,0,2020,4,7,3,3,4,3,0,1,1,0,0,0,0,684747.5618,5329744.6888,11.481259632,48.094166868,0,1,#66c2a5,bicycle
7562,162607,"9,20042800858214E+018",9,1,62,0,2020,4,13,3,3,1,3,0,1,1,0,0,0,0,681453883,5335747.2624,11.439620651,48.149069336,0,1,#66c2a5,bicycle
7563,162609,"9,20042800858213E+018",9,1,62,0,2020,4,17,3,3,5,2,0,1,1,0,0,0,0,690143.23,5335235348,11.556101165,48.141930256,0,1,#66c2a5,bicycle
7564,162612,"9,20050400852115E+018",9,1,62,0,2020,5,16,2,3,6,4,0,1,0,1,0,0,0,693604.5842,5333831.7618,11.601945041,48.128271462,0,1,#66c2a5,bicycle
7565,162613,"9,20050100161914E+018",9,1,73,120,2020,5,17,6,3,7,7,0,1,0,0,0,0,1,684693.7149,5314498.1391,11.473966076,47.957135396,1,1,#66c2a5,bicycle
7566,162614,"9,20042800858213E+018",9,1,62,0,2020,4,8,3,3,2,6,0,0,1,0,0,0,0,689387.8694,5337206.0525,11.546834132,48.159868344,0,2,#fc8d62,car
7567,162615,"9,20050100120114E+018",9,1,74,115,2020,5,12,6,3,4,2,0,0,1,0,0,0,0,681246.6377,5347838.0961,11.442000427,48.257809339,0,2,#fc8d62,car
7568,162616,"9,20043000858217E+018",9,1,62,0,2020,4,22,5,3,8,7,2,0,1,0,0,0,0,684903366,5339241673,11.487472709,48.1794853,1,2,#fc8d62,car
7569,162617,"9,20043000858214E+018",9,1,84,149,2020,4,17,5,3,0,1,0,0,0,0,1,0,0,690891.4788,5350472902,11.573005441,48.27865827,0,4,#e78ac3,marker
7570,162618,"9,20043000858213E+018",9,1,62,0,2020,4,17,5,3,5,3,0,1,1,0,0,0,0,692198.1599,5337006.4554,11.584496353,48.157231182,0,1,#66c2a5,bicycle
7571,162619,"9,20042800858213E+018",9,1,62,0,2020,4,14,3,3,5,2,0,1,1,0,0,0,0,690716.4005,5340274.9249,11.566058101,48.187053937,0,1,#66c2a5,bicycle
7572,162620,"9,20043000858213E+018",9,1,84,149,2020,4,16,5,2,0,7,0,1,0,0,0,0,0,690780286,5350598107,11.571564769,48.279817082,1,1,#66c2a5,bicycle
7573,162621,"9,20042800854213E+018",9,1,62,0,2020,4,8,3,3,4,2,0,0,1,0,1,0,0,690501.8823,5337375.1699,11.561875301,48.161055582,0,2,#fc8d62,car
7574,162622,"9,20043000858213E+018",9,1,62,0,2020,4,19,5,3,1,5,1,1,1,0,0,0,0,691401.0098,5336325.9187,11.573482203,48.151355044,1,1,#66c2a5,bicycle
7575,162624,"9,20043000858213E+018",9,1,62,0,2020,4,20,5,3,3,2,2,1,1,0,0,0,0,689825.3415,5337403.9431,11.552799385,48.161516534,1,1,#66c2a5,bicycle
7576,162625,"9,20043000858213E+018",9,1,62,0,2020,4,15,5,3,0,1,0,0,1,0,1,0,0,691094.1973,5334217.1086,11.568414944,48.1324935,0,2,#fc8d62,car
7577,162626,"9,20043000857113E+018",9,1,62,0,2020,4,10,5,3,5,3,0,1,0,0,0,0,1,684050.1556,5335092.1965,11.47421044,48.142435319,0,1,#66c2a5,bicycle
7578,162627,"9,20042800854213E+018",9,1,62,0,2020,4,15,3,3,1,7,0,0,1,0,0,0,0,690040.7545,5335806.4743,11.554979918,48.147094158,0,2,#fc8d62,car
7579,162628,"9,20043000857113E+018",9,1,62,0,2020,4,21,5,3,0,1,2,0,1,0,0,0,0,690605.8953,5337304.1147,11.563240783,48.160385772,1,2,#fc8d62,car
7580,162629,"9,20043000857113E+018",9,1,62,0,2020,4,13,5,2,5,3,0,1,1,0,0,0,0,685156.6628,5333743.2393,11.488484495,48.1299892,0,1,#66c2a5,bicycle
7581,162630,"9,20043000854214E+018",9,1,62,0,2020,4,11,5,3,0,7,0,1,0,0,0,0,0,688115.6357,5337228.0348,11.529752576,48.160443584,1,1,#66c2a5,bicycle
7582,162631,"9,20042800854112E+018",9,1,62,0,2020,4,12,3,3,5,2,0,1,1,0,0,0,0,687728.6756,5334264.0558,11.523247003,48.133917065,0,1,#66c2a5,bicycle
7583,162632,"9,20043000854213E+018",9,1,62,0,2020,4,15,5,3,0,1,0,0,0,0,1,0,0,688116.0778,5336864.8795,11.529597942,48.157179356,0,4,#e78ac3,marker
7584,162633,"9,20042800851313E+018",9,1,62,0,2020,4,17,3,3,1,1,0,1,1,0,0,0,0,691219.7417,5337355.8416,11.57151034,48.16066638,1,1,#66c2a5,bicycle
7585,162634,"9,20043000854113E+018",9,1,62,0,2020,4,11,5,3,5,3,0,0,1,0,0,0,0,686355.0364,5334029.3615,11.50469973,48.132211251,0,2,#fc8d62,car
7586,162635,"9,20050500121714E+018",9,1,79,134,2020,5,10,3,3,5,7,0,1,1,0,0,0,0,668205.3167,5343416.0519,11.264682073,48.22165244,0,1,#66c2a5,bicycle
7587,162636,"9,20050400851415E+018",9,1,62,0,2020,5,16,2,2,6,4,0,1,0,1,0,0,0,691612.0765,5333805.6689,11.575183237,48.12863983,0,1,#66c2a5,bicycle
7588,162637,"9,20043000852413E+018",9,1,62,0,2020,4,17,5,3,5,7,0,1,0,0,0,0,1,697478134,5331612.9673,11.652918663,48.107140546,0,1,#66c2a5,bicycle
7589,162645,"9,20043000712313E+018",9,7,72,184,2020,4,8,5,3,4,2,0,0,1,0,0,0,0,636059.9931,5364145.6818,10.838830744,48.415763833,0,2,#fc8d62,car
7590,162646,"9,20050400858214E+018",9,1,62,0,2020,5,7,2,3,0,7,0,1,0,0,0,0,0,684265.2592,5339578.3982,11.47904274,48.182697312,0,1,#66c2a5,bicycle
7591,162647,"9,20043000710614E+018",9,7,61,0,2020,4,15,5,3,3,1,0,0,1,0,0,1,0,639719.1313,5356296.1946,10.885646461,48.344382834,1,2,#fc8d62,car
7592,162648,"9,20043000710413E+018",9,7,61,0,2020,4,17,5,3,4,2,0,1,1,0,0,0,0,640790.4601,5359216.0725,10.90107376,48.370399546,1,1,#66c2a5,bicycle
7593,162649,"9,20043000710413E+018",9,7,61,0,2020,4,15,5,3,0,6,0,1,0,0,0,0,0,640549.0689,5359245.5313,10.897825996,48.370718233,0,1,#66c2a5,bicycle
7594,162661,"9,20042800710413E+018",9,7,61,0,2020,4,12,3,3,2,6,0,0,1,0,0,0,0,639991.5426,5359199.8271,10.890286804,48.370431189,0,2,#fc8d62,car
7595,162677,"9,20043000210914E+018",9,2,61,0,2020,4,14,5,3,6,4,0,0,1,1,0,0,0,733883.9833,5380283446,12.168270715,48.532027218,0,2,#fc8d62,car
7596,162683,"9,20050500110716E+018",9,1,78,124,2020,5,14,3,2,6,6,0,1,0,1,0,0,0,703434.2442,5364610.2156,11.748699297,48.401795673,0,1,#66c2a5,bicycle
7597,162684,"9,20043000140113E+018",9,1,87,150,2020,4,16,5,3,6,7,0,0,1,1,0,0,0,729591.7229,5305125.3616,12.069577924,47.858407897,0,2,#fc8d62,car
7598,162687,"9,20050500141315E+018",9,1,63,0,2020,5,11,3,3,5,3,0,0,1,0,0,0,0,733277.0199,5304792.9366,12.118595185,47.854094271,1,2,#fc8d62,car
7599,162688,"9,20043000125014E+018",9,1,79,121,2020,4,16,5,3,1,6,0,0,1,0,1,0,0,666768.5129,5339480.9381,11.243806296,48.18665525,0,2,#fc8d62,car
7600,162689,"9,20043000125014E+018",9,1,79,121,2020,4,15,5,3,0,1,0,1,0,0,0,0,0,665524.6491,5336779.3576,11.226031691,48.162693085,0,1,#66c2a5,bicycle
7601,162690,"9,20043000121713E+018",9,1,79,142,2020,4,13,5,3,2,6,0,0,1,0,0,0,0,673045.4888,5342056.4811,11.329239323,48.208129057,0,2,#fc8d62,car
7602,162692,"9,20043000120912E+018",9,1,79,145,2020,4,14,5,3,1,5,0,0,1,0,0,0,0,673943.1369,5337468.4157,11.339432655,48.166639855,0,2,#fc8d62,car
7603,162694,"9,20050400851215E+018",9,1,62,0,2020,5,10,2,3,4,6,0,1,0,0,0,0,0,692090.9828,5336635.4982,11.582889201,48.153929481,0,1,#66c2a5,bicycle
7604,162695,"9,20043000111318E+018",9,1,75,132,2020,4,11,5,2,6,4,0,0,1,1,0,0,0,707818.0641,5331747.4912,11.791723952,48.105060471,0,2,#fc8d62,car
7605,162696,"9,20050400851214E+018",9,1,62,0,2020,5,9,2,3,5,7,0,1,1,0,0,0,0,691367.3149,5336240.1565,11.572991073,48.150594363,0,1,#66c2a5,bicycle
7606,162697,"9,20042900858214E+018",9,1,62,0,2020,4,15,4,3,3,2,0,1,1,0,0,0,0,690450.5716,5335307.8944,11.560260938,48.142490379,0,1,#66c2a5,bicycle
7607,162698,"9,20042900858214E+018",9,1,62,0,2020,4,11,4,3,5,2,0,1,1,0,0,0,0,678768.5583,5339000.4849,11.40491749,48.179072929,1,1,#66c2a5,bicycle
7608,162700,"9,20050400858214E+018",9,1,62,0,2020,5,20,2,3,5,3,2,0,1,0,0,0,0,679571.74,5337215.1331,11.414958428,48.162798078,1,2,#fc8d62,car
7609,162702,"9,20050600851114E+018",9,1,62,0,2020,5,8,4,3,5,3,0,0,1,0,0,0,1,692154.0134,5334409.9246,11.582731472,48.133907417,0,2,#fc8d62,car
7610,162704,"9,20050800851117E+018",9,1,62,0,2020,5,23,6,3,0,1,2,1,0,0,0,0,0,691208.3633,5334049.1901,11.569872445,48.130949975,0,1,#66c2a5,bicycle
7611,162705,"9,20050900145015E+018",9,1,63,0,2020,5,13,7,3,0,7,0,1,0,0,0,0,0,734049.3906,5304869.9949,12.128946522,47.854505787,0,1,#66c2a5,bicycle
7612,162706,"9,20050700131529E+018",9,1,85,166,2020,5,9,5,2,0,7,0,1,0,0,0,0,0,671779045,5382952.1113,11.328932147,48.576091352,0,1,#66c2a5,bicycle
7613,162713,"9,20050800710415E+018",9,7,61,0,2020,5,17,6,3,5,3,0,1,1,0,0,0,0,641351494,5359237362,10.908652116,48.370465568,0,1,#66c2a5,bicycle
7614,162714,"9,20050800858218E+018",9,1,62,0,2020,5,7,6,2,5,3,0,1,1,0,0,0,0,682937.1504,5336069.7196,11.459682568,48.151542938,0,1,#66c2a5,bicycle
7615,162716,"9,20050600858218E+018",9,1,62,0,2020,5,8,4,3,0,3,0,1,0,0,0,0,0,693412.9223,5333050.5285,11.599017461,48.121308217,0,1,#66c2a5,bicycle
7616,162717,"9,20050800121917E+018",9,1,88,139,2020,5,14,6,3,0,1,0,1,0,0,0,0,0,675172.6013,5319027.1525,11.348391603,48.00052515,0,1,#66c2a5,bicycle
7617,162718,"9,20050700121718E+018",9,1,79,142,2020,5,14,5,2,0,1,0,1,0,0,0,0,0,672759.5615,5341231.0278,11.325057918,48.200786571,0,1,#66c2a5,bicycle
7618,162725,"9,20050800858214E+018",9,1,62,0,2020,5,12,6,3,4,2,0,0,1,0,0,0,0,696115179,5336897.5392,11.637061167,48.155056417,0,2,#fc8d62,car
7619,162727,"9,20050700858215E+018",9,1,62,0,2020,5,18,5,3,0,7,0,0,0,0,1,0,0,689051.5113,5332334.8465,11.54015339,48.116185501,0,4,#e78ac3,marker
7620,162729,"9,20050600750118E+018",9,7,78,116,2020,5,17,4,3,2,6,0,0,1,0,0,0,0,619052.0012,5320068849,10.596693013,48.02281025,0,2,#fc8d62,car
7621,162733,"9,20050700712314E+018",9,7,72,121,2020,5,18,5,3,8,7,0,1,0,0,0,0,0,629098.5417,5371162.0323,10.746957741,48.480321731,0,1,#66c2a5,bicycle
7622,162736,"9,20050800854714E+018",9,1,62,0,2020,5,17,6,3,5,2,0,1,1,0,0,0,0,691207.0947,5340325.4188,11.572676142,48.187360262,0,1,#66c2a5,bicycle
7623,162738,"9,20050700854416E+018",9,1,62,0,2020,5,15,5,2,6,4,0,1,0,1,0,0,0,686948.2542,5339271.6966,11.51496809,48.179156822,0,1,#66c2a5,bicycle
7624,162740,"9,20050600750115E+018",9,7,78,116,2020,5,11,4,2,0,1,0,1,0,0,0,0,0,620764.2125,5318349.5565,10.619162992,48.007026282,0,1,#66c2a5,bicycle
7625,162747,"9,20050700852914E+018",9,1,62,0,2020,5,10,5,3,5,6,0,1,1,0,0,0,0,686367.4009,5329638.2855,11.502947075,48.092738844,0,1,#66c2a5,bicycle
7626,162749,"9,20050600750114E+018",9,7,78,116,2020,5,11,4,3,8,1,0,1,0,0,0,0,0,617119808,5318219.3989,10.570283893,48.006533888,0,1,#66c2a5,bicycle
7627,162765,"9,20050900120114E+018",9,1,74,115,2020,5,13,7,3,0,3,0,0,1,0,0,0,0,679384.5846,5346538.4799,11.416384839,48.246657243,0,2,#fc8d62,car
7628,162767,"9,20050700120915E+018",9,1,88,121,2020,5,9,5,3,0,7,0,1,0,0,0,0,0,670505.2289,5331920.0093,11.291011858,48.117692492,0,1,#66c2a5,bicycle
7629,162769,"9,20050600140115E+018",9,1,87,117,2020,5,19,4,3,2,6,0,1,0,0,0,0,0,725468283,5305000715,12.014463307,47.85874787,0,1,#66c2a5,bicycle
7630,162770,"9,20050700715018E+018",9,7,72,163,2020,5,12,5,3,2,2,0,0,1,0,0,0,0,639207.7734,5345945.0568,10.875335864,48.251419492,0,2,#fc8d62,car
7631,162774,"9,20050800858214E+018",9,1,62,0,2020,5,22,6,3,0,7,2,1,0,0,0,0,0,688667.2241,5336506.1573,11.536842635,48.153791843,0,1,#66c2a5,bicycle
7632,162777,"9,20050800858215E+018",9,1,62,0,2020,5,18,6,3,0,7,0,1,0,0,0,0,0,698243.7951,5331234.8592,11.66301738,48.103504572,0,1,#66c2a5,bicycle
7633,162779,"9,20050600858215E+018",9,1,62,0,2020,5,11,4,2,5,2,0,1,1,0,0,0,0,686135.7391,5339429.5741,11.504117537,48.180814404,0,1,#66c2a5,bicycle
7634,162780,"9,20050800121715E+018",9,1,79,142,2020,5,17,6,3,2,3,0,0,1,0,1,0,0,673258.1841,5343436.6976,11.332663603,48.220478337,0,2,#fc8d62,car
7635,162782,"9,20050700710716E+018",9,7,61,0,2020,5,9,5,3,5,3,0,0,1,0,1,0,0,643197.6178,5362162.6275,10.934562281,48.396351784,0,2,#fc8d62,car
7636,162783,"9,20050600121914E+018",9,1,88,139,2020,5,8,4,3,6,3,0,0,1,1,0,0,0,673028.0165,5319150.3194,11.319715181,48.002216369,0,2,#fc8d62,car
7637,162786,"9,20050700854216E+018",9,1,62,0,2020,5,22,5,3,1,5,2,0,1,0,0,0,0,688442.3947,5335687.2377,11.533460069,48.146497931,0,2,#fc8d62,car
7638,162787,"9,20050600120914E+018",9,1,79,118,2020,5,19,4,3,0,1,0,1,0,0,0,0,0,672822.7898,5337586.7821,11.32442566,48.16800949,0,1,#66c2a5,bicycle
7639,162790,"9,20050700857114E+018",9,1,62,0,2020,5,12,5,2,0,7,0,1,0,0,0,1,0,679101.1004,5336413.8193,11.408297524,48.155727842,0,1,#66c2a5,bicycle
7640,162791,"9,20050600120518E+018",9,1,79,121,2020,5,20,4,3,5,3,1,0,1,0,1,0,0,666301.7484,5337844.2771,11.236890627,48.172063976,0,2,#fc8d62,car
7641,162796,"9,20050600858214E+018",9,1,62,0,2020,5,11,4,2,1,7,0,1,0,0,0,0,1,697895.1741,5331649.7361,11.658531982,48.107341584,0,1,#66c2a5,bicycle
7642,162797,"9,20050700852114E+018",9,1,62,0,2020,5,14,5,3,5,2,0,1,1,0,0,0,0,694022365,5334116.8991,11.607683598,48.130706978,0,1,#66c2a5,bicycle
7643,162798,"9,20050600120114E+018",9,1,74,115,2020,5,19,4,3,4,6,0,1,0,0,0,0,0,683797.7666,5347711.1003,11.476284425,48.255933043,0,1,#66c2a5,bicycle
7644,162799,"9,20050600711915E+018",9,7,72,125,2020,5,17,4,3,5,3,0,0,1,0,0,0,0,636074.1779,5348199.4749,10.833869594,48.272372171,0,2,#fc8d62,car
7645,162803,"9,20050600858214E+018",9,1,62,0,2020,5,17,4,3,2,6,0,0,1,0,0,0,0,692030.1995,5341297.1318,11.58417866,48.195845471,0,2,#fc8d62,car
7646,162804,"9,20050700121916E+018",9,1,88,141,2020,5,19,5,3,5,3,1,0,1,0,0,0,0,668795.7151,5312549354,11.260428056,47.944003745,0,2,#fc8d62,car
7647,162806,"9,20050800854214E+018",9,1,62,0,2020,5,13,6,3,5,2,0,1,1,0,0,0,0,686201.7989,5335580.4135,11.5033203,48.146197534,0,1,#66c2a5,bicycle
7648,162808,"9,20050600857114E+018",9,1,84,146,2020,5,13,4,3,5,3,0,1,1,1,0,0,0,698642175,5328118754,11.666913446,48.075375169,0,1,#66c2a5,bicycle
7649,162811,"9,20050600110715E+018",9,1,78,137,2020,5,13,4,3,0,1,0,1,0,0,0,0,0,692320.1384,5365150.2084,11.598943946,48.410136863,0,1,#66c2a5,bicycle
7650,162812,"9,20050500858217E+018",9,1,62,0,2020,5,5,3,3,5,4,1,0,0,0,1,0,1,684335.1888,5337517.4346,11.479088951,48.164152097,0,4,#e78ac3,marker
7651,162814,"9,20050500858216E+018",9,1,62,0,2020,5,14,3,3,2,6,0,0,1,0,0,0,0,696265.2049,5331518.6307,11.636598739,48.106667543,0,2,#fc8d62,car
7652,162816,"9,20050800711915E+018",9,7,72,163,2020,5,16,6,3,0,7,0,1,0,0,0,0,0,640429793,5349240.5961,10.8928833,48.280782903,0,1,#66c2a5,bicycle
7653,162817,"9,20050900110517E+018",9,1,77,113,2020,5,17,7,2,0,1,0,1,0,0,0,0,0,719397.0879,5352379.1827,11.957721831,48.28655286,0,1,#66c2a5,bicycle
7654,162819,"9,20050600854715E+018",9,1,62,0,2020,5,13,4,3,5,3,0,1,1,0,0,0,0,691239.1327,5340155.2078,11.573030134,48.185820794,0,1,#66c2a5,bicycle
7655,162820,"9,20050600858223E+018",9,1,84,112,2020,5,16,4,3,7,7,0,1,0,1,0,0,0,701379.3118,5338620.0718,11.70857976,48.168891584,0,1,#66c2a5,bicycle
7656,162822,"9,20050500858214E+018",9,1,62,0,2020,5,16,3,3,0,1,0,1,0,0,0,0,0,686442173,5334862.2583,11.50623427,48.139672106,0,1,#66c2a5,bicycle
7657,162823,"9,20050700712523E+018",9,7,72,200,2020,5,7,5,3,2,6,0,0,1,0,0,0,0,632786377,5338806.9803,10.786639225,48.188608687,0,2,#fc8d62,car
7658,162824,"9,20050500858214E+018",9,1,62,0,2020,5,8,3,3,5,3,0,1,1,0,0,0,0,688836.9543,5331752.0089,11.537015411,48.111010512,0,1,#66c2a5,bicycle
7659,162825,"9,20050700740715E+018",9,7,62,0,2020,5,8,5,3,0,1,0,0,0,0,1,0,0,621548.5613,5305528.5815,10.626052881,47.891570481,0,4,#e78ac3,marker
7660,162826,"9,20050500857115E+018",9,1,62,0,2020,5,16,3,2,5,3,0,0,1,0,1,0,0,691036.4088,5329304.2682,11.565438879,48.088354354,0,2,#fc8d62,car
7661,162829,"9,20050800858214E+018",9,1,62,0,2020,5,18,6,3,6,7,0,1,0,1,0,0,0,692896.5736,5333958.5924,11.592497277,48.129626326,0,1,#66c2a5,bicycle
7662,162831,"9,20050600854315E+018",9,1,62,0,2020,5,14,4,3,3,5,0,0,1,0,1,0,0,689972.3152,5340174.7892,11.556012133,48.186376878,0,2,#fc8d62,car
7663,162832,"9,20050600858214E+018",9,1,62,0,2020,5,20,4,3,0,1,1,1,0,0,0,0,0,690608117,5332938.4303,11.561316658,48.121146515,0,1,#66c2a5,bicycle
7664,162833,"9,20050700858216E+018",9,1,62,0,2020,5,18,5,3,3,7,0,1,1,0,0,0,0,690557.5557,5337739.3468,11.56278637,48.164312093,0,1,#66c2a5,bicycle
7665,162834,"9,20050500857115E+018",9,1,62,0,2020,5,18,3,3,1,7,0,1,1,0,0,0,0,691611.0271,5340141.9821,11.578022577,48.185589865,0,1,#66c2a5,bicycle
7666,162835,"9,20050600710719E+018",9,7,61,0,2020,5,14,4,3,0,7,0,1,0,0,0,0,0,640924.4355,5360735.2709,10.90339109,48.384029707,0,1,#66c2a5,bicycle