fid,OBJECTID,UIDENTSTLA,ULAND,UREGBEZ,UKREIS,UGEMEINDE,UJAHR,UMONAT,USTUNDE,UWOCHENTAG,UKATEGORIE,UART,UTYP1,ULICHTVERH,IstRad,IstPKW,IstFuss,IstKrad,IstGkfz,IstSonstig,LINREFX,LINREFY,XGCSWGS84,YGCSWGS84,STRZUSTAND,Teilnehmer,color,symbol
7958,163561,"9,20052000858216E+018",9,1,62,0,2020,5,15,4,3,0,6,0,1,0,0,0,0,0,691153.2187,5340796.4829,11.572164004,48.191610313,0,1,#66c2a5,bicycle
7959,163562,"9,20052000858216E+018",9,1,62,0,2020,5,7,4,3,5,2,0,0,1,0,1,0,0,682580.2834,5340883.9625,11.456956578,48.194918977,0,2,#fc8d62,car
7960,163563,"9,20051900712315E+018",9,7,72,147,2020,5,12,3,3,3,6,0,1,1,0,0,0,0,639029.0336,5364952.87,10.87920226,48.422373728,0,1,#66c2a5,bicycle
7961,163565,"9,20052000858215E+018",9,1,62,0,2020,5,16,4,3,5,2,0,1,1,0,0,0,0,693806036,5335102732,11.605227725,48.139633219,0,1,#66c2a5,bicycle
7962,163566,"9,20052000858215E+018",9,1,62,0,2020,5,10,4,3,5,3,0,0,1,0,0,0,0,697406.6067,5332451.9536,11.652347097,48.114702989,0,2,#fc8d62,car
7963,163567,"9,20051900711317E+018",9,7,72,202,2020,5,16,3,2,4,1,0,0,1,1,0,0,0,636027.9983,5356783.2159,10.836015301,48.349567781,0,2,#fc8d62,car
7964,163569,"9,20052000858215E+018",9,1,84,114,2020,5,17,4,3,3,2,0,0,1,0,1,0,0,700201.6198,5321047.5355,11.684519857,48.011336947,0,2,#fc8d62,car
7965,163570,"9,20052000857116E+018",9,1,62,0,2020,5,19,4,2,4,2,0,0,1,0,1,0,0,691325.0136,5341340.2192,11.574718248,48.196445574,0,2,#fc8d62,car
7966,163571,"9,20052000857115E+018",9,1,62,0,2020,5,15,4,3,0,2,0,1,1,0,0,0,0,697219.5144,5332193.6228,11.649716668,48.112439237,0,1,#66c2a5,bicycle
7967,163572,"9,20052100858218E+018",9,1,62,0,2020,5,21,5,3,0,7,2,1,0,0,0,0,0,685976.7698,5338503.9651,11.501576,48.172541281,0,1,#66c2a5,bicycle
7968,163573,"9,20052000857115E+018",9,1,62,0,2020,5,11,4,2,4,7,0,0,1,0,1,0,0,691582.5691,5333836.2528,11.574800835,48.128923596,0,2,#fc8d62,car
7969,163575,"9,20052000855117E+018",9,1,62,0,2020,5,19,4,3,0,7,0,1,0,0,0,0,0,691907.3872,5332409648,11.578519471,48.116003613,0,1,#66c2a5,bicycle
7970,163576,"9,20051900711117E+018",9,7,61,0,2020,5,20,3,3,8,1,0,0,0,0,1,0,0,637837.1553,5361406641,10.861936273,48.390748697,0,4,#e78ac3,marker
7971,163578,"9,20052000854517E+018",9,1,62,0,2020,5,18,4,3,5,3,0,1,0,0,0,0,0,684423.4106,5336584.0464,11.479869641,48.155736754,0,1,#66c2a5,bicycle
7972,163579,"9,20052000854416E+018",9,1,62,0,2020,5,11,4,2,0,7,0,1,0,0,0,0,0,686153.7497,5339434.8969,11.504361928,48.18085697,0,1,#66c2a5,bicycle
7973,163581,"9,20052100851219E+018",9,1,62,0,2020,5,16,5,3,6,4,0,1,0,1,0,0,0,692133.6345,5335704.5687,11.5830419,48.145549592,0,1,#66c2a5,bicycle
7974,163582,"9,20052000854415E+018",9,1,62,0,2020,5,12,4,3,2,6,0,0,1,0,0,0,0,686586.6403,5337944.5663,11.509525741,48.1673345,0,2,#fc8d62,car
7975,163584,"9,20052000854317E+018",9,1,62,0,2020,5,13,4,3,5,3,0,1,1,0,0,0,0,689251.0594,5340120.1166,11.546293492,48.186100758,0,1,#66c2a5,bicycle
7976,163585,"9,20052100858216E+018",9,1,84,135,2020,5,20,5,3,0,7,2,1,0,0,0,0,0,687262.9456,5348092.3187,11.523092472,48.258344997,0,1,#66c2a5,bicycle
7977,163586,"9,20051900710718E+018",9,7,61,0,2020,5,9,3,3,5,3,0,0,1,0,1,0,0,641805.0009,5361305.6709,10.915470047,48.388961154,0,2,#fc8d62,car
7978,163587,"9,20052000854216E+018",9,1,62,0,2020,5,15,4,3,0,7,0,1,0,0,0,0,0,690481.4776,5337270.8535,11.561554474,48.160124106,0,1,#66c2a5,bicycle
7979,163588,"9,20051900710618E+018",9,7,61,0,2020,5,17,3,3,3,1,0,1,0,0,0,0,0,640767.6823,5355896.5358,10.899656042,48.340556433,0,1,#66c2a5,bicycle
7980,163589,"9,20052000852315E+018",9,1,62,0,2020,5,15,4,3,0,1,0,1,0,0,0,0,0,691383.4194,5329884.3431,11.570354024,48.093463967,0,1,#66c2a5,bicycle
7981,163591,"9,20052000851417E+018",9,1,62,0,2020,5,12,4,3,0,1,0,1,0,0,0,0,0,689797.7839,5333302.1965,11.550600898,48.124658137,0,1,#66c2a5,bicycle
7982,163592,"9,20052000851217E+018",9,1,62,0,2020,5,13,4,3,1,5,0,1,1,0,0,0,0,691043.6111,5335418.6676,11.568274677,48.143308206,0,1,#66c2a5,bicycle
7983,163609,"9,20052000715019E+018",9,7,61,0,2020,5,19,4,3,6,4,0,0,1,1,0,0,0,638774.2547,5360397.2265,10.874254398,48.381466779,0,2,#fc8d62,car
7984,163611,"9,20052000711315E+018",9,7,61,0,2020,5,22,4,3,5,3,2,1,1,0,0,0,0,639147.9951,5359224.2689,10.878910974,48.370837513,0,1,#66c2a5,bicycle
7985,163612,"9,20052000711315E+018",9,7,61,0,2020,5,15,4,3,5,3,0,1,1,0,0,0,0,638038.7555,5358167.8545,10.863594512,48.361581991,0,1,#66c2a5,bicycle
7986,163613,"9,20052200110515E+018",9,1,77,142,2020,5,19,6,2,0,1,0,1,0,0,0,0,0,722624.3077,5348905.8666,11.999338547,48.254220607,0,1,#66c2a5,bicycle
7987,163614,"9,20052000711315E+018",9,7,61,0,2020,5,16,4,3,2,6,0,0,1,0,0,0,0,637788.1397,5360745.8611,10.861057797,48.38481779,0,2,#fc8d62,car
7988,163616,"9,20052000710616E+018",9,7,61,0,2020,5,23,4,3,0,3,2,1,0,0,0,0,0,641336.4969,5357550.5951,10.907883025,48.355302158,0,1,#66c2a5,bicycle
7989,163618,"9,20052200110918E+018",9,1,78,144,2020,5,17,6,2,0,7,0,1,0,0,0,0,0,706873525,5381239205,11.803338478,48.550099654,0,1,#66c2a5,bicycle
7990,163627,"9,20052100858217E+018",9,1,62,0,2020,5,16,5,3,0,7,0,1,0,0,0,0,0,692442.6263,5336575.6329,11.587585393,48.153285121,0,1,#66c2a5,bicycle
7991,163637,"9,20052100854518E+018",9,1,62,0,2020,5,17,5,3,0,7,0,0,1,0,1,0,0,682785.6162,5334793.6301,11.457099189,48.140116153,0,2,#fc8d62,car
7992,163667,"9,20052200110716E+018",9,1,78,124,2020,5,19,6,3,0,1,0,1,0,0,0,0,0,702744.9798,5364236.4043,11.739216907,48.398658511,0,1,#66c2a5,bicycle
7993,163669,"9,20052100715029E+018",9,7,61,0,2020,5,22,5,3,0,1,2,1,0,0,0,0,0,639621.4348,5359532.0094,10.885402411,48.373500069,0,1,#66c2a5,bicycle
7994,163680,"9,20052100858218E+018",9,1,62,0,2020,5,13,5,3,5,3,0,1,1,0,0,0,0,692476.6299,5330620.1874,11.585352589,48.099748427,0,1,#66c2a5,bicycle
7995,163681,"9,20052000210924E+018",9,2,74,126,2020,5,21,4,3,0,1,2,1,0,0,0,0,0,734228.3051,5383785.0655,12.174896467,48.563352165,0,1,#66c2a5,bicycle
7996,163685,"9,20052000161916E+018",9,1,73,147,2020,5,10,4,2,6,7,0,0,1,1,0,0,0,681170.8216,5309730.4117,11.424815353,47.915283688,0,2,#fc8d62,car
7997,163687,"9,20052100852116E+018",9,1,62,0,2020,5,14,5,3,0,6,0,1,0,0,0,0,0,692328305,5333867.2788,11.584826703,48.128977572,0,1,#66c2a5,bicycle
7998,163690,"9,20052100858216E+018",9,1,62,0,2020,5,17,5,3,0,7,0,1,0,1,0,0,0,689548.1401,5338296.2041,11.549473042,48.169618884,0,1,#66c2a5,bicycle
7999,163696,"9,20052000140116E+018",9,1,87,117,2020,5,19,4,3,0,1,0,1,0,0,0,0,0,724596.5846,5305520.0759,12.003095208,47.863719585,0,1,#66c2a5,bicycle
8000,163697,"9,20052000140115E+018",9,1,87,117,2020,5,11,4,3,2,6,0,1,0,0,0,0,0,726017.1753,5307028.3066,12.022851437,47.876772696,0,1,#66c2a5,bicycle
8001,163699,"9,20052000131317E+018",9,1,86,143,2020,5,7,4,3,5,3,0,0,1,0,1,0,0,684440.9182,5377892.3601,11.498192823,48.527017027,0,2,#fc8d62,car
8002,163705,"9,20052000121915E+018",9,1,88,118,2020,5,2,4,3,4,6,2,1,1,0,0,0,0,670562.8971,5313372.3961,11.284400114,47.950934925,0,1,#66c2a5,bicycle
8003,163707,"9,20052000121915E+018",9,1,88,139,2020,5,14,4,3,0,6,0,1,1,0,0,0,0,672945.8182,5319583.5462,11.318788757,48.006133234,0,1,#66c2a5,bicycle
8004,163708,"9,20052000120115E+018",9,1,74,115,2020,5,14,4,3,0,6,0,1,0,0,1,0,0,682127.7733,5348727.3031,11.454243802,48.26554935,0,1,#66c2a5,bicycle
8005,163709,"9,20052000111318E+018",9,1,75,132,2020,5,13,4,2,5,3,0,1,1,0,0,0,0,707593.8631,5331368.9409,11.788531706,48.101731775,0,1,#66c2a5,bicycle
8006,163710,"9,20052000111123E+018",9,1,78,130,2020,5,10,4,3,5,3,0,0,1,0,0,0,0,703196.3153,5356835.5303,11.741732879,48.332006862,0,2,#fc8d62,car
8007,163712,"9,20052000111117E+018",9,1,78,120,2020,5,19,4,3,8,1,0,1,0,0,0,0,0,692558.9102,5351738.9839,11.596033663,48.289532331,0,1,#66c2a5,bicycle
8008,163714,"9,20052000110915E+018",9,1,78,155,2020,5,11,4,3,8,7,0,0,1,0,0,0,0,716673.3012,5375594923,11.933025677,48.496080124,0,2,#fc8d62,car
8009,163715,"9,20052000110717E+018",9,1,78,124,2020,5,11,4,3,0,1,0,1,0,0,0,0,0,701976815,5364819.5903,11.729131309,48.404145723,0,1,#66c2a5,bicycle
8010,163716,"9,20052200110518E+018",9,1,77,117,2020,5,13,6,3,1,6,0,0,1,0,0,0,0,714159.5249,5354586.9845,11.888327554,48.30818398,0,2,#fc8d62,car
8011,163717,"9,20052000110316E+018",9,1,75,115,2020,5,10,4,3,8,1,0,0,1,0,0,0,0,720067.1912,5328918.0617,11.954594068,48.075524984,0,2,#fc8d62,car
8012,163718,"9,20051900858218E+018",9,1,84,120,2020,5,12,3,3,0,7,0,1,0,0,0,0,1,681995927,5332876013,11.44567472,48.123105497,0,1,#66c2a5,bicycle
8013,163719,"9,20052200111316E+018",9,1,75,132,2020,5,9,6,3,0,7,0,1,0,0,0,0,0,707478801,5331047.4844,11.786831759,48.098880523,0,1,#66c2a5,bicycle
8014,163720,"9,20051900858218E+018",9,1,62,0,2020,5,18,3,3,0,3,0,1,1,0,0,0,0,690188.9094,5333721.9689,11.556038947,48.128314338,0,1,#66c2a5,bicycle
8015,163721,"9,20051900858217E+018",9,1,62,0,2020,5,19,3,3,0,1,0,1,0,0,0,0,0,693309.8325,5330973.0138,11.596692113,48.102667326,0,1,#66c2a5,bicycle
8016,163724,"9,20051900858216E+018",9,1,84,132,2020,5,15,3,3,0,4,0,1,0,1,0,0,0,683167.9197,5328662.6487,11.459600437,48.084896651,0,1,#66c2a5,bicycle
8017,163725,"9,20051900858216E+018",9,1,62,0,2020,5,15,3,3,1,1,0,1,1,0,0,0,0,691529.6078,5337031.9929,11.575527242,48.157662419,0,1,#66c2a5,bicycle
8018,163726,"9,20052100712715E+018",9,7,72,115,2020,5,11,5,2,5,3,0,1,0,0,0,0,1,617704.6474,5370599.9672,10.592682648,48.477503668,0,1,#66c2a5,bicycle
8019,163727,"9,20051900858216E+018",9,1,62,0,2020,5,15,3,3,5,2,0,1,0,0,1,0,0,691387.79,5332033.3003,11.571376434,48.11277739,0,1,#66c2a5,bicycle
8020,163728,"9,20052100858218E+018",9,1,84,147,2020,5,13,5,3,2,6,0,1,0,0,0,0,0,697715.0202,5341388.4725,11.660638282,48.194922024,0,1,#66c2a5,bicycle
8021,163729,"9,20051900858216E+018",9,1,62,0,2020,5,10,3,3,2,6,0,0,0,0,1,1,0,689380.4231,5337209.5891,11.546735674,48.159902349,0,4,#e78ac3,marker
8022,163730,"9,20052100712123E+018",9,7,71,130,2020,5,22,5,3,0,1,2,1,0,0,0,0,0,645905525,5358319.8381,10.969789167,48.361179477,0,1,#66c2a5,bicycle
8023,163731,"9,20051900858216E+018",9,1,62,0,2020,5,8,3,3,2,6,0,1,0,0,0,0,0,690170.0787,5336317.5024,11.556945111,48.151648623,0,1,#66c2a5,bicycle
8024,163734,"9,20052500711317E+018",9,7,72,202,2020,5,8,2,3,5,2,0,1,0,0,0,0,1,637030.3469,5358721.0741,10.850168099,48.366776185,0,1,#66c2a5,bicycle
8025,163736,"9,20052200857119E+018",9,1,62,0,2020,5,13,6,3,2,7,0,0,1,0,0,0,1,699071.1066,5333980.5293,11.675399828,48.127922476,0,2,#fc8d62,car
8026,163737,"9,20052600711316E+018",9,7,61,0,2020,5,14,3,3,0,1,0,1,0,0,0,0,0,638032.3626,5358344.6829,10.863566271,48.363173404,0,1,#66c2a5,bicycle
8027,163744,"9,20052700110518E+018",9,1,77,117,2020,5,8,4,2,0,7,0,1,1,0,0,0,0,715342.0563,5352523.5097,11.903202557,48.28924193,0,1,#66c2a5,bicycle
8028,163747,"9,20052500160918E+018",9,1,73,126,2020,5,10,2,3,0,7,0,1,0,0,0,0,0,684366811,5305280.0867,11.465649204,47.874368844,1,1,#66c2a5,bicycle
8029,163748,"9,20052400120518E+018",9,1,79,119,2020,5,13,1,3,0,1,0,1,0,0,0,0,0,669290.8343,5338968.3798,11.277511298,48.181380267,0,1,#66c2a5,bicycle
8030,163753,"9,20052300160917E+018",9,1,73,126,2020,5,14,7,3,6,4,0,1,0,1,0,0,0,685970.74,5303389.2406,11.486265262,47.856909732,0,1,#66c2a5,bicycle
8031,163754,"9,20052600120517E+018",9,1,79,121,2020,5,17,3,2,5,3,0,1,1,0,0,0,0,668361.5761,5339984.1693,11.265422524,48.190758994,0,1,#66c2a5,bicycle
8032,163756,"9,20052600858216E+018",9,1,62,0,2020,5,0,3,3,0,7,2,0,0,0,0,0,1,693669162,5333797377,11.602796378,48.127942779,0,6,#ffd92f,circle
8033,163759,"9,20052400858223E+018",9,1,62,0,2020,5,18,1,3,5,3,0,0,1,0,0,0,0,689648.1072,5332704.6264,11.54832569,48.11933173,0,2,#fc8d62,car
8034,163760,"9,20052300857116E+018",9,1,62,0,2020,5,12,7,3,6,4,0,1,0,1,0,0,0,690465.6149,5334742.6319,11.560210161,48.137405312,0,1,#66c2a5,bicycle
8035,163762,"9,20052500852317E+018",9,1,62,0,2020,5,10,2,3,0,7,0,1,0,0,0,0,0,692521.0722,5331892.7361,11.586523078,48.111172471,0,1,#66c2a5,bicycle
8036,163764,"9,20052200857117E+018",9,1,62,0,2020,5,15,6,3,1,5,0,1,1,0,0,0,0,686203.3273,5334915.9007,11.503050239,48.140224203,0,1,#66c2a5,bicycle
8037,163766,"9,20052200740718E+018",9,7,62,0,2020,5,17,6,2,6,4,0,1,0,1,0,0,0,621651073,5307859.4797,10.628081047,47.912514469,0,1,#66c2a5,bicycle
8038,163767,"9,20052500858217E+018",9,1,62,0,2020,5,19,2,3,0,1,0,1,0,0,0,0,0,683085841,5335745027,11.461540212,48.14858161,0,1,#66c2a5,bicycle
8039,163769,"9,20052600857116E+018",9,1,62,0,2020,5,13,3,3,3,7,0,1,1,0,0,0,0,690715.7944,5340278.8023,11.566051696,48.187088969,0,1,#66c2a5,bicycle
8040,163770,"9,20052200740123E+018",9,7,77,121,2020,5,20,6,3,0,7,1,0,0,0,1,0,1,627872.8212,5319498.1146,10.714772181,48.01597279,1,4,#e78ac3,marker
8041,163776,"9,20052200857116E+018",9,1,62,0,2020,5,11,6,3,0,7,0,1,0,0,0,0,0,692265.3464,5332768.5083,11.58348585,48.119121025,0,1,#66c2a5,bicycle
8042,163777,"9,20052600717018E+018",9,7,61,0,2020,5,14,3,3,0,1,0,1,0,0,0,0,0,641993.3454,5360481.2514,10.917734073,48.381505983,0,1,#66c2a5,bicycle
8043,163781,"9,20052400710618E+018",9,7,61,0,2020,5,14,1,3,6,1,0,1,0,1,0,0,0,639179.6764,5357778.8986,10.878860295,48.35783409,0,1,#66c2a5,bicycle
8044,163786,"9,2005220071503E+018",9,7,61,0,2020,5,14,6,3,5,3,0,1,1,0,0,0,0,641405.5932,5362221.1072,10.91038628,48.397282031,0,1,#66c2a5,bicycle
8045,163787,"9,20052200854117E+018",9,1,62,0,2020,5,9,6,3,1,5,0,0,1,0,0,0,0,685738.3325,5332873.6389,11.49591542,48.12200338,0,2,#fc8d62,car
8046,163788,"9,20052600710417E+018",9,7,61,0,2020,5,11,3,3,1,5,0,1,1,0,0,0,0,640046.9848,5358733.2482,10.890879636,48.366223551,0,1,#66c2a5,bicycle
8047,163791,"9,20052200712316E+018",9,7,72,147,2020,5,20,6,2,4,2,0,0,1,0,1,0,0,636002.5121,5364444.3453,10.838151156,48.418461793,0,2,#fc8d62,car
8048,163793,"9,20052600160916E+018",9,1,73,126,2020,5,15,3,3,2,6,0,0,1,0,0,0,0,686386.8757,5303141.0141,11.491716226,47.854557885,0,2,#fc8d62,car
8049,163794,"9,20052200711915E+018",9,7,72,163,2020,5,7,6,3,5,3,0,1,1,0,0,0,0,640117.9279,5347252.7256,10.888023153,48.262977335,0,1,#66c2a5,bicycle
8050,163795,"9,20052600858248E+018",9,1,62,0,2020,5,8,3,3,2,6,0,0,1,0,0,0,0,695590.4186,5336706.8551,11.629925064,48.153504255,0,2,#fc8d62,car
8051,163797,"9,20052200710728E+018",9,7,61,0,2020,5,15,6,3,5,3,0,1,1,0,0,0,0,642555.5944,5360854.2082,10.925449769,48.384732627,0,1,#66c2a5,bicycle
8052,163798,"9,20052500121516E+018",9,1,81,130,2020,5,8,2,3,5,3,0,1,0,0,0,0,0,638868.4289,5322710.5038,10.863186847,48.042564806,0,1,#66c2a5,bicycle
8053,163800,"9,20052200710719E+018",9,7,61,0,2020,5,11,6,3,1,5,0,1,1,0,0,0,0,641688.7196,5361900396,10.91410088,48.394334785,0,1,#66c2a5,bicycle
8054,163801,"9,20052700120524E+018",9,1,79,121,2020,5,11,4,2,6,4,0,1,0,1,0,0,0,667604158,5338969048,11.254838617,48.181833463,0,1,#66c2a5,bicycle
8055,163803,"9,20052200710716E+018",9,7,61,0,2020,5,17,6,3,2,6,0,0,1,0,0,0,0,641938.3303,5360967.8147,10.917155836,48.385893317,0,2,#fc8d62,car
8056,163807,"9,20052300141316E+018",9,1,63,0,2020,5,16,7,3,0,7,0,1,0,0,0,0,0,733139.6497,5302763.6087,12.115668475,47.835912408,1,1,#66c2a5,bicycle
8057,163808,"9,20052600110516E+018",9,1,77,133,2020,5,15,3,3,0,1,0,1,0,0,0,0,0,713482.3355,5355574.8354,11.879706265,48.317289021,0,1,#66c2a5,bicycle
8058,163809,"9,20052200710617E+018",9,7,61,0,2020,5,10,6,3,5,3,0,1,1,0,0,0,0,642281.4854,5359406.9529,10.921259744,48.371781478,0,1,#66c2a5,bicycle
8059,163810,"9,20052600857117E+018",9,1,62,0,2020,5,13,3,3,3,7,0,1,1,0,0,0,0,690729.0714,5340296.1346,11.566237932,48.187240763,0,1,#66c2a5,bicycle
8060,163811,"9,20052200710417E+018",9,7,61,0,2020,5,10,6,3,1,5,0,1,1,0,0,0,0,640636.8251,5357860.2101,10.898547123,48.358242335,0,1,#66c2a5,bicycle
8061,163812,"9,20052400858216E+018",9,1,62,0,2020,5,12,1,2,3,6,0,1,0,0,0,0,0,693366365,5336196.9712,11.599820729,48.149601661,0,1,#66c2a5,bicycle
8062,163815,"9,20052300858218E+018",9,1,62,0,2020,5,15,7,3,1,2,0,1,1,0,0,0,0,697512.6847,5330644514,11.652934083,48.098425988,1,1,#66c2a5,bicycle
8063,163817,"9,20052300111322E+018",9,1,75,139,2020,5,2,7,3,0,1,2,1,0,0,0,0,0,711328159,5329940.6456,11.837922948,48.087669598,0,1,#66c2a5,bicycle
8064,163818,"9,20052500858216E+018",9,1,62,0,2020,5,7,2,3,5,2,0,1,1,0,0,0,0,693634.4416,5335142.8047,11.602941765,48.140045619,1,1,#66c2a5,bicycle
8065,163819,"9,20052200710119E+018",9,7,71,113,2020,5,14,6,2,4,6,0,1,0,0,0,0,0,657176.3163,5368464.7633,11.125644012,48.449680844,0,1,#66c2a5,bicycle
8066,163820,"9,20052600854218E+018",9,1,62,0,2020,5,11,3,3,6,4,0,0,1,1,0,0,0,689029.3041,5337056.9849,11.541950943,48.15863521,0,2,#fc8d62,car
8067,163821,"9,20052200710115E+018",9,7,71,112,2020,5,17,6,3,8,1,0,1,0,0,0,0,0,643369.5227,5368879.3723,10.939180347,48.456705416,0,1,#66c2a5,bicycle
8068,163823,"9,20052300710716E+018",9,7,61,0,2020,5,9,7,3,2,6,0,0,1,0,0,0,0,641856.4647,5360410.3552,10.915862534,48.380899309,1,2,#fc8d62,car
8069,163827,"9,20052200852817E+018",9,1,84,146,2020,5,16,6,3,0,7,0,1,0,0,0,0,0,697938.8793,5328294.5234,11.657563151,48.077173545,0,1,#66c2a5,bicycle
8070,163828,"9,20052600711916E+018",9,7,72,125,2020,5,14,3,3,1,1,0,0,1,0,0,0,0,637182.6462,5347654.9004,10.848623674,48.267236169,0,2,#fc8d62,car
8071,163829,"9,20052500851418E+018",9,1,62,0,2020,5,15,2,3,3,6,0,1,1,0,0,0,0,690234.2289,5334620.2516,11.557048465,48.13637457,0,1,#66c2a5,bicycle
8072,163831,"9,20052200852816E+018",9,1,84,129,2020,5,12,6,3,0,7,0,1,0,0,0,0,0,700422.8189,5326989.1769,11.690263127,48.064666396,0,1,#66c2a5,bicycle
8073,163832,"9,20052600750118E+018",9,7,78,116,2020,5,16,3,3,0,1,0,1,0,0,0,0,0,619146.0142,5318387.4129,10.597486083,48.007670456,0,1,#66c2a5,bicycle
8074,163833,"9,20052400710416E+018",9,7,61,0,2020,5,17,1,3,4,2,0,1,1,0,0,0,0,639611.9505,5360053.7962,10.885447699,48.378193927,0,1,#66c2a5,bicycle
8075,163834,"9,20052300110117E+018",9,1,77,115,2020,5,9,7,3,5,3,0,0,1,0,0,0,1,733865.67,5351303352,12.151882405,48.271709955,1,2,#fc8d62,car
8076,163837,"9,20052700121517E+018",9,1,81,130,2020,5,17,4,3,2,6,0,0,1,0,0,0,0,639067.0117,5324915.5368,10.86656645,48.062349953,0,2,#fc8d62,car
8077,163840,"9,20052200852318E+018",9,1,62,0,2020,5,19,6,3,1,5,0,1,1,0,0,0,0,692949826,5331450297,11.592077174,48.107066181,0,1,#66c2a5,bicycle
8078,163842,"9,20052200858222E+018",9,1,62,0,2020,5,15,6,3,0,1,0,1,0,0,0,0,0,689918.9061,5343161.1359,11.55663035,48.213233864,0,1,#66c2a5,bicycle
8079,163845,"9,20052200858222E+018",9,1,62,0,2020,5,17,6,3,5,3,0,1,1,0,0,0,0,679842.3536,5336736.0711,11.418391865,48.158415342,0,1,#66c2a5,bicycle
8080,163852,"9,20052700110916E+018",9,1,78,143,2020,5,16,4,3,0,1,0,1,0,0,0,0,0,717248.3631,5373041893,11.939472475,48.472943738,0,1,#66c2a5,bicycle
8081,163855,"9,20052500215019E+018",9,2,61,0,2020,5,13,2,3,0,4,0,1,0,1,0,0,0,732523062,5380333.3365,12.149892151,48.53298095,0,1,#66c2a5,bicycle
8082,163856,"9,20052200858218E+018",9,1,62,0,2020,5,15,6,2,5,3,0,1,1,0,0,0,0,689051.1306,5340121.9319,11.543607095,48.186176602,0,1,#66c2a5,bicycle
8083,163857,"9,20052400121516E+018",9,1,81,113,2020,5,12,1,3,0,1,0,1,0,0,0,0,0,638171.6042,5308880.8042,10.84939401,47.918352244,0,1,#66c2a5,bicycle
8084,163859,"9,20052300140116E+018",9,1,87,117,2020,5,20,7,3,0,1,0,1,0,0,0,0,0,724280.6716,5306183.3191,11.999221191,47.869789213,1,1,#66c2a5,bicycle
8085,163860,"9,20052500858218E+018",9,1,62,0,2020,5,14,2,3,6,2,0,0,1,1,0,0,0,696995539,5331210.8065,11.646257,48.103675578,0,2,#fc8d62,car
8086,163862,"9,20052600857116E+018",9,1,62,0,2020,5,16,3,2,5,3,0,0,1,0,1,0,0,691149.1589,5337120.4168,11.570456361,48.158571635,0,2,#fc8d62,car
8087,163864,"9,20052600121516E+018",9,1,81,130,2020,5,18,3,3,0,1,0,1,0,0,0,0,0,639054.9697,5323725.6122,10.86601809,48.051652396,0,1,#66c2a5,bicycle
8088,163866,"9,20052600858217E+018",9,1,62,0,2020,5,9,3,3,3,2,0,1,0,0,0,0,1,692255.7785,5336203.8648,11.584907759,48.15000026,0,1,#66c2a5,bicycle
8089,163869,"9,20052500111316E+018",9,1,75,132,2020,5,8,2,3,5,3,0,1,1,0,0,0,0,707590027,5331367158,11.788479373,48.101717003,1,1,#66c2a5,bicycle
8090,163870,"9,20052200858218E+018",9,1,62,0,2020,5,20,6,2,0,1,2,1,0,0,0,0,0,693617.5455,5337505.9039,11.603789814,48.161289476,0,1,#66c2a5,bicycle
8091,163871,"9,20052300858216E+018",9,1,62,0,2020,5,18,7,3,0,1,0,1,0,0,0,0,0,691552.7486,5335019.3513,11.574932437,48.13956612,1,1,#66c2a5,bicycle
8092,163873,"9,20052500857116E+018",9,1,62,0,2020,5,18,2,3,5,2,0,1,1,0,0,0,0,689470.9371,5337091.9491,11.547899241,48.158818032,0,1,#66c2a5,bicycle
8093,163875,"9,20052200852317E+018",9,1,62,0,2020,5,17,6,3,5,2,0,1,1,0,0,0,0,692243.6565,5330454.8927,11.582152133,48.098333108,0,1,#66c2a5,bicycle
8094,163878,"9,20052400712119E+018",9,7,71,130,2020,5,12,1,3,1,7,0,0,1,0,0,0,0,647699.4781,5358570.7164,10.994081245,48.363018024,0,2,#fc8d62,car
8095,163880,"9,20052400852818E+018",9,1,84,136,2020,5,13,1,3,0,7,0,1,0,0,0,0,0,698144.9341,5327690.6542,11.660046647,48.071682364,0,1,#66c2a5,bicycle
8096,163881,"9,20052300740715E+018",9,7,62,0,2020,5,14,7,2,0,7,0,1,0,0,0,0,0,621567.2314,5304294963,10.62595518,47.880472102,1,1,#66c2a5,bicycle
8097,163885,"9,20052200852216E+018",9,1,62,0,2020,5,14,6,3,3,6,0,1,0,0,0,0,0,693623.3486,5335154.1029,11.602797943,48.140150539,0,1,#66c2a5,bicycle
8098,163887,"9,20052200858218E+018",9,1,62,0,2020,5,9,6,3,5,3,0,1,1,0,0,0,0,688366.5759,5328753.2359,11.529379009,48.084196067,0,1,#66c2a5,bicycle
8099,163889,"9,20052200858217E+018",9,1,62,0,2020,5,17,6,3,1,7,0,1,1,0,0,0,0,690353545,5334230238,11.558476335,48.132833452,0,1,#66c2a5,bicycle
8100,163891,"9,20052600210918E+018",9,2,61,0,2020,5,15,3,2,0,1,0,1,0,0,0,0,0,733678.9696,5381975.0705,12.166446477,48.547298738,0,1,#66c2a5,bicycle
8101,163892,"9,20052700120716E+018",9,1,88,120,2020,5,13,4,3,2,3,0,1,0,0,0,0,1,670840.1922,5324822.3929,11.292669988,48.053796332,0,1,#66c2a5,bicycle
8102,163896,"9,20052500711316E+018",9,7,61,0,2020,5,21,2,3,0,7,0,0,1,0,1,0,0,638470422,5360371.1045,10.87014457,48.381298656,1,2,#fc8d62,car
8103,163898,"9,20052200852116E+018",9,1,62,0,2020,5,15,6,3,6,7,0,1,0,1,0,0,0,691661.1846,5332786.4699,11.575384268,48.119464596,0,1,#66c2a5,bicycle