fid,OBJECTID,UIDENTSTLA,ULAND,UREGBEZ,UKREIS,UGEMEINDE,UJAHR,UMONAT,USTUNDE,UWOCHENTAG,UKATEGORIE,UART,UTYP1,ULICHTVERH,IstRad,IstPKW,IstFuss,IstKrad,IstGkfz,IstSonstig,LINREFX,LINREFY,XGCSWGS84,YGCSWGS84,STRZUSTAND,Teilnehmer,color,symbol
8104,163899,"9,20052600710619E+018",9,7,61,0,2020,5,14,3,3,0,1,0,1,0,1,0,0,0,643478.9263,5357178.6953,10.936659577,48.351475063,0,1,#66c2a5,bicycle
8105,163906,"9,20052700110516E+018",9,1,77,117,2020,5,14,4,3,5,3,0,1,1,0,0,0,0,714758.1007,5355038.7142,11.896619618,48.312039943,0,1,#66c2a5,bicycle
8106,163910,"9,20052200858216E+018",9,1,62,0,2020,5,14,6,3,1,5,0,1,1,0,0,0,0,691701.0927,5332764.2236,11.575909956,48.119252635,0,1,#66c2a5,bicycle
8107,163911,"9,20052300858219E+018",9,1,62,0,2020,5,23,7,3,5,3,2,0,1,0,1,0,0,690806.6148,5336242.0013,11.56546097,48.15077939,0,2,#fc8d62,car
8108,163918,"9,20052600111117E+018",9,1,78,145,2020,5,16,3,2,9,1,0,1,0,0,0,0,0,697200.9814,5354362.0622,11.65977299,48.311676866,0,1,#66c2a5,bicycle
8109,163920,"9,20052600858216E+018",9,1,62,0,2020,5,11,3,3,0,1,0,1,0,0,0,0,0,690136509,5335245.4417,11.556015414,48.142022987,0,1,#66c2a5,bicycle
8110,163923,"9,20052400858218E+018",9,1,62,0,2020,5,15,1,3,0,1,0,1,0,0,0,0,0,692051.4378,5334952.5317,11.581598847,48.138815239,0,1,#66c2a5,bicycle
8111,163924,"9,20052300857116E+018",9,1,62,0,2020,5,15,7,3,5,2,0,0,1,0,1,0,0,689393.3481,5333045057,11.545057198,48.122467383,1,2,#fc8d62,car
8112,163926,"9,20052500852216E+018",9,1,62,0,2020,5,16,2,3,5,2,0,1,1,0,0,0,0,693699.3087,5335914.6454,11.604163919,48.146962917,0,1,#66c2a5,bicycle
8113,163929,"9,20052300121515E+018",9,1,81,143,2020,5,12,7,3,0,1,0,1,0,0,0,0,0,636755.0895,5315767.5516,10.832633273,47.980586154,0,1,#66c2a5,bicycle
8114,163930,"9,20052500858217E+018",9,1,62,0,2020,5,11,2,3,5,3,0,1,1,0,0,0,0,695254.0113,5338730.6425,11.626335604,48.171796352,0,1,#66c2a5,bicycle
8115,163931,"9,2005220021095E+018",9,2,74,124,2020,5,7,6,3,5,3,0,0,1,0,1,0,0,726120.0013,5375924.0036,12.06089422,48.495708952,0,2,#fc8d62,car
8116,163932,"9,20052600857116E+018",9,1,62,0,2020,5,10,3,3,3,6,0,1,0,0,0,0,0,691733.0272,5339082.8259,11.579184407,48.176033599,0,1,#66c2a5,bicycle
8117,163933,"9,20052200210919E+018",9,2,61,0,2020,5,12,6,3,6,4,0,0,1,1,0,0,0,732820.6144,5380716.2665,12.154130479,48.536310406,0,2,#fc8d62,car
8118,163935,"9,20052200858216E+018",9,1,62,0,2020,5,10,6,3,5,3,0,1,1,0,0,0,0,689139216,5340739.3649,11.545065975,48.191699873,0,1,#66c2a5,bicycle
8119,163936,"9,20052300711116E+018",9,7,61,0,2020,5,14,7,3,2,7,0,0,1,0,0,0,0,638386.1631,5359358686,10.868673924,48.372213677,1,2,#fc8d62,car
8120,163940,"9,20052200851316E+018",9,1,62,0,2020,5,9,6,3,5,3,0,1,1,0,0,0,0,692198.1599,5337006.4554,11.584496353,48.157231182,0,1,#66c2a5,bicycle
8121,163941,"9,20052600712518E+018",9,7,72,200,2020,5,19,3,3,0,1,0,0,0,0,1,0,0,631231.9291,5337650.2988,10.765377191,48.178530178,0,4,#e78ac3,marker
8122,163944,"9,20052600750119E+018",9,7,78,116,2020,5,10,3,3,0,1,0,1,0,0,0,0,0,619326.1179,5318309.8926,10.599878336,48.006939664,0,1,#66c2a5,bicycle
8123,163945,"9,20052400710616E+018",9,7,61,0,2020,5,10,1,3,0,1,0,1,0,0,0,0,0,641020.4845,5351441.9264,10.901575833,48.300445463,0,1,#66c2a5,bicycle
8124,163948,"9,20052700121717E+018",9,1,79,142,2020,5,11,4,3,0,1,0,1,0,0,0,0,0,672945.4706,5341906.3098,11.327832995,48.206806362,0,1,#66c2a5,bicycle
8125,163962,"9,20052700120117E+018",9,1,74,115,2020,5,17,4,3,5,3,0,1,1,0,0,0,0,681914.5084,5347793.5945,11.45097122,48.257217956,0,1,#66c2a5,bicycle
8126,163968,"9,20052300140116E+018",9,1,87,130,2020,5,14,7,2,0,1,0,1,0,0,0,0,0,715728.8632,5306151.7399,11.884998198,47.872434412,1,1,#66c2a5,bicycle
8127,163969,"9,20052500858218E+018",9,1,62,0,2020,5,0,2,3,0,7,2,0,0,0,0,0,1,687286.2,5334604814,11.517455499,48.137110259,0,6,#ffd92f,circle
8128,163971,"9,20052600857116E+018",9,1,62,0,2020,5,18,3,3,2,6,0,1,0,0,0,0,0,690383.2333,5333879.6361,11.558718298,48.129673363,0,1,#66c2a5,bicycle
8129,163973,"9,20052400854317E+018",9,1,62,0,2020,5,15,1,3,0,7,0,1,0,0,0,0,0,689900.9302,5338060.7019,11.554108102,48.167396898,0,1,#66c2a5,bicycle
8130,163974,"9,20052600858217E+018",9,1,62,0,2020,5,12,3,3,1,7,0,1,1,0,0,0,0,690724.2918,5336545.3933,11.564491216,48.153530945,0,1,#66c2a5,bicycle
8131,163976,"9,20052200140117E+018",9,1,87,117,2020,5,10,6,3,8,1,0,1,0,0,0,0,0,724952.11,5305464862,12.007813467,47.863099118,0,1,#66c2a5,bicycle
8132,163977,"9,20052500120723E+018",9,1,88,127,2020,5,16,2,3,9,3,0,0,1,0,1,0,0,673960.3728,5328762.2836,11.336110345,48.088371469,1,2,#fc8d62,car
8133,163978,"9,20052300858216E+018",9,1,62,0,2020,5,14,7,3,3,3,0,1,1,0,0,0,0,690911684,5335038.8461,11.566332698,48.139933998,0,1,#66c2a5,bicycle
8134,163980,"9,20052300110319E+018",9,1,75,115,2020,5,13,7,3,5,3,0,0,1,0,0,0,0,720645286,5328998.49,11.962386275,48.076047906,0,2,#fc8d62,car
8135,163981,"9,20052500857116E+018",9,1,62,0,2020,5,15,2,3,3,6,0,1,1,0,0,0,0,696875.1017,5330474.1214,11.644301136,48.097091896,0,1,#66c2a5,bicycle
8136,163983,"9,20052600851418E+018",9,1,62,0,2020,5,21,3,3,0,1,2,1,0,0,0,0,0,689690.7639,5334883.1017,11.54986801,48.138899308,0,1,#66c2a5,bicycle
8137,163984,"9,20052200120916E+018",9,1,79,123,2020,5,10,6,3,5,3,0,0,1,0,1,0,0,674673.9164,5333273.4076,11.347531312,48.128728911,0,2,#fc8d62,car
8138,163985,"9,20052400730116E+018",9,7,73,182,2020,5,19,1,3,0,1,0,1,0,0,0,0,0,623603.4683,5380039.0149,10.67526332,48.561252611,0,1,#66c2a5,bicycle
8139,163991,"9,20052200120315E+018",9,1,81,114,2020,5,18,6,2,0,1,0,1,0,0,0,0,0,656604.7886,5313427.3207,11.097610425,47.954994106,0,1,#66c2a5,bicycle
8140,163994,"9,20052200858216E+018",9,1,62,0,2020,5,11,6,3,2,6,0,0,1,0,0,0,0,688345.1666,5340828.8498,11.534431769,48.192740131,0,2,#fc8d62,car
8141,163996,"9,20052200858216E+018",9,1,62,0,2020,5,9,6,3,0,7,0,1,0,0,0,0,0,690235.1457,5337388.4135,11.558297854,48.161254476,0,1,#66c2a5,bicycle
8142,163998,"9,20052600210918E+018",9,2,61,0,2020,5,14,3,3,3,6,0,0,1,0,0,0,1,731659.3171,5382229.6366,12.139263915,48.550334437,0,2,#fc8d62,car
8143,163999,"9,20052700120916E+018",9,1,79,113,2020,5,19,4,3,5,3,0,0,1,0,1,0,0,665995969,5334114893,11.231325986,48.138616351,0,2,#fc8d62,car
8144,164001,"9,20052200120115E+018",9,1,74,136,2020,5,11,6,2,0,1,0,1,0,0,0,0,0,682013.6191,5364311.1865,11.45943883,48.405656086,0,1,#66c2a5,bicycle
8145,164004,"9,20052700858217E+018",9,1,62,0,2020,5,13,4,3,5,2,0,1,0,0,1,0,0,687441.8231,5336062.7568,11.520187054,48.150168793,0,1,#66c2a5,bicycle
8146,164008,"9,20053100110517E+018",9,1,77,133,2020,5,11,1,3,0,1,0,1,0,0,0,0,0,711133979,5354198888,11.847381201,48.305713716,0,1,#66c2a5,bicycle
8147,164009,"9,20052700858217E+018",9,1,62,0,2020,5,18,4,3,1,7,0,1,1,0,0,0,0,683197.7046,5334453.1258,11.462486932,48.136936966,0,1,#66c2a5,bicycle
8148,164012,"9,20052700858217E+018",9,1,62,0,2020,5,8,4,3,5,2,0,1,1,0,0,0,0,690146522,5335251029,11.556152376,48.142070213,0,1,#66c2a5,bicycle
8149,164014,"9,20052700858217E+018",9,1,88,127,2020,5,17,4,3,2,6,0,1,1,0,0,0,0,679245.5814,5329996.5502,11.407539482,48.098002131,0,1,#66c2a5,bicycle
8150,164015,"9,20053000140116E+018",9,1,87,117,2020,5,11,7,2,0,1,0,1,0,0,0,0,0,725180.4602,5305489748,12.010875319,47.863242733,0,1,#66c2a5,bicycle
8151,164016,"9,20053100710616E+018",9,7,61,0,2020,5,16,1,3,5,1,0,1,1,0,0,0,0,641830.7694,5358661.4463,10.914925742,48.365179653,0,1,#66c2a5,bicycle
8152,164018,"9,20053000121917E+018",9,1,88,139,2020,5,14,7,3,0,1,0,1,0,0,0,0,0,673090.1132,5318536.4193,11.320299364,47.996680721,0,1,#66c2a5,bicycle
8153,164019,"9,20053000120917E+018",9,1,79,123,2020,5,13,7,3,3,6,0,1,1,0,0,0,1,676017.6016,5333304.6899,11.365586798,48.128639969,0,1,#66c2a5,bicycle
8154,164020,"9,20053000120517E+018",9,1,79,121,2020,5,17,7,3,0,1,0,1,0,0,0,0,0,665535.2947,5337414.5005,11.226421977,48.168400329,0,1,#66c2a5,bicycle
8155,164021,"9,20053000120324E+018",9,1,81,114,2020,5,14,7,2,0,1,0,0,0,0,1,0,0,649681297,5316888209,11.006140722,47.987769247,0,4,#e78ac3,marker
8156,164023,"9,20053000120117E+018",9,1,74,131,2020,5,10,7,2,0,1,0,1,0,0,0,0,0,675963028,5363625272,11.37746786,48.401208505,0,1,#66c2a5,bicycle
8157,164024,"9,20053000111317E+018",9,1,75,132,2020,5,12,7,3,0,7,0,1,0,1,0,0,0,706699.7054,5332579.1588,11.777121766,48.112898014,0,1,#66c2a5,bicycle
8158,164025,"9,20052700857118E+018",9,1,62,0,2020,5,10,4,3,6,6,0,1,0,1,0,0,0,684229383,5343366945,11.480204763,48.21676084,0,1,#66c2a5,bicycle
8159,164026,"9,20053000110718E+018",9,1,78,156,2020,5,22,7,3,8,7,2,0,1,0,0,0,0,698061.16,5375408452,11.681292407,48.500546179,0,2,#fc8d62,car
8160,164027,"9,20052700857117E+018",9,1,62,0,2020,5,11,4,3,3,3,0,1,0,0,0,0,1,692389563,5338817.3254,11.587886603,48.173448938,0,1,#66c2a5,bicycle
8161,164028,"9,20053000110718E+018",9,1,78,124,2020,5,16,7,2,5,3,0,0,1,0,0,0,0,702786.8968,5364726.4677,11.740019241,48.40304887,0,2,#fc8d62,car
8162,164030,"9,20053000110518E+018",9,1,77,133,2020,5,15,7,2,8,1,0,0,0,0,0,0,1,706332.6011,5356632.0767,11.783899737,48.32916263,0,6,#ffd92f,circle
8163,164031,"9,20052900858223E+018",9,1,62,0,2020,5,19,6,2,3,6,0,1,0,0,0,0,0,690292009,5333590.4292,11.557364386,48.127101246,0,1,#66c2a5,bicycle
8164,164032,"9,20052900858218E+018",9,1,62,0,2020,5,15,6,3,5,7,0,0,0,0,0,0,1,691383.8148,5335696.0701,11.572968079,48.145699221,0,6,#ffd92f,circle
8165,164033,"9,20052700857117E+018",9,1,84,113,2020,5,18,4,3,4,6,0,1,0,0,0,0,0,684470718,5320294806,11.473471438,48.009304917,0,1,#66c2a5,bicycle
8166,164035,"9,20052700857116E+018",9,1,62,0,2020,5,18,4,3,5,3,0,1,1,0,0,0,0,699185.5627,5333287.3442,11.676612389,48.121656907,0,1,#66c2a5,bicycle
8167,164036,"9,20052900858217E+018",9,1,62,0,2020,5,8,6,3,1,1,0,0,1,0,1,0,1,691554.6441,5337320.5359,11.57599347,48.160248254,0,2,#fc8d62,car
8168,164037,"9,20052700857116E+018",9,1,62,0,2020,5,2,4,1,8,1,2,0,1,0,0,0,0,688409088,5333857.7803,11.532203472,48.130064322,0,2,#fc8d62,car
8169,164038,"9,20052700852217E+018",9,1,62,0,2020,5,8,4,3,4,2,0,1,1,0,0,0,0,695425.7717,5335131.7763,11.626990626,48.139398867,0,1,#66c2a5,bicycle
8170,164039,"9,20052900858217E+018",9,1,62,0,2020,5,8,6,3,2,6,0,0,1,0,0,0,0,686452.1237,5336292.4543,11.506994251,48.152524274,0,2,#fc8d62,car
8171,164041,"9,20052900858217E+018",9,1,62,0,2020,5,12,6,3,3,6,0,1,1,0,0,0,0,691135.8038,5336385.5356,11.569946872,48.151970625,0,1,#66c2a5,bicycle
8172,164042,"9,20052900858217E+018",9,1,62,0,2020,5,13,6,3,8,1,0,0,1,0,0,0,0,697927305,5330954605,11.658640728,48.101084233,0,2,#fc8d62,car
8173,164043,"9,20052900858216E+018",9,1,84,114,2020,5,11,6,2,4,2,0,0,0,0,1,1,0,699986.0259,5323370.3493,11.682715934,48.032280223,0,4,#e78ac3,marker
8174,164044,"9,20052700852217E+018",9,1,62,0,2020,5,18,4,3,3,6,0,1,0,0,0,0,0,693246.6282,5336162.5775,11.598196965,48.149328929,0,1,#66c2a5,bicycle
8175,164046,"9,20052900854518E+018",9,1,62,0,2020,5,18,6,3,5,3,0,1,1,0,0,0,0,687863.6724,5336896.1688,11.526221086,48.157535207,0,1,#66c2a5,bicycle
8176,164048,"9,20052700852118E+018",9,1,62,0,2020,5,11,4,3,0,5,0,1,1,0,0,0,0,692982.5874,5333789.9085,11.593575671,48.128084165,0,1,#66c2a5,bicycle
8177,164049,"9,20052900854118E+018",9,1,62,0,2020,5,15,6,3,0,7,0,1,0,0,0,0,0,687407235,5333982.8787,11.518807197,48.131484503,0,1,#66c2a5,bicycle
8178,164050,"9,20052900852918E+018",9,1,62,0,2020,5,19,6,3,2,2,0,1,1,0,0,0,0,689379.1088,5330906.7606,11.543916611,48.103252337,0,1,#66c2a5,bicycle
8179,164052,"9,20052900852617E+018",9,1,84,130,2020,5,15,6,3,5,3,0,1,1,0,0,0,0,699503665,5345167247,11.686457647,48.228322379,0,1,#66c2a5,bicycle
8180,164053,"9,20052900852217E+018",9,1,62,0,2020,5,14,6,3,1,5,0,1,1,0,0,0,0,694399.9047,5334919.6749,11.613118624,48.13780682,0,1,#66c2a5,bicycle
8181,164054,"9,20052900852217E+018",9,1,62,0,2020,5,12,6,3,4,2,0,1,1,0,0,0,0,697674.5994,5336367.7285,11.657760517,48.149812091,0,1,#66c2a5,bicycle
8182,164055,"9,20052700852116E+018",9,1,62,0,2020,5,7,4,3,3,2,0,1,1,0,0,0,0,693259.8144,5333336.4359,11.597091857,48.123924369,0,1,#66c2a5,bicycle
8183,164057,"9,20052900852117E+018",9,1,62,0,2020,5,7,6,3,0,1,0,1,0,0,0,0,0,692146114,5333648.0955,11.582281875,48.127062609,0,1,#66c2a5,bicycle
8184,164059,"9,20053000851317E+018",9,1,62,0,2020,5,19,7,3,1,1,0,1,1,0,0,0,0,692139.9454,5337561.0284,11.583964832,48.162233153,0,1,#66c2a5,bicycle
8185,164060,"9,20052700851418E+018",9,1,62,0,2020,5,17,4,3,1,5,0,1,1,0,0,0,0,690293.9688,5333902.6781,11.557530128,48.129907157,0,1,#66c2a5,bicycle
8186,164066,"9,20052900740718E+018",9,7,62,0,2020,5,14,6,3,3,6,0,1,0,0,0,0,0,622265893,5305420856,10.635614655,47.890465361,0,1,#66c2a5,bicycle
8187,164069,"9,20052900712318E+018",9,7,72,184,2020,5,13,6,3,6,7,0,0,1,1,0,0,0,633912.2021,5362024.1209,10.809141883,48.397146753,0,2,#fc8d62,car
8188,164071,"9,20052900711917E+018",9,7,72,163,2020,5,12,6,3,2,6,0,1,1,0,0,0,0,640492802,5349484.4736,10.893813217,48.282961827,0,1,#66c2a5,bicycle
8189,164072,"9,20052900711317E+018",9,7,61,0,2020,5,12,6,3,2,6,0,0,1,0,1,0,0,638498.4704,5359335.3166,10.870181909,48.371978906,0,2,#fc8d62,car
8190,164073,"9,20052900711117E+018",9,7,61,0,2020,5,19,6,3,0,7,0,1,0,1,0,0,0,638272052,5362358407,10.8681211,48.399211567,0,1,#66c2a5,bicycle
8191,164075,"9,20052900710722E+018",9,7,61,0,2020,5,12,6,3,6,4,0,0,1,1,0,0,0,643248.9931,5359033.0272,10.934189131,48.368200467,0,2,#fc8d62,car
8192,164076,"9,20052900710616E+018",9,7,61,0,2020,5,12,6,3,5,3,0,1,1,0,0,0,0,640609.2158,5354172.7577,10.896943547,48.325091982,0,1,#66c2a5,bicycle
8193,164079,"9,20052900710118E+018",9,7,71,112,2020,5,22,6,3,8,1,2,1,0,0,0,0,0,648696.6414,5367690.6823,11.01076608,48.444781682,0,1,#66c2a5,bicycle
8194,164098,"9,20052700712316E+018",9,7,72,185,2020,5,15,4,2,5,3,0,0,1,0,1,0,0,635081.3564,5383116.4119,10.831749564,48.586555617,0,2,#fc8d62,car
8195,164101,"9,20053100161717E+018",9,1,90,157,2020,5,16,1,3,0,1,0,1,0,0,0,0,0,660181.8763,5303040.6337,11.141630788,47.860722328,0,1,#66c2a5,bicycle
8196,164102,"9,2005300071503E+018",9,7,61,0,2020,5,19,7,3,5,6,0,0,0,0,0,0,1,639485.0898,5358282.6216,10.883147913,48.362296047,0,6,#ffd92f,circle
8197,164106,"9,20052700711916E+018",9,7,72,163,2020,5,15,4,3,5,3,0,1,1,0,0,0,0,639885.2965,5349356.6283,10.885586464,48.281946792,0,1,#66c2a5,bicycle
8198,164109,"9,20053000712318E+018",9,7,72,184,2020,5,9,7,3,6,4,0,0,0,1,0,0,1,635092.0657,5361630.1268,10.824946613,48.393352274,0,3,#8da0cb,toilet
8199,164112,"9,20053000751316E+018",9,7,78,203,2020,5,15,7,2,5,3,0,1,1,0,0,0,0,621898.7957,5324108.4816,10.636007722,48.058603604,0,1,#66c2a5,bicycle
8200,164113,"9,20053000712317E+018",9,7,72,147,2020,5,11,7,3,3,6,0,0,1,0,0,0,0,637886.7718,5365107.8763,10.863822254,48.424018558,0,2,#fc8d62,car
8201,164116,"9,20053100121516E+018",9,1,81,130,2020,5,20,1,2,0,1,0,1,0,0,0,0,0,639048148,5321816129,10.865306364,48.034483153,0,1,#66c2a5,bicycle
8202,164117,"9,20052700711316E+018",9,7,61,0,2020,5,13,4,3,5,3,0,1,1,0,0,0,0,638456039,5359345.8807,10.869612742,48.372083207,0,1,#66c2a5,bicycle
8203,164120,"9,20052700710618E+018",9,7,61,0,2020,5,16,4,3,6,1,0,1,0,1,0,0,0,641105.8461,5358372.5557,10.905046937,48.362744519,0,1,#66c2a5,bicycle
8204,164122,"9,20052700710616E+018",9,7,61,0,2020,5,11,4,3,5,2,0,1,1,0,0,0,0,641265616,5352288477,10.905162749,48.30800273,0,1,#66c2a5,bicycle
8205,164124,"9,20053000710617E+018",9,7,61,0,2020,5,13,7,3,0,1,0,1,1,0,0,0,0,639236.2437,5358616.9543,10.879900859,48.365357223,0,1,#66c2a5,bicycle
8206,164125,"9,20052900210918E+018",9,2,61,0,2020,5,17,6,3,0,1,0,1,0,0,0,0,0,732769.3364,5380692.3107,12.153423511,48.536114237,0,1,#66c2a5,bicycle
8207,164129,"9,20052700710418E+018",9,7,61,0,2020,5,16,4,3,0,1,0,1,0,0,0,0,0,640607.8137,5358846.5888,10.898485385,48.367117991,0,1,#66c2a5,bicycle
8208,164132,"9,20052700710416E+018",9,7,61,0,2020,5,23,4,3,1,5,2,1,1,0,0,0,0,640534.5773,5357779.8901,10.897140777,48.35754289,0,1,#66c2a5,bicycle
8209,164135,"9,20052900141319E+018",9,1,63,0,2020,5,13,6,3,2,6,0,0,1,0,0,0,0,734447.4665,5305248497,12.134465211,47.857761152,0,2,#fc8d62,car
8210,164138,"9,20052900141317E+018",9,1,63,0,2020,5,12,6,3,6,7,0,0,1,1,0,0,0,732254.2991,5303630.9811,12.104319969,47.844025389,0,2,#fc8d62,car
8211,164139,"9,20052900141317E+018",9,1,63,0,2020,5,18,6,2,0,7,0,1,0,0,0,0,0,734692.7978,5304263.9824,12.137206044,47.848826817,0,1,#66c2a5,bicycle
8212,164140,"9,20052900140117E+018",9,1,87,130,2020,5,7,6,3,5,3,0,0,1,0,0,0,0,715438134,5306313035,11.881195698,47.873981388,0,2,#fc8d62,car
8213,164144,"9,20052900121918E+018",9,1,88,139,2020,5,15,6,2,0,1,0,1,0,0,0,0,0,674654.1001,5319120.8053,11.341484633,48.001508904,0,1,#66c2a5,bicycle
8214,164147,"9,20052900121917E+018",9,1,88,139,2020,5,12,6,2,0,1,0,1,0,0,0,0,0,672892.0099,5319301.4386,11.317954238,48.003611696,0,1,#66c2a5,bicycle
8215,164149,"9,20052900115017E+018",9,1,77,117,2020,5,13,6,3,0,7,0,0,0,0,1,0,1,714883.7188,5352348.0939,11.896942328,48.287821526,1,4,#e78ac3,marker
8216,164150,"9,20052900110917E+018",9,1,78,143,2020,5,11,6,3,7,1,0,0,1,0,1,0,0,717297.8099,5373381.7243,11.940317168,48.4759799,0,2,#fc8d62,car
8217,164151,"9,20052800858218E+018",9,1,62,0,2020,5,17,5,3,3,6,0,1,0,0,0,0,0,689851544,5335323504,11.552223363,48.142809707,0,1,#66c2a5,bicycle
8218,164155,"9,20052800858218E+018",9,1,62,0,2020,5,18,5,3,3,2,0,0,1,0,0,0,0,686374.5047,5337946823,11.506676414,48.167417015,0,2,#fc8d62,car
8219,164158,"9,20052800858218E+018",9,1,62,0,2020,5,16,5,3,0,1,0,1,0,0,0,0,0,689674.5258,5336773.7564,11.550492329,48.155897417,0,1,#66c2a5,bicycle
8220,164159,"9,20052800858216E+018",9,1,62,0,2020,5,12,5,2,0,1,0,1,0,0,0,0,0,692041.2104,5334955.3465,11.581462782,48.138843624,1,1,#66c2a5,bicycle
8221,164160,"9,20052800857119E+018",9,1,84,148,2020,5,14,5,2,1,7,0,0,1,0,0,0,0,695636.2784,5326226.5029,11.625735618,48.059297525,1,2,#fc8d62,car
8222,164161,"9,20052800857117E+018",9,1,62,0,2020,5,11,5,3,6,4,0,0,1,1,0,0,0,692365.8361,5335350.5289,11.586000372,48.142297389,1,2,#fc8d62,car
8223,164162,"9,20052800857116E+018",9,1,62,0,2020,5,10,5,3,5,3,0,1,1,0,0,0,0,690846.7976,5336693.6565,11.566203214,48.154826772,0,1,#66c2a5,bicycle
8224,164165,"9,20052800854717E+018",9,1,62,0,2020,5,11,5,3,5,2,0,0,1,0,0,1,0,691259.9848,5339258.6238,11.572906834,48.177756183,1,2,#fc8d62,car
8225,164166,"9,20052800854518E+018",9,1,62,0,2020,5,9,5,3,0,1,0,1,0,0,0,0,0,682477.6039,5335634.8885,11.453323204,48.147766385,0,1,#66c2a5,bicycle
8226,164167,"9,20053100110317E+018",9,1,75,115,2020,5,12,1,3,0,1,0,1,0,0,0,0,0,720894.3128,5329964.0962,11.966224227,48.084637671,0,1,#66c2a5,bicycle
8227,164169,"9,20052800852917E+018",9,1,62,0,2020,5,9,5,3,0,3,0,1,1,0,0,0,0,688254.4215,5330488.3408,11.528639496,48.099824791,0,1,#66c2a5,bicycle
8228,164170,"9,20052800851418E+018",9,1,62,0,2020,5,16,5,3,4,2,0,1,0,0,1,0,0,690170.2377,5333909.5206,11.555871966,48.130005635,0,1,#66c2a5,bicycle
8229,164172,"9,20052800851317E+018",9,1,62,0,2020,5,8,5,3,3,1,0,1,0,0,0,0,0,692356.1529,5338379.7132,11.587239679,48.169525908,0,1,#66c2a5,bicycle
8230,164174,"9,20052800851217E+018",9,1,62,0,2020,5,19,5,3,1,1,1,1,1,0,0,0,0,691414574,5336360.5177,11.57367995,48.151661933,1,1,#66c2a5,bicycle
8231,164177,"9,20052800851118E+018",9,1,62,0,2020,5,17,5,3,0,7,0,1,0,0,0,0,1,691448.9398,5335434.3695,11.573725034,48.143327494,1,1,#66c2a5,bicycle
8232,164191,"9,20052800740718E+018",9,7,62,0,2020,5,10,5,3,3,6,0,0,1,0,0,0,0,621933.9765,5303918.1233,10.630751936,47.877013355,0,2,#fc8d62,car
8233,164192,"9,20052800740118E+018",9,7,77,121,2020,5,7,5,3,0,1,0,1,0,0,0,0,0,628075.5874,5319076.8706,10.717364173,48.012143881,0,1,#66c2a5,bicycle
8234,164193,"9,20052800740118E+018",9,7,77,121,2020,5,18,5,2,2,6,0,1,0,0,0,0,0,630725507,5319802.2336,10.75310104,48.018130453,0,1,#66c2a5,bicycle
8235,164196,"9,20052800711317E+018",9,7,61,0,2020,5,16,5,3,0,7,0,1,0,0,0,0,1,637834.0774,5360741.1304,10.86167637,48.384765216,0,1,#66c2a5,bicycle
8236,164197,"9,20052800711317E+018",9,7,61,0,2020,5,13,5,3,0,1,0,1,0,0,0,0,0,638327.8786,5357057.0943,10.867130555,48.351530926,0,1,#66c2a5,bicycle
8237,164200,"9,20052800710417E+018",9,7,61,0,2020,5,8,5,3,1,5,0,1,1,0,0,0,0,640229.8131,5358072.4517,10.893126464,48.360241277,0,1,#66c2a5,bicycle
8238,164219,"9,20053000851317E+018",9,1,62,0,2020,5,18,7,3,3,6,0,1,1,0,0,0,0,691372.1813,5338082.6544,11.573885211,48.167152997,0,1,#66c2a5,bicycle
8239,164224,"9,20053100121917E+018",9,1,88,113,2020,5,6,1,3,9,1,0,1,0,0,0,0,0,674449.8371,5311611.7073,11.335701253,47.934059808,0,1,#66c2a5,bicycle
8240,164252,"9,20052800121717E+018",9,1,79,142,2020,5,12,5,3,6,7,0,0,0,1,0,0,1,672919.5842,5341974.7262,11.327512746,48.207428438,0,3,#8da0cb,toilet
8241,164254,"9,20052800120317E+018",9,1,81,114,2020,5,18,5,3,0,1,0,1,0,0,0,0,0,657341.0076,5312821.2281,11.107243009,47.949364154,0,1,#66c2a5,bicycle
8242,164255,"9,20052800110718E+018",9,1,78,124,2020,5,16,5,3,2,6,0,0,1,0,0,0,1,704643.3676,5362736.6439,11.764103872,48.384568337,0,2,#fc8d62,car
8243,164256,"9,20052800110317E+018",9,1,75,115,2020,5,6,5,3,0,7,0,1,0,0,0,0,0,719673.8121,5329463907,11.949600443,48.080565087,0,1,#66c2a5,bicycle
8244,164260,"9,20052700858218E+018",9,1,62,0,2020,5,14,4,2,8,1,0,0,1,0,0,0,0,686152.4667,5338546103,11.503955412,48.172868595,0,2,#fc8d62,car
8245,164261,"9,20053100141523E+018",9,1,87,124,2020,5,1,1,3,9,7,2,0,1,0,0,0,0,735012.6392,5327265.6277,12.154036592,48.055349166,0,2,#fc8d62,car
8246,164263,"9,20052700858218E+018",9,1,62,0,2020,5,20,4,3,5,4,0,1,0,1,0,0,0,692955.4252,5335158.8705,11.593831047,48.140396284,0,1,#66c2a5,bicycle
8247,164264,"9,20052700858217E+018",9,1,84,131,2020,5,14,4,3,4,6,0,0,1,0,0,0,1,704343.1278,5338469.0043,11.748323668,48.166588204,0,2,#fc8d62,car
8248,164265,"9,20052700858217E+018",9,1,62,0,2020,5,19,4,3,6,4,0,0,1,1,0,0,0,691013.5355,5336919.4085,11.568544242,48.156805749,0,2,#fc8d62,car