fid,OBJECTID,UIDENTSTLA,ULAND,UREGBEZ,UKREIS,UGEMEINDE,UJAHR,UMONAT,USTUNDE,UWOCHENTAG,UKATEGORIE,UART,UTYP1,ULICHTVERH,IstRad,IstPKW,IstFuss,IstKrad,IstGkfz,IstSonstig,LINREFX,LINREFY,XGCSWGS84,YGCSWGS84,STRZUSTAND,Teilnehmer,color,symbol
8249,164267,"9,2005300074013E+018",9,7,77,140,2020,5,4,7,3,8,1,2,0,1,0,0,0,0,624918.9717,5317478.5213,10.67459064,47.998394255,0,2,#fc8d62,car
8250,164275,"9,2006020085422E+018",9,1,62,0,2020,6,10,3,3,1,5,0,1,0,0,0,0,1,687715.3036,5337031.0237,11.524287464,48.158791124,0,1,#66c2a5,bicycle
8251,164277,"9,20060300711919E+018",9,7,72,163,2020,6,11,4,2,0,1,0,1,0,0,0,0,0,639437.7176,5349823.8677,10.879710899,48.286246899,0,1,#66c2a5,bicycle
8252,164281,"9,20060300121724E+018",9,1,79,117,2020,6,12,4,3,3,6,0,1,0,0,0,0,1,663949.7433,5346559.6606,11.208647292,48.25102787,0,1,#66c2a5,bicycle
8253,164283,"9,20060300141319E+018",9,1,63,0,2020,6,13,4,2,9,7,0,1,0,0,0,0,0,730525.6572,5304652.5824,12.081793774,47.853825944,0,1,#66c2a5,bicycle
8254,164284,"9,2006020085122E+018",9,1,62,0,2020,6,14,3,3,5,2,0,1,1,0,0,0,0,692922.6132,5335356653,11.593480035,48.142183851,0,1,#66c2a5,bicycle
8255,164290,"9,20060200120319E+018",9,1,81,114,2020,6,17,3,3,4,6,0,1,0,0,0,0,0,656489.5024,5316763.3615,11.097281959,47.985017309,0,1,#66c2a5,bicycle
8256,164291,"9,2006030011032E+018",9,1,75,137,2020,6,19,4,3,5,3,0,1,1,0,0,0,0,725425.2496,5330524.5093,12.02727537,48.088086913,0,1,#66c2a5,bicycle
8257,164294,"9,2006020071042E+018",9,7,61,0,2020,6,17,3,3,0,1,0,1,0,0,0,0,0,639620.7688,5360539.2919,10.885728009,48.382557413,0,1,#66c2a5,bicycle
8258,164306,"9,2006010085822E+018",9,1,62,0,2020,6,18,2,3,6,4,0,1,0,1,0,0,0,692792.2699,5334056.7048,11.59114133,48.130539738,0,1,#66c2a5,bicycle
8259,164307,"9,20060200858219E+018",9,1,62,0,2020,6,11,3,3,5,3,0,0,1,0,0,0,0,679703.8381,5335704.2013,11.416095184,48.149179092,0,2,#fc8d62,car
8260,164316,"9,2006020085712E+018",9,1,84,123,2020,6,17,3,3,5,3,0,1,1,0,0,0,0,703344.1686,5331878.4042,11.731757871,48.107680623,0,1,#66c2a5,bicycle
8261,164318,"9,2006010085482E+018",9,1,84,135,2020,6,13,2,3,0,7,0,1,0,1,0,0,0,689956.6542,5347008.3915,11.558862448,48.247801116,0,1,#66c2a5,bicycle
8262,164319,"9,20060200858219E+018",9,1,62,0,2020,6,16,3,3,4,1,0,0,1,0,0,0,0,696542.2335,5337430.2928,11.64304331,48.159712631,0,2,#fc8d62,car
8263,164327,"9,20060200852919E+018",9,1,62,0,2020,6,10,3,3,0,1,0,1,0,0,0,0,0,686657.8142,5329668909,11.506856897,48.092929114,0,1,#66c2a5,bicycle
8264,164329,"9,2006030071132E+018",9,7,61,0,2020,6,18,4,3,5,3,0,0,1,0,1,0,0,638478.9547,5359425.0427,10.869948081,48.372789989,0,2,#fc8d62,car
8265,164336,"9,20060300140119E+018",9,1,87,122,2020,6,10,4,3,5,3,0,1,1,0,0,0,0,719323.2291,5307325.7941,11.933597946,47.881766742,0,1,#66c2a5,bicycle
8266,164337,"9,20060200851219E+018",9,1,62,0,2020,6,22,3,3,0,7,2,1,0,0,0,0,0,691343898,5336180651,11.572649805,48.15006658,0,1,#66c2a5,bicycle
8267,164343,"9,20060200110519E+018",9,1,77,117,2020,6,17,3,3,4,6,0,1,1,0,0,0,0,716472.3637,5356644.8418,11.920534521,48.325886648,0,1,#66c2a5,bicycle
8268,164344,"9,20060300110319E+018",9,1,75,124,2020,6,6,4,3,5,2,0,1,1,0,0,0,0,716176.8184,5328214.6211,11.90207676,48.070534727,0,1,#66c2a5,bicycle
8269,164346,"9,2006020012502E+018",9,1,79,142,2020,6,18,3,3,5,2,0,0,1,0,1,0,0,673258.7702,5343435826,11.332671131,48.220470342,0,2,#fc8d62,car
8270,164347,"9,20060300120119E+018",9,1,74,115,2020,6,2,4,3,0,1,2,1,0,0,0,0,0,680763993,5347720906,11.435453632,48.256893824,0,1,#66c2a5,bicycle
8271,164350,"9,20060200712319E+018",9,7,72,147,2020,6,17,3,3,0,7,0,1,0,0,0,0,0,639017256,5364441639,10.878873686,48.4177795,0,1,#66c2a5,bicycle
8272,164355,"9,20060100858219E+018",9,1,62,0,2020,6,11,2,3,5,3,0,1,1,0,0,0,0,683280.1237,5334285172,11.463521457,48.135403556,0,1,#66c2a5,bicycle
8273,164356,"9,20060200858219E+018",9,1,62,0,2020,6,19,3,3,5,2,0,1,1,0,0,0,0,691151.4295,5334066.8414,11.569115961,48.131125724,0,1,#66c2a5,bicycle
8274,164367,"9,2006030016092E+018",9,1,73,118,2020,6,20,4,2,4,1,1,0,1,0,0,0,0,690124.3875,5302918.8534,11.541533248,47.851466168,0,2,#fc8d62,car
8275,164368,"9,2006010085292E+018",9,1,62,0,2020,6,16,2,3,0,1,0,1,0,0,0,0,0,689789559,5329668767,11.548874087,48.092002968,0,1,#66c2a5,bicycle
8276,164369,"9,20060100854119E+018",9,1,62,0,2020,6,9,2,3,0,3,0,0,1,0,1,0,0,685885.9054,5333950.7568,11.498366319,48.131641907,0,2,#fc8d62,car
8277,164370,"9,20060200858219E+018",9,1,62,0,2020,6,12,3,3,3,2,0,1,0,0,0,1,0,692287.4457,5338308.2807,11.586284224,48.168904679,0,1,#66c2a5,bicycle
8278,164373,"9,20060100712519E+018",9,7,72,197,2020,6,10,2,3,0,1,0,1,0,0,0,0,0,621888315,5337463244,10.639685474,48.178709262,0,1,#66c2a5,bicycle
8279,164380,"9,20060100211519E+018",9,2,74,185,2020,6,13,2,2,0,7,0,0,0,0,1,0,0,731596.3737,5369610042,12.131416874,48.436996733,0,4,#e78ac3,marker
8280,164381,"9,20060200857119E+018",9,1,62,0,2020,6,14,3,2,6,4,0,0,1,1,0,0,0,686327.4141,5337579.4446,11.505882732,48.164128708,0,2,#fc8d62,car
8281,164383,"9,20060300712319E+018",9,7,72,217,2020,6,10,4,3,5,3,0,0,1,0,0,0,0,636740.9617,5379948.7134,10.853200658,48.557712917,0,2,#fc8d62,car
8282,164384,"9,20060100210919E+018",9,2,74,113,2020,6,15,2,3,0,1,0,1,0,0,0,0,0,729945.2712,5383102.8511,12.116554659,48.558809135,0,1,#66c2a5,bicycle
8283,164388,"9,20060300121919E+018",9,1,88,139,2020,6,15,4,3,1,5,0,0,1,0,0,0,0,674145.3141,5319827.1263,11.334956224,48.007997303,0,2,#fc8d62,car
8284,164393,"9,20060200851419E+018",9,1,62,0,2020,6,8,3,3,6,4,0,1,0,1,0,0,0,688983.5517,5334402.2076,11.540157849,48.134787405,0,1,#66c2a5,bicycle
8285,164394,"9,20060100160919E+018",9,1,73,126,2020,6,16,2,3,0,7,0,1,0,0,0,0,0,684307.1049,5305912.2608,11.465121186,47.880068623,0,1,#66c2a5,bicycle
8286,164395,"9,20060300710419E+018",9,7,61,0,2020,6,18,4,3,2,6,0,0,1,0,0,0,0,639419.5426,5359997.0938,10.882831899,48.37772662,0,2,#fc8d62,car
8287,164400,"9,20060200120319E+018",9,1,81,139,2020,6,17,3,3,0,1,0,1,0,0,0,0,0,656507.2116,5324707.8306,11.100420002,48.056442572,0,1,#66c2a5,bicycle
8288,164401,"9,2006030011092E+018",9,1,78,143,2020,6,19,4,3,5,3,0,0,1,0,1,0,0,717458.1099,5372168.9031,11.941852764,48.465027815,0,2,#fc8d62,car
8289,164404,"9,20060200712119E+018",9,7,71,146,2020,6,9,3,3,5,3,0,0,1,0,0,0,0,646662.1412,5348567.1567,10.976605944,48.273314694,0,2,#fc8d62,car
8290,164405,"9,20060100711919E+018",9,7,72,125,2020,6,13,2,2,0,7,0,1,0,0,0,0,0,630362.6164,5349121.5017,10.757217788,48.281865047,0,1,#66c2a5,bicycle
8291,164410,"9,20060100857119E+018",9,1,62,0,2020,6,21,2,3,5,2,2,0,1,0,0,0,0,693429.2534,5333487.4514,11.599434937,48.125230199,0,2,#fc8d62,car
8292,164414,"9,20060100858224E+018",9,1,84,112,2020,6,16,2,3,9,1,0,0,1,0,0,0,0,703129904,5337799894,11.731706113,48.160963923,0,2,#fc8d62,car
8293,164415,"9,20060200858219E+018",9,1,62,0,2020,6,19,3,3,1,7,0,1,1,0,0,0,0,692511.7935,5333673.6843,11.587202667,48.127182117,0,1,#66c2a5,bicycle
8294,164419,"9,20060100710723E+018",9,7,61,0,2020,6,18,2,3,5,3,0,1,1,0,0,0,0,641961387,5360951.04,10.917461413,48.385737298,0,1,#66c2a5,bicycle
8295,164425,"9,20060200857121E+018",9,1,84,149,2020,6,22,3,3,6,7,2,0,1,1,0,0,0,692113.0892,5349690.3204,11.589098364,48.271255335,0,2,#fc8d62,car
8296,164426,"9,20060200858219E+018",9,1,62,0,2020,6,7,3,3,4,2,0,1,0,0,0,1,0,691489.7141,5337028.8566,11.574989936,48.157646245,0,1,#66c2a5,bicycle
8297,164429,"9,20060100710719E+018",9,7,61,0,2020,6,15,2,3,0,7,0,1,0,0,0,0,0,641683.4325,5360005.4691,10.913390495,48.377297631,0,1,#66c2a5,bicycle
8298,164434,"9,2006020085422E+018",9,1,62,0,2020,6,11,3,3,6,4,0,0,0,1,1,0,0,689441.1772,5337143.1655,11.547522262,48.159287234,0,3,#8da0cb,toilet
8299,164436,"9,20060300711919E+018",9,7,72,163,2020,6,17,4,3,3,2,0,1,1,0,0,0,0,639760476,5349787.1546,10.884047305,48.285845597,0,1,#66c2a5,bicycle
8300,164443,"9,2006020014502E+018",9,1,63,0,2020,6,11,3,3,8,7,0,0,0,0,1,0,0,731615.3705,5304090.3737,12.096038775,47.84838317,0,4,#e78ac3,marker
8301,164445,"9,2006020085122E+018",9,1,62,0,2020,6,15,3,3,0,7,0,1,0,0,0,0,0,690453.2232,5336519.8482,11.560838758,48.153382577,0,1,#66c2a5,bicycle
8302,164446,"9,20060100121724E+018",9,1,79,142,2020,6,16,2,2,0,7,0,1,0,0,0,0,0,672075.9148,5342262.7568,11.316283358,48.210246954,0,1,#66c2a5,bicycle
8303,164448,"9,20060100120924E+018",9,1,79,123,2020,6,8,2,3,1,1,0,1,1,0,0,0,0,676632.3491,5332511.3388,11.373512572,48.121338038,0,1,#66c2a5,bicycle
8304,164451,"9,20060200111319E+018",9,1,75,118,2020,6,12,3,3,0,7,0,1,0,0,0,0,0,717752788,5339221558,11.928825983,48.168898834,0,1,#66c2a5,bicycle
8305,164452,"9,20060300110319E+018",9,1,75,115,2020,6,17,4,3,0,1,0,1,0,0,0,0,0,720498.3216,5331296.6868,11.961602143,48.096748085,0,1,#66c2a5,bicycle
8306,164454,"9,20060100120919E+018",9,1,79,145,2020,6,21,2,3,5,3,1,1,1,0,0,0,0,674816.4219,5337932.5475,11.351358408,48.170572534,0,1,#66c2a5,bicycle
8307,164456,"9,20060300120119E+018",9,1,74,115,2020,6,19,4,3,5,2,0,0,1,0,1,0,0,680942.4364,5347189961,11.437628565,48.252070427,0,2,#fc8d62,car
8308,164457,"9,20060200750119E+018",9,7,78,137,2020,6,14,3,3,0,1,0,1,0,0,0,0,0,624805.1761,5336067.1318,10.678496954,48.165587667,0,1,#66c2a5,bicycle
8309,164458,"9,20060100120919E+018",9,1,79,123,2020,6,18,2,3,0,1,0,1,0,0,0,0,0,675068.1716,5334859.0319,11.353476958,48.142874372,0,1,#66c2a5,bicycle
8310,164461,"9,20060100120119E+018",9,1,74,115,2020,6,18,2,3,5,3,0,1,1,0,0,0,0,681389.2345,5347833.5101,11.443917904,48.257727315,0,1,#66c2a5,bicycle
8311,164465,"9,20060100858219E+018",9,1,62,0,2020,6,18,2,3,2,6,0,0,1,0,1,0,0,684770283,5329844.73,11.48160779,48.095059511,0,2,#fc8d62,car
8312,164466,"9,20060200858219E+018",9,1,62,0,2020,6,18,3,3,1,6,0,0,0,0,0,0,1,692945.9566,5340989.2525,11.59634914,48.192800802,0,6,#ffd92f,circle
8313,164467,"9,20060100120119E+018",9,1,74,126,2020,6,15,2,3,0,1,0,1,0,0,0,0,0,683895.3844,5346275.1226,11.47697457,48.242997617,0,1,#66c2a5,bicycle
8314,164469,"9,20060100710619E+018",9,7,61,0,2020,6,14,2,3,3,1,0,1,0,0,0,0,0,634767.0675,5353469.7776,10.817945188,48.320043256,0,1,#66c2a5,bicycle
8315,164473,"9,20060100710419E+018",9,7,61,0,2020,6,18,2,2,0,1,0,1,0,0,0,0,0,641074546,5358308052,10.904602971,48.36217152,0,1,#66c2a5,bicycle
8316,164477,"9,20060100854519E+018",9,1,62,0,2020,6,15,2,3,4,6,0,1,0,0,0,0,0,688371.4356,5336541.2777,11.532885007,48.154195187,0,1,#66c2a5,bicycle
8317,164478,"9,20060200858219E+018",9,1,62,0,2020,6,11,3,3,2,6,0,0,1,0,0,0,1,690634.7567,5339273.7479,11.564511553,48.178079989,0,2,#fc8d62,car
8318,164479,"9,20053100858218E+018",9,1,62,0,2020,5,20,1,3,4,2,1,0,1,0,1,0,0,689725.6534,5333347.4518,11.54965271,48.125086394,0,2,#fc8d62,car
8319,164483,"9,20060300141319E+018",9,1,63,0,2020,6,17,4,3,1,7,0,1,1,0,0,0,0,732250.2465,5305926.8473,12.105498427,47.864653353,0,1,#66c2a5,bicycle
8320,164484,"9,2006020085212E+018",9,1,62,0,2020,6,10,3,3,0,2,0,1,1,0,0,0,0,693709.5353,5334666.5566,11.603733547,48.135742403,0,1,#66c2a5,bicycle
8321,164485,"9,20053100858217E+018",9,1,62,0,2020,5,14,1,3,0,1,0,1,0,0,0,0,0,686284926,5336220.24,11.504716769,48.15192418,0,1,#66c2a5,bicycle
8322,164486,"9,20053100858217E+018",9,1,62,0,2020,5,17,1,3,3,7,0,0,1,0,0,0,0,691993.1764,5333956.2311,11.580367508,48.12987823,0,2,#fc8d62,car
8323,164487,"9,20060200857119E+018",9,1,62,0,2020,6,17,3,3,5,6,0,0,0,0,1,1,0,692240295,5334718241,11.584029089,48.136652451,0,4,#e78ac3,marker
8324,164488,"9,20053100857117E+018",9,1,62,0,2020,5,18,1,3,1,5,0,0,1,0,1,0,0,688605.8186,5342819.4384,11.538820127,48.210554253,0,2,#fc8d62,car
8325,164489,"9,20053100857117E+018",9,1,62,0,2020,5,4,1,3,8,6,2,1,1,0,0,0,0,686221.6563,5334248.4925,11.503004596,48.134219924,0,1,#66c2a5,bicycle
8326,164493,"9,20060200851119E+018",9,1,62,0,2020,6,16,3,3,0,1,0,1,0,0,0,0,0,692563.4924,5335117.2704,11.588549208,48.140141124,0,1,#66c2a5,bicycle
8327,164494,"9,20053100854518E+018",9,1,62,0,2020,5,16,1,3,5,3,0,1,0,0,0,0,0,683042.4472,5336367.7413,11.461225162,48.154191452,0,1,#66c2a5,bicycle
8328,164495,"9,2006020074072E+018",9,7,62,0,2020,6,10,3,3,0,6,0,1,1,0,0,0,0,621604.0526,5303665.7861,10.62627032,47.874806468,0,1,#66c2a5,bicycle
8329,164497,"9,20053100854118E+018",9,1,62,0,2020,5,17,1,3,2,6,0,0,1,0,0,0,0,687396.2967,5335238.9962,11.51921296,48.142778043,0,2,#fc8d62,car
8330,164500,"9,20060300710619E+018",9,7,61,0,2020,6,9,4,3,0,1,0,1,0,0,0,0,0,639452.1612,5358401.7866,10.882743106,48.363374824,0,1,#66c2a5,bicycle
8331,164501,"9,20053100853123E+018",9,1,84,141,2020,5,17,1,3,0,1,0,1,0,0,0,0,0,699110028,5314372761,11.666805385,47.951688734,0,1,#66c2a5,bicycle
8332,164504,"9,20060200121719E+018",9,1,79,126,2020,6,21,3,3,1,7,2,0,1,1,0,0,0,676506344,5340982146,11.375335424,48.197518822,0,2,#fc8d62,car
8333,164505,"9,20060300111122E+018",9,1,78,145,2020,6,11,4,3,1,1,0,1,1,0,0,0,0,697878.2867,5354550.5954,11.668986371,48.313159673,0,1,#66c2a5,bicycle
8334,164508,"9,2006020071212E+018",9,7,71,130,2020,6,15,3,3,0,1,0,1,0,0,0,0,0,648352.0906,5356154.1348,11.002034861,48.341137194,0,1,#66c2a5,bicycle
8335,164510,"9,20053100750118E+018",9,7,78,116,2020,5,17,1,3,3,6,0,1,0,0,0,0,1,619065.9167,5318345.3152,10.596400897,48.007306769,0,1,#66c2a5,bicycle
8336,164513,"9,20060100858219E+018",9,1,84,112,2020,6,14,2,3,0,7,0,1,0,0,0,0,0,703595.5009,5337524.5918,11.737828343,48.15834097,0,1,#66c2a5,bicycle
8337,164514,"9,20060200858219E+018",9,1,62,0,2020,6,9,3,3,1,1,0,1,1,0,0,0,0,692244.8869,5334902.4832,11.584173901,48.138306998,0,1,#66c2a5,bicycle
8338,164515,"9,2006020011032E+018",9,1,75,121,2020,6,18,3,3,5,3,0,1,1,0,0,0,0,713832.5202,5320423.7526,11.866757382,48.00131739,0,1,#66c2a5,bicycle
8339,164516,"9,2006020085822E+018",9,1,62,0,2020,6,19,3,3,5,3,0,1,1,0,0,0,0,690166.3417,5335685.7538,11.556612694,48.145971594,0,1,#66c2a5,bicycle
8340,164522,"9,20060100740723E+018",9,7,62,0,2020,6,15,2,3,3,6,0,1,0,0,0,0,0,622000.8883,5305238.4817,10.632019492,47.888875574,0,1,#66c2a5,bicycle
8341,164524,"9,20060300160919E+018",9,1,73,126,2020,6,10,4,3,5,2,0,1,1,0,0,0,0,683789.9758,5306201719,11.458334314,47.882818819,0,1,#66c2a5,bicycle
8342,164526,"9,20060200858219E+018",9,1,62,0,2020,6,17,3,3,0,7,0,0,0,1,0,0,1,689500.61,5334916.9859,11.547329614,48.139260518,0,3,#8da0cb,toilet
8343,164527,"9,20053100712118E+018",9,7,71,142,2020,5,21,1,3,0,1,2,1,0,0,0,0,0,647217.3852,5351649732,10.985158738,48.300902318,0,1,#66c2a5,bicycle
8344,164530,"9,20060800710722E+018",9,7,61,0,2020,6,16,2,3,0,4,0,0,0,1,1,0,0,642106.4695,5359821.5801,10.919037986,48.375549051,0,3,#8da0cb,toilet
8345,164531,"9,20060800852619E+018",9,1,84,130,2020,6,16,2,3,9,1,0,0,1,0,0,0,0,700351954,5349294181,11.699820049,48.265142991,0,2,#fc8d62,car
8346,164536,"9,2006040071252E+018",9,7,72,200,2020,6,22,5,3,5,3,2,0,1,0,0,0,0,631206.4189,5338012.4731,10.765146028,48.181792346,1,2,#fc8d62,car
8347,164555,"9,2006080085222E+018",9,1,62,0,2020,6,6,2,3,5,3,0,0,1,0,0,0,0,694098908,5335013731,11.609119851,48.138744042,0,2,#fc8d62,car
8348,164564,"9,20060900120921E+018",9,1,79,123,2020,6,14,3,3,5,7,0,0,1,1,0,0,0,675698.9166,5332500.2591,11.360975998,48.121496711,0,2,#fc8d62,car
8349,164566,"9,20060800140128E+018",9,1,87,122,2020,6,18,2,2,0,1,0,1,0,0,0,0,0,719544.4299,5306313.3627,11.936038188,47.872593895,0,1,#66c2a5,bicycle
8350,164567,"9,20060800140119E+018",9,1,87,122,2020,6,16,2,3,4,6,0,1,1,0,0,0,0,717962255,5307639555,11.915576778,47.885049526,0,1,#66c2a5,bicycle
8351,164570,"9,2006080085212E+018",9,1,62,0,2020,6,8,2,3,5,2,0,1,1,0,0,0,0,692908.7988,5333947846,11.592656542,48.129526035,0,1,#66c2a5,bicycle
8352,164571,"9,20060800120924E+018",9,1,79,123,2020,6,8,2,3,0,7,0,1,0,0,0,0,0,676012.6627,5333320.4209,11.365526978,48.128782745,0,1,#66c2a5,bicycle
8353,164572,"9,20060800120119E+018",9,1,74,147,2020,6,13,2,2,5,3,0,0,1,0,1,0,0,674276.2314,5366160.1542,11.355750293,48.424462887,0,2,#fc8d62,car
8354,164574,"9,20060800110519E+018",9,1,77,117,2020,6,18,2,2,6,4,0,1,1,1,0,0,0,716525794,5355492.0227,11.92066254,48.315510297,0,1,#66c2a5,bicycle
8355,164575,"9,2006070085822E+018",9,1,62,0,2020,6,14,1,3,5,3,0,0,1,0,0,0,0,685091.8852,5331620.3323,11.486693085,48.110926267,1,2,#fc8d62,car
8356,164576,"9,20060700858219E+018",9,1,62,0,2020,6,13,1,3,5,3,0,0,1,0,0,0,0,689153.9425,5336148.7866,11.543221602,48.150435197,1,2,#fc8d62,car
8357,164577,"9,2006070085712E+018",9,1,62,0,2020,6,12,1,3,5,3,0,0,1,0,0,0,0,690714.1621,5336277.4606,11.564235091,48.151125823,1,2,#fc8d62,car
8358,164579,"9,2006070085712E+018",9,1,62,0,2020,6,17,1,3,4,2,0,1,1,0,0,0,0,692923.1943,5337847.7747,11.594617112,48.164573165,1,1,#66c2a5,bicycle
8359,164580,"9,20060800851521E+018",9,1,62,0,2020,6,20,2,3,5,2,0,1,1,0,0,0,0,688628054,5331668133,11.534174604,48.110318518,0,1,#66c2a5,bicycle
8360,164581,"9,2006070085712E+018",9,1,62,0,2020,6,18,1,3,2,7,0,0,1,0,0,0,0,692958.4924,5337935.8956,11.595131309,48.165354456,1,2,#fc8d62,car
8361,164582,"9,20060700851421E+018",9,1,62,0,2020,6,15,1,3,0,4,0,0,0,1,0,0,1,691306.6513,5333476.0118,11.570934767,48.125768763,1,3,#8da0cb,toilet
8362,164584,"9,2006070085132E+018",9,1,62,0,2020,6,15,1,3,1,5,0,0,1,0,0,0,0,692399.7903,5337899526,11.587608739,48.165196905,0,2,#fc8d62,car
8363,164604,"9,20060700121919E+018",9,1,88,137,2020,6,17,1,3,0,1,0,1,0,0,0,0,0,672373.4256,5314461.7854,11.309065333,47.960243762,1,1,#66c2a5,bicycle
8364,164605,"9,20060700120723E+018",9,1,79,123,2020,6,0,1,3,3,6,2,1,0,0,0,0,1,675864.8214,5333447.1083,11.363594101,48.129962443,1,1,#66c2a5,bicycle
8365,164606,"9,20060600858223E+018",9,1,62,0,2020,6,23,7,3,6,4,2,1,0,1,0,0,0,689814.4286,5336731.55,11.552352794,48.155476323,1,1,#66c2a5,bicycle
8366,164608,"9,20060600858223E+018",9,1,62,0,2020,6,17,7,3,6,4,0,0,1,1,0,0,0,692033.9287,5335619.9472,11.581664702,48.144819134,1,2,#fc8d62,car
8367,164610,"9,2006060085822E+018",9,1,62,0,2020,6,13,7,3,6,4,0,0,0,1,1,0,0,691621.9025,5333795.6316,11.575310643,48.128546658,0,3,#8da0cb,toilet
8368,164611,"9,2006060085822E+018",9,1,62,0,2020,6,17,7,3,0,1,0,1,0,0,0,0,0,690363.2441,5335356.7203,11.559110021,48.142955359,1,1,#66c2a5,bicycle
8369,164612,"9,2006060085712E+018",9,1,62,0,2020,6,10,7,2,6,4,0,0,1,1,0,0,0,679862517,5336245.9976,11.418455597,48.154004409,0,2,#fc8d62,car
8370,164613,"9,20060600852219E+018",9,1,62,0,2020,6,21,7,3,2,6,2,0,1,0,0,0,0,695567.3145,5336957.6459,11.629729997,48.155765331,1,2,#fc8d62,car
8371,164614,"9,2006040015252E+018",9,1,83,119,2020,6,15,5,2,5,3,0,0,1,0,1,0,0,735734617,5339317361,12.170369372,48.163346735,0,2,#fc8d62,car
8372,164615,"9,2006060085142E+018",9,1,62,0,2020,6,14,7,3,5,3,0,1,1,0,0,0,0,688552741,5334592.63,11.534457423,48.136626736,0,1,#66c2a5,bicycle
8373,164616,"9,20060800851423E+018",9,1,62,0,2020,6,12,2,3,2,4,0,0,1,1,1,0,0,690887.6833,5333488.8085,11.565315924,48.126009543,0,2,#fc8d62,car
8374,164617,"9,20060600851419E+018",9,1,62,0,2020,6,14,7,3,6,4,0,1,0,1,0,0,0,691698.0321,5334299.2026,11.576559268,48.133049769,0,1,#66c2a5,bicycle
8375,164622,"9,20060600715024E+018",9,7,61,0,2020,6,22,7,3,0,1,2,1,0,0,0,0,0,640557994,5359201.5733,10.897931749,48.37032099,1,1,#66c2a5,bicycle
8376,164623,"9,2006090011072E+018",9,1,78,113,2020,6,8,3,3,0,1,0,1,0,0,0,0,0,692034583,5367530153,11.596178886,48.43161316,1,1,#66c2a5,bicycle
8377,164624,"9,20060600712719E+018",9,7,72,126,2020,6,18,7,3,0,7,0,1,0,0,0,0,0,626084.0043,5366724.0336,10.704846835,48.441024959,1,1,#66c2a5,bicycle
8378,164625,"9,2006060071212E+018",9,7,71,130,2020,6,13,7,3,1,5,0,1,1,0,0,0,0,647422.33,5360537.9617,10.991031562,48.380770634,0,1,#66c2a5,bicycle
8379,164627,"9,20060600711919E+018",9,7,72,125,2020,6,22,7,3,8,6,2,0,1,0,0,0,0,636798.8833,5347166.4723,10.843297024,48.262927171,1,2,#fc8d62,car
8380,164630,"9,20060900110519E+018",9,1,77,118,2020,6,17,3,3,5,3,0,1,1,0,0,0,0,709580837,5344185136,11.821501699,48.216248189,1,1,#66c2a5,bicycle
8381,164631,"9,20060600711319E+018",9,7,61,0,2020,6,13,7,3,0,1,0,1,0,0,0,0,0,638363.4763,5357633.3364,10.867800221,48.356704607,0,1,#66c2a5,bicycle
8382,164632,"9,20060600710723E+018",9,7,61,0,2020,6,10,7,3,3,2,0,1,1,0,0,0,0,642903.5595,5360039136,10.929869695,48.377325191,1,1,#66c2a5,bicycle
8383,164633,"9,2006080085822E+018",9,1,62,0,2020,6,19,2,3,3,2,0,1,1,0,0,0,0,688341.0105,5330795.0832,11.529936753,48.102556279,0,1,#66c2a5,bicycle
8384,164634,"9,20060600710422E+018",9,7,61,0,2020,6,4,7,3,0,7,2,1,0,0,0,0,0,640760.3761,5359127.35,10.900638075,48.369608495,0,1,#66c2a5,bicycle
8385,164638,"9,20060400141319E+018",9,1,63,0,2020,6,11,5,3,5,3,0,0,1,0,0,0,0,731370.7234,5304209.0008,12.092836894,47.849537044,0,2,#fc8d62,car
8386,164639,"9,20060400141319E+018",9,1,63,0,2020,6,7,5,3,5,3,0,1,1,0,0,0,0,733263.3485,5304617.4697,12.118318091,47.852522824,0,1,#66c2a5,bicycle
8387,164642,"9,20060800858219E+018",9,1,62,0,2020,6,17,2,3,5,3,0,0,1,0,0,0,0,681214.2587,5338597.7335,11.43761632,48.174759919,0,2,#fc8d62,car
8388,164649,"9,2006040012702E+018",9,1,62,0,2020,6,14,5,3,3,6,0,0,1,0,0,0,0,680976.7202,5339551.1746,11.434830082,48.183397874,1,2,#fc8d62,car
8389,164650,"9,20060400121719E+018",9,1,79,142,2020,6,13,5,3,1,7,0,1,1,0,0,0,0,673144.3712,5341046.5814,11.330157143,48.199023683,0,1,#66c2a5,bicycle
8390,164653,"9,2006090021092E+018",9,2,61,0,2020,6,18,3,3,0,1,0,1,0,0,0,0,0,732859.3639,5382097.4686,12.155426482,48.548702928,1,1,#66c2a5,bicycle
8391,164654,"9,20060800858219E+018",9,1,62,0,2020,6,19,2,3,2,6,0,0,1,0,1,0,0,688872.4561,5337329.1551,11.539964732,48.161128106,1,2,#fc8d62,car
8392,164658,"9,20060300858221E+018",9,1,62,0,2020,6,14,4,3,5,1,0,1,1,0,0,0,0,689304.4636,5334947.0781,11.544709024,48.139589373,0,1,#66c2a5,bicycle
8393,164661,"9,2006030085822E+018",9,1,62,0,2020,6,21,4,3,0,1,2,1,0,0,0,0,0,692713.4011,5338252.4627,11.591981991,48.16827401,1,1,#66c2a5,bicycle
8394,164665,"9,20060300858219E+018",9,1,62,0,2020,6,12,4,3,5,3,0,1,1,0,0,0,0,686725.3718,5330210.3493,11.508000124,48.097776012,0,1,#66c2a5,bicycle