fid,OBJECTID,UIDENTSTLA,ULAND,UREGBEZ,UKREIS,UGEMEINDE,UJAHR,UMONAT,USTUNDE,UWOCHENTAG,UKATEGORIE,UART,UTYP1,ULICHTVERH,IstRad,IstPKW,IstFuss,IstKrad,IstGkfz,IstSonstig,LINREFX,LINREFY,XGCSWGS84,YGCSWGS84,STRZUSTAND,Teilnehmer,color,symbol
8395,164666,"9,20060600161919E+018",9,1,73,147,2020,6,16,7,2,2,6,0,1,1,0,0,0,0,681685.6281,5308916.7657,11.431356355,47.907824005,0,1,#66c2a5,bicycle
8396,164672,"9,20060300858219E+018",9,1,62,0,2020,6,20,4,3,0,1,0,1,0,0,0,0,0,691387.8865,5339240.2572,11.574617347,48.177552599,0,1,#66c2a5,bicycle
8397,164675,"9,20060800858219E+018",9,1,62,0,2020,6,17,2,3,5,3,0,1,1,0,0,0,0,688520.4611,5334742.0398,11.534090096,48.137979219,0,1,#66c2a5,bicycle
8398,164677,"9,20060600121519E+018",9,1,81,140,2020,6,10,7,3,5,3,0,1,1,0,0,0,0,643603.3478,5323386.9674,10.926905222,48.047600047,0,1,#66c2a5,bicycle
8399,164678,"9,20060800857121E+018",9,1,62,0,2020,6,7,2,2,3,7,0,0,1,0,1,0,0,689007.6405,5333488.0466,11.540075801,48.126563655,0,2,#fc8d62,car
8400,164679,"9,2006050085822E+018",9,1,62,0,2020,6,9,6,3,2,1,0,0,1,0,0,0,1,686343242,5339263169,11.50683337,48.179257886,1,2,#fc8d62,car
8401,164680,"9,20060500858219E+018",9,1,62,0,2020,6,12,6,3,5,3,0,0,1,0,1,0,0,691481.2095,5337417258,11.575050505,48.161139695,1,2,#fc8d62,car
8402,164681,"9,20060300858219E+018",9,1,62,0,2020,6,14,4,3,0,1,0,1,0,0,0,0,0,692482.2635,5334624.9852,11.587235972,48.135741147,0,1,#66c2a5,bicycle
8403,164682,"9,2006050085432E+018",9,1,62,0,2020,6,15,6,3,6,4,0,0,1,1,0,0,0,687784.9038,5343625.5693,11.528137886,48.218043223,1,2,#fc8d62,car
8404,164684,"9,2006050085412E+018",9,1,62,0,2020,6,23,6,3,0,7,2,0,0,1,0,0,1,687001144,5334027.5285,11.513374266,48.13200527,0,3,#8da0cb,toilet
8405,164685,"9,2006050071504E+018",9,7,61,0,2020,6,14,6,3,0,1,0,1,0,0,0,0,0,639927.8253,5359325.0421,10.889468593,48.371571216,0,1,#66c2a5,bicycle
8406,164686,"9,20060300858219E+018",9,1,62,0,2020,6,18,4,3,0,1,0,1,0,0,0,0,0,682546.6099,5335977.8869,11.45439717,48.150829692,0,1,#66c2a5,bicycle
8407,164687,"9,2006050071042E+018",9,7,61,0,2020,6,6,6,3,3,2,0,1,1,0,0,0,0,640550.2218,5359236.7318,10.897838614,48.370638854,1,1,#66c2a5,bicycle
8408,164688,"9,20060300858219E+018",9,1,62,0,2020,6,14,4,3,7,7,0,1,0,0,0,0,0,679588448,5338561.7214,11.415751661,48.174897729,0,1,#66c2a5,bicycle
8409,164689,"9,20060300858219E+018",9,1,62,0,2020,6,18,4,2,5,2,0,0,0,0,1,0,0,691712.4175,5335686.5232,11.577376889,48.145514475,0,4,#e78ac3,marker
8410,164690,"9,20060500710419E+018",9,7,61,0,2020,6,14,6,3,5,3,0,1,1,0,0,0,0,640634014,5359272.1744,10.898981261,48.370938875,0,1,#66c2a5,bicycle
8411,164692,"9,20060800857121E+018",9,1,62,0,2020,6,16,2,3,5,7,0,1,1,0,0,0,0,684522.8086,5338264.1916,11.481933796,48.170809876,0,1,#66c2a5,bicycle
8412,164694,"9,20060300858219E+018",9,1,62,0,2020,6,13,4,3,5,3,0,1,1,0,0,0,0,684134.1261,5331604.0396,11.473831112,48.111057422,0,1,#66c2a5,bicycle
8413,164700,"9,2006030085422E+018",9,1,62,0,2020,6,18,4,3,5,2,0,1,1,0,0,0,0,688538.2565,5335692.5282,11.53474989,48.14651708,0,1,#66c2a5,bicycle
8414,164701,"9,20060300853119E+018",9,1,84,141,2020,6,14,4,3,5,3,0,1,1,0,0,0,0,693671.2338,5315086.7718,11.594360037,47.95977396,0,1,#66c2a5,bicycle
8415,164704,"9,20060900160919E+018",9,1,73,126,2020,6,7,3,3,4,6,0,0,1,0,0,0,0,684385.8791,5304134.9645,11.465415429,47.864069807,1,2,#fc8d62,car
8416,164708,"9,2006030085212E+018",9,1,62,0,2020,6,7,4,3,0,1,0,1,0,0,0,0,0,693300.1054,5333262.8092,11.597599337,48.1232504,0,1,#66c2a5,bicycle
8417,164712,"9,20060300851436E+018",9,1,62,0,2020,6,17,4,3,5,3,0,1,0,0,0,0,0,688918.1814,5333847.5135,11.539034137,48.129821148,0,1,#66c2a5,bicycle
8418,164717,"9,20060900120519E+018",9,1,79,131,2020,6,16,3,2,5,3,0,0,1,0,1,0,0,658535.7742,5331760.2791,11.130243224,48.119349176,1,2,#fc8d62,car
8419,164718,"9,2006080085712E+018",9,1,62,0,2020,6,16,2,3,6,7,0,0,1,1,0,0,0,691017.4041,5335097.7123,11.567778764,48.140431355,0,2,#fc8d62,car
8420,164731,"9,20060300751319E+018",9,7,78,116,2020,6,17,4,3,0,1,0,1,0,0,0,0,0,619454.6382,5318721.5934,10.601715464,48.010618351,0,1,#66c2a5,bicycle
8421,164736,"9,20060500210924E+018",9,2,61,0,2020,6,12,6,3,5,3,0,0,1,0,0,1,0,730720.0632,5380362.0468,12.125521578,48.533904147,0,2,#fc8d62,car
8422,164743,"9,20060500160919E+018",9,1,73,126,2020,6,14,6,3,4,2,0,0,1,0,1,0,0,686611.4719,5303009.5002,11.494659066,47.853310545,0,2,#fc8d62,car
8423,164748,"9,20060300740721E+018",9,7,77,152,2020,6,19,4,3,4,6,0,1,1,0,0,0,0,624182.8147,5306996.8377,10.661700837,47.904270979,0,1,#66c2a5,bicycle
8424,164751,"9,2006050014012E+018",9,1,87,179,2020,6,18,6,2,0,1,0,1,0,0,0,0,0,726245.7136,5314234.3231,12.029683453,47.941436511,0,1,#66c2a5,bicycle
8425,164752,"9,20060500131319E+018",9,1,86,143,2020,6,15,6,3,0,1,0,0,0,0,1,0,0,685322185,5379688.1561,11.510915879,48.542897559,0,4,#e78ac3,marker
8426,164754,"9,20060300740119E+018",9,7,77,155,2020,6,12,4,2,0,7,0,1,0,0,0,0,0,627655434,5311814496,10.709574689,47.946915932,0,1,#66c2a5,bicycle
8427,164755,"9,20060500110519E+018",9,1,77,130,2020,6,8,6,2,5,3,0,1,1,0,0,0,0,705216.0159,5350682.9375,11.765960715,48.276065916,0,1,#66c2a5,bicycle
8428,164756,"9,20060400858222E+018",9,1,62,0,2020,6,12,5,3,1,6,0,0,1,0,0,0,0,696605.2894,5330226.0562,11.640566941,48.094945716,0,2,#fc8d62,car
8429,164758,"9,20060400858222E+018",9,1,62,0,2020,6,15,5,3,6,7,0,0,0,1,0,0,1,688710429,5343194275,11.540393596,48.213892192,0,3,#8da0cb,toilet
8430,164759,"9,2006040085822E+018",9,1,62,0,2020,6,19,5,3,0,7,0,1,0,0,0,0,0,691244.9614,5334043.1889,11.570361122,48.130885041,1,1,#66c2a5,bicycle
8431,164760,"9,2006040085822E+018",9,1,62,0,2020,6,18,5,3,1,6,0,0,1,0,0,0,0,697895.1008,5330969.3657,11.658215475,48.101226895,1,2,#fc8d62,car
8432,164762,"9,2006040085822E+018",9,1,62,0,2020,6,17,5,3,3,6,0,0,1,0,1,0,0,694723.5008,5334168.3618,11.617120287,48.130955398,1,2,#fc8d62,car
8433,164764,"9,2006040085822E+018",9,1,62,0,2020,6,14,5,3,3,6,0,1,1,0,0,0,0,691483.2299,5336249.7922,11.574552288,48.150646083,1,1,#66c2a5,bicycle
8434,164765,"9,20060400858219E+018",9,1,62,0,2020,6,6,5,3,5,3,0,0,1,0,0,0,0,689209499,5333003531,11.542570737,48.122148805,0,2,#fc8d62,car
8435,164766,"9,20060400858219E+018",9,1,62,0,2020,6,17,5,3,5,2,0,1,1,0,0,0,0,689045281,5332370898,11.540085746,48.116511387,1,1,#66c2a5,bicycle
8436,164767,"9,20060400857121E+018",9,1,62,0,2020,6,13,5,2,6,4,0,0,0,1,0,0,1,692027.6329,5332379.3397,11.580119779,48.115694959,0,3,#8da0cb,toilet
8437,164768,"9,2006040085712E+018",9,1,62,0,2020,6,22,5,3,9,1,2,0,1,0,0,0,0,682079.9016,5340030.3753,11.449863446,48.187390041,1,2,#fc8d62,car
8438,164769,"9,2006040085222E+018",9,1,62,0,2020,6,17,5,3,1,5,0,0,1,0,1,0,0,693752.5248,5335997.7836,11.604916446,48.147693928,1,2,#fc8d62,car
8439,164771,"9,20060300715019E+018",9,7,61,0,2020,6,19,4,3,3,6,0,1,1,0,0,0,0,639226.2141,5358906.6635,10.879861421,48.367964431,0,1,#66c2a5,bicycle
8440,164773,"9,20060800711122E+018",9,7,61,0,2020,6,18,2,3,0,1,0,1,0,0,0,0,0,636715.9726,5361735206,10.846906248,48.393947164,0,1,#66c2a5,bicycle
8441,164774,"9,20060800854519E+018",9,1,62,0,2020,6,15,2,3,6,4,0,0,1,1,0,0,0,681816.4765,5335386.8247,11.444337128,48.14572591,0,2,#fc8d62,car
8442,164777,"9,2006080085292E+018",9,1,62,0,2020,6,16,2,3,6,7,0,1,0,1,0,0,0,689541.9419,5330780.0007,11.546045398,48.102064581,1,1,#66c2a5,bicycle
8443,164779,"9,2006030071252E+018",9,7,72,200,2020,6,19,4,3,0,7,0,0,0,1,0,0,1,630472.5661,5339061.1248,10.75560031,48.191373663,0,3,#8da0cb,toilet
8444,164780,"9,20060900110921E+018",9,1,78,144,2020,6,7,3,3,8,1,0,0,1,0,0,0,0,707904.6215,5382473.7931,11.817909777,48.560852062,1,2,#fc8d62,car
8445,164782,"9,2006100085822E+018",9,1,62,0,2020,6,10,4,3,2,6,0,1,0,0,0,0,0,690151.6973,5334309.6616,11.555801619,48.133607649,1,1,#66c2a5,bicycle
8446,164784,"9,2006120085712E+018",9,1,62,0,2020,6,16,6,2,5,3,0,0,1,0,1,0,0,682643.7083,5335936.1868,11.455683551,48.150426988,0,2,#fc8d62,car
8447,164794,"9,20061000120921E+018",9,1,79,145,2020,6,18,4,2,5,1,0,0,1,0,0,0,0,675149.0615,5338799.7908,11.356185983,48.178276864,0,2,#fc8d62,car
8448,164796,"9,2006120012092E+018",9,1,79,145,2020,6,15,6,3,5,2,0,1,0,0,0,0,0,675446.9059,5338450.5355,11.360045027,48.175055147,0,1,#66c2a5,bicycle
8449,164798,"9,20061200121728E+018",9,1,79,134,2020,6,13,6,3,0,1,0,1,0,0,0,0,0,666601.2849,5347337.1674,11.244645339,48.257326123,0,1,#66c2a5,bicycle
8450,164800,"9,20061200740721E+018",9,7,62,0,2020,6,11,6,2,0,1,0,1,0,0,0,0,0,622351274,5306239503,10.636988462,47.897811736,0,1,#66c2a5,bicycle
8451,164801,"9,2006100071212E+018",9,7,71,142,2020,6,13,4,3,0,1,0,1,0,0,0,0,0,646882.6257,5351995.0371,10.980767632,48.304084878,1,1,#66c2a5,bicycle
8452,164804,"9,20061000110319E+018",9,1,75,121,2020,6,19,4,3,8,1,0,1,0,0,0,0,0,714131.3009,5318764.1175,11.86993003,47.986304101,1,1,#66c2a5,bicycle
8453,164806,"9,20061100858221E+018",9,1,62,0,2020,6,15,5,2,5,3,0,1,1,0,0,0,0,688552.7673,5339705416,11.536723794,48.182581041,0,1,#66c2a5,bicycle
8454,164807,"9,2006110011092E+018",9,1,78,143,2020,6,20,5,3,5,3,0,1,1,0,0,0,0,717196.5694,5372709.9038,11.938600254,48.469978834,0,1,#66c2a5,bicycle
8455,164809,"9,2006120085712E+018",9,1,62,0,2020,6,7,6,2,3,2,0,1,1,0,0,0,0,689748.5571,5339525.0696,11.552714485,48.1806041,0,1,#66c2a5,bicycle
8456,164816,"9,20060900858224E+018",9,1,62,0,2020,6,9,3,3,0,7,0,0,0,0,1,0,0,691238.6459,5334042.6114,11.57027607,48.130881748,1,4,#e78ac3,marker
8457,164818,"9,2006110085322E+018",9,1,84,144,2020,6,13,5,3,5,3,0,0,1,0,0,0,0,688171284,5317209973,11.521688819,47.980498336,0,2,#fc8d62,car
8458,164819,"9,2006100085822E+018",9,1,62,0,2020,6,19,4,3,0,1,0,1,1,0,0,0,0,686678.6441,5341287.3,11.512230548,48.197352805,1,1,#66c2a5,bicycle
8459,164820,"9,20061200715029E+018",9,7,61,0,2020,6,9,6,3,1,6,0,0,1,0,0,0,0,639238.0405,5358566.3956,10.879908369,48.364902214,0,2,#fc8d62,car
8460,164821,"9,20061200855221E+018",9,1,62,0,2020,6,16,6,3,3,3,0,1,1,0,0,0,0,695950.1386,5334789339,11.633874125,48.136159971,0,1,#66c2a5,bicycle
8461,164825,"9,20061200715022E+018",9,7,61,0,2020,6,17,6,3,0,1,0,1,0,0,0,0,0,641028925,5351424.8491,10.901683877,48.300290026,0,1,#66c2a5,bicycle
8462,164828,"9,20061300120922E+018",9,1,79,118,2020,6,18,7,2,0,1,0,1,0,0,0,0,0,672426.5584,5337813.8018,11.31919304,48.1701579,0,1,#66c2a5,bicycle
8463,164830,"9,20061000857119E+018",9,1,62,0,2020,6,16,4,3,5,7,0,1,1,0,0,0,0,691978935,5336203.6315,11.581189372,48.150081779,1,1,#66c2a5,bicycle
8464,164831,"9,20061200715021E+018",9,7,61,0,2020,6,13,6,3,0,1,0,1,0,0,0,0,0,640677103,5352147606,10.897183401,48.306867219,0,1,#66c2a5,bicycle
8465,164832,"9,2006120085452E+018",9,1,62,0,2020,6,11,6,3,0,7,0,0,0,0,0,0,1,682412.1028,5336007.5216,11.452603099,48.151134659,0,6,#ffd92f,circle
8466,164834,"9,2006100012152E+018",9,1,81,130,2020,6,19,4,2,5,3,1,0,1,0,0,0,0,638660.9863,5325022.5994,10.861154452,48.063401078,1,2,#fc8d62,car
8467,164836,"9,20061200710723E+018",9,7,61,0,2020,6,17,6,2,0,7,0,1,0,0,0,0,0,642943928,5359562.8064,10.930252577,48.373033136,0,1,#66c2a5,bicycle
8468,164838,"9,2006120071062E+018",9,7,61,0,2020,6,13,6,3,0,1,0,0,1,0,1,0,0,641337.7,5353228.4521,10.906449275,48.31643861,0,2,#fc8d62,car
8469,164843,"9,20061000852223E+018",9,1,62,0,2020,6,17,4,3,3,2,0,1,1,0,0,0,0,694560.5006,5335445.1856,11.61551509,48.142480811,1,1,#66c2a5,bicycle
8470,164846,"9,20060900858221E+018",9,1,62,0,2020,6,18,3,3,0,1,0,1,0,0,0,0,0,687669657,5337325193,11.523804024,48.161448649,1,1,#66c2a5,bicycle
8471,164847,"9,2006120012152E+018",9,1,81,130,2020,6,13,6,3,5,2,0,0,1,0,0,0,0,638558.2715,5326188.3842,10.860154392,48.073906521,0,2,#fc8d62,car
8472,164850,"9,2006100071042E+018",9,7,61,0,2020,6,13,4,3,5,3,0,1,1,0,0,0,0,640746.0717,5358312.5868,10.900172399,48.362285613,0,1,#66c2a5,bicycle
8473,164853,"9,2006090085822E+018",9,1,62,0,2020,6,18,3,3,2,6,0,0,1,0,0,0,0,690162234,5334618.9219,11.556081145,48.136384136,0,2,#fc8d62,car
8474,164854,"9,20061300145023E+018",9,1,63,0,2020,6,12,7,3,1,5,0,1,1,0,0,0,0,732326.6007,5305852622,12.106477951,47.863958897,0,1,#66c2a5,bicycle
8475,164855,"9,20061100857122E+018",9,1,62,0,2020,6,20,5,2,1,7,1,1,1,0,0,0,0,693719.4811,5335947.3346,11.604449708,48.147250574,0,1,#66c2a5,bicycle
8476,164856,"9,20060900858219E+018",9,1,62,0,2020,6,11,3,3,5,7,0,0,1,0,0,0,1,686213.9955,5334857.4085,11.50316793,48.139695331,1,2,#fc8d62,car
8477,164858,"9,2006120012012E+018",9,1,74,143,2020,6,19,6,3,0,1,0,1,0,0,0,0,0,674934.0348,5352667.3608,11.359023649,48.302994355,0,1,#66c2a5,bicycle
8478,164865,"9,20061100851221E+018",9,1,62,0,2020,6,15,5,3,2,6,0,0,1,0,0,0,0,691825621,5335683932,11.578896028,48.145457062,0,2,#fc8d62,car
8479,164866,"9,2006100085822E+018",9,1,84,119,2020,6,16,4,3,1,5,0,0,1,0,0,1,0,693802.5636,5347696.6025,11.610929567,48.25282228,1,2,#fc8d62,car
8480,164868,"9,2006120085292E+018",9,1,62,0,2020,6,13,6,3,1,5,0,1,1,0,0,0,0,686855.1335,5330234.6037,11.509751902,48.097955983,0,1,#66c2a5,bicycle
8481,164872,"9,2006120085252E+018",9,1,62,0,2020,6,12,6,3,3,2,0,1,1,0,0,0,0,697648.2668,5333891.2752,11.656257685,48.127563681,0,1,#66c2a5,bicycle
8482,164876,"9,20061200858229E+018",9,1,62,0,2020,6,19,6,3,5,3,0,1,1,0,0,0,0,681629.1125,5339250.5903,11.4434705,48.180509835,0,1,#66c2a5,bicycle
8483,164877,"9,20061200858223E+018",9,1,62,0,2020,6,13,6,3,0,7,0,0,1,0,0,0,0,693756.0054,5336076.3043,11.604998929,48.148398584,0,2,#fc8d62,car
8484,164878,"9,2006110071012E+018",9,7,71,112,2020,6,17,5,3,3,6,0,1,1,0,0,0,0,646650.0687,5368780.9479,10.983490339,48.455064461,0,1,#66c2a5,bicycle
8485,164879,"9,2006100085422E+018",9,1,62,0,2020,6,19,4,3,0,1,1,1,0,0,0,0,0,687144.2855,5336683.3368,11.516463509,48.155834339,1,1,#66c2a5,bicycle
8486,164881,"9,20061200851321E+018",9,1,62,0,2020,6,9,6,3,1,5,0,0,1,0,1,0,0,692832.7776,5337721269,11.59334504,48.1634636,0,2,#fc8d62,car
8487,164883,"9,20060900858219E+018",9,1,84,112,2020,6,7,3,3,5,3,0,1,1,0,0,0,0,699764253,5336471048,11.685872811,48.150087823,1,1,#66c2a5,bicycle
8488,164884,"9,20061200858222E+018",9,1,62,0,2020,6,6,6,2,5,3,0,1,1,0,0,0,0,698742.1806,5333265.8067,11.670650995,48.121601893,0,1,#66c2a5,bicycle
8489,164885,"9,20061200121921E+018",9,1,88,137,2020,6,17,6,2,0,1,0,1,0,0,0,0,0,672631.3818,5314109.7937,11.312376645,47.957009887,1,1,#66c2a5,bicycle
8490,164887,"9,20061200858221E+018",9,1,62,0,2020,6,16,6,3,5,3,0,1,1,0,0,0,0,688728.3198,5335634499,11.537276821,48.145939148,0,1,#66c2a5,bicycle
8491,164894,"9,2006120021092E+018",9,2,61,0,2020,6,10,6,3,0,6,0,0,0,0,1,1,0,736539.9053,5384194.2134,12.206411202,48.566159508,0,4,#e78ac3,marker
8492,164895,"9,20060900858219E+018",9,1,62,0,2020,6,12,3,3,2,6,0,0,0,0,1,1,1,694009.3764,5340268.7811,11.610314436,48.186001594,0,4,#e78ac3,marker
8493,164897,"9,20061200858221E+018",9,1,62,0,2020,6,12,6,3,6,7,0,1,0,1,0,0,0,694920.7983,5336712.2777,11.620933566,48.153758565,0,1,#66c2a5,bicycle
8494,164898,"9,2006120012092E+018",9,1,79,123,2020,6,17,6,3,0,1,0,1,0,0,0,0,0,672547566,5333187292,11.318943766,48.128534733,0,1,#66c2a5,bicycle
8495,164907,"9,20060900857122E+018",9,1,62,0,2020,6,17,3,3,6,4,0,0,1,1,0,0,0,700604.9869,5334434.2515,11.696204297,48.13151857,0,2,#fc8d62,car
8496,164909,"9,2006120085822E+018",9,1,62,0,2020,6,8,6,3,5,3,0,1,1,0,0,0,0,691910.8353,5334941.8355,11.579706005,48.138761523,0,1,#66c2a5,bicycle
8497,164910,"9,2006120011132E+018",9,1,75,132,2020,6,14,6,3,0,7,0,1,1,0,0,0,0,708106.2196,5330255.9275,11.79486297,48.091562754,0,1,#66c2a5,bicycle
8498,164913,"9,20061200851321E+018",9,1,62,0,2020,6,11,6,3,2,6,0,0,1,0,1,0,0,693073.62,5338814497,11.597076972,48.173216081,0,2,#fc8d62,car
8499,164917,"9,20061300121719E+018",9,1,79,142,2020,6,19,7,3,6,7,0,0,0,1,1,0,0,674242.6065,5342328.1376,11.345450455,48.210243581,0,3,#8da0cb,toilet
8500,164920,"9,20060900857122E+018",9,1,62,0,2020,6,18,3,2,3,2,0,1,1,0,0,0,0,690335404,5335879.1564,11.558969698,48.147659332,0,1,#66c2a5,bicycle
8501,164922,"9,2006110085452E+018",9,1,62,0,2020,6,16,5,2,5,3,0,1,1,0,0,0,0,682931.4396,5336070.1609,11.459606046,48.151548547,0,1,#66c2a5,bicycle
8502,164923,"9,20061000858221E+018",9,1,62,0,2020,6,16,4,3,4,6,0,0,1,0,0,0,0,689082.5678,5332775.2563,11.540765548,48.120134748,0,2,#fc8d62,car
8503,164925,"9,2006120085112E+018",9,1,62,0,2020,6,10,6,3,2,6,0,1,1,0,0,0,0,691514.1692,5334443.2543,11.574155361,48.134399841,0,1,#66c2a5,bicycle
8504,164928,"9,2006120085822E+018",9,1,84,138,2020,6,10,6,3,0,1,0,1,0,0,0,0,0,682681.9569,5330944.2471,11.454057403,48.105544874,0,1,#66c2a5,bicycle
8505,164930,"9,2006120085822E+018",9,1,62,0,2020,6,10,6,3,2,6,0,1,1,0,0,0,0,690838.1539,5334711.4057,11.565198584,48.137013041,0,1,#66c2a5,bicycle
8506,164932,"9,2006100085262E+018",9,1,84,130,2020,6,12,4,2,5,3,0,1,1,0,0,0,0,698276.9666,5344218.1354,11.669514067,48.220177268,1,1,#66c2a5,bicycle
8507,164934,"9,20061000857121E+018",9,1,62,0,2020,6,15,4,3,2,6,0,1,1,0,0,0,0,691051.5111,5334125.7517,11.56780085,48.131685205,1,1,#66c2a5,bicycle
8508,164938,"9,20061000140119E+018",9,1,87,150,2020,6,18,4,3,0,1,1,1,0,0,0,0,0,728091.0536,5302946.9746,12.048395645,47.839370174,1,1,#66c2a5,bicycle
8509,164939,"9,20061200140118E+018",9,1,87,117,2020,6,11,6,2,5,3,0,1,1,0,0,0,0,722499.3644,5303282244,11.973941426,47.844341712,0,1,#66c2a5,bicycle
8510,164946,"9,20060900854719E+018",9,1,62,0,2020,6,14,3,3,3,6,0,0,1,0,0,0,1,690917.6252,5340320.4994,11.568783207,48.18740311,0,2,#fc8d62,car
8511,164948,"9,2006120085822E+018",9,1,62,0,2020,6,13,6,3,0,7,0,1,0,0,0,0,0,691207.1376,5334049.6422,11.569856191,48.130954407,0,1,#66c2a5,bicycle
8512,164949,"9,2006120012052E+018",9,1,79,121,2020,6,14,6,3,0,7,0,1,0,0,0,0,0,666304096,5337844082,11.236922103,48.172061608,0,1,#66c2a5,bicycle
8513,164953,"9,20061200121719E+018",9,1,79,134,2020,6,1,6,2,8,1,2,0,0,0,1,0,0,672458.2353,5343809.5117,11.32205434,48.224047665,0,4,#e78ac3,marker
8514,164956,"9,2006100071192E+018",9,7,72,163,2020,6,18,4,3,0,7,0,1,0,0,0,0,0,640044.1427,5347339.3186,10.887058162,48.263772285,1,1,#66c2a5,bicycle
8515,164961,"9,20061100858221E+018",9,1,62,0,2020,6,17,5,3,0,7,0,0,0,0,0,0,1,690324.1917,5335862784,11.55881179,48.147515532,1,6,#ffd92f,circle
8516,164962,"9,20061100110724E+018",9,1,78,124,2020,6,12,5,3,1,7,0,1,1,0,0,0,0,703215.8293,5364437.1032,11.745667929,48.400310478,0,1,#66c2a5,bicycle
8517,164971,"9,2006120085822E+018",9,1,84,141,2020,6,5,6,3,9,1,1,0,0,0,1,0,0,696899.7665,5313089.4812,11.636647533,47.940838241,1,4,#e78ac3,marker
8518,164972,"9,20061100852221E+018",9,1,62,0,2020,6,16,5,3,0,1,0,1,0,0,0,0,0,695885.8836,5336740.3499,11.633908976,48.153714355,0,1,#66c2a5,bicycle
8519,164973,"9,2006100085822E+018",9,1,84,123,2020,6,14,4,3,5,3,0,1,1,0,0,0,0,702087.0477,5332330.8958,11.715103582,48.112147155,1,1,#66c2a5,bicycle
8520,164977,"9,2006100016192E+018",9,1,73,130,2020,6,17,4,3,8,7,0,0,1,0,0,0,0,681108.5385,5313111.9433,11.425404265,47.945698648,0,2,#fc8d62,car
8521,164978,"9,20061200140723E+018",9,1,82,133,2020,6,17,6,2,0,7,0,1,0,0,0,0,0,705564.9286,5311090547,11.751591633,47.920152808,0,1,#66c2a5,bicycle
8522,164979,"9,2006120075012E+018",9,7,78,116,2020,6,14,6,3,0,1,0,1,0,0,0,0,0,617698.7163,5317778.5361,10.577921601,48.002462529,0,1,#66c2a5,bicycle
8523,164983,"9,2006130012092E+018",9,1,79,118,2020,6,14,7,3,8,1,0,1,0,0,0,0,0,672484.5693,5338471.8676,11.320239655,48.176057862,0,1,#66c2a5,bicycle
8524,164984,"9,2006110071192E+018",9,7,72,163,2020,6,19,5,3,5,2,0,1,1,0,0,0,0,640385.0441,5349082.5613,10.892227962,48.279371805,0,1,#66c2a5,bicycle
8525,164985,"9,20061000854519E+018",9,1,62,0,2020,6,5,4,3,0,2,0,1,1,0,0,0,0,681874.0909,5335689.3714,11.445240219,48.148428958,0,1,#66c2a5,bicycle
8526,164996,"9,2006100085152E+018",9,1,62,0,2020,6,11,4,3,3,2,0,1,1,0,0,0,0,688561854,5332385788,11.533603411,48.116788547,1,1,#66c2a5,bicycle
8527,165000,"9,2006120012152E+018",9,1,81,130,2020,6,16,6,2,5,2,0,0,1,1,0,0,0,639054817,5324484.2,10.866262617,48.058473896,0,2,#fc8d62,car
8528,165001,"9,20061100210923E+018",9,2,61,0,2020,6,17,5,3,0,7,0,0,1,0,0,0,1,733158754,5380982286,12.158852981,48.538574447,0,2,#fc8d62,car
8529,165006,"9,2006090071132E+018",9,7,72,202,2020,6,19,3,3,4,6,0,0,1,0,0,0,0,636614.6702,5357742.2344,10.844240839,48.358064613,1,2,#fc8d62,car
8530,165010,"9,20060900710721E+018",9,7,61,0,2020,6,12,3,3,0,1,0,0,0,0,1,0,0,641798.4221,5360275.7289,10.915033666,48.379701857,1,4,#e78ac3,marker
8531,165012,"9,2006120012012E+018",9,1,74,131,2020,6,16,6,3,9,3,0,0,1,0,0,0,0,670819.3957,5360927.5313,11.306933865,48.378372365,0,2,#fc8d62,car
8532,165021,"9,20061100855122E+018",9,1,62,0,2020,6,14,5,3,0,1,0,1,0,0,0,0,0,687999836,5332381.0701,11.526057422,48.116912309,0,1,#66c2a5,bicycle
8533,165022,"9,20061000858222E+018",9,1,62,0,2020,6,19,4,3,5,2,1,1,1,0,0,0,0,689713.9204,5330652.9925,11.548296694,48.100871831,1,1,#66c2a5,bicycle
8534,165027,"9,20061200857122E+018",9,1,84,149,2020,6,16,6,3,0,6,0,0,1,0,1,0,0,690300.8261,5350357.7738,11.565000566,48.277801311,0,2,#fc8d62,car
8535,165029,"9,20061200857121E+018",9,1,62,0,2020,6,3,6,3,1,5,2,1,1,0,0,0,0,691630.2833,5336735.8812,11.576746265,48.154970686,0,1,#66c2a5,bicycle
8536,165031,"9,2006100085312E+018",9,1,84,148,2020,6,12,4,3,1,3,0,1,1,0,0,0,0,694332.4295,5325847.8428,11.608082831,48.056292635,0,1,#66c2a5,bicycle
8537,165035,"9,20061300858224E+018",9,1,62,0,2020,6,13,7,2,0,1,0,1,0,0,0,0,0,693423.7076,5336640.4033,11.600792397,48.153569648,0,1,#66c2a5,bicycle
8538,165036,"9,20061500857121E+018",9,1,62,0,2020,6,11,2,3,0,4,0,1,0,1,0,0,0,692006.1404,5338099.8872,11.582410537,48.167116718,1,1,#66c2a5,bicycle
8539,165041,"9,20061600858221E+018",9,1,62,0,2020,6,10,3,3,5,2,0,1,1,0,0,0,0,693633836,5333344025,11.602116165,48.123878934,0,1,#66c2a5,bicycle
8540,165042,"9,20061300858224E+018",9,1,62,0,2020,6,2,7,2,0,1,2,1,0,0,0,0,0,693305117,5331222.9403,11.596742052,48.10491504,0,1,#66c2a5,bicycle