fid,OBJECTID,UIDENTSTLA,ULAND,UREGBEZ,UKREIS,UGEMEINDE,UJAHR,UMONAT,USTUNDE,UWOCHENTAG,UKATEGORIE,UART,UTYP1,ULICHTVERH,IstRad,IstPKW,IstFuss,IstKrad,IstGkfz,IstSonstig,LINREFX,LINREFY,XGCSWGS84,YGCSWGS84,STRZUSTAND,Teilnehmer,color,symbol
8541,165043,"9,20061300858221E+018",9,1,62,0,2020,6,11,7,3,2,6,0,0,1,0,1,0,0,691497279,5338205.7982,11.57562142,48.16822212,0,2,#fc8d62,car
8542,165045,"9,2006130085822E+018",9,1,62,0,2020,6,11,7,2,0,1,0,1,0,0,0,0,0,692990.7824,5333811.2278,11.593695344,48.128273293,0,1,#66c2a5,bicycle
8543,165046,"9,20061500711122E+018",9,7,61,0,2020,6,17,2,3,2,6,0,0,1,0,0,0,0,639281.3268,5361222.7782,10.88137263,48.388778169,1,2,#fc8d62,car
8544,165051,"9,20061600857121E+018",9,1,62,0,2020,6,14,3,3,5,3,0,0,1,0,1,0,0,699010.3753,5333874.9148,11.67453524,48.126992289,0,2,#fc8d62,car
8545,165052,"9,20061300857122E+018",9,1,62,0,2020,6,10,7,3,5,3,0,0,1,0,0,0,1,691915.5167,5333886932,11.579293657,48.129278799,0,2,#fc8d62,car
8546,165054,"9,2006130085712E+018",9,1,62,0,2020,6,19,7,2,2,6,0,0,1,0,1,0,0,684301.62,5342589112,11.480838355,48.209748384,0,2,#fc8d62,car
8547,165056,"9,2006170085822E+018",9,1,62,0,2020,6,10,4,3,0,7,0,1,0,0,0,0,0,691238.4515,5339931.7103,11.572920375,48.183812245,0,1,#66c2a5,bicycle
8548,165057,"9,20061700160921E+018",9,1,73,126,2020,6,16,4,3,1,7,0,1,1,0,0,0,0,686672.8586,5302974.1724,11.495463646,47.852975161,1,1,#66c2a5,bicycle
8549,165058,"9,20061600710423E+018",9,7,61,0,2020,6,16,3,3,5,3,0,1,1,0,0,0,0,641193.8296,5359364.0345,10.906566953,48.371639851,0,1,#66c2a5,bicycle
8550,165059,"9,2006130085472E+018",9,1,62,0,2020,6,17,7,3,1,7,0,0,1,0,0,0,0,694203.3997,5342882679,11.614117794,48.209434735,0,2,#fc8d62,car
8551,165061,"9,20061400715018E+018",9,7,61,0,2020,6,14,1,3,5,3,0,0,1,0,0,0,0,639102.8148,5360318.9171,10.87866346,48.380690281,1,2,#fc8d62,car
8552,165063,"9,2006130085452E+018",9,1,62,0,2020,6,18,7,3,1,5,0,1,1,0,0,0,0,680250.5324,5335162.5758,11.423209284,48.144155789,0,1,#66c2a5,bicycle
8553,165064,"9,20061300854221E+018",9,1,62,0,2020,6,18,7,3,5,2,0,1,1,0,0,0,0,690092.7396,5335918.4463,11.555728103,48.14808503,0,1,#66c2a5,bicycle
8554,165066,"9,2006170071132E+018",9,7,61,0,2020,6,8,4,3,5,3,0,0,1,0,0,0,0,638650.6974,5357963.1977,10.871784025,48.359607656,0,2,#fc8d62,car
8555,165067,"9,20061300852321E+018",9,1,62,0,2020,6,16,7,3,5,2,0,1,1,0,0,0,0,693310729,5330973.3495,11.596704295,48.102670071,0,1,#66c2a5,bicycle
8556,165069,"9,20061700857121E+018",9,1,62,0,2020,6,13,4,3,5,3,0,0,1,0,0,0,0,693985673,5336089915,11.608089636,48.148450916,0,2,#fc8d62,car
8557,165072,"9,2006130085122E+018",9,1,62,0,2020,6,17,7,3,1,7,0,1,1,0,0,0,0,690465.8851,5336101.5211,11.560821631,48.149618882,0,1,#66c2a5,bicycle
8558,165073,"9,20061500858221E+018",9,1,62,0,2020,6,18,2,3,5,3,0,0,1,0,0,1,0,688930.7603,5330100.5633,11.537543247,48.096139191,1,2,#fc8d62,car
8559,165078,"9,20061600858222E+018",9,1,62,0,2020,6,16,3,3,3,2,0,0,1,0,0,0,0,696986.1008,5331594.8714,11.64630766,48.107130247,0,2,#fc8d62,car
8560,165079,"9,20061300851121E+018",9,1,62,0,2020,6,14,7,3,2,1,0,0,1,0,0,0,1,691881.9422,5334642.1085,11.579183004,48.136076336,0,2,#fc8d62,car
8561,165081,"9,20061700854121E+018",9,1,62,0,2020,6,12,4,3,0,1,0,1,1,0,0,0,0,686222.6312,5333268.3264,11.502589332,48.125409524,0,1,#66c2a5,bicycle
8562,165082,"9,20061700120519E+018",9,1,79,121,2020,6,16,4,3,0,1,0,1,0,0,0,0,0,665854.1343,5337458.4963,11.230724108,48.16871274,0,1,#66c2a5,bicycle
8563,165085,"9,2006150085212E+018",9,1,62,0,2020,6,16,2,3,2,6,0,0,1,0,0,0,0,693299.1632,5332354.6014,11.597174947,48.115087947,1,2,#fc8d62,car
8564,165089,"9,2006160085822E+018",9,1,84,122,2020,6,10,3,3,6,2,0,0,1,1,0,0,0,688164.7125,5323952678,11.524559046,48.041106644,1,2,#fc8d62,car
8565,165094,"9,2006150071042E+018",9,7,61,0,2020,6,13,2,3,3,2,0,1,0,0,1,0,0,640143645,5358304709,10.892041206,48.3623488,1,1,#66c2a5,bicycle
8566,165095,"9,2006130075012E+018",9,7,78,116,2020,6,15,7,3,8,1,0,1,0,0,0,0,0,619203.5185,5318634.9789,10.598325591,48.00988626,0,1,#66c2a5,bicycle
8567,165101,"9,20061600852822E+018",9,1,62,0,2020,6,16,3,3,0,3,0,1,1,0,0,0,0,692335.6,5334240.4766,11.585093096,48.1323296,0,1,#66c2a5,bicycle
8568,165106,"9,20061700857121E+018",9,1,62,0,2020,6,15,4,3,3,6,0,1,0,0,0,0,0,692179.3303,5336953.0296,11.584219288,48.156756694,0,1,#66c2a5,bicycle
8569,165108,"9,20061800120921E+018",9,1,88,121,2020,6,18,5,3,0,7,0,1,0,0,0,0,0,670398.9911,5331969.9308,11.289605516,48.118169715,0,1,#66c2a5,bicycle
8570,165111,"9,20061600740723E+018",9,7,62,0,2020,6,16,3,3,6,4,0,1,0,1,0,0,0,621945946,5304664782,10.631122783,47.883726325,0,1,#66c2a5,bicycle
8571,165112,"9,2006130071132E+018",9,7,61,0,2020,6,13,7,3,3,2,0,1,0,0,0,0,0,638677.3537,5358118.0248,10.872194717,48.360993977,0,1,#66c2a5,bicycle
8572,165114,"9,2006170071062E+018",9,7,61,0,2020,6,16,4,3,6,1,0,1,0,1,0,0,0,637174.0943,5356075.1506,10.851245506,48.342953016,0,1,#66c2a5,bicycle
8573,165115,"9,20061300711121E+018",9,7,61,0,2020,6,17,7,3,6,4,0,1,0,1,0,0,0,639374276,5361211.3232,10.882623656,48.388654636,0,1,#66c2a5,bicycle
8574,165117,"9,2006170085452E+018",9,1,62,0,2020,6,10,4,3,0,7,0,1,1,0,0,0,0,681819.4317,5335373499,11.444371129,48.145605284,0,1,#66c2a5,bicycle
8575,165120,"9,20061300710721E+018",9,7,61,0,2020,6,14,7,2,0,7,0,1,0,0,0,0,0,642376.6897,5360861.6944,10.923037317,48.384840344,0,1,#66c2a5,bicycle
8576,165121,"9,20061500857121E+018",9,1,62,0,2020,6,19,2,3,9,7,1,0,1,1,0,0,0,690327.2407,5334950.7623,11.558445085,48.139317387,1,2,#fc8d62,car
8577,165124,"9,20061300710624E+018",9,7,61,0,2020,6,15,7,3,5,1,0,1,1,0,0,0,0,641217.3805,5358172.4551,10.90648471,48.360920348,0,1,#66c2a5,bicycle
8578,165125,"9,20061600131323E+018",9,1,86,149,2020,6,8,3,3,5,3,0,0,1,0,0,0,1,687565.8305,5384271.4539,11.543349644,48.583422927,0,2,#fc8d62,car
8579,165129,"9,20061700851523E+018",9,1,62,0,2020,6,17,4,3,0,4,0,0,1,1,0,0,0,688566.2416,5333682809,11.534236036,48.128445113,0,2,#fc8d62,car
8580,165130,"9,2006170011052E+018",9,1,77,117,2020,6,18,4,3,5,3,0,1,1,0,0,0,0,713685.5431,5354450336,11.881874279,48.307116428,0,1,#66c2a5,bicycle
8581,165131,"9,2006150012012E+018",9,1,74,115,2020,6,12,2,3,4,2,0,1,1,0,0,0,0,681141.0256,5346644.6813,11.440068091,48.247112386,1,1,#66c2a5,bicycle
8582,165133,"9,20061300710621E+018",9,7,61,0,2020,6,0,7,2,8,1,2,1,0,0,0,0,0,640759.4852,5355265.8659,10.899334754,48.334887461,0,1,#66c2a5,bicycle
8583,165137,"9,20061500111322E+018",9,1,75,118,2020,6,16,2,3,5,3,0,0,0,0,1,0,1,714857.0753,5338937.5611,11.889786233,48.167332286,1,4,#e78ac3,marker
8584,165139,"9,20061600857122E+018",9,1,62,0,2020,6,17,3,3,4,3,0,1,1,0,0,0,0,692403.74,5341736.5085,11.589399249,48.199681388,0,1,#66c2a5,bicycle
8585,165141,"9,2006150011092E+018",9,1,78,143,2020,6,14,2,3,0,1,0,1,0,0,0,0,0,716773.6191,5373311.4499,11.933197456,48.4755294,1,1,#66c2a5,bicycle
8586,165144,"9,20061600858221E+018",9,1,62,0,2020,6,18,3,3,5,2,0,1,1,0,0,0,0,691239.3918,5334140.8975,11.570330198,48.131764912,0,1,#66c2a5,bicycle
8587,165145,"9,2006130071062E+018",9,7,61,0,2020,6,21,7,3,0,1,0,1,0,0,0,0,0,640817.1472,5352769.7025,10.899278604,48.312429794,0,1,#66c2a5,bicycle
8588,165146,"9,20061300710421E+018",9,7,61,0,2020,6,11,7,3,0,3,0,1,0,0,0,0,0,640016.6202,5359230.5879,10.890635475,48.370702218,0,1,#66c2a5,bicycle
8589,165149,"9,20061500711123E+018",9,7,61,0,2020,6,7,2,3,5,3,0,1,1,0,0,0,0,638336.2461,5360882.8488,10.868501901,48.385929592,1,1,#66c2a5,bicycle
8590,165151,"9,20061500110328E+018",9,1,75,115,2020,6,17,2,3,6,4,0,0,1,1,0,0,0,720655.3936,5329103.9814,11.962576254,48.076992253,1,2,#fc8d62,car
8591,165153,"9,20061600851423E+018",9,1,62,0,2020,6,11,3,3,6,4,0,1,0,1,0,0,0,690712.8489,5334119.4272,11.563251006,48.131729926,1,1,#66c2a5,bicycle
8592,165160,"9,20061700858221E+018",9,1,62,0,2020,6,7,4,3,0,7,0,1,0,0,0,0,0,683598545,5339951652,11.470242961,48.186245328,0,1,#66c2a5,bicycle
8593,165162,"9,20061400858229E+018",9,1,62,0,2020,6,18,1,3,6,2,0,0,1,1,0,0,0,696528755,5338499922,11.643356494,48.169329922,1,2,#fc8d62,car
8594,165163,"9,20061500120521E+018",9,1,79,121,2020,6,16,2,3,6,2,0,0,1,1,0,0,0,667612.7143,5338966.8795,11.25495278,48.181811711,1,2,#fc8d62,car
8595,165164,"9,2006160071132E+018",9,7,61,0,2020,6,9,3,2,0,1,0,1,0,0,0,0,0,637076.2034,5360165.7613,10.851257925,48.37975671,1,1,#66c2a5,bicycle
8596,165171,"9,20061700854122E+018",9,1,62,0,2020,6,16,4,3,5,3,0,1,0,0,0,0,0,686434.1376,5334024.4889,11.505759701,48.132144289,0,1,#66c2a5,bicycle
8597,165173,"9,20061700712521E+018",9,7,72,200,2020,6,6,4,3,0,1,0,0,0,0,1,0,0,629484331,5337064636,10.741700806,48.173622028,0,4,#e78ac3,marker
8598,165176,"9,20061700857121E+018",9,1,62,0,2020,6,14,4,3,0,7,0,0,1,1,0,0,0,690622.7777,5335104.5209,11.562482499,48.140610897,0,2,#fc8d62,car
8599,165180,"9,20061500858222E+018",9,1,62,0,2020,6,15,2,3,6,4,0,0,1,1,0,0,0,686406.1931,5328848.3904,11.503122767,48.085627567,1,2,#fc8d62,car
8600,165183,"9,20061400858222E+018",9,1,62,0,2020,6,1,1,3,6,3,2,0,1,1,0,0,0,684186.1078,5331362.3437,11.474424449,48.108869881,1,2,#fc8d62,car
8601,165186,"9,2006170011012E+018",9,1,77,139,2020,6,16,4,3,5,3,0,1,0,0,0,0,1,731119633,5359597462,12.119472672,48.347226862,0,1,#66c2a5,bicycle
8602,165187,"9,20061400858221E+018",9,1,62,0,2020,6,4,1,3,0,7,2,0,0,0,0,0,1,690487836,5338188.7563,11.562050988,48.168372243,1,6,#ffd92f,circle
8603,165191,"9,20061500852921E+018",9,1,62,0,2020,6,17,2,3,2,6,0,0,1,0,0,0,0,686724.6505,5330208.7955,11.507989766,48.097762257,1,2,#fc8d62,car
8604,165192,"9,2006140016092E+018",9,1,73,126,2020,6,1,1,3,5,3,2,0,1,0,0,0,0,684529.0153,5306013.1656,11.468129516,47.880911921,1,2,#fc8d62,car
8605,165195,"9,20061700715024E+018",9,7,61,0,2020,6,12,4,2,6,7,0,1,0,1,0,0,0,639797.3617,5359473.6917,10.88775734,48.372936744,0,1,#66c2a5,bicycle
8606,165196,"9,2006160085822E+018",9,1,62,0,2020,6,15,3,2,2,5,0,1,1,0,0,0,0,681606.8599,5337539.0401,11.44244025,48.165131535,0,1,#66c2a5,bicycle
8607,165201,"9,20061500710723E+018",9,7,61,0,2020,6,10,2,3,4,7,0,0,1,0,0,0,0,641923.1277,5360566.6626,10.916815123,48.382289762,1,2,#fc8d62,car
8608,165203,"9,20061400858219E+018",9,1,62,0,2020,6,20,1,3,6,4,2,1,1,1,0,0,0,692149.0056,5336845.0192,11.58376317,48.155795083,1,1,#66c2a5,bicycle
8609,165206,"9,2006150074072E+018",9,7,62,0,2020,6,16,2,2,0,1,0,1,0,0,0,0,0,620615086,5305576.3189,10.613583514,47.892175951,1,1,#66c2a5,bicycle
8610,165209,"9,2006160085712E+018",9,1,62,0,2020,6,8,3,2,6,4,0,0,1,1,0,0,0,689584.8137,5335400.1892,11.548675464,48.143578493,1,2,#fc8d62,car
8611,165214,"9,20061700857122E+018",9,1,62,0,2020,6,14,4,3,4,6,0,1,1,0,0,0,0,682670.5997,5340655.5887,11.458072547,48.192840246,0,1,#66c2a5,bicycle
8612,165215,"9,2006170016092E+018",9,1,73,126,2020,6,13,4,3,5,2,0,0,1,0,1,0,0,684885.2569,5304856.4143,11.472394758,47.870411408,0,2,#fc8d62,car
8613,165221,"9,2006170071112E+018",9,7,61,0,2020,6,11,4,3,0,7,0,1,0,0,0,0,0,639589.7169,5360856.4481,10.885414216,48.38541606,0,1,#66c2a5,bicycle
8614,165224,"9,2006170085712E+018",9,1,62,0,2020,6,8,4,3,0,7,0,1,0,0,0,0,0,687541.7807,5338862.3234,11.522763996,48.175302406,1,1,#66c2a5,bicycle
8615,165226,"9,2006140085712E+018",9,1,62,0,2020,6,18,1,3,3,2,0,1,1,0,0,0,0,690154.7062,5334740.6811,11.556034419,48.137480759,1,1,#66c2a5,bicycle
8616,165229,"9,20061500858221E+018",9,1,62,0,2020,6,14,2,3,2,6,0,0,1,0,0,0,0,692861.1544,5334995.2154,11.592491036,48.138953974,1,2,#fc8d62,car
8617,165238,"9,20061700852121E+018",9,1,62,0,2020,6,22,4,3,0,1,2,1,0,0,0,0,0,693675.6114,5332409515,11.602252454,48.115467124,1,1,#66c2a5,bicycle
8618,165239,"9,2006170012012E+018",9,1,74,115,2020,6,16,4,3,0,7,0,0,0,0,0,1,0,680389.5249,5347400.8758,11.430276687,48.254123883,1,5,#a6d854,bus
8619,165243,"9,2006140012032E+018",9,1,81,139,2020,6,11,1,3,0,1,0,1,0,0,0,0,0,655736729,5324225758,11.089911333,48.052296718,1,1,#66c2a5,bicycle
8620,165246,"9,20061600857123E+018",9,1,62,0,2020,6,17,3,3,3,6,0,0,1,0,1,0,0,694579.9375,5332264.2582,11.614323746,48.113885952,0,2,#fc8d62,car
8621,165249,"9,20061600858222E+018",9,1,62,0,2020,6,7,3,3,1,6,0,0,1,0,0,0,0,688794.3162,5332407.0055,11.536733101,48.116910379,1,2,#fc8d62,car
8622,165254,"9,2006150071192E+018",9,7,72,163,2020,6,14,2,3,6,7,0,1,0,1,0,0,0,640042.6389,5347809.0387,10.887193452,48.267996286,1,1,#66c2a5,bicycle
8623,165257,"9,20061600852521E+018",9,1,62,0,2020,6,18,3,3,5,3,0,1,1,0,0,0,0,697108.5544,5332101.57,11.648184993,48.111646271,0,1,#66c2a5,bicycle
8624,165259,"9,20061600210936E+018",9,2,74,113,2020,6,15,3,3,0,3,0,0,1,0,1,0,0,728450.8333,5381981.1737,12.095715389,48.549279082,0,2,#fc8d62,car
8625,165262,"9,20061700857121E+018",9,1,62,0,2020,6,16,4,3,2,6,0,0,1,0,1,0,0,688799.3767,5334952.5987,11.537928802,48.139789059,0,2,#fc8d62,car
8626,165263,"9,2006130021092E+018",9,2,61,0,2020,6,8,7,3,0,7,0,1,0,0,0,0,0,730891035,5381356652,12.128385113,48.542775739,0,1,#66c2a5,bicycle
8627,165264,"9,20061500710122E+018",9,7,71,113,2020,6,9,2,3,5,3,0,0,1,0,0,0,0,658204.1394,5368940.5927,11.139713987,48.453701135,1,2,#fc8d62,car
8628,165265,"9,20061700858221E+018",9,1,84,148,2020,6,12,4,2,5,2,0,1,0,0,0,0,1,693840.3503,5325844.3352,11.601484243,48.056410766,0,1,#66c2a5,bicycle
8629,165267,"9,20061500120923E+018",9,1,88,121,2020,6,15,2,2,6,3,0,0,1,1,0,0,0,671296.6228,5330740.6969,11.301162988,48.106878372,1,2,#fc8d62,car
8630,165268,"9,2006160071232E+018",9,7,72,147,2020,6,6,3,3,4,6,0,1,1,0,0,0,0,638225.5414,5363453.7191,10.867853774,48.409070555,1,1,#66c2a5,bicycle
8631,165271,"9,20061700710421E+018",9,7,61,0,2020,6,8,4,3,6,4,0,0,0,1,0,1,0,641098.1614,5359205.9939,10.90522284,48.370240206,0,3,#8da0cb,toilet
8632,165272,"9,20061300161923E+018",9,1,73,147,2020,6,14,7,3,0,1,0,1,0,0,0,0,0,681032848,5310380376,11.423243383,47.921165351,0,1,#66c2a5,bicycle
8633,165274,"9,20061700854221E+018",9,1,62,0,2020,6,17,4,3,5,3,0,1,0,0,0,0,1,688717851,5336790.9,11.537648957,48.156336121,1,1,#66c2a5,bicycle
8634,165275,"9,20061700140129E+018",9,1,87,137,2020,6,15,4,3,5,3,0,1,0,0,0,0,1,730322541,5308803.0388,12.081294352,47.891188002,0,1,#66c2a5,bicycle
8635,165280,"9,20061600131321E+018",9,1,86,143,2020,6,19,3,2,9,1,0,0,0,0,1,0,0,684465.9565,5378347004,11.498732779,48.531095914,0,4,#e78ac3,marker
8636,165281,"9,2006140011092E+018",9,1,78,143,2020,6,14,1,3,0,1,0,1,0,0,0,0,0,716774.6096,5373321.9071,11.933216261,48.475623013,1,1,#66c2a5,bicycle
8637,165283,"9,20061400851321E+018",9,1,62,0,2020,6,18,1,3,5,7,0,0,1,0,1,0,0,691745437,5336609.39,11.578236053,48.153799097,1,2,#fc8d62,car
8638,165285,"9,20061700851321E+018",9,1,62,0,2020,6,8,4,3,3,1,0,1,1,0,0,0,0,692271.1018,5338329.9926,11.586074447,48.169104764,0,1,#66c2a5,bicycle
8639,165286,"9,20061700110321E+018",9,1,75,121,2020,6,18,4,3,8,1,0,0,1,0,0,0,0,715718.6819,5316525.9683,11.890053744,47.965659365,1,2,#fc8d62,car
8640,165289,"9,2006130016092E+018",9,1,73,126,2020,6,9,7,3,0,7,0,1,0,0,0,0,0,685327.4463,5303429.8375,11.477690717,47.857460507,0,1,#66c2a5,bicycle
8641,165294,"9,20062100710722E+018",9,7,61,0,2020,6,15,1,3,1,5,0,1,1,0,0,0,0,642299525,5360624.5399,10.921915377,48.382725377,0,1,#66c2a5,bicycle
8642,165306,"9,20062100858221E+018",9,1,62,0,2020,6,10,1,3,5,3,0,0,1,0,0,0,0,690441.0745,5340239.9499,11.562341802,48.186822185,0,2,#fc8d62,car
8643,165308,"9,2006200013152E+018",9,1,85,158,2020,6,11,7,3,5,3,0,1,1,0,0,0,0,667042.8652,5381452.9282,11.264171313,48.563895242,0,1,#66c2a5,bicycle
8644,165309,"9,20062200110123E+018",9,1,77,139,2020,6,13,2,3,0,1,0,1,0,0,0,0,0,732058.2914,5359454.8223,12.132043722,48.345601439,0,1,#66c2a5,bicycle
8645,165312,"9,2006200012152E+018",9,1,81,130,2020,6,17,7,3,1,6,0,0,1,0,0,0,0,639233.3433,5324294.5726,10.868595584,48.056729774,0,2,#fc8d62,car
8646,165314,"9,2006200012152E+018",9,1,81,130,2020,6,12,7,3,8,1,0,1,0,0,0,0,0,639600.6994,5323308.9168,10.873201407,48.047786204,0,1,#66c2a5,bicycle
8647,165315,"9,20062000120121E+018",9,1,74,141,2020,6,13,7,3,0,6,0,1,1,0,0,0,0,677976.5919,5354834.3524,11.400930255,48.321624412,0,1,#66c2a5,bicycle
8648,165316,"9,20062000110522E+018",9,1,77,130,2020,6,19,7,3,0,3,0,0,1,0,1,0,0,705230.6516,5351228.5674,11.766422655,48.280964341,1,2,#fc8d62,car
8649,165318,"9,20062000110346E+018",9,1,75,121,2020,6,23,7,3,8,1,2,0,1,0,0,0,0,713551.4038,5317613.0344,11.861595738,47.97615432,1,2,#fc8d62,car
8650,165319,"9,20062100710423E+018",9,7,61,0,2020,6,4,1,3,0,1,2,0,0,0,0,0,1,640631.5449,5359111.2785,10.898894131,48.369492705,0,6,#ffd92f,circle
8651,165320,"9,20062000110122E+018",9,1,77,123,2020,6,14,7,3,0,7,0,1,0,0,0,0,0,727146.6299,5344853.0485,12.058004386,48.216205708,0,1,#66c2a5,bicycle
8652,165323,"9,20061900858224E+018",9,1,62,0,2020,6,15,6,3,2,6,0,0,1,0,0,0,0,690203.7479,5334938.4891,11.556781285,48.139244001,0,2,#fc8d62,car
8653,165324,"9,20061900858223E+018",9,1,62,0,2020,6,11,6,3,6,4,0,0,1,1,0,0,0,682839903,5342938.4875,11.461332048,48.213311501,1,2,#fc8d62,car
8654,165326,"9,20061900858221E+018",9,1,62,0,2020,6,13,6,2,1,5,0,1,1,0,0,0,0,692238.8296,5336797.3077,11.584948174,48.155339117,1,1,#66c2a5,bicycle
8655,165327,"9,20061900858221E+018",9,1,84,120,2020,6,16,6,3,5,3,0,0,1,0,0,0,0,681106.5428,5332169.6932,11.433434275,48.117010098,1,2,#fc8d62,car
8656,165328,"9,20061900858221E+018",9,1,62,0,2020,6,6,6,3,0,3,0,1,1,0,0,0,0,691838.4845,5334840.8578,11.578688991,48.137875767,0,1,#66c2a5,bicycle
8657,165330,"9,20061900858221E+018",9,1,62,0,2020,6,10,6,3,1,5,0,1,1,0,0,0,0,684413.22,5333682.8807,11.478476302,48.129662492,1,1,#66c2a5,bicycle
8658,165332,"9,20061900858219E+018",9,1,62,0,2020,6,7,6,3,2,6,0,1,0,0,0,0,0,690362.3416,5333842426,11.558421185,48.129345166,1,1,#66c2a5,bicycle
8659,165333,"9,20061900855142E+018",9,1,62,0,2020,6,14,6,3,9,6,0,0,1,0,0,0,0,693321.4083,5333217.2582,11.597864646,48.122834532,1,2,#fc8d62,car
8660,165335,"9,20061900854322E+018",9,1,62,0,2020,6,14,6,2,5,3,0,1,1,0,0,0,0,690401.4953,5342936.4269,11.563019223,48.211069624,1,1,#66c2a5,bicycle
8661,165337,"9,20061900854222E+018",9,1,62,0,2020,6,7,6,3,4,2,0,0,1,0,1,0,0,690014.8706,5335750.9506,11.554607502,48.146602843,1,2,#fc8d62,car
8662,165339,"9,20061900854221E+018",9,1,62,0,2020,6,17,6,3,0,6,0,1,0,1,0,0,0,688448.3235,5336375.3879,11.533844353,48.152681369,1,1,#66c2a5,bicycle
8663,165340,"9,20061900852521E+018",9,1,62,0,2020,6,9,6,3,0,1,0,1,0,0,0,0,0,698184.7533,5332275.6996,11.662708658,48.112877276,1,1,#66c2a5,bicycle
8664,165342,"9,2006190085232E+018",9,1,62,0,2020,6,14,6,3,5,7,0,0,1,0,0,0,0,691671166,5331703.06,11.575031335,48.109724003,1,2,#fc8d62,car
8665,165344,"9,20061900852121E+018",9,1,62,0,2020,6,19,6,3,5,3,0,1,1,0,0,0,0,691901.9579,5333619.6436,11.578991262,48.126880536,0,1,#66c2a5,bicycle
8666,165345,"9,20061900851322E+018",9,1,62,0,2020,6,8,6,3,1,2,0,1,1,0,0,0,0,692203.6317,5337005.1075,11.584569246,48.157217414,1,1,#66c2a5,bicycle
8667,165346,"9,20062200120722E+018",9,1,88,127,2020,6,12,2,3,1,6,0,0,1,0,0,0,0,673435659,5327994927,11.328758442,48.081616217,0,2,#fc8d62,car
8668,165352,"9,20061900740723E+018",9,7,62,0,2020,6,10,6,3,1,6,0,0,1,0,0,0,0,621452.5856,5304396.3515,10.624450951,47.881405665,1,2,#fc8d62,car
8669,165358,"9,20061900711321E+018",9,7,61,0,2020,6,13,6,3,2,6,0,0,1,0,0,0,0,637749.9214,5359436.9513,10.860112904,48.373056625,0,2,#fc8d62,car
8670,165359,"9,20062100858223E+018",9,1,62,0,2020,6,11,1,3,5,3,0,0,1,0,1,0,0,688921.6384,5343308.6454,11.543284902,48.214857314,0,2,#fc8d62,car
8671,165360,"9,2006190071132E+018",9,7,72,202,2020,6,12,6,3,5,3,0,0,1,0,0,0,0,636052.1441,5359888007,10.837345195,48.37748082,1,2,#fc8d62,car
8672,165361,"9,20062100210924E+018",9,2,61,0,2020,6,11,1,3,2,6,0,0,1,0,0,0,0,733140.6511,5381243.5888,12.158754291,48.540928365,0,2,#fc8d62,car
8673,165362,"9,20061900710621E+018",9,7,61,0,2020,6,18,6,3,2,1,0,0,1,0,0,0,0,641247.7981,5358866.8975,10.907128303,48.367157709,0,2,#fc8d62,car
8674,165364,"9,20061900710621E+018",9,7,61,0,2020,6,7,6,2,2,1,0,0,1,0,1,0,0,639419019,5358502957,10.882329435,48.364291844,1,2,#fc8d62,car
8675,165374,"9,20062200210921E+018",9,2,61,0,2020,6,13,2,2,0,1,0,1,0,0,0,0,0,732534.0264,5380361.9966,12.150056433,48.533234335,0,1,#66c2a5,bicycle
8676,165388,"9,20062100854421E+018",9,1,62,0,2020,6,12,1,3,2,2,0,0,1,0,0,0,0,688338566,5338246.3613,11.533198422,48.169530437,0,2,#fc8d62,car
8677,165394,"9,20062100852221E+018",9,1,62,0,2020,6,15,1,3,4,2,0,0,1,0,1,0,0,695505.2916,5338009.8424,11.629380454,48.165240966,0,2,#fc8d62,car
8678,165396,"9,20062200110529E+018",9,1,77,117,2020,6,18,2,3,5,3,0,1,0,0,0,0,0,715676946,5354823737,11.9088864,48.309795726,0,1,#66c2a5,bicycle
8679,165399,"9,20062100851122E+018",9,1,62,0,2020,6,20,1,3,0,1,1,1,0,0,0,0,0,692128.2575,5334511.7103,11.582431557,48.134830025,0,1,#66c2a5,bicycle
8680,165404,"9,20062100121921E+018",9,1,88,141,2020,6,17,1,3,5,3,0,0,1,0,1,0,0,669180.6643,5312542.2271,11.265576136,47.943838128,0,2,#fc8d62,car
8681,165406,"9,20062000858224E+018",9,1,62,0,2020,6,11,7,2,0,7,0,1,0,0,0,0,0,691613.3025,5335474.4007,11.575950326,48.143637809,0,1,#66c2a5,bicycle
8682,165411,"9,20062100858222E+018",9,1,62,0,2020,6,17,1,3,5,3,0,1,1,0,0,0,0,685275.1094,5333210696,11.489843324,48.125167979,0,1,#66c2a5,bicycle
8683,165413,"9,20062000858223E+018",9,1,62,0,2020,6,16,7,3,6,4,0,0,1,1,0,0,0,687988.1986,5339627.5251,11.529101511,48.182048244,0,2,#fc8d62,car
8684,165415,"9,20062000858223E+018",9,1,62,0,2020,6,19,7,3,0,7,0,1,0,0,0,0,0,685851.0979,5334400.7171,11.498095248,48.135696502,0,1,#66c2a5,bicycle
8685,165417,"9,20062000858222E+018",9,1,62,0,2020,6,10,7,3,5,3,0,1,1,0,0,0,0,690104.4338,5343139.5609,11.559115613,48.212984407,0,1,#66c2a5,bicycle
8686,165423,"9,20062000858221E+018",9,1,62,0,2020,6,10,7,3,5,3,0,1,1,0,0,0,0,689162.0167,5334387.5981,11.542547689,48.134603073,0,1,#66c2a5,bicycle
8687,165424,"9,2006190021092E+018",9,2,74,194,2020,6,14,6,3,5,3,0,0,1,0,0,0,0,721143.8292,5378900865,11.995207854,48.524223941,1,2,#fc8d62,car