fid,OBJECTID,UIDENTSTLA,ULAND,UREGBEZ,UKREIS,UGEMEINDE,UJAHR,UMONAT,USTUNDE,UWOCHENTAG,UKATEGORIE,UART,UTYP1,ULICHTVERH,IstRad,IstPKW,IstFuss,IstKrad,IstGkfz,IstSonstig,LINREFX,LINREFY,XGCSWGS84,YGCSWGS84,STRZUSTAND,Teilnehmer,color,symbol
8688,165427,"9,20062000858221E+018",9,1,62,0,2020,6,12,7,3,5,3,0,0,1,0,0,0,0,688286628,5335732.9291,11.531388237,48.146954736,0,2,#fc8d62,car
8689,165432,"9,20062000857123E+018",9,1,62,0,2020,6,14,7,3,0,1,0,1,0,0,0,0,0,691805.9785,5335012.8358,11.578329953,48.139431278,1,1,#66c2a5,bicycle
8690,165435,"9,2006190014132E+018",9,1,63,0,2020,6,16,6,3,2,6,0,0,1,0,0,0,0,733207.5878,5304581976,12.117554679,47.852224178,0,2,#fc8d62,car
8691,165436,"9,20062000854423E+018",9,1,62,0,2020,6,4,7,3,0,1,2,0,0,0,1,0,0,685431271,5341710.4698,11.495645439,48.201521865,0,4,#e78ac3,marker
8692,165445,"9,2006190012032E+018",9,1,81,139,2020,6,14,6,2,6,4,0,0,1,1,0,0,0,656073.0811,5325911.0371,11.09503686,48.067367017,1,2,#fc8d62,car
8693,165446,"9,20061900111124E+018",9,1,78,120,2020,6,20,6,3,2,1,0,0,1,0,0,0,0,696214331,5354237443,11.646422255,48.310863746,0,2,#fc8d62,car
8694,165447,"9,20062000854221E+018",9,1,62,0,2020,6,13,7,3,1,7,0,1,1,0,0,0,0,687604.6575,5336724.4346,11.522665872,48.156068091,1,1,#66c2a5,bicycle
8695,165448,"9,20061800858223E+018",9,1,62,0,2020,6,23,5,3,0,7,2,0,0,0,0,0,1,694007.6468,5333744.2135,11.607316327,48.127361894,0,6,#ffd92f,circle
8696,165450,"9,20061800858222E+018",9,1,62,0,2020,6,9,5,3,5,3,0,1,1,0,0,0,0,688864.4118,5336247.6781,11.53937664,48.151410079,0,1,#66c2a5,bicycle
8697,165451,"9,20061800858222E+018",9,1,62,0,2020,6,18,5,3,0,1,0,0,0,0,0,0,1,680246.1755,5335571893,11.423324062,48.147836335,0,6,#ffd92f,circle
8698,165452,"9,20062200121921E+018",9,1,88,137,2020,6,10,2,3,0,1,0,1,0,0,0,0,0,672629.0942,5314099.2557,11.312341799,47.956915768,0,1,#66c2a5,bicycle
8699,165453,"9,20061800858221E+018",9,1,62,0,2020,6,9,5,2,0,7,0,1,0,0,0,0,0,688628.5977,5332742.0527,11.534656908,48.119970955,0,1,#66c2a5,bicycle
8700,165454,"9,20062000854121E+018",9,1,62,0,2020,6,16,7,3,2,6,0,0,1,0,0,0,0,684427.6332,5332493.8492,11.478155351,48.11897063,0,2,#fc8d62,car
8701,165455,"9,20062000852321E+018",9,1,62,0,2020,6,12,7,3,5,3,0,1,1,0,0,0,0,691910.6417,5331954.2482,11.578358235,48.11190955,1,1,#66c2a5,bicycle
8702,165456,"9,20061800858221E+018",9,1,62,0,2020,6,12,5,3,1,6,0,0,1,0,0,0,0,692698.5301,5335397.5601,11.590489368,48.14261942,0,2,#fc8d62,car
8703,165457,"9,20062000851321E+018",9,1,62,0,2020,6,18,7,3,0,5,0,1,1,0,0,0,0,691540.9838,5338066.0647,11.57614569,48.166953053,0,1,#66c2a5,bicycle
8704,165458,"9,20061800858221E+018",9,1,62,0,2020,6,5,5,2,5,3,0,0,1,0,0,0,0,687488.4431,5338899.8537,11.522063788,48.175655473,0,2,#fc8d62,car
8705,165459,"9,2006180085713E+018",9,1,62,0,2020,6,15,5,3,1,7,0,1,1,0,0,0,0,682296.4801,5335865.0822,11.450988976,48.149887462,0,1,#66c2a5,bicycle
8706,165461,"9,20061800857121E+018",9,1,62,0,2020,6,7,5,3,0,1,0,1,0,0,0,0,0,691722.7388,5333748.7426,11.576643321,48.128094863,1,1,#66c2a5,bicycle
8707,165462,"9,20062000851223E+018",9,1,62,0,2020,6,13,7,2,1,5,0,1,1,0,0,0,0,691410.8529,5336351.0261,11.573625701,48.151577744,1,1,#66c2a5,bicycle
8708,165463,"9,2006180085482E+018",9,1,84,135,2020,6,13,5,3,0,5,0,1,1,0,0,0,0,689650.9779,5347938.7724,11.555165854,48.256254751,0,1,#66c2a5,bicycle
8709,165464,"9,20061800852821E+018",9,1,84,146,2020,6,9,5,3,1,5,0,1,1,0,0,0,0,698173.0541,5328173.3414,11.66064752,48.076011711,0,1,#66c2a5,bicycle
8710,165465,"9,2006180085252E+018",9,1,62,0,2020,6,10,5,3,2,6,0,0,1,0,1,0,0,697728.7306,5334182266,11.657472873,48.130153915,0,2,#fc8d62,car
8711,165466,"9,20062100858224E+018",9,1,62,0,2020,6,19,1,3,0,2,0,0,0,0,1,0,0,688841.5561,5335630.5216,11.538795864,48.145869795,1,4,#e78ac3,marker
8712,165467,"9,20061800852423E+018",9,1,62,0,2020,6,11,5,3,3,2,0,1,1,0,0,0,0,697025.3809,5330409.7791,11.646287663,48.09646718,0,1,#66c2a5,bicycle
8713,165469,"9,2006180085232E+018",9,1,62,0,2020,6,10,5,3,5,3,0,0,1,0,0,0,0,693523.8349,5331483.3103,11.599795133,48.107188779,0,2,#fc8d62,car
8714,165471,"9,20061800852222E+018",9,1,62,0,2020,6,17,5,3,5,3,0,0,1,0,1,0,0,693413106,5335546371,11.600152923,48.143740064,0,2,#fc8d62,car
8715,165472,"9,20061800851321E+018",9,1,62,0,2020,6,17,5,3,5,3,0,1,1,0,0,0,0,692860.7778,5338459.5436,11.594056015,48.170090493,0,1,#66c2a5,bicycle
8716,165475,"9,20062100858221E+018",9,1,62,0,2020,6,16,1,3,5,3,0,0,1,0,0,0,0,695494.4112,5336034.16,11.628326591,48.147487944,0,2,#fc8d62,car
8717,165478,"9,20061800712321E+018",9,7,72,184,2020,6,17,5,3,0,7,0,1,0,0,0,0,0,634765.8081,5359342.9534,10.819808024,48.372855729,0,1,#66c2a5,bicycle
8718,165479,"9,20061800711922E+018",9,7,72,163,2020,6,9,5,3,0,7,0,1,0,0,0,0,0,640095.6377,5349874.4543,10.888591871,48.286556492,0,1,#66c2a5,bicycle
8719,165481,"9,2006180071132E+018",9,7,61,0,2020,6,22,5,3,0,1,2,0,0,0,1,0,0,638863248,5359189532,10.875056715,48.370587883,0,4,#e78ac3,marker
8720,165482,"9,2006180071132E+018",9,7,72,202,2020,6,9,5,3,5,3,0,1,0,0,0,1,0,637056.7218,5358716.6832,10.850522586,48.366730976,0,1,#66c2a5,bicycle
8721,165483,"9,2006210071273E+018",9,7,72,216,2020,6,16,1,3,0,1,0,1,0,0,0,0,0,621989.9046,5368093.2636,10.6499116,48.45414476,0,1,#66c2a5,bicycle
8722,165484,"9,20061800710628E+018",9,7,61,0,2020,6,15,5,2,5,7,0,1,0,0,0,0,0,640859.0671,5352242342,10.899667608,48.307678566,0,1,#66c2a5,bicycle
8723,165486,"9,20061800710423E+018",9,7,61,0,2020,6,15,5,3,5,3,0,1,1,0,0,0,0,640809.2991,5357824.4048,10.900862148,48.357881945,0,1,#66c2a5,bicycle
8724,165503,"9,20062200120321E+018",9,1,81,120,2020,6,16,2,3,0,1,0,1,0,0,0,0,0,651289292,5319681.3155,11.028663152,48.012505269,1,1,#66c2a5,bicycle
8725,165515,"9,20062100858223E+018",9,1,62,0,2020,6,0,1,3,4,6,2,1,0,0,0,0,0,692180.4944,5335348.4909,11.583510507,48.142335081,0,1,#66c2a5,bicycle
8726,165523,"9,2006180021092E+018",9,2,61,0,2020,6,10,5,3,0,1,0,1,0,0,0,0,0,732558695,5380999507,12.150745766,48.538951779,0,1,#66c2a5,bicycle
8727,165535,"9,2006180014132E+018",9,1,63,0,2020,6,7,5,3,0,7,0,1,0,0,0,0,0,732698.3819,5305240.3618,12.111112079,47.858323742,0,1,#66c2a5,bicycle
8728,165539,"9,20061800140122E+018",9,1,87,150,2020,6,16,5,3,5,3,0,1,1,0,0,0,0,729734.4987,5304571245,12.071189677,47.853378429,0,1,#66c2a5,bicycle
8729,165540,"9,20062100712519E+018",9,7,72,149,2020,6,1,1,3,9,1,2,0,1,0,0,0,0,635224.2403,5339126.0094,10.819525223,48.190963149,1,2,#fc8d62,car
8730,165543,"9,20061800131323E+018",9,1,86,143,2020,6,23,5,2,0,1,2,0,0,0,1,0,0,685011.4537,5378774.3206,11.506304268,48.534775967,0,4,#e78ac3,marker
8731,165544,"9,20062100711921E+018",9,7,72,163,2020,6,18,1,3,5,3,0,1,1,0,0,0,0,639406.4771,5348492.7808,10.878850878,48.274284777,0,1,#66c2a5,bicycle
8732,165545,"9,20061800121521E+018",9,1,81,126,2020,6,15,5,3,6,7,0,1,0,0,0,0,1,636445.0415,5331705.5299,10.833563183,48.123974704,0,1,#66c2a5,bicycle
8733,165546,"9,2006200021092E+018",9,2,61,0,2020,6,9,7,3,1,6,0,0,1,0,1,0,0,731660.7456,5382219.9604,12.139277861,48.55024699,0,2,#fc8d62,car
8734,165547,"9,2006180012152E+018",9,1,81,130,2020,6,6,5,3,5,3,0,0,0,0,1,1,0,638061.5908,5324539.4899,10.85295757,48.059186781,0,4,#e78ac3,marker
8735,165548,"9,20062100857136E+018",9,1,62,0,2020,6,15,1,3,1,7,0,0,1,0,0,0,1,691401.3441,5336326.7717,11.573487077,48.15136261,0,2,#fc8d62,car
8736,165549,"9,20062400857123E+018",9,1,62,0,2020,6,13,4,3,5,3,0,0,1,0,0,0,1,694216.5797,5332760.4355,11.609673,48.118456334,0,2,#fc8d62,car
8737,165551,"9,20062200858222E+018",9,1,62,0,2020,6,18,2,3,5,2,0,0,1,0,0,0,1,684883.7921,5332496.4954,11.484279942,48.118862132,0,2,#fc8d62,car
8738,165552,"9,20062300140122E+018",9,1,87,122,2020,6,19,3,2,2,6,0,1,1,0,0,0,0,720748.7365,5306541834,11.952238425,47.874234054,0,1,#66c2a5,bicycle
8739,165555,"9,20062400858222E+018",9,1,62,0,2020,6,16,4,3,5,3,0,0,1,0,0,0,0,701542985,5331910.8777,11.707603964,48.108544858,0,2,#fc8d62,car
8740,165556,"9,20062200858222E+018",9,1,62,0,2020,6,16,2,3,0,7,0,1,0,0,0,0,0,684506.3362,5333097.6586,11.479473189,48.124375208,1,1,#66c2a5,bicycle
8741,165557,"9,20062300851322E+018",9,1,62,0,2020,6,8,3,3,4,7,0,0,1,0,1,0,0,692200939,5337030.9199,11.584544736,48.157450224,0,2,#fc8d62,car
8742,165558,"9,20062200858222E+018",9,1,62,0,2020,6,19,2,2,5,3,0,0,1,0,1,0,0,691753184,5334453109,11.577369043,48.134416445,0,2,#fc8d62,car
8743,165561,"9,20062200857123E+018",9,1,62,0,2020,6,12,2,3,2,7,0,1,1,0,0,0,0,685960.2608,5337234.7902,11.500799162,48.161138333,0,1,#66c2a5,bicycle
8744,165565,"9,20062400858221E+018",9,1,62,0,2020,6,17,4,2,0,1,0,0,0,0,1,0,0,692858.5746,5334334.7858,11.592157393,48.133018977,0,4,#e78ac3,marker
8745,165567,"9,20062200854521E+018",9,1,62,0,2020,6,16,2,3,0,2,0,0,1,0,1,0,0,683371.3872,5335483.3435,11.465262902,48.146147185,0,2,#fc8d62,car
8746,165570,"9,20062200852942E+018",9,1,62,0,2020,6,19,2,3,5,3,0,1,1,0,0,0,0,685964.3096,5329619.9026,11.497530819,48.092691352,0,1,#66c2a5,bicycle
8747,165572,"9,20062500161923E+018",9,1,73,130,2020,6,22,5,3,0,7,2,1,0,0,0,0,0,681811.0893,5314775.7683,11.43550716,47.960455974,0,1,#66c2a5,bicycle
8748,165573,"9,20062300858224E+018",9,1,62,0,2020,6,21,3,3,1,5,2,1,1,0,0,0,0,691512.4541,5337323535,11.575428051,48.160287918,0,1,#66c2a5,bicycle
8749,165575,"9,20062200852821E+018",9,1,84,146,2020,6,17,2,3,0,7,0,1,0,0,0,0,0,698031.7649,5328272.1656,11.658798498,48.07694377,1,1,#66c2a5,bicycle
8750,165577,"9,20062400711321E+018",9,7,61,0,2020,6,8,4,3,0,1,0,1,0,0,0,0,0,638307.5274,5357962.7961,10.86715366,48.359679314,0,1,#66c2a5,bicycle
8751,165579,"9,20062200852322E+018",9,1,62,0,2020,6,22,2,3,4,6,2,1,0,0,0,0,0,692606.8036,5330667989,11.58712081,48.100138726,0,1,#66c2a5,bicycle
8752,165580,"9,20062300711921E+018",9,7,72,163,2020,6,17,3,3,0,7,0,1,0,0,0,0,0,640301.4541,5346602.6479,10.890279091,48.257091297,0,1,#66c2a5,bicycle
8753,165581,"9,20062200851424E+018",9,1,62,0,2020,6,15,2,3,6,4,0,1,0,1,0,0,0,690590.4082,5334035.0232,11.56156931,48.13100798,1,1,#66c2a5,bicycle
8754,165584,"9,20062200851422E+018",9,1,62,0,2020,6,19,2,3,5,5,0,1,0,0,0,0,0,688885871,5334508315,11.538893292,48.135770111,0,1,#66c2a5,bicycle
8755,165587,"9,20062300858222E+018",9,1,62,0,2020,6,16,3,3,3,6,0,1,0,0,0,0,1,691808.9401,5334795.0144,11.578271629,48.137472639,0,1,#66c2a5,bicycle
8756,165589,"9,20062200851222E+018",9,1,62,0,2020,6,10,2,3,5,3,0,0,1,0,0,0,0,691017.0358,5335348.9363,11.567886506,48.142689446,0,2,#fc8d62,car
8757,165593,"9,20062400858223E+018",9,1,62,0,2020,6,13,4,3,4,6,0,0,1,1,0,0,1,683182.5479,5340298.4408,11.464800825,48.189482552,0,2,#fc8d62,car
8758,165596,"9,20062500121322E+018",9,1,88,144,2020,6,7,5,3,9,1,0,0,0,0,1,0,0,667162.8663,5329113.3664,11.24503833,48.093346716,0,4,#e78ac3,marker
8759,165597,"9,20062300857123E+018",9,1,62,0,2020,6,16,3,3,5,2,0,0,1,0,0,0,1,691946.3314,5332282.6185,11.578985011,48.11485015,0,2,#fc8d62,car
8760,165598,"9,20062400854821E+018",9,1,84,149,2020,6,11,4,3,0,1,0,1,0,0,0,0,0,690706.6424,5350509.8166,11.570533313,48.27904574,0,1,#66c2a5,bicycle
8761,165604,"9,20062400858222E+018",9,1,62,0,2020,6,8,4,3,2,6,0,0,1,0,1,0,0,693989.4457,5336363.3619,11.608264922,48.150907402,0,2,#fc8d62,car
8762,165611,"9,20062300854223E+018",9,1,62,0,2020,6,21,3,3,5,2,2,1,1,0,0,0,0,690240.8553,5336249.6943,11.557865451,48.151018,0,1,#66c2a5,bicycle
8763,165613,"9,20062400854322E+018",9,1,62,0,2020,6,21,4,3,0,3,2,0,1,0,1,0,0,690695.2284,5338602.1532,11.565022914,48.172025629,0,2,#fc8d62,car
8764,165618,"9,20062400857123E+018",9,1,84,120,2020,6,7,4,3,5,2,0,0,1,0,0,0,1,682394152,5332764664,11.450973382,48.121990648,0,2,#fc8d62,car
8765,165626,"9,20062300858223E+018",9,1,62,0,2020,6,17,3,3,5,3,0,1,1,0,0,0,0,690141.1111,5334932.6706,11.555937572,48.139210424,0,1,#66c2a5,bicycle
8766,165628,"9,20062400121921E+018",9,1,88,139,2020,6,19,4,3,0,1,0,1,0,0,0,0,0,673008338,5318341492,11.319125515,47.99495049,0,1,#66c2a5,bicycle
8767,165629,"9,20062300710124E+018",9,7,71,122,2020,6,16,3,3,1,2,0,0,1,0,0,1,0,653648178,5362800.3417,11.075886855,48.399625478,0,2,#fc8d62,car
8768,165636,"9,20062300858221E+018",9,1,84,120,2020,6,18,3,3,5,3,0,0,1,0,0,0,0,680791.5422,5332214.0094,11.429224514,48.117497962,0,2,#fc8d62,car
8769,165638,"9,20062200712123E+018",9,7,71,130,2020,6,5,2,3,0,1,0,1,0,0,0,0,0,646410.2117,5357843.9034,10.97643285,48.356783385,0,1,#66c2a5,bicycle
8770,165639,"9,20062300121921E+018",9,1,88,113,2020,6,15,3,2,0,1,0,1,0,0,0,0,0,674930.5942,5311854.5261,11.342231166,47.936111643,0,1,#66c2a5,bicycle
8771,165641,"9,20062200711323E+018",9,7,61,0,2020,6,16,2,3,5,3,0,1,1,0,0,0,0,636758.5837,5360497.7513,10.847078726,48.382810862,0,1,#66c2a5,bicycle
8772,165642,"9,20062300121721E+018",9,1,79,142,2020,6,19,3,3,5,3,0,1,1,0,0,0,0,676982.6988,5343492.2522,11.382787293,48.219949763,0,1,#66c2a5,bicycle
8773,165643,"9,20062400710423E+018",9,7,61,0,2020,6,8,4,3,3,6,0,1,1,0,0,0,0,639967.6639,5359172.4287,10.889955436,48.370190127,0,1,#66c2a5,bicycle
8774,165644,"9,20062300210923E+018",9,2,61,0,2020,6,8,3,2,5,3,0,1,1,0,0,0,0,730851.4257,5382245.0539,12.128341587,48.550770743,0,1,#66c2a5,bicycle
8775,165646,"9,20062400858224E+018",9,1,62,0,2020,6,16,4,3,5,3,0,1,1,0,0,0,0,688423739,5332644.2447,11.531863726,48.119152491,0,1,#66c2a5,bicycle
8776,165648,"9,20062300854822E+018",9,1,84,119,2020,6,19,3,3,5,3,0,1,1,0,0,0,0,696689.0985,5347532.3446,11.649698092,48.250456883,0,1,#66c2a5,bicycle
8777,165649,"9,20062400854422E+018",9,1,62,0,2020,6,16,4,3,0,7,0,1,0,0,0,0,1,685656.0667,5338960.7908,11.497465997,48.176741155,0,1,#66c2a5,bicycle
8778,165651,"9,20062200710622E+018",9,7,61,0,2020,6,7,2,3,0,1,0,1,0,0,0,0,0,639978.6072,5358070.2166,10.889736317,48.360276926,0,1,#66c2a5,bicycle
8779,165652,"9,20062300120923E+018",9,1,79,118,2020,6,14,3,3,0,7,0,1,0,0,0,0,0,672064.1681,5337578.2615,11.314227585,48.1681387,0,1,#66c2a5,bicycle
8780,165656,"9,20062400858221E+018",9,1,62,0,2020,6,16,4,3,2,6,0,1,0,0,0,0,0,682093.5553,5335221.6247,11.447987991,48.14416172,0,1,#66c2a5,bicycle
8781,165660,"9,20062400858222E+018",9,1,62,0,2020,6,7,4,3,5,2,0,1,1,0,0,0,0,691269.56,5339311.8621,11.573059468,48.178231797,0,1,#66c2a5,bicycle
8782,165661,"9,2006220071062E+018",9,7,61,0,2020,6,10,2,3,0,1,0,1,0,0,0,0,0,639051.9895,5356657.8875,10.876767207,48.347782316,0,1,#66c2a5,bicycle
8783,165662,"9,20062300851419E+018",9,1,62,0,2020,6,23,3,2,0,7,2,1,0,0,0,0,0,691221.0588,5334770.8377,11.570366809,48.137432267,0,1,#66c2a5,bicycle
8784,165663,"9,2006220071062E+018",9,7,61,0,2020,6,14,2,3,0,1,0,1,0,0,0,0,0,639142.6224,5355451.2498,10.87759113,48.336912498,0,1,#66c2a5,bicycle
8785,165666,"9,20062200710422E+018",9,7,61,0,2020,6,13,2,3,5,3,0,0,1,0,0,0,0,639968.8963,5359182.1487,10.889975303,48.370277253,0,2,#fc8d62,car
8786,165670,"9,20062300712321E+018",9,7,72,184,2020,6,13,3,3,5,3,0,0,1,0,0,0,0,635798.9138,5360952.4551,10.834271196,48.387106859,0,2,#fc8d62,car
8787,165675,"9,20062400750123E+018",9,7,78,203,2020,6,18,4,3,1,6,0,1,1,0,0,0,0,622236.2427,5324714.3827,10.640707877,48.06398815,0,1,#66c2a5,bicycle
8788,165680,"9,20062400110321E+018",9,1,75,124,2020,6,7,4,3,0,1,0,1,0,0,0,0,0,713399.1306,5329221.2909,11.865338794,48.080515766,0,1,#66c2a5,bicycle
8789,165683,"9,20062300120723E+018",9,1,88,127,2020,6,18,3,3,0,2,0,0,0,0,1,0,0,676741.0471,5329843.0436,11.373866382,48.09732182,0,4,#e78ac3,marker
8790,165684,"9,20062400712721E+018",9,7,72,130,2020,6,18,4,3,0,7,0,1,0,0,0,0,0,630688.4601,5359348.3733,10.764778888,48.37376205,0,1,#66c2a5,bicycle
8791,165688,"9,20062500121921E+018",9,1,88,137,2020,6,19,5,3,0,1,0,1,0,0,0,0,0,671586.5209,5315029.6127,11.298759577,47.965559895,0,1,#66c2a5,bicycle
8792,165692,"9,20062500141321E+018",9,1,63,0,2020,6,15,5,3,5,2,0,1,1,0,0,0,0,732676487,5304962.38,12.110670265,47.855834243,0,1,#66c2a5,bicycle
8793,165693,"9,20062300858222E+018",9,1,62,0,2020,6,11,3,3,2,6,0,0,1,0,0,0,0,697510.9861,5332587.4614,11.653810732,48.115888482,0,2,#fc8d62,car
8794,165696,"9,20062300120524E+018",9,1,79,121,2020,6,18,3,2,2,6,0,1,1,0,0,0,0,665810.0131,5337396.0788,11.230106808,48.168163112,0,1,#66c2a5,bicycle
8795,165697,"9,20062400710119E+018",9,7,71,113,2020,6,12,4,3,5,2,0,1,1,0,0,0,0,658132.4047,5369409.1008,11.138921479,48.457931143,0,1,#66c2a5,bicycle
8796,165700,"9,20062400858223E+018",9,1,62,0,2020,6,14,4,3,6,4,0,0,1,1,0,0,0,691248.1609,5335304.4344,11.570970345,48.142220036,0,2,#fc8d62,car
8797,165702,"9,20062300854323E+018",9,1,62,0,2020,6,17,3,3,8,7,0,0,1,0,0,0,0,688805.8083,5342522.2737,11.541377199,48.207823881,0,2,#fc8d62,car
8798,165703,"9,20062400854323E+018",9,1,62,0,2020,6,10,4,3,5,7,0,1,0,0,0,0,0,687501.57,5340978323,11.523157517,48.194333226,0,1,#66c2a5,bicycle
8799,165704,"9,20062300858219E+018",9,1,62,0,2020,6,6,3,2,2,6,0,1,1,0,0,0,0,686826.7972,5337209.3649,11.512429606,48.160655777,0,1,#66c2a5,bicycle
8800,165705,"9,20062400855123E+018",9,1,62,0,2020,6,7,4,3,5,2,0,1,0,0,0,0,0,690802.3469,5333718.2309,11.564273001,48.128097166,0,1,#66c2a5,bicycle
8801,165708,"9,20062300111121E+018",9,1,78,120,2020,6,13,3,3,8,1,0,1,0,0,0,0,0,694157.8301,5353317.8751,11.618292597,48.303233919,0,1,#66c2a5,bicycle
8802,165711,"9,20062400858222E+018",9,1,62,0,2020,6,19,4,3,0,7,0,1,0,0,0,0,0,693670.3974,5340938.0282,11.606063666,48.192119932,0,1,#66c2a5,bicycle
8803,165724,"9,20062400857129E+018",9,1,62,0,2020,6,19,4,2,6,4,0,0,0,1,0,0,1,692413088,5332696475,11.585436465,48.118428976,0,3,#8da0cb,toilet
8804,165732,"9,20062300858224E+018",9,1,62,0,2020,6,15,3,3,5,3,0,0,1,0,1,0,0,694558.5825,5342646.6065,11.618785385,48.20720428,0,2,#fc8d62,car
8805,165736,"9,20062300711121E+018",9,7,61,0,2020,6,20,3,3,0,7,0,1,1,0,0,0,0,639124.6346,5359931.32,10.878829688,48.377200294,0,1,#66c2a5,bicycle
8806,165743,"9,20062300145023E+018",9,1,63,0,2020,6,18,3,3,5,2,0,0,1,0,0,0,1,732326.9636,5304598.3811,12.105809085,47.852690447,0,2,#fc8d62,car
8807,165744,"9,20062300858221E+018",9,1,62,0,2020,6,19,3,3,0,7,0,0,0,1,0,0,1,690297.8596,5334947.1576,11.558048931,48.139293775,0,3,#8da0cb,toilet
8808,165747,"9,20062300110921E+018",9,1,78,143,2020,6,19,3,3,0,6,0,1,1,0,0,0,0,717388.5172,5372260.7201,11.940960283,48.465876802,0,1,#66c2a5,bicycle
8809,165749,"9,20062300110521E+018",9,1,77,126,2020,6,21,3,3,0,1,0,0,0,0,1,0,0,719885.0036,5368163.0828,11.972535995,48.428194645,0,4,#e78ac3,marker
8810,165750,"9,20062400710621E+018",9,7,61,0,2020,6,13,4,3,0,1,0,1,0,0,0,0,0,637918069,5355857097,10.861208985,48.340830313,1,1,#66c2a5,bicycle
8811,165751,"9,20062300211521E+018",9,2,74,185,2020,6,9,3,3,0,6,0,1,0,0,0,0,1,731263.5984,5372001.8993,12.128245047,48.458605222,0,1,#66c2a5,bicycle
8812,165753,"9,20062500110722E+018",9,1,78,124,2020,6,14,5,3,0,1,0,1,0,0,0,0,0,702601.4974,5364446.8246,11.737382193,48.400595521,0,1,#66c2a5,bicycle
8813,165754,"9,20062300857121E+018",9,1,62,0,2020,6,12,3,3,1,6,0,0,1,0,1,0,0,686413935,5337535246,11.507025808,48.163706074,0,2,#fc8d62,car
8814,165755,"9,20062400854424E+018",9,1,62,0,2020,6,17,4,3,5,3,0,0,1,0,0,0,0,684737.1639,5343480.1212,11.487083433,48.21763049,0,2,#fc8d62,car
8815,165758,"9,20062300110329E+018",9,1,75,122,2020,6,17,3,3,0,4,0,0,1,1,0,0,0,721086401,5325493877,11.966489223,48.044406156,0,2,#fc8d62,car
8816,165761,"9,20062400858222E+018",9,1,84,138,2020,6,19,4,3,0,1,0,1,0,0,0,0,0,680963.0831,5330842.0909,11.430945243,48.105117194,0,1,#66c2a5,bicycle
8817,165765,"9,20062400858223E+018",9,1,84,119,2020,6,14,4,3,5,7,0,0,1,0,0,1,0,694320512,5347738154,11.617918946,48.253037133,0,2,#fc8d62,car
8818,165767,"9,20062300852821E+018",9,1,84,129,2020,6,17,3,3,0,7,0,1,0,0,0,0,0,701417.7203,5324826.8788,11.702584402,48.04492034,0,1,#66c2a5,bicycle
8819,165769,"9,20062400852918E+018",9,1,62,0,2020,6,14,4,3,0,7,0,0,1,0,0,0,1,686577.7867,5328465369,11.50525741,48.082134604,0,2,#fc8d62,car
8820,165773,"9,20062400140136E+018",9,1,87,130,2020,6,15,4,3,5,3,0,0,0,1,0,1,0,712715.7584,5310265.1016,11.846781697,47.910403031,0,3,#8da0cb,toilet
8821,165784,"9,20062400121323E+018",9,1,88,144,2020,6,12,4,3,4,6,0,1,0,0,0,0,0,667681.38,5327084.41,11.251200057,48.07496998,0,1,#66c2a5,bicycle
8822,165792,"9,20062300858221E+018",9,1,84,146,2020,6,19,3,3,0,7,0,1,0,0,0,0,0,697999793,5328280.1701,11.658373427,48.077025637,0,1,#66c2a5,bicycle
8823,165793,"9,20062500141321E+018",9,1,63,0,2020,6,23,5,3,8,7,2,1,0,0,0,0,0,734127.5441,5304742.2588,12.129920597,47.853329746,0,1,#66c2a5,bicycle
8824,165794,"9,20062300858223E+018",9,1,62,0,2020,6,22,3,3,0,1,2,0,0,0,0,0,1,692487.6785,5335459.2737,11.58768574,48.143237913,0,6,#ffd92f,circle
8825,165796,"9,20062200210923E+018",9,2,61,0,2020,6,15,2,3,2,6,0,1,0,0,0,0,0,732170.8661,5379168.4649,12.144480058,48.522647514,0,1,#66c2a5,bicycle
8826,165797,"9,20062200858224E+018",9,1,84,147,2020,6,13,2,3,5,3,0,1,1,0,0,0,0,696037.8297,5340229.0752,11.637558244,48.185022049,0,1,#66c2a5,bicycle
8827,165798,"9,20062400710119E+018",9,7,71,113,2020,6,14,4,3,0,7,0,0,0,0,0,1,1,656075.1899,5367191.9177,11.110288671,48.438511497,0,5,#a6d854,bus
8828,165799,"9,20062300161923E+018",9,1,73,137,2020,6,18,3,3,5,3,0,0,1,0,1,0,0,677799383,5305259951,11.377890391,47.876039718,0,2,#fc8d62,car
8829,165800,"9,20062300141529E+018",9,1,87,134,2020,6,7,3,2,4,6,0,1,0,0,0,0,0,736205.2924,5320444.5012,12.16625874,47.993632155,1,1,#66c2a5,bicycle
8830,165802,"9,20062400858223E+018",9,1,62,0,2020,6,13,4,3,5,3,0,1,0,0,0,0,0,692021.4836,5338107.5979,11.582620161,48.167181386,0,1,#66c2a5,bicycle
8831,165804,"9,20062300854821E+018",9,1,84,149,2020,6,18,3,2,1,5,0,1,1,0,0,0,0,691706.8087,5348744.5266,11.583200035,48.262878006,0,1,#66c2a5,bicycle
8832,165805,"9,20062400854323E+018",9,1,62,0,2020,6,10,4,2,1,7,0,1,0,0,0,0,1,690699.0176,5338202.9379,11.564894778,48.168436387,0,1,#66c2a5,bicycle
8833,165807,"9,20062200210922E+018",9,2,74,194,2020,6,16,2,3,1,1,0,0,1,0,1,0,0,721924.0231,5377604.9222,12.005070484,48.512305943,0,2,#fc8d62,car