fid,OBJECTID,UIDENTSTLA,ULAND,UREGBEZ,UKREIS,UGEMEINDE,UJAHR,UMONAT,USTUNDE,UWOCHENTAG,UKATEGORIE,UART,UTYP1,ULICHTVERH,IstRad,IstPKW,IstFuss,IstKrad,IstGkfz,IstSonstig,LINREFX,LINREFY,XGCSWGS84,YGCSWGS84,STRZUSTAND,Teilnehmer,color,symbol
8834,165811,"9,20062500854421E+018",9,1,62,0,2020,6,20,5,3,7,7,0,1,0,1,0,0,0,686122.9198,5339985.8681,11.504188939,48.185818294,0,1,#66c2a5,bicycle
8835,165813,"9,20062700854424E+018",9,1,62,0,2020,6,9,7,2,5,2,0,1,1,0,0,0,0,686848993,5338126829,11.513130862,48.168895665,0,1,#66c2a5,bicycle
8836,165816,"9,20062500854322E+018",9,1,62,0,2020,6,18,5,3,3,6,0,1,0,0,0,0,0,687860.4599,5342856.8058,11.528813576,48.211111155,0,1,#66c2a5,bicycle
8837,165818,"9,20062500852223E+018",9,1,62,0,2020,6,9,5,3,5,2,0,1,1,0,0,0,0,694596.3849,5336172.5861,11.616329432,48.149007398,0,1,#66c2a5,bicycle
8838,165821,"9,20062500852223E+018",9,1,62,0,2020,6,20,5,3,3,2,0,1,0,0,0,0,1,695580.7021,5336900.2741,11.62988345,48.155245588,0,1,#66c2a5,bicycle
8839,165827,"9,20062500852223E+018",9,1,62,0,2020,6,13,5,3,5,3,0,1,1,0,0,0,0,693574.6954,5335177.4988,11.602155252,48.140375617,1,1,#66c2a5,bicycle
8840,165830,"9,20062500852122E+018",9,1,62,0,2020,6,17,5,3,0,7,0,1,1,0,0,0,0,693061.6438,5333729.0355,11.594609438,48.127513082,0,1,#66c2a5,bicycle
8841,165835,"9,20062500851424E+018",9,1,62,0,2020,6,23,5,3,0,1,2,1,0,0,0,0,0,690592.4878,5335120.1205,11.562082725,48.140760179,0,1,#66c2a5,bicycle
8842,165837,"9,20062700858223E+018",9,1,62,0,2020,6,10,7,3,3,6,0,0,1,0,0,0,1,687898.1312,5330382.7009,11.523812106,48.098980433,0,2,#fc8d62,car
8843,165840,"9,20062500851422E+018",9,1,62,0,2020,6,16,5,3,0,1,0,1,0,0,0,0,0,689541.0099,5335703.1225,11.548222051,48.146314325,0,1,#66c2a5,bicycle
8844,165843,"9,20062700141322E+018",9,1,63,0,2020,6,9,7,3,4,6,0,1,1,0,0,0,0,734516.2047,5303885934,12.134644272,47.845494893,0,1,#66c2a5,bicycle
8845,165844,"9,20062700141322E+018",9,1,63,0,2020,6,13,7,3,4,2,0,1,1,0,0,0,0,733678.9586,5303533558,12.123280272,47.842633964,0,1,#66c2a5,bicycle
8846,165848,"9,20062700121922E+018",9,1,88,139,2020,6,20,7,3,0,1,0,1,0,0,0,0,0,674959.3512,5318703.8174,11.345403399,47.997676873,0,1,#66c2a5,bicycle
8847,165851,"9,20062700854821E+018",9,1,84,135,2020,6,15,7,3,0,1,0,1,0,0,0,0,0,689615.3237,5347112.7316,11.554315942,48.248841099,0,1,#66c2a5,bicycle
8848,165852,"9,20062700121324E+018",9,1,88,145,2020,6,2,7,2,0,1,2,1,0,0,0,0,0,664720.4257,5325750.1233,11.210964714,48.063745959,0,1,#66c2a5,bicycle
8849,165853,"9,20062700120524E+018",9,1,79,121,2020,6,12,7,3,5,3,0,1,1,0,0,0,0,667352.5735,5338618.6935,11.25131869,48.178750114,0,1,#66c2a5,bicycle
8850,165854,"9,20062500711321E+018",9,7,61,0,2020,6,13,5,3,2,6,0,0,1,0,0,0,0,639115.2013,5359145.4167,10.878442321,48.370135722,0,2,#fc8d62,car
8851,165855,"9,20062700120123E+018",9,1,74,151,2020,6,17,7,3,0,1,0,1,0,0,0,0,0,679086.8205,5361213.1426,11.418606916,48.378647443,0,1,#66c2a5,bicycle
8852,165856,"9,20062700120122E+018",9,1,74,115,2020,6,19,7,3,0,3,0,1,0,0,1,0,0,681661477,5348098.6591,11.447696283,48.260032636,0,1,#66c2a5,bicycle
8853,165857,"9,20062700111323E+018",9,1,75,135,2020,6,20,7,2,0,7,0,1,0,0,0,0,0,707807.3041,5340089.9347,11.795650543,48.180031318,0,1,#66c2a5,bicycle
8854,165858,"9,20062700110921E+018",9,1,78,143,2020,6,12,7,3,0,6,0,0,1,0,1,0,0,717325.0366,5371871.3205,11.93990042,48.462400133,0,2,#fc8d62,car
8855,165859,"9,20062500710736E+018",9,7,61,0,2020,6,16,5,2,0,7,0,0,0,0,1,0,0,642485078,5360814456,10.924484407,48.384391127,0,4,#e78ac3,marker
8856,165861,"9,20062700853221E+018",9,1,84,122,2020,6,13,7,3,5,3,0,1,1,0,0,0,0,688967.9898,5323947.2751,11.535323124,48.040820851,0,1,#66c2a5,bicycle
8857,165862,"9,2006270011073E+018",9,1,78,124,2020,6,5,7,3,0,1,1,1,0,0,0,0,0,702538711,5364624539,11.73662061,48.402212683,0,1,#66c2a5,bicycle
8858,165863,"9,20062600858229E+018",9,1,84,146,2020,6,13,6,3,1,5,0,1,1,0,0,0,0,699084.3049,5327752641,11.672672149,48.071946949,0,1,#66c2a5,bicycle
8859,165864,"9,20062500710729E+018",9,7,61,0,2020,6,16,5,3,5,3,0,1,0,0,1,0,0,642833.7678,5362254.8594,10.92968104,48.397263608,0,1,#66c2a5,bicycle
8860,165865,"9,20062600858227E+018",9,1,62,0,2020,6,9,6,3,5,2,0,1,1,0,0,0,0,686213.8887,5334870.5042,11.503172221,48.139813072,0,1,#66c2a5,bicycle
8861,165866,"9,20062500710428E+018",9,7,61,0,2020,6,20,5,3,0,7,0,0,0,0,0,0,1,639887.5168,5358625.7941,10.888692019,48.365292715,0,6,#ffd92f,circle
8862,165867,"9,20062600858223E+018",9,1,62,0,2020,6,13,6,3,4,2,0,0,1,0,0,0,0,686200.6097,5335070.1237,11.503081175,48.141611212,0,2,#fc8d62,car
8863,165868,"9,20062600858222E+018",9,1,62,0,2020,6,18,6,3,5,3,0,1,1,0,0,0,0,690677.0167,5340476.9508,11.565619437,48.188881541,0,1,#66c2a5,bicycle
8864,165869,"9,20062500710123E+018",9,7,71,113,2020,6,6,5,2,7,7,0,0,0,0,1,0,0,654883.7806,5366713.4419,11.09401403,48.434503967,0,4,#e78ac3,marker
8865,165871,"9,20062600858222E+018",9,1,62,0,2020,6,15,6,3,5,3,0,0,0,0,1,0,1,693587676,5341746.4559,11.605320334,48.199410949,0,4,#e78ac3,marker
8866,165872,"9,20062500710119E+018",9,7,71,114,2020,6,18,5,2,5,3,0,0,1,0,1,0,0,644982.7232,5374968.1854,10.9630992,48.511081187,0,2,#fc8d62,car
8867,165873,"9,20062600858222E+018",9,1,62,0,2020,6,17,6,3,2,2,0,0,1,0,0,0,0,694958026,5341359069,11.623564742,48.195510086,0,2,#fc8d62,car
8868,165874,"9,20062600858222E+018",9,1,62,0,2020,6,23,6,3,0,1,2,1,0,0,0,0,0,689731.2728,5335493.5988,11.55068398,48.144374403,0,1,#66c2a5,bicycle
8869,165876,"9,20062700851219E+018",9,1,62,0,2020,6,22,7,3,4,6,2,1,0,0,0,0,0,691866.67,5335833.6599,11.579514785,48.146790412,0,1,#66c2a5,bicycle
8870,165877,"9,20062600858221E+018",9,1,62,0,2020,6,10,6,3,2,6,0,0,1,0,0,1,1,691394.4361,5334031.5901,11.572362776,48.130735864,0,2,#fc8d62,car
8871,165878,"9,20062600857124E+018",9,1,62,0,2020,6,7,6,3,4,2,0,1,0,0,0,0,0,694680.1433,5331150.3942,11.615160333,48.10384433,0,1,#66c2a5,bicycle
8872,165879,"9,20062600857124E+018",9,1,62,0,2020,6,21,6,2,0,7,2,1,0,0,0,0,0,687471.2859,5329427.6962,11.517665193,48.090522251,0,1,#66c2a5,bicycle
8873,165881,"9,20062600854722E+018",9,1,62,0,2020,6,23,6,3,5,3,2,1,1,0,0,0,0,691378763,5341335.65,11.575438752,48.196388312,1,1,#66c2a5,bicycle
8874,165882,"9,20062600854521E+018",9,1,62,0,2020,6,11,6,2,0,1,0,1,0,0,0,0,0,683076.4689,5335653.2982,11.461374877,48.14775979,0,1,#66c2a5,bicycle
8875,165884,"9,20062600854322E+018",9,1,62,0,2020,6,10,6,3,5,2,0,1,1,0,0,0,0,690700252,5338146.8335,11.564886203,48.167931756,0,1,#66c2a5,bicycle
8876,165885,"9,20062600854222E+018",9,1,62,0,2020,6,8,6,3,4,6,0,1,0,0,0,0,0,690344.0565,5335863.8817,11.559079077,48.147519454,0,1,#66c2a5,bicycle
8877,165886,"9,20062600852722E+018",9,1,84,131,2020,6,12,6,3,8,1,0,0,0,0,1,0,0,704599.8578,5338042.8131,11.751567431,48.162675648,0,4,#e78ac3,marker
8878,165887,"9,20062600852322E+018",9,1,62,0,2020,6,15,6,3,5,3,0,1,1,0,0,0,0,692448.2346,5330594.6056,11.584960051,48.099527078,0,1,#66c2a5,bicycle
8879,165888,"9,20062600852222E+018",9,1,62,0,2020,6,9,6,3,5,3,0,0,1,0,1,0,0,694521258,5335088.4715,11.614825181,48.139286811,0,2,#fc8d62,car
8880,165890,"9,20062600852222E+018",9,1,62,0,2020,6,18,6,3,5,3,0,1,1,0,0,0,0,695569.4031,5336785.2887,11.62967884,48.154215636,0,1,#66c2a5,bicycle
8881,165891,"9,20062600852121E+018",9,1,62,0,2020,6,18,6,2,0,6,0,0,1,0,1,0,0,691797.1703,5332935.6071,11.577276706,48.120764079,0,2,#fc8d62,car
8882,165893,"9,20062600851223E+018",9,1,62,0,2020,6,20,6,3,3,6,0,1,0,0,0,0,0,692594.3299,5335223.0167,11.589011126,48.141082215,0,1,#66c2a5,bicycle
8883,165894,"9,20062600851122E+018",9,1,62,0,2020,6,15,6,3,4,1,0,1,0,1,0,0,0,691553.0952,5335019.2299,11.574937037,48.139564924,0,1,#66c2a5,bicycle
8884,165895,"9,20062600851122E+018",9,1,62,0,2020,6,20,6,3,4,6,0,1,0,0,0,0,0,692379.7708,5334317.7544,11.585721042,48.133010808,0,1,#66c2a5,bicycle
8885,165898,"9,20062700854722E+018",9,1,62,0,2020,6,10,7,3,0,7,0,1,1,0,0,0,0,691935.4054,5340003.0881,11.582319566,48.184243602,0,1,#66c2a5,bicycle
8886,165902,"9,20062700858222E+018",9,1,62,0,2020,6,17,7,3,5,3,0,1,1,0,0,0,0,692673793,5334795.3811,11.589884748,48.137214669,0,1,#66c2a5,bicycle
8887,165903,"9,20062600740724E+018",9,7,77,139,2020,6,21,6,3,8,1,0,1,0,0,0,0,0,617341.8413,5307699.6569,10.570389047,47.91188006,0,1,#66c2a5,bicycle
8888,165907,"9,20062600712322E+018",9,7,72,184,2020,6,15,6,3,8,1,0,0,0,0,1,0,0,634601067,5360904663,10.818084767,48.386933869,0,4,#e78ac3,marker
8889,165908,"9,20062600712322E+018",9,7,72,147,2020,6,16,6,3,8,1,0,0,0,0,1,0,0,638490.8724,5365300.0903,10.872046879,48.42561437,0,4,#e78ac3,marker
8890,165909,"9,20062600711922E+018",9,7,72,163,2020,6,9,6,3,2,7,0,0,0,0,1,0,1,640375.3755,5348951.7298,10.892054258,48.278197533,0,4,#e78ac3,marker
8891,165912,"9,20062700852223E+018",9,1,62,0,2020,6,10,7,3,4,2,0,0,1,0,1,0,0,693905589,5335102.6335,11.60656448,48.139602004,0,2,#fc8d62,car
8892,165913,"9,20062600711321E+018",9,7,61,0,2020,6,14,6,3,0,1,0,0,0,0,1,0,0,638047.0271,5358319.0444,10.863755733,48.36293966,0,4,#e78ac3,marker
8893,165914,"9,20062700711923E+018",9,7,72,163,2020,6,15,7,3,5,7,0,1,0,0,0,0,0,640043.9741,5349437.5185,10.887750966,48.282639063,0,1,#66c2a5,bicycle
8894,165915,"9,20062600711321E+018",9,7,61,0,2020,6,14,6,3,5,3,0,0,1,0,0,0,0,638069448,5358229885,10.864029006,48.362133048,0,2,#fc8d62,car
8895,165916,"9,20062600710624E+018",9,7,61,0,2020,6,10,6,2,5,3,0,1,1,0,0,0,0,639450.1904,5357485.4877,10.882412831,48.35513612,0,1,#66c2a5,bicycle
8896,165917,"9,20062700711322E+018",9,7,61,0,2020,6,16,7,3,6,4,0,0,1,1,0,0,0,638309.4109,5358461.7089,10.867343096,48.364165043,0,2,#fc8d62,car
8897,165918,"9,20062600710422E+018",9,7,61,0,2020,6,14,6,3,5,3,0,1,0,0,0,0,0,640944.0212,5358294.1871,10.902837163,48.362076006,0,1,#66c2a5,bicycle
8898,165920,"9,20062600710421E+018",9,7,61,0,2020,6,19,6,3,3,2,0,1,1,0,0,0,0,640524.7825,5358044827,10.897097107,48.359927299,0,1,#66c2a5,bicycle
8899,165925,"9,2006270075013E+018",9,7,78,203,2020,6,16,7,2,3,6,0,1,0,0,0,0,0,622188.9031,5324316.6681,10.639959091,48.060420414,0,1,#66c2a5,bicycle
8900,165927,"9,20062700711121E+018",9,7,61,0,2020,6,5,7,3,0,7,1,1,0,0,0,0,0,638193.5775,5361651.3164,10.866828756,48.392870767,0,1,#66c2a5,bicycle
8901,165939,"9,20062700710729E+018",9,7,61,0,2020,6,17,7,3,0,7,0,1,0,0,0,0,0,640919946,5362104.1419,10.903789718,48.396339053,0,1,#66c2a5,bicycle
8902,165944,"9,20062700858223E+018",9,1,62,0,2020,6,16,7,3,5,3,0,1,1,0,0,0,0,692696024,5341996.5613,11.593446726,48.201930019,0,1,#66c2a5,bicycle
8903,165956,"9,20062700857121E+018",9,1,62,0,2020,6,17,7,3,6,4,0,0,1,1,0,0,0,679685.0116,5336467.3466,11.416164507,48.156044277,0,2,#fc8d62,car
8904,165958,"9,20062700710628E+018",9,7,61,0,2020,6,1,7,3,0,1,2,1,0,0,0,0,0,641455.9069,5358196.4651,10.909711116,48.361082838,0,1,#66c2a5,bicycle
8905,165960,"9,20062700710621E+018",9,7,61,0,2020,6,15,7,2,3,1,0,1,0,0,0,0,0,642499735,5353330568,10.922148887,48.317095987,0,1,#66c2a5,bicycle
8906,165968,"9,20062700854223E+018",9,1,62,0,2020,6,0,7,2,0,7,2,1,0,0,0,0,0,688832.0022,5338145.4247,11.539783674,48.168476818,0,1,#66c2a5,bicycle
8907,165979,"9,20062700710621E+018",9,7,61,0,2020,6,4,7,3,0,1,2,0,0,0,0,0,1,641094.0985,5358488.4626,10.904927301,48.363789337,0,6,#ffd92f,circle
8908,165982,"9,20062700851523E+018",9,1,62,0,2020,6,15,7,3,5,2,0,1,1,0,0,0,0,689122.3746,5333100.6477,11.541444252,48.123047588,0,1,#66c2a5,bicycle
8909,165997,"9,20062600161923E+018",9,1,73,147,2020,6,21,6,3,5,3,1,1,0,0,0,0,0,682168795,5309308166,11.437981488,47.911205338,0,1,#66c2a5,bicycle
8910,165998,"9,20062600161922E+018",9,1,73,137,2020,6,18,6,3,0,1,0,1,0,0,0,0,0,676655.9906,5304902.1711,11.362465854,47.873138938,0,1,#66c2a5,bicycle
8911,166001,"9,20062700710421E+018",9,7,61,0,2020,6,16,7,3,2,2,0,0,1,1,0,0,0,640277.1219,5358596.3639,10.893939475,48.364941627,0,2,#fc8d62,car
8912,166006,"9,20062700854747E+018",9,1,62,0,2020,6,13,7,3,3,6,0,1,0,0,0,0,0,688257.3325,5342294.4192,11.533900983,48.205938809,0,1,#66c2a5,bicycle
8913,166009,"9,20062700858222E+018",9,1,62,0,2020,6,23,7,3,0,7,2,1,0,0,0,0,0,686992666,5343371.0352,11.517370513,48.215989383,0,1,#66c2a5,bicycle
8914,166014,"9,20062600141321E+018",9,1,63,0,2020,6,12,6,3,0,1,0,1,0,0,0,0,0,734448.9992,5305078.6331,12.134393603,47.856234547,0,1,#66c2a5,bicycle
8915,166015,"9,20062600141321E+018",9,1,63,0,2020,6,8,6,3,0,7,0,1,0,0,0,0,0,735027.2475,5304885.7739,12.142007532,47.854290736,0,1,#66c2a5,bicycle
8916,166018,"9,20062700852422E+018",9,1,62,0,2020,6,10,7,2,5,2,0,1,0,0,0,0,0,696854.4149,5330455.4303,11.644014971,48.096930302,0,1,#66c2a5,bicycle
8917,166020,"9,20062600140723E+018",9,1,82,120,2020,6,19,6,3,0,1,0,1,0,0,0,0,0,701909.5003,5306123.8929,11.700394785,47.8766773,0,1,#66c2a5,bicycle
8918,166023,"9,20062600140123E+018",9,1,87,122,2020,6,20,6,3,0,1,0,1,0,0,0,0,0,719345.4908,5308302.5941,11.934391447,47.890536228,0,1,#66c2a5,bicycle
8919,166025,"9,20062600131323E+018",9,1,86,143,2020,6,17,6,3,5,3,0,0,1,0,0,0,0,683237235,5376921.6727,11.481478829,48.518645075,0,2,#fc8d62,car
8920,166028,"9,20062600121922E+018",9,1,88,139,2020,6,15,6,3,0,1,0,1,0,0,0,0,0,674683.1936,5320025.9303,11.342242895,48.009637715,0,1,#66c2a5,bicycle
8921,166031,"9,20062600121921E+018",9,1,88,141,2020,6,7,6,3,0,3,0,1,1,0,0,0,0,670005.5002,5308934.8229,11.275189355,47.911188505,0,1,#66c2a5,bicycle
8922,166032,"9,20062600121723E+018",9,1,79,142,2020,6,16,6,2,0,7,0,1,0,0,0,0,0,671726.9104,5341397.4582,11.311239252,48.202562847,0,1,#66c2a5,bicycle
8923,166033,"9,20062600120922E+018",9,1,79,118,2020,6,18,6,3,0,1,0,1,0,0,0,0,0,672305.2676,5338232.22,11.317732614,48.173952182,0,1,#66c2a5,bicycle
8924,166035,"9,20062600120122E+018",9,1,74,115,2020,6,16,6,3,0,1,0,1,0,0,0,0,0,682028.3132,5346491.7747,11.451943263,48.245483813,0,1,#66c2a5,bicycle
8925,166036,"9,20062600115024E+018",9,1,78,145,2020,6,14,6,3,0,1,0,0,1,0,0,0,1,697556.7823,5354276.4874,11.664526444,48.31079678,0,2,#fc8d62,car
8926,166038,"9,20062600110521E+018",9,1,77,117,2020,6,7,6,3,5,3,0,0,1,0,0,0,0,714679.1033,5355032.1933,11.895552212,48.312008167,0,2,#fc8d62,car
8927,166039,"9,20062500858224E+018",9,1,62,0,2020,6,18,5,3,3,6,0,1,0,0,0,0,0,691733.2246,5335131.9694,11.577406627,48.140523959,0,1,#66c2a5,bicycle
8928,166040,"9,20062500858223E+018",9,1,62,0,2020,6,19,5,3,0,7,0,1,0,0,0,0,0,686353936,5336588782,11.505805114,48.155216542,0,1,#66c2a5,bicycle
8929,166042,"9,20062700740724E+018",9,7,62,0,2020,6,16,7,2,1,6,0,0,1,0,0,0,0,623221.8689,5307769.8559,10.64906876,47.911408515,0,2,#fc8d62,car
8930,166043,"9,20062500858223E+018",9,1,62,0,2020,6,15,5,3,0,1,0,1,0,0,0,0,0,689224.6796,5333429231,11.542963502,48.125970537,0,1,#66c2a5,bicycle
8931,166044,"9,20062500858222E+018",9,1,62,0,2020,6,13,5,3,2,6,0,1,0,0,0,0,0,688684.31,5336279505,11.536971654,48.151749597,0,1,#66c2a5,bicycle
8932,166045,"9,20062500858222E+018",9,1,62,0,2020,6,11,5,2,0,1,0,1,0,0,0,0,0,692357.7008,5337798.3116,11.586997495,48.164299952,0,1,#66c2a5,bicycle
8933,166047,"9,20062500858222E+018",9,1,62,0,2020,6,5,5,3,5,3,0,0,1,0,0,0,0,688885.0882,5342684826,11.542515601,48.209261315,0,2,#fc8d62,car
8934,166048,"9,20062500857124E+018",9,1,62,0,2020,6,16,5,3,5,3,0,1,0,0,0,0,0,693933.5779,5333006.2232,11.605986206,48.120751647,0,1,#66c2a5,bicycle
8935,166049,"9,20062500210929E+018",9,2,74,113,2020,6,14,5,3,4,3,0,0,1,0,0,0,0,728715.4107,5382266.3371,12.099451786,48.551744346,0,2,#fc8d62,car
8936,166050,"9,20062500857123E+018",9,1,62,0,2020,6,10,5,2,5,3,0,1,1,0,0,0,0,696845.8627,5329273.0885,11.643355198,48.086306699,0,1,#66c2a5,bicycle
8937,166051,"9,20062500857122E+018",9,1,62,0,2020,6,9,5,3,4,2,0,1,1,0,0,0,0,686758358,5336989688,11.511413723,48.158701365,0,1,#66c2a5,bicycle
8938,166052,"9,20062500857122E+018",9,1,62,0,2020,6,1,5,2,1,5,2,1,1,0,0,0,0,688404.0806,5339516.3044,11.534641596,48.180925398,0,1,#66c2a5,bicycle
8939,166053,"9,20062500857122E+018",9,1,62,0,2020,6,9,5,3,5,7,0,0,1,0,0,0,0,692424.9428,5335467712,11.586847065,48.143332732,0,2,#fc8d62,car
8940,166054,"9,20062500210918E+018",9,2,61,0,2020,6,16,5,3,0,6,0,0,1,0,1,0,0,732532.5322,5380378.4818,12.150045418,48.533382971,0,2,#fc8d62,car
8941,166056,"9,20062700857122E+018",9,1,62,0,2020,6,10,7,2,6,7,0,0,0,1,0,1,0,696786.9583,5330220.1873,11.643001505,48.0948369,0,3,#8da0cb,toilet
8942,166057,"9,20062500857121E+018",9,1,62,0,2020,6,18,5,3,3,2,0,1,0,0,0,0,1,693634.3423,5335142.3455,11.602940223,48.140041522,0,1,#66c2a5,bicycle
8943,166058,"9,20062500857121E+018",9,1,62,0,2020,6,7,5,3,0,1,0,1,1,0,0,0,0,693364.3345,5333153.8075,11.598412095,48.122251219,0,1,#66c2a5,bicycle
8944,166059,"9,20062700710419E+018",9,7,61,0,2020,6,22,7,3,0,3,2,1,1,0,0,0,0,640373.4013,5358651.3182,10.895256983,48.365414356,0,1,#66c2a5,bicycle
8945,166060,"9,20062500855123E+018",9,1,62,0,2020,6,9,5,3,0,1,0,1,1,0,0,0,0,690358.3825,5333894.9995,11.558391516,48.129818881,0,1,#66c2a5,bicycle
8946,166062,"9,20062500854522E+018",9,1,62,0,2020,6,21,5,3,5,3,2,1,1,0,0,0,0,682914.7056,5338614.2217,11.460475312,48.174420979,0,1,#66c2a5,bicycle
8947,166063,"9,20062500854521E+018",9,1,62,0,2020,6,17,5,3,0,1,0,1,0,0,0,0,0,679401.4655,5336073.7015,11.41218931,48.152585871,0,1,#66c2a5,bicycle
8948,166064,"9,20062500854421E+018",9,1,62,0,2020,6,13,5,3,3,6,0,1,0,0,0,0,1,683268702,5340620.7888,11.466098055,48.192355139,0,1,#66c2a5,bicycle
8949,166066,"9,20062700852223E+018",9,1,62,0,2020,6,21,7,3,0,1,2,1,0,0,0,0,0,694898.1244,5338372.1502,11.621389495,48.168683633,0,1,#66c2a5,bicycle
8950,166068,"9,20062900121522E+018",9,1,81,130,2020,6,16,2,3,5,3,0,1,1,0,0,0,0,638413.9457,5325911.4757,10.858128186,48.07144781,0,1,#66c2a5,bicycle
8951,166073,"9,20062900710623E+018",9,7,61,0,2020,6,7,2,2,0,4,0,0,0,1,0,0,1,641344.7112,5358269.8291,10.908235443,48.361767404,1,3,#8da0cb,toilet
8952,166075,"9,20062900120922E+018",9,1,79,145,2020,6,16,2,3,5,2,0,0,1,0,0,0,0,674821.3041,5337928.1286,11.351422202,48.170531468,1,2,#fc8d62,car
8953,166076,"9,20062900120722E+018",9,1,88,120,2020,6,16,2,3,7,7,0,1,0,0,0,0,1,675980167,5326683.0361,11.362354013,48.069125848,0,1,#66c2a5,bicycle
8954,166078,"9,20062900120529E+018",9,1,79,121,2020,6,7,2,3,0,1,0,1,0,0,0,0,0,668283.6314,5338020.4823,11.263596822,48.173126362,1,1,#66c2a5,bicycle
8955,166079,"9,20063000120922E+018",9,1,79,123,2020,6,17,3,3,0,7,0,1,0,0,0,0,0,676503.1153,5332073.8451,11.371596407,48.117441123,0,1,#66c2a5,bicycle
8956,166081,"9,20070100120927E+018",9,1,79,123,2020,7,13,4,3,0,7,0,1,0,0,0,1,0,676394.5179,5333297.4787,11.370644884,48.128470806,0,1,#66c2a5,bicycle
8957,166083,"9,20063000711122E+018",9,7,61,0,2020,6,10,3,3,5,3,0,1,1,0,0,0,0,639064.2443,5359963.8246,10.878025347,48.37750588,0,1,#66c2a5,bicycle
8958,166086,"9,20062800858223E+018",9,1,62,0,2020,6,17,1,3,4,2,0,1,1,0,0,0,0,686730.3727,5328058379,11.507126346,48.078431729,0,1,#66c2a5,bicycle
8959,166088,"9,20062800858223E+018",9,1,62,0,2020,6,14,1,3,0,1,0,1,0,0,0,0,0,685692.3391,5338936.5577,11.497942869,48.176512741,0,1,#66c2a5,bicycle
8960,166089,"9,20062900858222E+018",9,1,62,0,2020,6,12,2,3,3,2,0,1,1,0,0,0,0,690086.6712,5335904.9708,11.555640583,48.147965726,1,1,#66c2a5,bicycle
8961,166091,"9,20063000858224E+018",9,1,62,0,2020,6,18,3,3,5,3,0,1,1,0,0,0,0,692198.1599,5337006.4554,11.584496353,48.157231182,0,1,#66c2a5,bicycle
8962,166093,"9,20062800858223E+018",9,1,62,0,2020,6,19,1,2,4,6,0,1,1,0,0,0,0,691523.5875,5332864.6,11.573572384,48.120208224,0,1,#66c2a5,bicycle
8963,166097,"9,20062800858223E+018",9,1,84,123,2020,6,17,1,2,0,7,0,1,0,0,0,0,0,702127.9242,5332625.0613,11.715791537,48.114777818,0,1,#66c2a5,bicycle
8964,166098,"9,20062800858222E+018",9,1,84,145,2020,6,16,1,2,0,1,0,1,0,0,0,0,0,695724.6082,5324630.1518,11.626189727,48.044923008,0,1,#66c2a5,bicycle
8965,166101,"9,20062800854522E+018",9,1,62,0,2020,6,0,1,3,4,2,2,0,1,0,1,0,0,680300.6179,5335016.2556,11.423820028,48.142826338,0,2,#fc8d62,car
8966,166102,"9,20062900857122E+018",9,1,62,0,2020,6,17,2,3,5,7,0,0,1,0,1,0,0,685011.9952,5333753745,11.48654664,48.130125697,0,2,#fc8d62,car
8967,166104,"9,20063000858223E+018",9,1,62,0,2020,6,17,3,2,0,7,0,1,0,1,0,0,0,692624.7368,5332201.3363,11.588053708,48.113914773,0,1,#66c2a5,bicycle
8968,166106,"9,20062800851322E+018",9,1,62,0,2020,6,9,1,3,3,6,0,1,0,0,0,0,0,692412.8875,5337785.8284,11.587733262,48.164171057,0,1,#66c2a5,bicycle
8969,166110,"9,20070100210931E+018",9,2,61,0,2020,7,8,4,3,2,6,0,0,1,0,0,0,0,731473.0947,5382878.4842,12.137104978,48.556231657,0,2,#fc8d62,car
8970,166111,"9,20062900715029E+018",9,7,61,0,2020,6,18,2,3,5,3,0,1,1,0,0,0,0,640075452,5358138.3855,10.891065695,48.360868402,1,1,#66c2a5,bicycle
8971,166112,"9,20063000852819E+018",9,1,84,127,2020,6,17,3,2,6,4,0,1,0,1,0,0,0,702797.33,5321763.6041,11.719624231,48.016953999,0,1,#66c2a5,bicycle
8972,166115,"9,20063000857122E+018",9,1,62,0,2020,6,9,3,3,1,5,0,1,1,0,0,0,0,691337.1537,5334992.3454,11.572025218,48.139388259,0,1,#66c2a5,bicycle
8973,166122,"9,20062900710618E+018",9,7,61,0,2020,6,11,2,3,5,3,0,0,1,0,0,0,0,639266715,5356330.5832,10.879555454,48.344791954,0,2,#fc8d62,car
8974,166127,"9,20062800712723E+018",9,7,72,148,2020,6,14,1,3,0,1,0,1,0,0,0,0,0,627786.6469,5354098.0227,10.724018499,48.327142297,0,1,#66c2a5,bicycle
8975,166128,"9,20063000120524E+018",9,1,79,119,2020,6,19,3,3,0,1,1,1,0,0,0,0,0,669193.7897,5339872.1563,11.276566763,48.189530875,0,1,#66c2a5,bicycle
8976,166140,"9,20062900858219E+018",9,1,62,0,2020,6,10,2,3,2,6,0,0,1,0,0,0,0,700402.4566,5333014.0308,11.692817606,48.118818788,1,2,#fc8d62,car
8977,166142,"9,20063000858224E+018",9,1,62,0,2020,6,12,3,3,3,6,0,1,1,0,0,0,0,691117666,5334214414,11.56872884,48.132462235,0,1,#66c2a5,bicycle
8978,166144,"9,20070100120325E+018",9,1,81,115,2020,7,12,4,3,0,7,0,1,1,0,0,0,0,657500203,5327617768,11.114809279,48.082361336,0,1,#66c2a5,bicycle