fid,OBJECTID,UIDENTSTLA,ULAND,UREGBEZ,UKREIS,UGEMEINDE,UJAHR,UMONAT,USTUNDE,UWOCHENTAG,UKATEGORIE,UART,UTYP1,ULICHTVERH,IstRad,IstPKW,IstFuss,IstKrad,IstGkfz,IstSonstig,LINREFX,LINREFY,XGCSWGS84,YGCSWGS84,STRZUSTAND,Teilnehmer,color,symbol
8979,166146,"9,20063000710423E+018",9,7,61,0,2020,6,9,3,3,1,5,0,1,1,0,0,0,0,639955.1725,5359161.0383,10.889783072,48.370090478,0,1,#66c2a5,bicycle
8980,166151,"9,20062900852522E+018",9,1,62,0,2020,6,7,2,3,4,6,0,0,1,0,0,0,0,696800426,5332487828,11.64422804,48.115213011,1,2,#fc8d62,car
8981,166152,"9,20063000857123E+018",9,1,62,0,2020,6,10,3,2,4,2,0,1,1,0,0,0,0,691855.3941,5337060.6837,11.579916472,48.15782208,0,1,#66c2a5,bicycle
8982,166159,"9,20063000215029E+018",9,2,61,0,2020,6,17,3,3,3,2,0,1,1,0,0,0,0,731500.1664,5381759.9944,12.136849592,48.546174472,0,1,#66c2a5,bicycle
8983,166163,"9,20063000854324E+018",9,1,62,0,2020,6,6,3,3,5,3,0,1,1,0,0,0,0,689809.2755,5343176.4006,11.555162891,48.213403858,0,1,#66c2a5,bicycle
8984,166177,"9,20062900710728E+018",9,7,61,0,2020,6,18,2,3,1,5,1,1,1,0,0,0,0,641276.2158,5362189.7196,10.908628843,48.397028808,1,1,#66c2a5,bicycle
8985,166178,"9,20063000851228E+018",9,1,62,0,2020,6,18,3,3,0,7,0,1,0,0,0,0,0,691022.1384,5336429.4562,11.568439872,48.152399526,0,1,#66c2a5,bicycle
8986,166183,"9,20063000121522E+018",9,1,81,130,2020,6,16,3,2,5,3,0,1,1,0,0,0,0,639049.3653,5324489.5846,10.866191241,48.058523504,0,1,#66c2a5,bicycle
8987,166185,"9,20070100121525E+018",9,1,81,130,2020,7,10,4,3,5,3,0,0,1,0,1,0,0,639019.2167,5322368601,10.865097825,48.039457477,0,2,#fc8d62,car
8988,166188,"9,20063000712129E+018",9,7,71,111,2020,6,12,3,1,8,1,0,0,1,0,0,0,0,659757.6942,5359340.1575,11.157055242,48.366999335,0,2,#fc8d62,car
8989,166194,"9,20062900858223E+018",9,1,62,0,2020,6,15,2,3,0,7,0,1,0,0,0,0,0,694697.1468,5333853.5445,11.61662263,48.128134011,1,1,#66c2a5,bicycle
8990,166196,"9,20063000858229E+018",9,1,62,0,2020,6,11,3,3,5,3,0,1,1,0,0,0,0,692730.1645,5330082.7816,11.588511843,48.094841674,0,1,#66c2a5,bicycle
8991,166206,"9,20063000857122E+018",9,1,62,0,2020,6,14,3,3,4,6,0,1,1,0,0,0,0,691521.4105,5336042.7704,11.574971954,48.148773906,0,1,#66c2a5,bicycle
8992,166209,"9,20062900857123E+018",9,1,62,0,2020,6,9,2,3,6,4,0,0,1,1,0,0,0,689101.2469,5332965.6471,11.54110074,48.12184046,1,2,#fc8d62,car
8993,166211,"9,20063000858223E+018",9,1,84,123,2020,6,23,3,3,8,7,2,0,1,0,0,0,0,705172.0399,5333355.2199,11.756994863,48.120366081,0,2,#fc8d62,car
8994,166215,"9,20062900161923E+018",9,1,73,147,2020,6,14,2,3,8,1,0,1,0,0,0,0,0,682216.4915,5308213.3647,11.438156708,47.901350426,0,1,#66c2a5,bicycle
8995,166217,"9,20070100210936E+018",9,2,61,0,2020,7,11,4,2,6,4,0,0,1,1,0,0,0,732672.4735,5380803808,12.152175577,48.5371517,0,2,#fc8d62,car
8996,166219,"9,20062900740719E+018",9,7,77,158,2020,6,17,2,3,0,1,0,0,0,0,1,0,0,620383.1189,5308256.9218,10.611229731,47.916328255,0,4,#e78ac3,marker
8997,166220,"9,20063000854222E+018",9,1,62,0,2020,6,16,3,3,4,3,0,1,0,0,0,0,0,690225.7334,5337420.8235,11.558185901,48.161548591,0,1,#66c2a5,bicycle
8998,166229,"9,20062900710622E+018",9,7,61,0,2020,6,0,2,3,2,1,2,0,1,0,0,0,0,641014.7137,5357042.8034,10.903371688,48.350808209,1,2,#fc8d62,car
8999,166231,"9,2006280021093E+018",9,2,61,0,2020,6,10,1,3,5,3,0,1,1,0,0,0,0,730851.2442,5382245.4201,12.128339334,48.550774099,0,1,#66c2a5,bicycle
9000,166232,"9,20062800210929E+018",9,2,61,0,2020,6,14,1,3,0,1,0,0,0,0,1,0,0,732330.7533,5380949007,12.147634278,48.538582575,0,4,#e78ac3,marker
9001,166234,"9,20062800210923E+018",9,2,74,124,2020,6,10,1,3,0,1,0,1,0,0,0,0,0,724058.1199,5376208.9657,12.033177141,48.499007409,0,1,#66c2a5,bicycle
9002,166235,"9,20063000120922E+018",9,1,88,121,2020,6,14,3,3,0,7,0,1,0,0,0,0,0,671279973,5329954967,11.300624119,48.099819325,0,1,#66c2a5,bicycle
9003,166237,"9,20070100120527E+018",9,1,79,138,2020,7,13,4,3,4,6,0,1,0,0,0,0,1,653264.4474,5335117.4045,11.060668718,48.15082435,0,1,#66c2a5,bicycle
9004,166240,"9,20062800210919E+018",9,2,74,113,2020,6,11,1,3,5,2,0,0,1,0,1,0,0,728808.2585,5383849.1392,12.101578038,48.565928983,0,2,#fc8d62,car
9005,166241,"9,20063000131323E+018",9,1,86,151,2020,6,15,3,2,4,2,0,0,1,0,1,0,0,681164.1728,5373681.9609,11.452025591,48.490127616,0,2,#fc8d62,car
9006,166248,"9,20062800161923E+018",9,1,73,147,2020,6,17,1,3,3,6,0,1,0,0,0,0,0,681081.7073,5309543.1286,11.423545078,47.913625321,0,1,#66c2a5,bicycle
9007,166249,"9,20062900858222E+018",9,1,62,0,2020,6,9,2,3,0,7,0,1,0,0,0,0,0,691101617,5335530799,11.569103985,48.144298612,1,1,#66c2a5,bicycle
9008,166251,"9,20063000858224E+018",9,1,62,0,2020,6,13,3,3,4,2,0,1,1,0,0,0,0,691066.0777,5334366.4028,11.568104348,48.133843788,0,1,#66c2a5,bicycle
9009,166253,"9,20062800161922E+018",9,1,73,120,2020,6,13,1,3,0,7,0,0,0,0,1,0,0,689166.6244,5312752.5242,11.533053318,47.940139335,0,4,#e78ac3,marker
9010,166254,"9,20063000710622E+018",9,7,61,0,2020,6,16,3,3,5,2,0,1,0,0,0,0,0,641791.7765,5358079.6398,10.91420349,48.359957048,0,1,#66c2a5,bicycle
9011,166259,"9,20062900854419E+018",9,1,62,0,2020,6,18,2,3,0,1,0,1,0,0,0,0,0,687300.4046,5339030.7185,11.519594532,48.17688716,0,1,#66c2a5,bicycle
9012,166261,"9,20063000858223E+018",9,1,62,0,2020,6,15,3,3,3,2,0,1,1,0,0,0,0,691930.8545,5332200.4846,11.578740319,48.114116605,0,1,#66c2a5,bicycle
9013,166265,"9,20063000160923E+018",9,1,73,126,2020,6,19,3,3,2,6,0,0,1,0,1,0,0,686965797,5302699.1834,11.499256985,47.850418174,0,2,#fc8d62,car
9014,166266,"9,20062900141322E+018",9,1,63,0,2020,6,16,2,3,0,7,0,1,0,0,0,0,0,733938.4739,5305446.2517,12.127777649,47.859723253,1,1,#66c2a5,bicycle
9015,166268,"9,20070100210925E+018",9,2,61,0,2020,7,18,4,3,0,1,0,1,0,0,0,0,0,731967.8546,5379391.5232,12.141858865,48.524726235,0,1,#66c2a5,bicycle
9016,166269,"9,20062900711322E+018",9,7,61,0,2020,6,15,2,2,0,7,0,1,0,0,0,0,0,638507.6571,5358298.1797,10.869964333,48.362651151,0,1,#66c2a5,bicycle
9017,166271,"9,20062900140119E+018",9,1,87,117,2020,6,11,2,3,2,6,0,0,1,0,0,0,1,724476.2735,5306070.1715,12.001774432,47.868704258,1,2,#fc8d62,car
9018,166274,"9,20063000854424E+018",9,1,62,0,2020,6,6,3,2,5,3,0,0,1,0,0,0,1,688020.2054,5339139.2065,11.529315627,48.177649704,0,2,#fc8d62,car
9019,166277,"9,20063000141323E+018",9,1,63,0,2020,6,10,3,2,5,2,0,1,1,0,0,0,1,733941.01,5305410.5297,12.127792182,47.859401403,0,1,#66c2a5,bicycle
9020,166280,"9,20070100141325E+018",9,1,63,0,2020,7,8,4,2,0,7,0,1,0,0,0,0,0,733849.5735,5305258.5522,12.126489388,47.858069316,0,1,#66c2a5,bicycle
9021,166285,"9,20063000852323E+018",9,1,62,0,2020,6,11,3,3,5,3,0,1,1,0,0,0,0,693852.9117,5331581.0259,11.604255611,48.107966964,0,1,#66c2a5,bicycle
9022,166290,"9,20063000121522E+018",9,1,81,130,2020,6,16,3,2,0,1,0,1,0,0,0,0,0,639463.2995,5324480.4371,10.87174063,48.058350901,0,1,#66c2a5,bicycle
9023,166292,"9,20070100121727E+018",9,1,79,134,2020,7,12,4,2,1,5,0,1,1,0,0,0,0,672545.4186,5344219.4055,11.323394067,48.227708669,0,1,#66c2a5,bicycle
9024,166295,"9,2006280012173E+018",9,1,79,126,2020,6,0,1,3,3,2,2,1,1,0,0,0,0,675912168,5340645.2416,11.367206802,48.194655206,0,1,#66c2a5,bicycle
9025,166297,"9,20062800121521E+018",9,1,81,132,2020,6,19,1,2,9,1,0,0,1,0,0,0,0,644237.3471,5325930163,10.936264994,48.070325386,1,2,#fc8d62,car
9026,166298,"9,20062900857124E+018",9,1,62,0,2020,6,18,2,3,5,2,0,0,1,0,0,0,0,689086.5502,5333262.8432,11.54103528,48.124516064,0,2,#fc8d62,car
9027,166300,"9,20062800121322E+018",9,1,88,126,2020,6,12,1,3,0,3,0,1,0,0,0,0,0,659169.7164,5324423.9973,11.136021286,48.05323209,0,1,#66c2a5,bicycle
9028,166301,"9,20063000110519E+018",9,1,77,117,2020,6,8,3,3,6,4,0,0,1,1,0,0,0,715061074,5353963224,11.900152609,48.302273551,0,2,#fc8d62,car
9029,166303,"9,20070100120125E+018",9,1,74,115,2020,7,14,4,3,0,1,0,1,0,0,0,0,0,682186.6109,5346149.2145,11.453926145,48.242359224,0,1,#66c2a5,bicycle
9030,166306,"9,20062800121318E+018",9,1,88,145,2020,6,9,1,2,0,1,0,1,0,0,0,0,0,662118.1912,5326552.7805,11.176366833,48.071628923,0,1,#66c2a5,bicycle
9031,166309,"9,20062800120122E+018",9,1,74,113,2020,6,10,1,3,0,1,0,0,0,0,1,0,0,674142.0813,5345477169,11.345392098,48.238578731,1,4,#e78ac3,marker
9032,166310,"9,20062900851323E+018",9,1,62,0,2020,6,18,2,3,5,3,0,1,1,0,0,0,0,691198.2394,5337708.0462,11.571379792,48.163838413,0,1,#66c2a5,bicycle
9033,166311,"9,20063000857122E+018",9,1,62,0,2020,6,10,3,1,5,3,0,1,1,0,0,0,0,690359.2715,5343212.6885,11.562575402,48.213565285,0,1,#66c2a5,bicycle
9034,166313,"9,20063000858224E+018",9,1,62,0,2020,6,9,3,3,5,7,0,1,1,0,0,0,0,686785.6634,5329837.6064,11.508646037,48.094407979,0,1,#66c2a5,bicycle
9035,166315,"9,20062700858224E+018",9,1,62,0,2020,6,0,7,2,1,7,2,1,1,0,0,0,0,690708.7589,5337095745,11.564529235,48.15848212,0,1,#66c2a5,bicycle
9036,166317,"9,20062900121922E+018",9,1,88,137,2020,6,18,2,3,4,6,0,1,1,0,1,0,1,670925.17,5317200135,11.290770145,47.985249882,0,1,#66c2a5,bicycle
9037,166318,"9,2007010021503E+018",9,2,61,0,2020,7,18,4,3,0,7,0,1,0,0,0,0,0,724680.0914,5378306.4701,12.042713627,48.51762869,0,1,#66c2a5,bicycle
9038,166321,"9,20063000854223E+018",9,1,62,0,2020,6,8,3,3,5,2,0,1,1,0,0,0,0,687474834,5335657.7055,11.52045206,48.146518367,0,1,#66c2a5,bicycle
9039,166324,"9,20062700858224E+018",9,1,62,0,2020,6,3,7,3,0,1,2,1,0,0,0,0,0,690247627,5333905.2482,11.55690909,48.129944109,1,1,#66c2a5,bicycle
9040,166325,"9,20063000140723E+018",9,1,82,120,2020,6,17,3,2,4,2,0,1,1,0,0,0,0,702761.2683,5310476.5734,11.713818282,47.915527583,0,1,#66c2a5,bicycle
9041,166328,"9,20070300858229E+018",9,1,62,0,2020,7,18,6,3,0,7,0,0,0,0,0,0,1,691954.7006,5334525.1708,11.580107266,48.135003377,0,6,#ffd92f,circle
9042,166334,"9,20070300858226E+018",9,1,62,0,2020,7,11,6,3,1,5,0,1,1,0,0,0,0,690628.8673,5337406.5609,11.563595294,48.161299663,0,1,#66c2a5,bicycle
9043,166336,"9,20070300858226E+018",9,1,62,0,2020,7,9,6,3,0,1,0,0,0,0,0,0,1,688634.2164,5334959.2085,11.535713824,48.139897453,0,6,#ffd92f,circle
9044,166338,"9,20070300858225E+018",9,1,62,0,2020,7,20,6,3,5,2,0,1,0,0,0,0,1,686197.8812,5335685519,11.503313652,48.147143407,0,1,#66c2a5,bicycle
9045,166346,"9,20070300858224E+018",9,1,62,0,2020,7,22,6,3,0,1,2,1,0,0,0,0,0,692558.3769,5334912.6755,11.588388015,48.138303819,0,1,#66c2a5,bicycle
9046,166348,"9,20070300857126E+018",9,1,62,0,2020,7,10,6,3,5,3,0,1,1,0,0,0,0,696985.5346,5331656.7341,11.646328625,48.107686408,0,1,#66c2a5,bicycle
9047,166350,"9,20070300141326E+018",9,1,63,0,2020,7,18,6,3,5,3,0,1,1,0,0,0,0,731000.8778,5303461.3774,12.087501397,47.842953137,0,1,#66c2a5,bicycle
9048,166351,"9,20070300141326E+018",9,1,63,0,2020,7,16,6,3,0,1,0,1,0,0,0,0,1,731382.4806,5304103.4873,12.092937403,47.848584847,0,1,#66c2a5,bicycle
9049,166352,"9,2007040021093E+018",9,2,61,0,2020,7,11,7,3,0,1,0,1,0,0,0,0,0,730975.0842,5382548.8014,12.130183181,48.553453753,0,1,#66c2a5,bicycle
9050,166353,"9,20070300854227E+018",9,1,62,0,2020,7,14,6,3,5,2,0,1,1,0,0,0,0,686795.4498,5336640.2408,11.5117586,48.155549539,0,1,#66c2a5,bicycle
9051,166354,"9,20070300140128E+018",9,1,87,179,2020,7,18,6,3,5,3,0,1,0,0,1,0,0,720640.7166,5316027.2905,11.955650187,47.959501345,0,1,#66c2a5,bicycle
9052,166355,"9,20070400140128E+018",9,1,87,122,2020,7,14,7,3,4,6,0,1,0,0,0,0,0,720012.6129,5304245.8618,11.941238812,47.85385611,0,1,#66c2a5,bicycle
9053,166357,"9,20070300854226E+018",9,1,62,0,2020,7,12,6,3,5,3,0,0,1,0,1,0,0,690065.0309,5337123.1613,11.555893992,48.158921271,0,2,#fc8d62,car
9054,166359,"9,20070300853126E+018",9,1,84,134,2020,7,15,6,3,4,6,0,1,0,0,0,0,0,691599159,5324568898,11.570866302,48.045623917,0,1,#66c2a5,bicycle
9055,166360,"9,20070300131327E+018",9,1,86,143,2020,7,7,6,2,0,3,0,0,0,0,1,0,0,683311.8861,5379236.3292,11.48350651,48.539427184,0,4,#e78ac3,marker
9056,166361,"9,20070300131326E+018",9,1,86,152,2020,7,18,6,2,1,6,0,1,1,0,0,0,0,691441.5843,5380849.6628,11.594273878,48.551498822,0,1,#66c2a5,bicycle
9057,166362,"9,20070300852927E+018",9,1,62,0,2020,7,14,6,3,5,2,0,1,1,0,0,0,0,686823.6802,5329841.0296,11.509157616,48.094427605,0,1,#66c2a5,bicycle
9058,166363,"9,20070300131325E+018",9,1,78,150,2020,7,17,6,3,3,7,0,1,0,0,0,0,0,689918.5322,5372548.5816,11.569878069,48.477357492,0,1,#66c2a5,bicycle
9059,166364,"9,20070300120931E+018",9,1,88,121,2020,7,14,6,3,0,7,0,0,1,0,1,0,0,671508.4088,5330720.1167,11.30399742,48.106636375,0,2,#fc8d62,car
9060,166366,"9,20070300120325E+018",9,1,81,114,2020,7,12,6,3,3,7,0,1,0,0,0,0,0,657404.7226,5312225.0134,11.107877664,47.943987828,0,1,#66c2a5,bicycle
9061,166368,"9,20070300852927E+018",9,1,62,0,2020,7,8,6,3,5,2,0,1,1,0,0,0,0,688289.16,5330502867,11.529112042,48.099945092,1,1,#66c2a5,bicycle
9062,166369,"9,20070300111126E+018",9,1,78,145,2020,7,19,6,3,0,1,0,1,0,0,0,0,0,697359.3646,5354958.5074,11.662185841,48.316987703,0,1,#66c2a5,bicycle
9063,166371,"9,20070300110925E+018",9,1,78,143,2020,7,19,6,3,0,2,0,1,1,0,0,0,0,716418.1718,5372598.3473,11.928025411,48.469244808,0,1,#66c2a5,bicycle
9064,166372,"9,20070300110525E+018",9,1,77,117,2020,7,14,6,3,5,3,0,0,1,0,1,0,0,714761.3457,5355039156,11.896663553,48.312042811,0,2,#fc8d62,car
9065,166373,"9,2007020085823E+018",9,1,62,0,2020,7,0,5,3,5,3,2,0,1,0,0,0,0,687475.69,5338908838,11.521896371,48.175739988,0,2,#fc8d62,car
9066,166374,"9,20070300852126E+018",9,1,62,0,2020,7,19,6,3,0,1,0,1,0,0,0,0,0,694460.1177,5334801.6475,11.61387325,48.13672764,0,1,#66c2a5,bicycle
9067,166376,"9,20070200858229E+018",9,1,62,0,2020,7,20,5,3,5,3,0,0,1,0,0,0,0,691476622,5332316785,11.572695955,48.115298631,1,2,#fc8d62,car
9068,166377,"9,20070200858227E+018",9,1,62,0,2020,7,21,5,3,5,2,2,1,1,0,0,0,0,691547.6945,5332850.9508,11.573889848,48.120078294,1,1,#66c2a5,bicycle
9069,166379,"9,20070200858227E+018",9,1,62,0,2020,7,1,5,3,0,7,2,1,0,0,0,0,0,691210.9641,5334048.2307,11.569906933,48.130940571,1,1,#66c2a5,bicycle
9070,166380,"9,20070300851226E+018",9,1,62,0,2020,7,13,6,3,0,7,0,0,0,0,0,0,1,692305.7179,5335391.0397,11.585211343,48.142679665,0,6,#ffd92f,circle
9071,166381,"9,20070200858227E+018",9,1,62,0,2020,7,13,5,3,0,7,0,0,0,0,0,0,1,688960079,5333355.3824,11.539378456,48.125385369,0,6,#ffd92f,circle
9072,166382,"9,20070400131526E+018",9,1,85,158,2020,7,10,7,3,5,3,0,1,0,0,0,0,0,667121123,5381342.9595,11.265187024,48.562885847,0,1,#66c2a5,bicycle
9073,166383,"9,20070200858227E+018",9,1,84,123,2020,7,9,5,3,1,5,0,0,1,0,0,0,0,702736.6268,5331897.8919,11.723614894,48.108049393,1,2,#fc8d62,car
9074,166384,"9,20070200858227E+018",9,1,62,0,2020,7,20,5,3,0,6,0,1,0,0,0,0,0,691461.4321,5337503.7946,11.574823765,48.161923428,1,1,#66c2a5,bicycle
9075,166385,"9,20070200858227E+018",9,1,62,0,2020,7,19,5,3,0,1,0,1,0,0,0,0,0,692039.0375,5334955.9445,11.581433874,48.138849655,1,1,#66c2a5,bicycle
9076,166386,"9,20070300851126E+018",9,1,62,0,2020,7,10,6,3,6,4,0,1,0,1,0,0,0,692009.8976,5334775.5106,11.580961241,48.137236739,0,1,#66c2a5,bicycle
9077,166389,"9,20070200858227E+018",9,1,62,0,2020,7,21,5,3,0,3,1,0,1,0,0,0,0,685453.2427,5333753.4841,11.492471046,48.129994943,1,2,#fc8d62,car
9078,166391,"9,20070200858227E+018",9,1,62,0,2020,7,18,5,3,5,3,0,1,1,0,0,0,0,687435.8435,5336063.8284,11.52010721,48.150180187,0,1,#66c2a5,bicycle
9079,166393,"9,20070200858227E+018",9,1,62,0,2020,7,14,5,3,6,1,0,0,0,1,0,0,1,696610.4777,5330775.5896,11.640889647,48.099883028,0,3,#8da0cb,toilet
9080,166395,"9,20070200858225E+018",9,1,62,0,2020,7,15,5,2,5,4,0,1,0,1,0,0,0,691433.3332,5332900883,11.572377164,48.120561473,0,1,#66c2a5,bicycle
9081,166396,"9,20070200857127E+018",9,1,62,0,2020,7,8,5,3,0,6,0,1,0,0,0,0,0,692355.4359,5334283628,11.585378901,48.132711442,1,1,#66c2a5,bicycle
9082,166397,"9,20070200857126E+018",9,1,62,0,2020,7,18,5,3,0,6,0,1,1,0,0,0,0,689616.2774,5332178.0226,11.547664262,48.114608043,0,1,#66c2a5,bicycle
9083,166398,"9,20070200857125E+018",9,1,62,0,2020,7,20,5,3,1,6,1,0,1,0,0,0,0,692260.3512,5337231.5981,11.585433497,48.159235913,1,2,#fc8d62,car
9084,166400,"9,20070300740126E+018",9,7,77,121,2020,7,14,6,3,2,7,0,0,0,0,1,0,1,628654.7367,5322001.1245,10.726004358,48.038325544,0,4,#e78ac3,marker
9085,166401,"9,20070200854524E+018",9,1,62,0,2020,7,19,5,3,3,2,0,1,1,0,0,0,0,683511.3184,5335450.8109,11.467128319,48.145814411,1,1,#66c2a5,bicycle
9086,166402,"9,20070300740126E+018",9,7,77,121,2020,7,12,6,3,4,7,0,0,1,0,1,0,0,628134.7003,5322932.1606,10.719309602,48.046802993,0,2,#fc8d62,car
9087,166403,"9,20070200854326E+018",9,1,62,0,2020,7,14,5,3,4,6,0,1,0,0,0,0,0,690304.2614,5343356.8229,11.561900303,48.21487724,0,1,#66c2a5,bicycle
9088,166404,"9,20070200852225E+018",9,1,62,0,2020,7,18,5,3,4,2,0,1,1,0,0,0,0,693311.3778,5335237.3021,11.598646493,48.140993163,0,1,#66c2a5,bicycle
9089,166405,"9,20070200852126E+018",9,1,62,0,2020,7,7,5,3,0,1,0,0,0,0,1,0,0,692169.5106,5332831.0807,11.582227655,48.119712345,1,4,#e78ac3,marker
9090,166406,"9,20070200852126E+018",9,1,62,0,2020,7,8,5,3,0,1,0,1,0,0,0,0,0,693509.5826,5332838.9516,11.600218932,48.119377254,1,1,#66c2a5,bicycle
9091,166407,"9,20070200851427E+018",9,1,62,0,2020,7,22,5,2,0,1,2,1,0,0,0,0,0,690778.8863,5332934.1088,11.563607074,48.121056529,1,1,#66c2a5,bicycle
9092,166410,"9,20070200851234E+018",9,1,62,0,2020,7,6,5,3,0,1,0,1,0,0,0,0,0,691140.2937,5335665.0359,11.569683661,48.145493501,1,1,#66c2a5,bicycle
9093,166411,"9,20070200851226E+018",9,1,62,0,2020,7,9,5,3,5,2,0,0,1,1,0,0,0,690998.1046,5336437.6548,11.568120735,48.152480432,0,2,#fc8d62,car
9094,166416,"9,20070200750125E+018",9,7,78,137,2020,7,21,5,3,5,3,1,1,1,0,0,0,0,623763.5105,5329641.5918,10.662626539,48.108005341,0,1,#66c2a5,bicycle
9095,166417,"9,20070300712527E+018",9,7,72,209,2020,7,18,6,3,0,1,0,1,0,0,0,0,0,635025.5744,5337559.4515,10.816355512,48.176918351,0,1,#66c2a5,bicycle
9096,166422,"9,20070300711326E+018",9,7,61,0,2020,7,13,6,3,5,3,0,1,1,0,0,0,0,637945843,5359524872,10.862785935,48.373804397,0,1,#66c2a5,bicycle
9097,166430,"9,20070200715024E+018",9,7,61,0,2020,7,19,5,3,1,1,0,1,1,0,0,0,0,640871145,5358598.01,10.901955593,48.364824142,1,1,#66c2a5,bicycle
9098,166431,"9,20070300710425E+018",9,7,61,0,2020,7,13,6,3,0,7,0,1,0,0,0,0,0,639810943,5358677.7889,10.887676024,48.365777202,0,1,#66c2a5,bicycle
9099,166432,"9,20070200712725E+018",9,7,72,159,2020,7,17,5,3,5,3,0,0,1,0,1,0,0,624374328,5361374.5825,10.68015352,48.393259285,0,2,#fc8d62,car
9100,166433,"9,2007040012173E+018",9,1,79,134,2020,7,15,7,2,9,1,0,0,0,0,1,0,0,667010.1666,5346883.8833,11.249970973,48.253143537,0,4,#e78ac3,marker
9101,166434,"9,20070200711326E+018",9,7,61,0,2020,7,18,5,3,5,3,0,0,1,0,0,0,0,638021.6326,5359298.0692,10.863734363,48.371748452,0,2,#fc8d62,car
9102,166436,"9,20070200711326E+018",9,7,61,0,2020,7,11,5,3,1,5,0,1,1,0,0,0,0,638164.4103,5358326.0912,10.86534195,48.362977343,0,1,#66c2a5,bicycle
9103,166437,"9,20070200710625E+018",9,7,61,0,2020,7,8,5,3,3,2,0,1,1,0,0,0,0,639738.5345,5356436.1855,10.885954634,48.345637308,0,1,#66c2a5,bicycle
9104,166438,"9,20070200710426E+018",9,7,61,0,2020,7,12,5,3,0,7,0,1,0,0,0,0,0,640482.1263,5360194.9058,10.897239834,48.37926959,1,1,#66c2a5,bicycle
9105,166464,"9,2007040021093E+018",9,2,61,0,2020,7,17,7,3,5,3,0,1,1,0,0,0,0,731988.7946,5379792.2345,12.142364942,48.528318014,0,1,#66c2a5,bicycle
9106,166467,"9,2007040012053E+018",9,1,79,121,2020,7,11,7,3,5,3,0,1,1,0,0,0,0,666915.5353,5338917.7815,11.245561589,48.181553869,0,1,#66c2a5,bicycle
9107,166480,"9,20070400112026E+018",9,1,78,124,2020,7,18,7,3,0,7,0,1,0,0,0,0,0,706613.4578,5363420.7943,11.791017468,48.390073963,0,1,#66c2a5,bicycle
9108,166492,"9,20070400110926E+018",9,1,78,143,2020,7,8,7,2,9,1,0,0,1,0,0,0,0,718164.1143,5372547601,11.951588144,48.468185823,0,2,#fc8d62,car
9109,166499,"9,20070200141326E+018",9,1,63,0,2020,7,9,5,3,5,3,0,0,1,0,0,0,0,733585706,5305333.87,12.123007666,47.858841932,0,2,#fc8d62,car
9110,166501,"9,20070200140126E+018",9,1,87,150,2020,7,10,5,3,3,2,0,1,0,0,0,0,0,729084.7378,5304306.3408,12.062375978,47.851230286,0,1,#66c2a5,bicycle
9111,166502,"9,20070200140125E+018",9,1,87,150,2020,7,12,5,3,4,3,0,1,1,0,0,0,0,729444.8755,5303475.3194,12.066742542,47.843635512,0,1,#66c2a5,bicycle
9112,166506,"9,20070200121527E+018",9,1,81,128,2020,7,18,5,2,0,1,0,1,0,0,0,0,0,637619.5968,5327028.5544,10.847830045,48.081664921,1,1,#66c2a5,bicycle
9113,166507,"9,20070200120535E+018",9,1,79,121,2020,7,17,5,2,0,1,0,1,0,0,0,0,0,662916.7342,5338535.7971,11.191659484,48.179157715,0,1,#66c2a5,bicycle
9114,166508,"9,20070200120527E+018",9,1,79,121,2020,7,9,5,3,1,6,0,1,1,0,0,0,0,667959.2456,5338803.4371,11.259546422,48.180250865,0,1,#66c2a5,bicycle
9115,166509,"9,20070200120125E+018",9,1,74,115,2020,7,17,5,3,5,2,0,1,0,0,0,0,1,682052.0527,5347608769,11.452743108,48.255517146,0,1,#66c2a5,bicycle
9116,166512,"9,20070100858227E+018",9,1,62,0,2020,7,10,4,3,5,3,0,1,1,0,0,0,0,690745965,5342904.9488,11.567637192,48.210683279,0,1,#66c2a5,bicycle
9117,166514,"9,20070100858227E+018",9,1,62,0,2020,7,14,4,3,1,7,0,1,1,0,0,0,0,689134.34,5334352.3668,11.542160422,48.134294636,0,1,#66c2a5,bicycle
9118,166515,"9,20070100858226E+018",9,1,62,0,2020,7,10,4,3,0,7,0,1,0,0,0,0,0,688191.39,5334533.01,11.529578849,48.136197824,0,1,#66c2a5,bicycle
9119,166516,"9,20070100858226E+018",9,1,62,0,2020,7,18,4,2,0,7,0,1,0,0,0,0,0,697582.3343,5335955.0011,11.656329828,48.146131462,1,1,#66c2a5,bicycle
9120,166517,"9,20070400210926E+018",9,2,74,146,2020,7,18,7,3,8,6,0,0,1,0,0,0,1,734636.7978,5378153.2244,12.177254072,48.512611541,0,2,#fc8d62,car
9121,166519,"9,20070100858226E+018",9,1,62,0,2020,7,9,4,3,3,5,0,0,1,0,0,0,1,686137.9994,5334856.3338,11.502146899,48.139707907,0,2,#fc8d62,car
9122,166522,"9,20070100858226E+018",9,1,62,0,2020,7,6,4,3,4,7,0,0,1,0,0,0,0,688023353,5339629111,11.529574685,48.182052096,1,2,#fc8d62,car
9123,166523,"9,20070100858226E+018",9,1,62,0,2020,7,16,4,2,4,7,0,1,0,0,0,0,0,689553302,5338485839,11.549626942,48.171321784,0,1,#66c2a5,bicycle
9124,166525,"9,20070100858226E+018",9,1,62,0,2020,7,14,4,3,2,6,0,0,1,0,0,0,0,693027.2306,5334420403,11.594460631,48.133737355,0,2,#fc8d62,car