fid,OBJECTID,UIDENTSTLA,ULAND,UREGBEZ,UKREIS,UGEMEINDE,UJAHR,UMONAT,USTUNDE,UWOCHENTAG,UKATEGORIE,UART,UTYP1,ULICHTVERH,IstRad,IstPKW,IstFuss,IstKrad,IstGkfz,IstSonstig,LINREFX,LINREFY,XGCSWGS84,YGCSWGS84,STRZUSTAND,Teilnehmer,color,symbol
9125,166526,"9,20070100858226E+018",9,1,62,0,2020,7,20,4,3,5,2,0,1,1,0,0,0,0,688710781,5336139738,11.537265242,48.150485501,1,1,#66c2a5,bicycle
9126,166527,"9,20070400147326E+018",9,1,82,133,2020,7,8,7,3,4,1,0,1,1,0,0,0,0,708132.52,5311551926,11.786141177,47.923470823,0,1,#66c2a5,bicycle
9127,166529,"9,20070100858226E+018",9,1,62,0,2020,7,19,4,3,5,3,0,1,0,0,0,0,0,680706.4531,5341604.7474,11.43207123,48.201933903,0,1,#66c2a5,bicycle
9128,166532,"9,20070100858226E+018",9,1,62,0,2020,7,8,4,2,3,2,0,0,1,0,1,0,0,688331.2862,5340824.9031,11.534243429,48.192708774,0,2,#fc8d62,car
9129,166533,"9,20070400110926E+018",9,1,78,143,2020,7,19,7,3,0,1,0,1,0,0,0,0,0,713152414,5372412233,11.883805283,48.468687604,0,1,#66c2a5,bicycle
9130,166534,"9,20070100858226E+018",9,1,84,130,2020,7,13,4,3,5,3,0,1,1,0,0,0,0,698622038,5344219257,11.674155234,48.220079428,0,1,#66c2a5,bicycle
9131,166535,"9,20070100858226E+018",9,1,62,0,2020,7,18,4,3,5,2,0,0,1,0,0,0,0,683369.0043,5335498.1144,11.465237258,48.146280642,0,2,#fc8d62,car
9132,166536,"9,20070100858225E+018",9,1,62,0,2020,7,15,4,3,1,5,0,0,1,0,1,0,0,691394.5322,5335385.4588,11.572972391,48.14290426,0,2,#fc8d62,car
9133,166537,"9,20070400110727E+018",9,1,78,124,2020,7,17,7,3,5,3,0,0,1,0,0,0,0,702781.2536,5364721.7549,11.739940806,48.403008334,0,2,#fc8d62,car
9134,166538,"9,20070100858225E+018",9,1,62,0,2020,7,8,4,3,5,2,0,1,0,0,1,0,0,690953.7778,5333229639,11.566087129,48.123660317,0,1,#66c2a5,bicycle
9135,166539,"9,20070100858224E+018",9,1,62,0,2020,7,22,4,3,0,7,2,1,0,0,0,0,0,687144086,5336410.26,11.516340737,48.153379913,0,1,#66c2a5,bicycle
9136,166540,"9,20070100858224E+018",9,1,84,114,2020,7,10,4,3,0,7,0,0,0,0,1,0,1,698379.6859,5324336.5578,11.661639376,48.041464878,0,4,#e78ac3,marker
9137,166542,"9,20070100857126E+018",9,1,62,0,2020,7,1,4,3,1,7,2,1,1,0,0,0,0,691342.3055,5334990.2187,11.572093442,48.139367595,0,1,#66c2a5,bicycle
9138,166544,"9,20070100857126E+018",9,1,84,141,2020,7,17,4,3,5,3,0,0,1,0,0,0,1,699132381,5314236004,11.667041149,47.950452681,0,2,#fc8d62,car
9139,166545,"9,20070400110525E+018",9,1,77,118,2020,7,17,7,3,0,1,0,1,0,0,0,0,0,707137.4353,5344890.4957,11.788992409,48.223388868,0,1,#66c2a5,bicycle
9140,166546,"9,20070100857126E+018",9,1,62,0,2020,7,15,4,2,5,3,0,1,0,0,0,0,0,691654.7319,5332782.1088,11.575295693,48.119427341,0,1,#66c2a5,bicycle
9141,166547,"9,20070100857126E+018",9,1,62,0,2020,7,16,4,3,2,6,0,1,0,0,1,0,0,690374.0283,5335351.6828,11.559252594,48.142906856,0,1,#66c2a5,bicycle
9142,166548,"9,20070100857125E+018",9,1,62,0,2020,7,18,4,3,6,4,0,1,0,1,0,0,0,688042.4724,5331552.1407,11.526264261,48.109449094,0,1,#66c2a5,bicycle
9143,166551,"9,20070100857125E+018",9,1,62,0,2020,7,16,4,3,4,6,0,1,0,0,0,0,0,690344.4476,5334849.5108,11.558630896,48.138402192,0,1,#66c2a5,bicycle
9144,166552,"9,20070100857125E+018",9,1,62,0,2020,7,21,4,3,4,2,2,0,1,0,0,0,0,691280.6948,5334159.4545,11.570893078,48.131919289,1,2,#fc8d62,car
9145,166556,"9,20070100854727E+018",9,1,62,0,2020,7,20,4,3,0,7,0,1,0,0,0,0,0,691571684,5341876413,11.578276244,48.20119039,1,1,#66c2a5,bicycle
9146,166558,"9,20070100854326E+018",9,1,62,0,2020,7,6,4,3,2,6,0,0,1,0,1,0,0,689816952,5337389.77,11.552680353,48.161391651,0,2,#fc8d62,car
9147,166559,"9,20070100854227E+018",9,1,62,0,2020,7,20,4,3,0,1,0,0,0,0,1,0,0,688811845,5337322.8621,11.539147668,48.161089545,1,4,#e78ac3,marker
9148,166560,"9,20070100854227E+018",9,1,62,0,2020,7,17,4,2,5,3,0,1,1,0,0,0,0,688647607,5335884717,11.536303694,48.14821208,0,1,#66c2a5,bicycle
9149,166561,"9,20070100854126E+018",9,1,62,0,2020,7,20,4,3,0,3,0,0,1,0,1,0,0,686674505,5334122997,11.509030299,48.13295926,1,2,#fc8d62,car
9150,166564,"9,20070100852926E+018",9,1,62,0,2020,7,9,4,3,6,2,0,0,1,1,0,0,0,686465.0549,5328150.8128,11.503607933,48.079340207,0,2,#fc8d62,car
9151,166566,"9,20070100852725E+018",9,1,84,123,2020,7,17,4,3,4,6,0,1,0,0,0,0,0,701666.5114,5333117.9192,11.70983227,48.119353369,0,1,#66c2a5,bicycle
9152,166568,"9,20070100852336E+018",9,1,62,0,2020,7,20,4,3,0,1,0,1,0,0,0,0,0,689834421,5329241145,11.549285875,48.088146086,1,1,#66c2a5,bicycle
9153,166569,"9,20070100851426E+018",9,1,62,0,2020,7,8,4,3,1,5,0,1,1,0,0,0,0,690411.3716,5334958.0776,11.559578102,48.139357967,0,1,#66c2a5,bicycle
9154,166570,"9,20070100851426E+018",9,1,62,0,2020,7,9,4,2,3,6,0,1,0,0,0,0,0,690015.9681,5334919.9961,11.55425144,48.139133888,0,1,#66c2a5,bicycle
9155,166571,"9,20070100851227E+018",9,1,62,0,2020,7,14,4,2,3,3,0,1,1,0,0,0,0,691964.8362,5336184.3232,11.580991303,48.149912494,0,1,#66c2a5,bicycle
9156,166572,"9,20070400210936E+018",9,2,74,113,2020,7,10,7,3,0,7,0,1,0,0,0,0,0,728341.6938,5381761.1356,12.094118076,48.547342171,0,1,#66c2a5,bicycle
9157,166574,"9,20070100851125E+018",9,1,62,0,2020,7,15,4,3,0,1,0,1,0,0,0,0,0,691216.2721,5334046.3384,11.569977349,48.130921968,0,1,#66c2a5,bicycle
9158,166578,"9,20070100711326E+018",9,7,61,0,2020,7,21,4,2,0,7,1,0,1,0,1,0,0,639245.0001,5358868.6948,10.88010236,48.367618882,1,2,#fc8d62,car
9159,166580,"9,20070100711326E+018",9,7,72,202,2020,7,18,4,3,0,1,0,1,0,0,0,0,0,637443.9973,5358600.0214,10.85571056,48.365597755,0,1,#66c2a5,bicycle
9160,166581,"9,20070100711125E+018",9,7,61,0,2020,7,16,4,3,5,3,0,0,1,0,0,0,1,639234.5097,5360798.0597,10.880599837,48.384969553,0,2,#fc8d62,car
9161,166582,"9,20070100710729E+018",9,7,61,0,2020,7,14,4,3,5,3,0,0,1,0,0,0,0,642932.3909,5359448.2295,10.930057928,48.372005532,0,2,#fc8d62,car
9162,166585,"9,20070100710729E+018",9,7,61,0,2020,7,11,4,3,5,3,0,0,1,0,0,0,0,643857815,5358140.1883,10.942099381,48.360034091,0,2,#fc8d62,car
9163,166586,"9,20070300858229E+018",9,1,62,0,2020,7,10,6,3,0,5,0,0,0,0,0,0,1,689897.7138,5343163.8497,11.556346575,48.213264597,0,6,#ffd92f,circle
9164,166587,"9,20070100710725E+018",9,7,61,0,2020,7,9,4,3,0,5,0,1,1,0,0,0,0,641897.99,5360661956,10.916507989,48.383152252,0,1,#66c2a5,bicycle
9165,166588,"9,2007040014133E+018",9,1,87,142,2020,7,10,7,3,8,7,0,1,0,0,0,0,0,733411.2172,5309953.7187,12.12317435,47.900410075,0,1,#66c2a5,bicycle
9166,166589,"9,20070100710125E+018",9,7,71,144,2020,7,10,4,3,4,2,0,1,0,0,0,1,0,661379386,5373254967,11.184292051,48.491680721,0,1,#66c2a5,bicycle
9167,166591,"9,20070400141326E+018",9,1,87,177,2020,7,16,7,3,0,1,0,1,0,0,0,0,0,734685.0614,5306023.8356,12.138057593,47.864639999,0,1,#66c2a5,bicycle
9168,166596,"9,20070400161726E+018",9,1,90,159,2020,7,16,7,2,0,1,0,1,0,0,0,0,0,660033.9247,5305151.3688,11.140435767,47.879737045,0,1,#66c2a5,bicycle
9169,166597,"9,20070600140127E+018",9,1,87,130,2020,7,14,2,2,0,1,0,1,0,0,0,0,0,715868.3692,5305526.3315,11.886549053,47.866767648,1,1,#66c2a5,bicycle
9170,166601,"9,20070500712324E+018",9,7,72,217,2020,7,17,1,3,4,6,0,1,0,1,0,0,0,636310.9157,5381599.7345,10.847916498,48.572651904,0,1,#66c2a5,bicycle
9171,166603,"9,20070500121727E+018",9,1,79,142,2020,7,9,1,3,5,3,0,0,1,0,0,0,0,673374.7803,5341677.8221,11.333513148,48.204635287,0,2,#fc8d62,car
9172,166605,"9,20070500121727E+018",9,1,79,126,2020,7,14,1,3,0,7,0,0,0,0,1,0,0,675838.6564,5341334.9563,11.366504128,48.200875543,0,4,#e78ac3,marker
9173,166607,"9,20070500858226E+018",9,1,62,0,2020,7,0,1,2,0,7,2,1,0,0,0,0,0,689731275,5331531.4545,11.548920172,48.108762377,0,1,#66c2a5,bicycle
9174,166608,"9,20070500121326E+018",9,1,88,145,2020,7,15,1,3,0,1,0,1,0,0,0,0,0,663041.2268,5326828.8638,11.188854157,48.073875751,0,1,#66c2a5,bicycle
9175,166609,"9,20070700110526E+018",9,1,77,130,2020,7,16,3,1,0,1,0,1,0,0,0,0,0,711695.5365,5350190.9582,11.852936506,48.269512566,0,1,#66c2a5,bicycle
9176,166611,"9,2007060071073E+018",9,7,61,0,2020,7,15,2,3,5,3,0,0,1,0,0,0,1,644399.4835,5358135.6296,10.94940602,48.359869448,0,2,#fc8d62,car
9177,166613,"9,20070600740728E+018",9,7,62,0,2020,7,16,2,3,2,6,0,0,1,0,0,0,0,622259.8951,5305430.4288,10.635537163,47.890552599,0,2,#fc8d62,car
9178,166615,"9,20070500120926E+018",9,1,79,123,2020,7,22,1,3,1,1,2,1,1,0,0,0,0,675114927,5333385.6143,11.35349921,48.129616406,0,1,#66c2a5,bicycle
9179,166617,"9,20070500853227E+018",9,1,84,139,2020,7,19,1,3,5,3,0,0,1,0,0,0,0,687616.9941,5326171.4343,11.518190535,48.061210914,0,2,#fc8d62,car
9180,166618,"9,20070500120726E+018",9,1,88,120,2020,7,14,1,3,0,7,0,1,0,0,0,0,0,677843.1395,5326262.2643,11.387165119,48.064826718,0,1,#66c2a5,bicycle
9181,166619,"9,20070600858226E+018",9,1,62,0,2020,7,15,2,3,0,7,0,0,0,0,1,0,0,694233598,5336723679,11.611708551,48.154071276,0,4,#e78ac3,marker
9182,166623,"9,20070500120527E+018",9,1,79,125,2020,7,12,1,3,9,1,0,1,0,0,0,0,0,660637247,5332189.5501,11.158621802,48.122681864,0,1,#66c2a5,bicycle
9183,166625,"9,20070700141326E+018",9,1,63,0,2020,7,13,3,3,6,4,0,1,0,1,0,0,0,733622.7622,5306494.7586,12.124129578,47.869257901,0,1,#66c2a5,bicycle
9184,166627,"9,20070500111326E+018",9,1,75,132,2020,7,15,1,3,1,5,0,1,1,0,0,0,0,706490.3074,5332145.9536,11.774102116,48.109072956,0,1,#66c2a5,bicycle
9185,166629,"9,20070500110526E+018",9,1,77,117,2020,7,15,1,3,0,7,0,1,0,1,0,0,0,715679779,5354274.6633,11.908643967,48.30486128,0,1,#66c2a5,bicycle
9186,166630,"9,20070700160926E+018",9,1,73,126,2020,7,12,3,3,0,7,0,1,0,0,0,0,0,686782.4022,5303379.9987,11.497101847,47.85659125,0,1,#66c2a5,bicycle
9187,166631,"9,20070500852126E+018",9,1,62,0,2020,7,12,1,3,5,2,0,0,1,0,0,0,0,693619.5457,5334655.9968,11.602520452,48.13567488,0,2,#fc8d62,car
9188,166632,"9,20070500110525E+018",9,1,77,116,2020,7,12,1,3,0,6,0,1,0,0,0,0,0,711916521,5363280.9323,11.862491009,48.387058073,0,1,#66c2a5,bicycle
9189,166633,"9,20070600858224E+018",9,1,62,0,2020,7,10,2,3,5,3,0,0,1,0,1,0,0,688145332,5332356843,11.527999715,48.11665158,0,2,#fc8d62,car
9190,166636,"9,20070600160926E+018",9,1,73,126,2020,7,17,2,3,5,3,0,0,1,0,0,0,1,684531885,5305340.6176,11.467880573,47.874865547,0,2,#fc8d62,car
9191,166637,"9,20070400858227E+018",9,1,62,0,2020,7,23,7,2,0,7,2,0,0,0,0,0,1,689724.8727,5336008.8835,11.550827662,48.149007706,0,6,#ffd92f,circle
9192,166640,"9,20070600852427E+018",9,1,62,0,2020,7,8,2,3,3,6,0,1,0,0,0,0,0,695855.6931,5333260.0449,11.631903154,48.122444547,0,1,#66c2a5,bicycle
9193,166641,"9,20070400858227E+018",9,1,62,0,2020,7,21,7,2,0,7,1,0,1,0,1,0,0,695573.0023,5332739.9445,11.627869935,48.117857028,0,2,#fc8d62,car
9194,166642,"9,20070600857126E+018",9,1,88,120,2020,7,10,2,2,0,7,0,0,0,0,1,0,0,679247.0315,5329332777,11.407280246,48.092035009,0,4,#e78ac3,marker
9195,166646,"9,20070400858227E+018",9,1,62,0,2020,7,19,7,3,5,3,0,1,1,0,0,0,0,689000.9257,5334619513,11.540487552,48.136735412,0,1,#66c2a5,bicycle
9196,166648,"9,20070700120726E+018",9,1,88,120,2020,7,13,3,3,0,7,0,1,0,0,0,0,0,677520.2222,5326501368,11.382933799,48.06706603,0,1,#66c2a5,bicycle
9197,166649,"9,20070500711327E+018",9,7,61,0,2020,7,13,1,3,0,1,0,1,0,0,0,0,0,638302.1266,5357025.9566,10.86677292,48.351256581,0,1,#66c2a5,bicycle
9198,166650,"9,20070600750127E+018",9,7,78,116,2020,7,10,2,3,0,3,0,1,1,0,0,0,0,619326374,5317903042,10.599768589,48.003280537,0,1,#66c2a5,bicycle
9199,166651,"9,20070400858226E+018",9,1,62,0,2020,7,9,7,3,5,2,0,1,0,0,0,0,0,691928.0593,5329873.7735,11.577656336,48.093205189,0,1,#66c2a5,bicycle
9200,166653,"9,20070400858226E+018",9,1,62,0,2020,7,0,7,3,3,6,2,1,1,0,0,0,0,690678.8364,5340290.0231,11.565559986,48.187200914,0,1,#66c2a5,bicycle
9201,166655,"9,20070500857127E+018",9,1,62,0,2020,7,2,1,3,1,5,2,1,1,0,0,0,0,696670459,5337650.34,11.644867472,48.161650623,0,1,#66c2a5,bicycle
9202,166656,"9,20070400858226E+018",9,1,62,0,2020,7,11,7,3,3,6,0,1,1,0,0,0,0,682914.0121,5335438.7899,11.459100646,48.145878383,0,1,#66c2a5,bicycle
9203,166658,"9,20070400858224E+018",9,1,62,0,2020,7,23,7,3,0,1,2,1,0,0,0,0,0,692123594,5336753.3048,11.583380421,48.154978451,0,1,#66c2a5,bicycle
9204,166660,"9,20070600120126E+018",9,1,74,115,2020,7,16,2,3,5,3,0,1,1,0,0,0,0,681987.9705,5348151.0259,11.452113782,48.260409646,0,1,#66c2a5,bicycle
9205,166661,"9,20070400858224E+018",9,1,62,0,2020,7,18,7,3,2,6,0,1,1,0,0,0,0,686872.7374,5333914.0003,11.511600356,48.131022556,0,1,#66c2a5,bicycle
9206,166662,"9,2007070011113E+018",9,1,78,120,2020,7,9,3,3,5,1,0,1,0,0,0,0,0,694411645,5352759949,11.621454743,48.298141738,0,1,#66c2a5,bicycle
9207,166664,"9,20070600711326E+018",9,7,61,0,2020,7,15,2,2,6,4,0,0,1,1,0,0,0,638159.3919,5360656.1635,10.86603992,48.383930043,0,2,#fc8d62,car
9208,166666,"9,20070400857124E+018",9,1,62,0,2020,7,9,7,3,5,3,0,0,1,0,0,0,0,687490.8727,5338926.0519,11.522107994,48.17589023,0,2,#fc8d62,car
9209,166667,"9,2007070021093E+018",9,2,61,0,2020,7,21,3,3,3,6,2,1,0,0,0,0,0,732677.0804,5380934.5468,12.152310878,48.538324381,0,1,#66c2a5,bicycle
9210,166668,"9,20070500852924E+018",9,1,62,0,2020,7,16,1,3,6,2,0,0,1,1,0,0,0,686779.1969,5328059.6907,11.507781804,48.07842922,0,2,#fc8d62,car
9211,166669,"9,20070400853225E+018",9,1,84,122,2020,7,9,7,3,1,5,0,1,1,0,0,0,0,688032.0915,5323813.6466,11.522720438,48.039896045,0,1,#66c2a5,bicycle
9212,166670,"9,20070600858226E+018",9,1,62,0,2020,7,11,2,3,5,2,0,1,1,0,0,0,0,689642.1709,5333238.8494,11.548483652,48.124135141,0,1,#66c2a5,bicycle
9213,166673,"9,20070600858227E+018",9,1,62,0,2020,7,20,2,3,6,4,0,0,1,1,0,0,0,688534.1518,5329578.25,11.531991125,48.09156197,0,2,#fc8d62,car
9214,166675,"9,20070600710425E+018",9,7,61,0,2020,7,19,2,3,6,6,0,1,0,1,0,0,0,639199.7848,5359373.5801,10.879659326,48.372168662,0,1,#66c2a5,bicycle
9215,166677,"9,20070400852224E+018",9,1,62,0,2020,7,11,7,3,6,4,0,1,0,1,0,0,0,696987.2513,5335236.2655,11.648005822,48.139856481,0,1,#66c2a5,bicycle
9216,166679,"9,20070500851429E+018",9,1,62,0,2020,7,19,1,3,2,6,0,0,1,0,0,0,0,691082.8729,5333201.4674,11.567807508,48.12336838,0,2,#fc8d62,car
9217,166680,"9,20070400852126E+018",9,1,62,0,2020,7,9,7,3,5,7,0,1,0,0,1,0,0,693651.2093,5333730.0862,11.602524787,48.127343451,0,1,#66c2a5,bicycle
9218,166681,"9,20070600857127E+018",9,1,62,0,2020,7,10,2,3,5,2,0,1,0,0,0,0,1,683278.9331,5339848.8839,11.465902513,48.185413884,0,1,#66c2a5,bicycle
9219,166685,"9,20070400852126E+018",9,1,62,0,2020,7,10,7,3,3,6,0,1,0,0,0,0,0,692172.9562,5333497.4397,11.582574302,48.125700437,0,1,#66c2a5,bicycle
9220,166687,"9,20070600210929E+018",9,2,61,0,2020,7,8,2,3,0,1,0,1,0,0,0,0,0,730152.6852,5382059.8702,12.11878504,48.549363984,0,1,#66c2a5,bicycle
9221,166688,"9,20070400852125E+018",9,1,62,0,2020,7,18,7,3,4,6,0,1,0,0,0,0,0,692575.0869,5334172.8819,11.588277972,48.131649658,0,1,#66c2a5,bicycle
9222,166692,"9,20070600854224E+018",9,1,62,0,2020,7,8,2,3,5,2,0,1,1,0,0,0,0,686221.0633,5336106.8568,11.503809337,48.150923754,0,1,#66c2a5,bicycle
9223,166698,"9,20070400851425E+018",9,1,62,0,2020,7,11,7,3,2,6,0,0,1,0,1,0,0,691896.4966,5333879.1949,11.579034816,48.129214993,0,2,#fc8d62,car
9224,166700,"9,20070700120525E+018",9,1,79,121,2020,7,17,3,2,0,1,0,1,0,0,0,0,0,666358.5801,5337299535,11.23744131,48.167151843,0,1,#66c2a5,bicycle
9225,166701,"9,20070500710127E+018",9,7,71,113,2020,7,14,1,3,5,3,0,1,1,0,0,0,0,655636288,5370833.8857,11.105712611,48.471362861,0,1,#66c2a5,bicycle
9226,166704,"9,20070700140128E+018",9,1,87,122,2020,7,22,3,3,0,7,2,1,0,0,0,0,0,719631.6798,5306264455,11.937178569,47.872124605,0,1,#66c2a5,bicycle
9227,166705,"9,20070500712326E+018",9,7,72,184,2020,7,13,1,3,0,7,0,1,0,0,0,0,0,635086.8987,5362145.0953,10.825042512,48.397983976,0,1,#66c2a5,bicycle
9228,166707,"9,20070600852127E+018",9,1,62,0,2020,7,19,2,3,0,1,0,1,0,0,0,0,0,693351179,5334635.8065,11.598907912,48.135575007,0,1,#66c2a5,bicycle
9229,166708,"9,20070400851424E+018",9,1,62,0,2020,7,14,7,3,5,2,0,1,1,0,0,0,0,690626.5747,5333366.6181,11.561755909,48.124989537,0,1,#66c2a5,bicycle
9230,166712,"9,20070500858226E+018",9,1,62,0,2020,7,18,1,3,5,3,0,1,1,0,0,0,0,699757.6735,5335079.6865,11.685131728,48.13758563,0,1,#66c2a5,bicycle
9231,166714,"9,20070700110727E+018",9,1,78,124,2020,7,16,3,3,1,1,0,0,1,0,1,0,0,702665.6008,5364525.1201,11.738285068,48.401278506,0,2,#fc8d62,car
9232,166717,"9,20070600711126E+018",9,7,61,0,2020,7,14,2,3,3,2,0,1,1,0,0,0,0,639243166,5360172.7151,10.880509485,48.37934471,0,1,#66c2a5,bicycle
9233,166723,"9,20070500854126E+018",9,1,62,0,2020,7,16,1,3,0,1,0,0,0,0,1,0,0,688009.9117,5334614.7235,11.527178033,48.136985923,0,4,#e78ac3,marker
9234,166725,"9,20070600858227E+018",9,1,62,0,2020,7,8,2,3,1,5,0,1,1,0,0,0,0,686674.3141,5331630.8857,11.507936467,48.110559315,0,1,#66c2a5,bicycle
9235,166731,"9,20070500145041E+018",9,1,87,170,2020,7,21,1,3,8,1,0,0,1,0,0,0,0,734892.9319,5317691608,12.147189461,47.969384476,0,2,#fc8d62,car
9236,166735,"9,20070600857126E+018",9,1,62,0,2020,7,19,2,3,5,2,0,1,1,0,0,0,0,686692.5878,5339466.9646,11.511617892,48.180987108,0,1,#66c2a5,bicycle
9237,166738,"9,20070500852626E+018",9,1,84,147,2020,7,19,1,3,0,7,0,1,0,0,0,0,0,696486.2269,5340259.3977,11.643598496,48.185156047,0,1,#66c2a5,bicycle
9238,166740,"9,20070600858226E+018",9,1,84,149,2020,7,15,2,3,1,5,0,0,1,0,0,0,0,691420.7589,5351047.7829,11.58039243,48.283665301,0,2,#fc8d62,car
9239,166748,"9,20070600852725E+018",9,1,84,123,2020,7,17,2,3,0,7,0,1,0,0,0,0,0,702121.6181,5332583.8813,11.715687391,48.114409739,0,1,#66c2a5,bicycle
9240,166749,"9,20070500161926E+018",9,1,73,126,2020,7,13,1,3,4,6,0,1,0,0,0,0,0,680814.6617,5307571.9792,11.419148055,47.895981404,0,1,#66c2a5,bicycle
9241,166755,"9,20070700121526E+018",9,1,81,128,2020,7,8,3,3,5,3,0,1,1,0,0,0,0,637619.1844,5327030.7824,10.847825228,48.081685045,0,1,#66c2a5,bicycle
9242,166756,"9,20070500712126E+018",9,7,71,146,2020,7,13,1,3,0,1,0,1,0,0,0,0,0,647327496,5347557932,10.985215911,48.264085954,0,1,#66c2a5,bicycle
9243,166762,"9,20070500858226E+018",9,1,62,0,2020,7,16,1,3,0,7,0,1,0,0,0,0,0,684419.4741,5332539.9052,11.478065745,48.11938697,0,1,#66c2a5,bicycle
9244,166763,"9,20070400712527E+018",9,7,72,200,2020,7,17,7,2,0,1,0,1,0,0,0,0,0,631006.7851,5339815.9322,10.763017994,48.198051378,0,1,#66c2a5,bicycle
9245,166764,"9,20070600858228E+018",9,1,62,0,2020,7,8,2,3,2,2,0,0,1,0,0,0,0,697817178,5329695.8481,11.656579865,48.08980554,0,2,#fc8d62,car
9246,166768,"9,20070600120527E+018",9,1,79,121,2020,7,10,2,3,0,1,0,1,0,0,0,0,0,667614.5738,5339537.6251,11.255202961,48.186942178,0,1,#66c2a5,bicycle
9247,166769,"9,20070400712526E+018",9,7,72,209,2020,7,11,7,3,4,2,0,1,1,0,0,0,0,634505.3109,5335865.6187,10.808824697,48.161797025,0,1,#66c2a5,bicycle
9248,166770,"9,20070700111325E+018",9,1,75,135,2020,7,20,3,3,1,7,0,1,1,0,0,0,0,709953.9002,5339588.7996,11.824245135,48.174822532,0,1,#66c2a5,bicycle
9249,166774,"9,20070400712135E+018",9,7,71,145,2020,7,23,7,3,0,1,2,1,0,0,0,0,0,644028.1317,5347613.9657,10.94080335,48.265348539,0,1,#66c2a5,bicycle
9250,166776,"9,20070500853226E+018",9,1,84,122,2020,7,15,1,3,3,6,0,1,1,0,0,0,0,689026.17,5323943.6723,11.536101326,48.040771247,0,1,#66c2a5,bicycle
9251,166777,"9,2007040071073E+018",9,7,61,0,2020,7,19,7,3,3,2,0,1,1,0,0,0,0,641795.8901,5361459.0607,10.915398829,48.390342413,0,1,#66c2a5,bicycle
9252,166778,"9,20070600858226E+018",9,1,62,0,2020,7,10,2,3,6,7,0,1,0,1,0,0,0,690202815,5335433657,11.55698992,48.143694847,0,1,#66c2a5,bicycle
9253,166782,"9,2007040071043E+018",9,7,61,0,2020,7,1,7,3,0,7,2,1,0,0,0,0,0,640542.48,5358844.5054,10.897603057,48.367113809,0,1,#66c2a5,bicycle
9254,166783,"9,20070600710728E+018",9,7,61,0,2020,7,7,2,3,5,2,0,1,1,0,0,0,0,642464.0227,5361815.1972,10.924539572,48.393394042,0,1,#66c2a5,bicycle
9255,166787,"9,20070500851526E+018",9,1,62,0,2020,7,12,1,3,0,7,0,1,0,0,0,0,0,690360.1283,5333500.0235,11.558238526,48.126268312,0,1,#66c2a5,bicycle
9256,166789,"9,20070600857127E+018",9,1,62,0,2020,7,20,2,2,6,4,1,1,0,1,0,0,0,688460.8163,5336369.3012,11.534009463,48.152622959,0,1,#66c2a5,bicycle
9257,166796,"9,20070500712727E+018",9,7,72,223,2020,7,18,1,3,8,1,0,1,0,0,0,0,0,617145.0868,5358138.8293,10.581632829,48.365544105,0,1,#66c2a5,bicycle
9258,166798,"9,20070700141326E+018",9,1,63,0,2020,7,14,3,3,0,1,0,1,0,0,0,0,0,733438.9971,5306136.1256,12.121482287,47.866102733,0,1,#66c2a5,bicycle
9259,166800,"9,20070600854326E+018",9,1,62,0,2020,7,8,2,3,3,3,0,1,1,0,0,0,0,692262.6484,5338413.7207,11.585998726,48.169859848,0,1,#66c2a5,bicycle
9260,166804,"9,20070600131329E+018",9,1,86,143,2020,7,17,2,2,6,7,0,0,0,1,0,1,0,685457.3941,5377852.6122,11.511929237,48.52636031,0,3,#8da0cb,toilet
9261,166806,"9,2007050014013E+018",9,1,87,179,2020,7,18,1,3,2,6,0,1,0,0,0,0,0,722676.2693,5308936.7049,11.979215659,47.895087087,0,1,#66c2a5,bicycle
9262,166807,"9,20070700120726E+018",9,1,88,120,2020,7,12,3,3,8,6,0,1,1,0,0,0,0,673799.2292,5324533177,11.332228901,48.050397408,0,1,#66c2a5,bicycle
9263,166808,"9,20070500710129E+018",9,7,71,149,2020,7,21,1,3,5,3,1,1,1,0,0,0,0,653330.1519,5365396.9921,11.072541954,48.423048474,0,1,#66c2a5,bicycle
9264,166812,"9,20070600852326E+018",9,1,62,0,2020,7,18,2,3,4,2,0,1,1,0,0,0,0,693982.5946,5331049.1423,11.605754122,48.103147074,0,1,#66c2a5,bicycle
9265,166817,"9,2007050085823E+018",9,1,62,0,2020,7,9,1,3,0,7,0,0,0,0,0,0,1,693197.6154,5336197.9145,11.597554729,48.149661415,0,6,#ffd92f,circle
9266,166819,"9,20070700111128E+018",9,1,78,123,2020,7,8,3,3,5,2,0,0,1,0,0,0,0,690548682,5357008.31,11.57134074,48.337499427,0,2,#fc8d62,car
9267,166821,"9,20070600711326E+018",9,7,61,0,2020,7,12,2,3,6,3,0,0,1,1,0,0,0,638415.6858,5358254.9609,10.868709114,48.362282707,0,2,#fc8d62,car
9268,166825,"9,20070500852826E+018",9,1,84,114,2020,7,13,1,3,5,3,0,1,1,0,0,0,0,700269.9619,5323617.3968,11.68663596,48.034411532,0,1,#66c2a5,bicycle
9269,166827,"9,20070600858226E+018",9,1,62,0,2020,7,15,2,2,5,3,0,1,1,0,0,0,0,690841.0942,5334758.0447,11.565258961,48.137431347,0,1,#66c2a5,bicycle