fid,OBJECTID,UIDENTSTLA,ULAND,UREGBEZ,UKREIS,UGEMEINDE,UJAHR,UMONAT,USTUNDE,UWOCHENTAG,UKATEGORIE,UART,UTYP1,ULICHTVERH,IstRad,IstPKW,IstFuss,IstKrad,IstGkfz,IstSonstig,LINREFX,LINREFY,XGCSWGS84,YGCSWGS84,STRZUSTAND,Teilnehmer,color,symbol
9270,166829,"9,20070500854327E+018",9,1,62,0,2020,7,18,1,3,6,2,0,0,1,1,0,0,0,690722.6909,5340301.1359,11.566154418,48.18728763,0,2,#fc8d62,car
9271,166831,"9,20070600858227E+018",9,1,62,0,2020,7,8,2,3,5,3,0,1,0,0,0,1,0,692399898,5337260.7034,11.58732124,48.159455297,0,1,#66c2a5,bicycle
9272,166833,"9,20070600710425E+018",9,7,61,0,2020,7,18,2,3,4,2,0,1,1,0,0,0,0,640489.5453,5358273.5424,10.896698046,48.361991678,0,1,#66c2a5,bicycle
9273,166837,"9,20070500851324E+018",9,1,62,0,2020,7,20,1,3,5,3,0,1,1,0,0,0,0,691517908,5337806.4356,11.575718739,48.164626504,0,1,#66c2a5,bicycle
9274,166839,"9,20070600857127E+018",9,1,62,0,2020,7,9,2,2,5,3,0,1,0,0,0,0,1,690908992,5340204.0884,11.568614853,48.186359421,0,1,#66c2a5,bicycle
9275,166844,"9,20070600161926E+018",9,1,73,130,2020,7,14,2,3,5,3,0,0,1,0,1,0,0,679904.3925,5312316.4103,11.408960686,47.93888665,1,2,#fc8d62,car
9276,166850,"9,20070600854126E+018",9,1,62,0,2020,7,16,2,3,4,6,0,1,0,0,0,0,0,686230.1631,5332842.3609,11.502504351,48.121578572,0,1,#66c2a5,bicycle
9277,166854,"9,20070600120926E+018",9,1,79,123,2020,7,15,2,3,0,7,0,1,0,0,0,0,0,675440987,5334679.6587,11.358410488,48.141159229,0,1,#66c2a5,bicycle
9278,166856,"9,20070700120126E+018",9,1,74,115,2020,7,15,3,3,0,1,0,1,0,0,0,0,0,681453.5644,5347150.9088,11.444491162,48.251573276,0,1,#66c2a5,bicycle
9279,166858,"9,20070800120126E+018",9,1,74,115,2020,7,21,4,3,0,1,2,1,0,0,0,0,0,684919.5913,5347618.9885,11.491343587,48.254778764,0,1,#66c2a5,bicycle
9280,166862,"9,20070900857126E+018",9,1,62,0,2020,7,17,5,3,5,7,0,1,1,0,0,0,0,692418.0595,5334822.2017,11.586462978,48.137533104,0,1,#66c2a5,bicycle
9281,166864,"9,20070800120126E+018",9,1,74,115,2020,7,19,4,3,4,6,1,1,0,0,0,0,0,681396.7646,5345554.9531,11.443043033,48.237244107,0,1,#66c2a5,bicycle
9282,166866,"9,20070800120126E+018",9,1,74,126,2020,7,20,4,3,2,6,1,1,1,0,0,0,0,682252.9035,5345962598,11.454737903,48.240662761,0,1,#66c2a5,bicycle
9283,166868,"9,20070800111341E+018",9,1,75,135,2020,7,19,4,3,0,1,0,1,0,0,0,0,0,708707.3782,5339678.6321,11.807542302,48.176040333,0,1,#66c2a5,bicycle
9284,166875,"9,20070700858228E+018",9,1,62,0,2020,7,22,3,3,6,7,2,1,0,1,0,0,0,690815.9165,5335685.2947,11.565336363,48.145772963,0,1,#66c2a5,bicycle
9285,166877,"9,20070700858227E+018",9,1,62,0,2020,7,8,3,3,0,7,0,1,0,0,0,0,0,682674.7256,5338300.0243,11.457115292,48.171665799,0,1,#66c2a5,bicycle
9286,166878,"9,20071000110727E+018",9,1,78,124,2020,7,15,6,3,0,1,0,0,0,0,1,0,0,704374483,5364985286,11.761570594,48.404862038,0,4,#e78ac3,marker
9287,166883,"9,20070700858227E+018",9,1,62,0,2020,7,17,3,3,6,4,0,0,1,1,0,0,0,695675.7322,5331153.5314,11.628521075,48.103567532,0,2,#fc8d62,car
9288,166886,"9,20070700858227E+018",9,1,62,0,2020,7,14,3,3,5,3,0,1,0,0,0,0,0,690777.7311,5339109243,11.566359073,48.176558532,0,1,#66c2a5,bicycle
9289,166888,"9,20070700858227E+018",9,1,62,0,2020,7,16,3,3,5,3,0,0,1,0,1,0,0,692001189,5340936704,11.583625702,48.192614817,0,2,#fc8d62,car
9290,166890,"9,20070700858226E+018",9,1,62,0,2020,7,17,3,3,0,1,0,1,0,0,0,0,0,685546.9389,5329495.9468,11.4918771,48.091698816,0,1,#66c2a5,bicycle
9291,166891,"9,20070900858227E+018",9,1,84,138,2020,7,14,5,3,0,3,0,1,1,0,0,0,0,679933.8013,5330715.9633,11.417078119,48.104274981,0,1,#66c2a5,bicycle
9292,166896,"9,20070700858224E+018",9,1,62,0,2020,7,10,3,3,0,7,0,1,0,0,0,0,0,693952.6917,5335083.7007,11.607188354,48.139417488,0,1,#66c2a5,bicycle
9293,166899,"9,20070900857128E+018",9,1,62,0,2020,7,17,5,3,4,6,0,1,0,0,0,0,0,692348.0641,5335523.7409,11.585839955,48.143859555,0,1,#66c2a5,bicycle
9294,166901,"9,20070700858224E+018",9,1,62,0,2020,7,17,3,3,3,5,0,1,1,0,0,0,0,692227.9442,5332687913,11.582947468,48.118407938,0,1,#66c2a5,bicycle
9295,166902,"9,20070900858226E+018",9,1,62,0,2020,7,19,5,3,4,6,0,1,1,0,0,0,0,690861.4244,5340191.0609,11.567969662,48.186256625,0,1,#66c2a5,bicycle
9296,166907,"9,20070700857127E+018",9,1,62,0,2020,7,14,3,2,6,4,0,0,1,1,0,0,0,697932.2736,5333278.4397,11.659785706,48.121967713,0,2,#fc8d62,car
9297,166912,"9,20070700857126E+018",9,1,62,0,2020,7,14,3,3,5,7,0,1,1,0,0,0,0,691826.4058,5335668.8357,11.578899766,48.145321142,0,1,#66c2a5,bicycle
9298,166914,"9,20070700857126E+018",9,1,62,0,2020,7,18,3,3,2,6,0,0,1,0,0,0,0,691202.4043,5335823.03,11.570588758,48.146894871,0,2,#fc8d62,car
9299,166916,"9,20070700854326E+018",9,1,62,0,2020,7,15,3,3,5,7,0,1,0,0,0,0,1,690243.5165,5343812.6267,11.561287859,48.218992146,0,1,#66c2a5,bicycle
9300,166918,"9,20070700854226E+018",9,1,62,0,2020,7,7,3,3,5,7,0,1,0,0,0,0,0,686252.4534,5336319.1368,11.504323867,48.152822608,0,1,#66c2a5,bicycle
9301,166920,"9,20070700854126E+018",9,1,62,0,2020,7,7,3,3,4,2,0,1,1,0,0,0,0,686256276,5331802.8199,11.502400836,48.112227112,0,1,#66c2a5,bicycle
9302,166925,"9,20070700852226E+018",9,1,62,0,2020,7,18,3,3,0,7,0,1,0,0,0,0,0,695885.4051,5338458.8678,11.634693888,48.169159533,0,1,#66c2a5,bicycle
9303,166926,"9,20070900161926E+018",9,1,73,120,2020,7,10,5,3,3,2,0,1,1,0,0,0,0,690756.1947,5311808.2017,11.553898523,47.931180193,0,1,#66c2a5,bicycle
9304,166927,"9,20070700852226E+018",9,1,62,0,2020,7,17,3,3,1,7,0,1,1,0,0,0,0,695971.4367,5338646.6331,11.635936298,48.170820535,0,1,#66c2a5,bicycle
9305,166928,"9,20070900858229E+018",9,1,62,0,2020,7,7,5,3,6,4,0,1,0,1,0,0,0,692662.1029,5334798432,11.589729158,48.137245629,0,1,#66c2a5,bicycle
9306,166930,"9,20070900160926E+018",9,1,73,126,2020,7,15,5,3,2,6,0,0,1,0,0,0,0,685150.7896,5304442.8415,11.475765026,47.86661732,0,2,#fc8d62,car
9307,166935,"9,20070900141325E+018",9,1,63,0,2020,7,17,5,3,2,6,0,0,1,0,0,0,0,733810.0484,5303960.1434,12.125260111,47.84641877,0,2,#fc8d62,car
9308,166936,"9,20070700852126E+018",9,1,62,0,2020,7,15,3,3,0,1,0,1,0,0,0,0,0,693355.3862,5333173002,11.598300683,48.122426451,0,1,#66c2a5,bicycle
9309,166938,"9,20070700851527E+018",9,1,62,0,2020,7,15,3,3,6,7,0,0,1,1,0,0,0,687349.3987,5331815.6326,11.517078195,48.112021671,0,2,#fc8d62,car
9310,166939,"9,20070900858227E+018",9,1,62,0,2020,7,10,5,3,1,5,0,1,1,0,0,0,0,683862725,5336675.3084,11.472377048,48.156719421,0,1,#66c2a5,bicycle
9311,166944,"9,20070700851325E+018",9,1,62,0,2020,7,20,3,3,0,1,0,1,0,0,0,0,0,692622.8183,5338095.5061,11.590693856,48.166890784,0,1,#66c2a5,bicycle
9312,166946,"9,20070900131326E+018",9,1,86,143,2020,7,16,5,3,0,7,0,0,0,0,0,0,1,684629.0327,5376923.2442,11.500309235,48.51825152,0,6,#ffd92f,circle
9313,166947,"9,20070700851126E+018",9,1,62,0,2020,7,13,3,3,1,5,0,1,1,0,0,0,0,690242.2086,5333348.3118,11.556587731,48.124939974,0,1,#66c2a5,bicycle
9314,166950,"9,20070900858225E+018",9,1,62,0,2020,7,16,5,2,6,4,0,0,1,1,0,0,0,691877342,5331775092,11.577830728,48.110309346,0,2,#fc8d62,car
9315,166951,"9,20070900121926E+018",9,1,88,137,2020,7,11,5,3,1,1,0,0,1,0,0,0,0,672294692,5315392973,11.308384682,47.968636268,0,2,#fc8d62,car
9316,166952,"9,20070900121731E+018",9,1,79,126,2020,7,19,5,3,8,1,1,0,1,0,0,0,0,676446.8865,5340727.7099,11.374430245,48.195248184,0,2,#fc8d62,car
9317,166953,"9,20070900853224E+018",9,1,84,139,2020,7,9,5,3,5,3,0,1,0,0,0,0,0,687876.0961,5326213.7565,11.521683298,48.06151508,0,1,#66c2a5,bicycle
9318,166954,"9,20070900121727E+018",9,1,79,142,2020,7,7,5,3,4,6,0,1,0,0,1,0,0,674622329,5341053283,11.350032795,48.198679191,0,1,#66c2a5,bicycle
9319,166955,"9,20070900121526E+018",9,1,81,130,2020,7,15,5,3,0,1,0,1,0,0,0,0,0,639785.0644,5324124.6925,10.875940399,48.055081536,0,1,#66c2a5,bicycle
9320,166958,"9,20070900120926E+018",9,1,79,118,2020,7,17,5,3,0,1,0,1,0,0,0,0,0,672392.1739,5336883.1042,11.318353664,48.161800673,0,1,#66c2a5,bicycle
9321,166959,"9,20070900120326E+018",9,1,81,144,2020,7,19,5,3,5,3,0,1,1,0,0,0,0,655548.1345,5321569.3376,11.086417165,48.028458443,0,1,#66c2a5,bicycle
9322,166960,"9,20070900852526E+018",9,1,62,0,2020,7,11,5,3,0,1,0,1,0,0,0,0,0,699481.7206,5334972.2007,11.681376264,48.136706205,0,1,#66c2a5,bicycle
9323,166961,"9,20070900120124E+018",9,1,74,115,2020,7,17,5,2,0,1,0,1,0,0,0,0,0,681277.3397,5345949.6013,11.441605036,48.240825606,0,1,#66c2a5,bicycle
9324,166962,"9,20070900111327E+018",9,1,75,132,2020,7,16,5,3,8,7,0,1,0,0,0,0,0,706289.4912,5331513.9437,11.771101963,48.103458472,0,1,#66c2a5,bicycle
9325,166963,"9,20070900110926E+018",9,1,78,143,2020,7,14,5,3,0,1,0,1,0,0,0,0,0,717013.2643,5373396.8729,11.936480031,48.476214251,0,1,#66c2a5,bicycle
9326,166964,"9,20070900852227E+018",9,1,62,0,2020,7,12,5,3,0,7,0,1,0,0,0,0,0,696895.3319,5337739.2586,11.647929421,48.162380167,0,1,#66c2a5,bicycle
9327,166965,"9,20070900857126E+018",9,1,62,0,2020,7,19,5,3,1,5,0,1,1,0,0,0,0,691281.5932,5338872.6629,11.573023526,48.174280729,0,1,#66c2a5,bicycle
9328,166966,"9,20070900110925E+018",9,1,78,155,2020,7,18,5,2,8,1,0,1,0,0,0,0,0,720242734,5375191346,11.98106345,48.491213638,0,1,#66c2a5,bicycle
9329,166968,"9,20070900110328E+018",9,1,75,112,2020,7,11,5,3,0,6,0,1,0,0,0,0,0,720881937,5320462.4201,11.961157045,47.999268713,0,1,#66c2a5,bicycle
9330,166970,"9,2007080085823E+018",9,1,62,0,2020,7,18,4,3,4,6,0,1,0,0,0,0,0,691138.5422,5333077.5842,11.568499276,48.122238214,0,1,#66c2a5,bicycle
9331,166972,"9,2007080085823E+018",9,1,62,0,2020,7,16,4,3,3,6,0,1,0,0,0,0,1,691166.3548,5333045.3003,11.568858153,48.121939698,0,1,#66c2a5,bicycle
9332,166973,"9,20070800858229E+018",9,1,62,0,2020,7,18,4,3,0,7,0,1,0,0,0,0,0,692974.2299,5336404.4709,11.59464814,48.151585694,0,1,#66c2a5,bicycle
9333,166974,"9,20070900852225E+018",9,1,62,0,2020,7,21,5,3,3,6,1,1,0,0,0,0,0,693368.3121,5336109.1244,11.599806974,48.14881153,0,1,#66c2a5,bicycle
9334,166975,"9,20070800858227E+018",9,1,62,0,2020,7,17,4,3,3,2,0,1,0,0,0,0,0,689531232,5334995488,11.547775758,48.13995698,0,1,#66c2a5,bicycle
9335,166976,"9,20070800858227E+018",9,1,62,0,2020,7,8,4,3,0,3,0,0,1,0,1,0,0,691400.7334,5340379.1737,11.575303026,48.187785087,0,2,#fc8d62,car
9336,166978,"9,20070800858227E+018",9,1,62,0,2020,7,6,4,2,4,3,0,1,0,0,0,0,0,692897367,5338559.6011,11.594593025,48.170978676,0,1,#66c2a5,bicycle
9337,166980,"9,20070800858227E+018",9,1,62,0,2020,7,17,4,3,5,2,0,1,0,0,0,0,1,682854.4235,5336584.1402,11.458792364,48.156190674,0,1,#66c2a5,bicycle
9338,166982,"9,20071000120126E+018",9,1,74,126,2020,7,14,6,3,2,6,0,0,1,0,0,0,0,683015643,5344703062,11.464457203,48.229121742,0,2,#fc8d62,car
9339,166983,"9,20070800858227E+018",9,1,62,0,2020,7,11,4,3,1,5,0,1,0,0,0,1,0,681719446,5335489.6016,11.443077752,48.146677472,0,1,#66c2a5,bicycle
9340,166984,"9,20070800858226E+018",9,1,62,0,2020,7,11,4,3,0,7,0,1,0,0,0,0,0,688898.2017,5332615.2293,11.538219782,48.118751121,0,1,#66c2a5,bicycle
9341,166985,"9,20070900851527E+018",9,1,62,0,2020,7,7,5,3,5,3,0,1,1,0,0,0,0,688491935,5333255.4341,11.533049392,48.124625796,0,1,#66c2a5,bicycle
9342,166986,"9,20070800858226E+018",9,1,62,0,2020,7,16,4,3,5,3,0,1,1,0,0,0,0,692225.6276,5335538.2532,11.584202263,48.144026993,0,1,#66c2a5,bicycle
9343,166987,"9,20070800858226E+018",9,1,62,0,2020,7,16,4,3,5,3,0,1,1,0,0,0,0,687758.9664,5332397.8199,11.522831611,48.117133925,0,1,#66c2a5,bicycle
9344,166990,"9,20070800858225E+018",9,1,62,0,2020,7,15,4,3,0,1,0,1,0,0,0,0,0,691598.2807,5330027052,11.573300721,48.094682072,0,1,#66c2a5,bicycle
9345,166992,"9,20070900858227E+018",9,1,62,0,2020,7,19,5,3,2,6,0,0,1,0,0,0,0,691601.2985,5332820.4388,11.574595676,48.119787928,0,2,#fc8d62,car
9346,166993,"9,20070800857127E+018",9,1,62,0,2020,7,16,4,3,3,6,0,1,1,0,0,0,0,692802.2886,5337661.8641,11.592908512,48.162938933,0,1,#66c2a5,bicycle
9347,166994,"9,20070800857126E+018",9,1,62,0,2020,7,12,4,3,2,6,0,0,1,0,0,0,0,691387.3454,5337980.0597,11.574042778,48.166226327,0,2,#fc8d62,car
9348,166995,"9,20070800857126E+018",9,1,62,0,2020,7,14,4,2,6,4,0,0,0,1,0,0,1,693787.1173,5333155996,11.604088327,48.12214235,0,3,#8da0cb,toilet
9349,166996,"9,20070700710727E+018",9,7,61,0,2020,7,16,3,3,0,5,0,1,1,0,0,0,0,643849.8996,5357296.3099,10.941704133,48.352448201,0,1,#66c2a5,bicycle
9350,166997,"9,20070900858227E+018",9,1,62,0,2020,7,19,5,3,0,1,0,1,0,0,0,0,0,691682.8964,5330068.5867,11.574454628,48.09502994,0,1,#66c2a5,bicycle
9351,166998,"9,20070800857126E+018",9,1,84,146,2020,7,8,4,3,5,3,0,1,0,0,0,0,0,698982.2122,5327690.5571,11.671274218,48.071420841,0,1,#66c2a5,bicycle
9352,166999,"9,20070800854426E+018",9,1,62,0,2020,7,11,4,3,0,7,0,0,0,0,0,0,1,687889473,5338203085,11.527144995,48.16927437,0,6,#ffd92f,circle
9353,167000,"9,20070800854226E+018",9,1,62,0,2020,7,15,4,3,5,2,0,1,1,0,0,0,0,688286.5657,5336357.4921,11.531663671,48.152568426,0,1,#66c2a5,bicycle
9354,167001,"9,20070800854125E+018",9,1,62,0,2020,7,8,4,3,5,2,0,1,1,0,0,0,0,686222.6169,5333275.7621,11.502592389,48.125476363,0,1,#66c2a5,bicycle
9355,167002,"9,20070700710626E+018",9,7,61,0,2020,7,14,3,3,5,3,0,1,1,0,0,0,0,640807.8135,5354532.7606,10.899741537,48.328284821,0,1,#66c2a5,bicycle
9356,167003,"9,20070900730126E+018",9,7,73,125,2020,7,17,5,2,5,6,0,0,0,0,1,0,1,615025.39,5378966.5256,10.558750193,48.553240408,1,4,#e78ac3,marker
9357,167004,"9,20070800853126E+018",9,1,84,148,2020,7,17,4,3,5,3,0,1,1,0,0,0,0,694258.9243,5325753.4852,11.607054554,48.055466949,0,1,#66c2a5,bicycle
9358,167005,"9,20070900851525E+018",9,1,62,0,2020,7,15,5,3,0,7,0,1,0,0,0,0,0,690064104,5331929.71,11.553564367,48.112242704,0,1,#66c2a5,bicycle
9359,167006,"9,20070900858224E+018",9,1,62,0,2020,7,14,5,2,4,2,0,0,1,0,1,0,0,688490.7493,5335907.9358,11.534207217,48.148467272,0,2,#fc8d62,car
9360,167007,"9,20070800852229E+018",9,1,84,149,2020,7,16,4,3,0,7,0,1,0,1,0,0,0,690352.8862,5350319.5113,11.565684305,48.277441771,0,1,#66c2a5,bicycle
9361,167008,"9,2007090085143E+018",9,1,62,0,2020,7,15,5,3,6,4,0,1,0,1,0,0,0,689379.1403,5334506603,11.54551599,48.135608127,0,1,#66c2a5,bicycle
9362,167009,"9,20070800852227E+018",9,1,62,0,2020,7,19,4,3,0,1,0,1,0,0,0,0,0,693107.6675,5335302012,11.595940315,48.141636615,0,1,#66c2a5,bicycle
9363,167010,"9,20070800852127E+018",9,1,62,0,2020,7,18,4,3,1,6,0,1,1,0,0,0,0,692545.2849,5333486.2266,11.587567602,48.125487155,0,1,#66c2a5,bicycle
9364,167011,"9,20070800852126E+018",9,1,62,0,2020,7,16,4,3,4,6,0,1,0,0,0,0,1,693989.3355,5332957.3601,11.606712412,48.120295496,0,1,#66c2a5,bicycle
9365,167012,"9,20070700710626E+018",9,7,61,0,2020,7,20,3,3,0,7,0,1,0,0,0,0,0,640607389,5354180.5905,10.896921529,48.325162819,0,1,#66c2a5,bicycle
9366,167013,"9,2007090071504E+018",9,7,61,0,2020,7,12,5,3,0,3,0,1,1,0,0,0,0,639390.9559,5360087.8702,10.882476162,48.378549173,0,1,#66c2a5,bicycle
9367,167014,"9,20070800851326E+018",9,1,62,0,2020,7,8,4,3,2,6,0,1,0,0,0,0,0,690716.1863,5337222.6062,11.564685879,48.159620109,0,1,#66c2a5,bicycle
9368,167016,"9,20070900854826E+018",9,1,84,119,2020,7,7,5,3,0,3,0,0,0,0,1,0,1,694457.8706,5347924.3426,11.619852998,48.254668351,0,4,#e78ac3,marker
9369,167025,"9,20070900851126E+018",9,1,62,0,2020,7,19,5,3,5,6,0,1,0,0,0,0,0,691879.8268,5334635.7338,11.579151728,48.136019679,0,1,#66c2a5,bicycle
9370,167031,"9,20070800712328E+018",9,7,72,184,2020,7,18,4,3,0,3,0,0,1,0,0,0,1,635596.8112,5359841.8006,10.831184421,48.37716335,0,2,#fc8d62,car
9371,167033,"9,20070800712326E+018",9,7,72,184,2020,7,15,4,2,0,1,0,1,0,0,0,0,0,633979.3084,5360027.4464,10.80941122,48.379178233,0,1,#66c2a5,bicycle
9372,167035,"9,20071000110727E+018",9,1,78,124,2020,7,11,6,3,6,1,0,1,0,1,0,0,0,703746.0156,5363842.8947,11.752534453,48.394799735,0,1,#66c2a5,bicycle
9373,167036,"9,20070800711342E+018",9,7,61,0,2020,7,15,4,3,6,4,0,0,0,1,0,1,0,638468.5478,5359328.7693,10.869775924,48.371926601,0,3,#8da0cb,toilet
9374,167037,"9,20070800710424E+018",9,7,61,0,2020,7,18,4,3,0,1,0,1,0,0,0,0,0,640529.5844,5359360.4063,10.89760144,48.371755489,0,1,#66c2a5,bicycle
9375,167046,"9,20070900858227E+018",9,1,62,0,2020,7,7,5,3,6,4,0,0,1,1,0,0,0,693778.0104,5340994.7179,11.607536037,48.192596611,0,2,#fc8d62,car
9376,167053,"9,20070900712326E+018",9,7,72,184,2020,7,17,5,3,2,6,0,0,1,0,0,0,0,634968.6624,5362159.8421,10.823450706,48.3981419,0,2,#fc8d62,car
9377,167055,"9,20070900857127E+018",9,1,62,0,2020,7,12,5,3,5,2,0,1,1,0,0,0,0,688286.5988,5336357.3685,11.531664061,48.152567305,0,1,#66c2a5,bicycle
9378,167056,"9,20070900711925E+018",9,7,72,125,2020,7,0,5,2,0,7,2,1,0,0,0,0,0,636196.2938,5347831.2666,10.835395861,48.26903494,0,1,#66c2a5,bicycle
9379,167058,"9,20070900858226E+018",9,1,62,0,2020,7,9,5,3,5,3,0,0,1,0,0,0,0,694580.2416,5329468.1051,11.613053018,48.088754997,0,2,#fc8d62,car
9380,167064,"9,20070900711327E+018",9,7,61,0,2020,7,16,5,3,3,2,0,0,1,0,0,0,1,639120928,5359109.9919,10.878507884,48.369815928,0,2,#fc8d62,car
9381,167083,"9,20070900858228E+018",9,1,84,136,2020,7,13,5,3,5,3,0,1,1,0,0,0,0,698198.4114,5326953.7895,11.660422187,48.065043274,0,1,#66c2a5,bicycle
9382,167090,"9,20070800141326E+018",9,1,63,0,2020,7,18,4,3,5,3,0,0,1,0,0,0,0,733326.9967,5305273.5276,12.119521511,47.858393792,0,2,#fc8d62,car
9383,167092,"9,20070800141326E+018",9,1,63,0,2020,7,14,4,3,4,2,0,1,1,0,0,0,0,732716.8145,5305238.2993,12.111357032,47.858298538,0,1,#66c2a5,bicycle
9384,167094,"9,20070900858227E+018",9,1,62,0,2020,7,22,5,3,0,7,2,1,0,0,0,0,0,691881.3553,5340401.4027,11.581773046,48.187839881,0,1,#66c2a5,bicycle
9385,167095,"9,20070800141326E+018",9,1,63,0,2020,7,14,4,3,2,6,0,0,1,0,1,0,0,733858.7283,5304049.9009,12.125958298,47.847207449,0,2,#fc8d62,car
9386,167098,"9,20070800140124E+018",9,1,87,117,2020,7,15,4,3,5,3,0,1,1,1,0,0,0,724006837,5305354148,11.995134851,47.862434583,0,1,#66c2a5,bicycle
9387,167100,"9,20070800121927E+018",9,1,88,139,2020,7,10,4,3,2,6,0,0,1,0,0,0,0,674943.3008,5319215.9929,11.345397225,48.002285538,0,2,#fc8d62,car
9388,167102,"9,2007090071013E+018",9,7,71,113,2020,7,5,5,3,5,3,0,1,1,0,0,0,0,656772.9025,5369456.2552,11.120563489,48.458695272,0,1,#66c2a5,bicycle
9389,167103,"9,20070800121926E+018",9,1,88,139,2020,7,9,4,3,5,3,0,0,1,0,0,0,0,670126.0423,5320837.8778,11.281511236,48.018166384,0,2,#fc8d62,car
9390,167105,"9,20070900858224E+018",9,1,62,0,2020,7,17,5,3,4,2,0,1,1,0,0,0,0,692437.1213,5338151.7345,11.588224401,48.16745239,0,1,#66c2a5,bicycle
9391,167106,"9,2007080012153E+018",9,1,81,121,2020,7,15,4,2,2,6,0,0,1,0,1,0,0,638971.1057,5312104.7955,10.861129696,47.94717133,0,2,#fc8d62,car
9392,167108,"9,20070800120536E+018",9,1,79,121,2020,7,16,4,2,5,3,0,0,0,0,1,0,1,665823.5776,5338454.2264,11.230701874,48.177672415,0,4,#e78ac3,marker
9393,167109,"9,20070800120529E+018",9,1,79,121,2020,7,12,4,3,5,7,0,1,1,0,0,0,0,667203.7208,5338919.7153,11.249436292,48.181495476,0,1,#66c2a5,bicycle
9394,167111,"9,20070900854326E+018",9,1,62,0,2020,7,20,5,3,3,2,0,1,1,0,0,0,0,688499.9665,5341637.7804,11.536871828,48.199964916,0,1,#66c2a5,bicycle
9395,167114,"9,20071000852725E+018",9,1,84,112,2020,7,2,6,2,0,7,2,1,0,0,0,0,0,703396.6021,5344674.2028,11.738580654,48.222655396,0,1,#66c2a5,bicycle
9396,167115,"9,20071200857126E+018",9,1,62,0,2020,7,14,1,3,1,7,0,0,1,0,0,1,0,694184.5821,5331307.2368,11.608581941,48.105405217,0,2,#fc8d62,car
9397,167116,"9,20071100141327E+018",9,1,63,0,2020,7,17,7,3,0,1,0,1,0,0,0,0,0,733718851,5303622232,12.123860518,47.843416117,1,1,#66c2a5,bicycle
9398,167118,"9,20071000715029E+018",9,7,61,0,2020,7,18,6,3,5,6,0,0,1,0,0,0,0,639224.3372,5360578.7714,10.880389859,48.383000017,0,2,#fc8d62,car
9399,167120,"9,20071200120126E+018",9,1,74,131,2020,7,17,1,3,0,1,0,1,0,0,0,0,0,672366.3905,5363355.7453,11.32880459,48.399779231,0,1,#66c2a5,bicycle
9400,167121,"9,20071000715025E+018",9,7,61,0,2020,7,13,6,3,1,5,0,1,1,0,0,0,0,640913.8515,5357673.9037,10.902222353,48.356505365,0,1,#66c2a5,bicycle
9401,167123,"9,20071000712526E+018",9,7,72,200,2020,7,10,6,3,4,2,0,0,1,0,0,0,0,631009.0742,5339815.6452,10.763048696,48.198048325,0,2,#fc8d62,car
9402,167125,"9,20071200161924E+018",9,1,73,147,2020,7,17,1,3,0,1,0,1,0,0,0,0,0,681007438,5309453999,11.42251458,47.912845077,0,1,#66c2a5,bicycle
9403,167129,"9,20071100858227E+018",9,1,62,0,2020,7,12,7,3,3,6,0,0,1,0,1,0,0,691961.0006,5334479.8407,11.58017143,48.134594057,1,2,#fc8d62,car
9404,167130,"9,20071000711926E+018",9,7,72,163,2020,7,20,6,3,2,6,1,0,1,0,0,0,0,640444.1036,5349294.5789,10.893094028,48.281265133,0,2,#fc8d62,car
9405,167133,"9,20071000711924E+018",9,7,72,163,2020,7,13,6,3,1,5,0,0,1,0,0,0,0,640388.6985,5350120.7615,10.892622168,48.288706311,0,2,#fc8d62,car
9406,167137,"9,20071000711325E+018",9,7,72,202,2020,7,14,6,3,5,3,0,1,0,0,0,0,0,636703562,5357099833,10.845231527,48.352268927,0,1,#66c2a5,bicycle
9407,167138,"9,20071000852126E+018",9,1,62,0,2020,7,17,6,3,0,1,0,1,0,0,0,0,0,692966.7496,5334391.5196,11.593635494,48.133496098,0,1,#66c2a5,bicycle
9408,167139,"9,20071200858229E+018",9,1,62,0,2020,7,18,1,3,3,2,0,1,1,0,0,0,0,686649.3453,5338265.7102,11.510509229,48.170202622,0,1,#66c2a5,bicycle
9409,167141,"9,20071000711124E+018",9,7,61,0,2020,7,12,6,3,5,3,0,1,1,0,0,0,0,639143.9364,5362950.9,10.880090486,48.404347274,0,1,#66c2a5,bicycle
9410,167142,"9,20071100851231E+018",9,1,62,0,2020,7,19,7,3,0,7,0,1,0,0,0,0,0,692819.0318,5335357.2144,11.592089312,48.142220296,0,1,#66c2a5,bicycle
9411,167143,"9,20071000710725E+018",9,7,61,0,2020,7,17,6,3,0,5,0,1,1,0,0,0,0,641797.7657,5360273.61,10.915024091,48.379682953,0,1,#66c2a5,bicycle
9412,167144,"9,20071300120542E+018",9,1,79,121,2020,7,11,2,3,5,3,0,1,0,0,0,1,0,667807.7684,5338607.9422,11.257433051,48.178533408,0,1,#66c2a5,bicycle
9413,167146,"9,20071000710626E+018",9,7,61,0,2020,7,10,6,3,3,7,0,1,1,0,0,0,0,639292.4497,5357170.2122,10.880180371,48.352336047,0,1,#66c2a5,bicycle
9414,167149,"9,2007110071113E+018",9,7,61,0,2020,7,18,7,3,6,4,0,0,1,1,0,0,0,639312599,5360308.7659,10.881491764,48.380552715,0,2,#fc8d62,car
9415,167150,"9,20071000710428E+018",9,7,61,0,2020,7,22,6,3,0,7,2,0,1,1,0,0,0,639432.4664,5360022.7252,10.883014837,48.377954235,0,2,#fc8d62,car