fid,OBJECTID,UIDENTSTLA,ULAND,UREGBEZ,UKREIS,UGEMEINDE,UJAHR,UMONAT,USTUNDE,UWOCHENTAG,UKATEGORIE,UART,UTYP1,ULICHTVERH,IstRad,IstPKW,IstFuss,IstKrad,IstGkfz,IstSonstig,LINREFX,LINREFY,XGCSWGS84,YGCSWGS84,STRZUSTAND,Teilnehmer,color,symbol
9416,167151,"9,20071000851428E+018",9,1,62,0,2020,7,17,6,3,5,3,0,1,1,0,0,0,0,688143509,5339841.0131,11.531283401,48.183921126,0,1,#66c2a5,bicycle
9417,167152,"9,20071200858225E+018",9,1,62,0,2020,7,21,1,3,2,6,2,0,1,0,0,0,0,682630.8571,5337630.6939,11.456238308,48.165662033,0,2,#fc8d62,car
9418,167157,"9,20071200121926E+018",9,1,88,139,2020,7,18,1,3,0,7,0,0,1,0,1,0,0,674397.3803,5317987.7601,11.337585526,47.991393251,0,2,#fc8d62,car
9419,167162,"9,20071000851427E+018",9,1,62,0,2020,7,19,6,3,1,6,1,0,1,0,0,0,0,689060.3991,5334935.4311,11.541426387,48.139557253,1,2,#fc8d62,car
9420,167163,"9,20071200854425E+018",9,1,62,0,2020,7,14,1,3,0,1,0,1,0,0,0,0,0,684112.0677,5339035.9,11.476748709,48.177865485,0,1,#66c2a5,bicycle
9421,167168,"9,20071200110531E+018",9,1,77,117,2020,7,15,1,3,0,3,0,1,0,0,0,0,0,716089.7525,5354863.4479,11.914466877,48.310011654,0,1,#66c2a5,bicycle
9422,167176,"9,20071000858226E+018",9,1,62,0,2020,7,14,6,3,0,1,0,1,0,0,0,0,0,682982.2493,5341831.9308,11.462769214,48.203324151,0,1,#66c2a5,bicycle
9423,167178,"9,20071300141327E+018",9,1,63,0,2020,7,7,2,3,1,1,0,1,1,0,0,0,0,731422.7436,5304419.6758,12.093643899,47.851411086,0,1,#66c2a5,bicycle
9424,167179,"9,20071100857127E+018",9,1,62,0,2020,7,18,7,3,5,3,0,1,1,0,0,0,0,689197.4101,5342151.1966,11.546477422,48.204372059,0,1,#66c2a5,bicycle
9425,167181,"9,20071300121927E+018",9,1,88,141,2020,7,14,2,3,0,1,0,1,0,0,0,0,0,669527.6344,5307841.5365,11.268369532,47.901486052,0,1,#66c2a5,bicycle
9426,167191,"9,2007130011133E+018",9,1,75,132,2020,7,9,2,3,1,5,0,1,1,0,0,0,0,707573551,5331301238,11.788226269,48.10112999,0,1,#66c2a5,bicycle
9427,167194,"9,2007120071253E+018",9,7,72,168,2020,7,14,1,3,2,6,0,0,1,0,0,0,0,618919.4425,5347682032,10.602630671,48.271172693,0,2,#fc8d62,car
9428,167196,"9,2007110071043E+018",9,7,61,0,2020,7,16,7,3,0,7,0,0,0,0,0,0,1,640243.5457,5358540.4886,10.893467777,48.364446674,0,6,#ffd92f,circle
9429,167198,"9,20071000851326E+018",9,1,62,0,2020,7,13,6,3,5,2,0,1,0,0,0,0,0,692344.5788,5337784.4214,11.586814923,48.164179081,0,1,#66c2a5,bicycle
9430,167199,"9,20071200857127E+018",9,1,62,0,2020,7,0,1,3,1,5,2,0,1,0,0,0,0,687494883,5333451.1052,11.519750056,48.126678965,0,2,#fc8d62,car
9431,167203,"9,20071200858227E+018",9,1,62,0,2020,7,3,1,3,0,7,2,0,1,0,0,0,0,687327483,5333854.0785,11.517679755,48.130350288,0,2,#fc8d62,car
9432,167206,"9,20071000858226E+018",9,1,84,144,2020,7,13,6,2,0,1,0,1,0,0,0,0,0,685644.6711,5318830.8022,11.488563615,47.995805573,0,1,#66c2a5,bicycle
9433,167211,"9,20071200852527E+018",9,1,62,0,2020,7,17,1,3,5,3,0,1,1,0,0,0,0,698461.4567,5332308.7502,11.666437509,48.113088151,0,1,#66c2a5,bicycle
9434,167212,"9,20071100120124E+018",9,1,74,141,2020,7,15,7,3,8,1,0,0,0,0,1,0,0,684746076,5357733.8475,11.493434538,48.345743755,0,4,#e78ac3,marker
9435,167213,"9,20071000858226E+018",9,1,62,0,2020,7,13,6,3,1,7,0,1,1,0,0,0,0,690557.5056,5337700.2254,11.562768169,48.163960488,0,1,#66c2a5,bicycle
9436,167215,"9,20071100210925E+018",9,2,61,0,2020,7,14,7,3,0,6,0,0,1,0,1,0,0,733030.7472,5381035.5558,12.157151264,48.539100494,0,2,#fc8d62,car
9437,167216,"9,20071000858224E+018",9,1,62,0,2020,7,13,6,3,4,6,0,1,0,0,0,0,1,683177.6238,5338062.2737,11.463770747,48.169384019,0,1,#66c2a5,bicycle
9438,167220,"9,20071200120126E+018",9,1,74,141,2020,7,14,1,2,0,7,0,0,0,0,1,0,0,680810.2041,5353147.6897,11.438397486,48.305659805,0,4,#e78ac3,marker
9439,167225,"9,20071000857126E+018",9,1,62,0,2020,7,8,6,3,2,6,0,0,1,0,1,0,0,686932.7636,5330552.4382,11.510932755,48.100790033,0,2,#fc8d62,car
9440,167227,"9,20071300141326E+018",9,1,63,0,2020,7,6,2,3,1,5,0,0,1,0,1,0,0,732991.6859,5304943106,12.114867368,47.8555469,0,2,#fc8d62,car
9441,167228,"9,2007110085223E+018",9,1,62,0,2020,7,13,7,3,3,7,0,1,0,0,0,0,1,691958286,5334607.7839,11.580192633,48.135744809,0,1,#66c2a5,bicycle
9442,167230,"9,20071300121526E+018",9,1,81,130,2020,7,11,2,3,5,3,0,0,1,0,1,0,0,639101.7549,5324778.1483,10.866987831,48.061106939,0,2,#fc8d62,car
9443,167232,"9,20071100858227E+018",9,1,62,0,2020,7,16,7,3,6,7,0,1,1,1,0,0,0,688652.1313,5332952299,11.53506585,48.121853715,0,1,#66c2a5,bicycle
9444,167238,"9,20071000857125E+018",9,1,84,138,2020,7,13,6,3,0,7,0,0,1,0,0,0,0,680067666,5330687.0884,11.418862498,48.103977602,0,2,#fc8d62,car
9445,167243,"9,20071300110926E+018",9,1,78,143,2020,7,9,2,3,5,3,0,1,0,0,0,1,0,716453.2814,5371611.1771,11.927989124,48.460363306,0,1,#66c2a5,bicycle
9446,167246,"9,2007120071073E+018",9,7,61,0,2020,7,22,1,2,5,3,2,1,0,0,0,0,0,641521.6593,5360222.0501,10.911279985,48.379281342,0,1,#66c2a5,bicycle
9447,167251,"9,20071100711326E+018",9,7,61,0,2020,7,11,7,3,5,3,0,1,1,0,0,0,0,638067.4908,5358232.1721,10.864003348,48.362154042,1,1,#66c2a5,bicycle
9448,167254,"9,20071200858225E+018",9,1,62,0,2020,7,18,1,3,3,2,0,1,1,0,0,0,0,692682.9622,5334189.4555,11.589733814,48.13176597,0,1,#66c2a5,bicycle
9449,167256,"9,20071000854727E+018",9,1,62,0,2020,7,22,6,3,1,7,2,1,1,0,0,0,0,691111.7661,5339701.1707,11.571114039,48.181778315,1,1,#66c2a5,bicycle
9450,167258,"9,20071000854726E+018",9,1,62,0,2020,7,12,6,3,0,7,0,0,1,0,0,0,1,692582.9183,5340851931,11.591406887,48.191676784,0,2,#fc8d62,car
9451,167260,"9,20071200121926E+018",9,1,88,139,2020,7,21,1,2,0,1,2,0,0,0,1,0,0,670182987,5320625.1075,11.282189817,48.016238412,1,4,#e78ac3,marker
9452,167266,"9,20071200857126E+018",9,1,62,0,2020,7,20,1,3,5,2,0,1,0,0,0,0,1,688406.81,5336411145,11.533302565,48.153015057,0,1,#66c2a5,bicycle
9453,167271,"9,20071200110727E+018",9,1,78,157,2020,7,10,1,3,0,1,0,1,0,0,0,0,0,704463.7745,5369839.7985,11.765142928,48.448455914,0,1,#66c2a5,bicycle
9454,167276,"9,20071000854526E+018",9,1,62,0,2020,7,15,6,3,0,1,0,1,0,0,0,0,0,682773195,5335881806,11.457399515,48.149900982,0,1,#66c2a5,bicycle
9455,167278,"9,20071200851129E+018",9,1,62,0,2020,7,3,1,3,0,1,2,1,0,0,0,0,0,691509.4524,5335141.1761,11.574405822,48.140674098,0,1,#66c2a5,bicycle
9456,167279,"9,20071000858226E+018",9,1,62,0,2020,7,1,6,3,0,7,2,1,0,0,0,0,0,689817.6082,5336698.9132,11.552380946,48.155182034,0,1,#66c2a5,bicycle
9457,167282,"9,20071100858226E+018",9,1,62,0,2020,7,19,7,3,5,7,0,0,1,0,0,0,0,688283.0908,5335731818,11.531340238,48.146945796,0,2,#fc8d62,car
9458,167283,"9,20071000215029E+018",9,2,74,114,2020,7,8,6,2,0,1,0,1,0,0,0,0,0,734595.5011,5371726.51,12.173089115,48.454898358,0,1,#66c2a5,bicycle
9459,167294,"9,20071000210928E+018",9,2,61,0,2020,7,14,6,3,6,4,0,1,0,1,0,0,0,733695.1893,5381792.6997,12.166563607,48.545654537,0,1,#66c2a5,bicycle
9460,167295,"9,20071300120127E+018",9,1,74,150,2020,7,16,2,3,5,3,0,1,1,0,0,0,0,681742355,5359799655,11.453825644,48.365183284,0,1,#66c2a5,bicycle
9461,167298,"9,20071200715029E+018",9,7,61,0,2020,7,14,1,3,0,1,0,1,0,0,0,0,0,634568.5392,5353609.0242,10.815312972,48.321337672,0,1,#66c2a5,bicycle
9462,167299,"9,20071000854327E+018",9,1,62,0,2020,7,11,6,3,5,3,0,1,1,0,0,0,0,690701946,5339078861,11.565327034,48.176308208,0,1,#66c2a5,bicycle
9463,167301,"9,20071100710626E+018",9,7,61,0,2020,7,14,7,3,0,1,0,1,0,0,0,0,0,638715.2717,5356152.9248,10.872058745,48.343315815,0,1,#66c2a5,bicycle
9464,167304,"9,20071200857127E+018",9,1,62,0,2020,7,0,1,2,5,3,2,1,1,0,0,0,0,684905.8693,5343440141,11.489335027,48.217221998,1,1,#66c2a5,bicycle
9465,167307,"9,20071000740734E+018",9,7,62,0,2020,7,13,6,3,5,6,0,0,1,0,1,0,0,622214778,5305715929,10.635014706,47.893128893,0,2,#fc8d62,car
9466,167308,"9,20071200858227E+018",9,1,62,0,2020,7,16,1,3,0,1,0,1,0,0,0,0,0,692281.8261,5338362.2011,11.586233102,48.169391002,0,1,#66c2a5,bicycle
9467,167315,"9,20071200854127E+018",9,1,62,0,2020,7,17,1,3,6,4,0,0,1,1,0,0,0,686185.3436,5332687.2766,11.501834947,48.120197719,0,2,#fc8d62,car
9468,167319,"9,20071100858227E+018",9,1,62,0,2020,7,18,7,3,3,5,0,1,1,0,0,0,0,693396.3123,5333520.4279,11.599007687,48.12553659,0,1,#66c2a5,bicycle
9469,167322,"9,20071300210927E+018",9,2,61,0,2020,7,17,2,3,3,2,0,1,1,0,0,0,0,731460.8284,5381814.2496,12.136347535,48.546676351,0,1,#66c2a5,bicycle
9470,167323,"9,2007120012073E+018",9,1,88,127,2020,7,18,1,3,0,6,0,1,1,0,0,0,0,676062.7369,5329486.1591,11.364616649,48.094301431,0,1,#66c2a5,bicycle
9471,167324,"9,20071000141326E+018",9,1,63,0,2020,7,11,6,3,5,3,0,1,1,0,0,0,0,733394708,5305508663,12.120552295,47.860481673,0,1,#66c2a5,bicycle
9472,167326,"9,20071000141326E+018",9,1,63,0,2020,7,8,6,2,5,3,0,1,1,0,0,0,0,732228.6812,5305212.0825,12.104826672,47.858239573,0,1,#66c2a5,bicycle
9473,167328,"9,20071000858226E+018",9,1,62,0,2020,7,17,6,3,2,6,0,0,1,0,0,0,0,687347.2984,5334981.5158,11.518441647,48.140478171,0,2,#fc8d62,car
9474,167331,"9,20071100857127E+018",9,1,84,141,2020,7,2,7,3,9,1,2,0,1,0,0,0,0,698258.8515,5317985.5649,11.65708389,47.98442305,1,2,#fc8d62,car
9475,167332,"9,20071000141326E+018",9,1,63,0,2020,7,21,6,2,4,2,1,0,1,0,1,0,0,734362.9057,5304901.2311,12.133148272,47.854672175,1,2,#fc8d62,car
9476,167333,"9,20071300121727E+018",9,1,79,126,2020,7,8,2,3,3,3,0,1,0,0,0,0,0,676307.6716,5340614.2644,11.372511404,48.194267069,0,1,#66c2a5,bicycle
9477,167335,"9,2007100013133E+018",9,1,86,146,2020,7,14,6,3,8,1,0,0,0,0,1,0,0,682176335,5371703279,11.464849529,48.472050496,0,4,#e78ac3,marker
9478,167345,"9,20071300111328E+018",9,1,75,135,2020,7,17,2,3,5,3,0,1,1,0,0,0,0,708569.7782,5339898.2408,11.805801364,48.178058933,0,1,#66c2a5,bicycle
9479,167347,"9,20071000121736E+018",9,1,79,126,2020,7,15,6,3,6,7,0,0,1,1,0,0,0,675563.9999,5340524.0394,11.362475614,48.193662039,0,2,#fc8d62,car
9480,167348,"9,20071200711129E+018",9,7,61,0,2020,7,17,1,3,5,7,0,1,0,0,0,0,0,638693.7246,5360410.7191,10.873171834,48.38160581,0,1,#66c2a5,bicycle
9481,167351,"9,20071100712528E+018",9,7,72,200,2020,7,11,7,3,8,1,0,0,1,0,0,0,0,631739.1571,5336371.7395,10.771800954,48.166927625,0,2,#fc8d62,car
9482,167352,"9,20071000121527E+018",9,1,81,138,2020,7,13,6,2,4,6,0,1,1,0,0,0,0,639047354,5334711457,10.869495608,48.150441433,0,1,#66c2a5,bicycle
9483,167354,"9,20071200858226E+018",9,1,62,0,2020,7,14,1,3,3,1,0,1,1,0,0,0,0,691055.8067,5337730.9313,11.569476527,48.164086919,0,1,#66c2a5,bicycle
9484,167356,"9,20071000854226E+018",9,1,62,0,2020,7,13,6,3,4,6,0,1,0,0,0,0,0,689758025,5337401895,11.551894121,48.16151822,0,1,#66c2a5,bicycle
9485,167358,"9,20071000852828E+018",9,1,84,136,2020,7,10,6,3,5,3,0,1,0,0,0,0,0,699721662,5326741.8567,11.680746739,48.062663553,0,1,#66c2a5,bicycle
9486,167359,"9,20071200121926E+018",9,1,88,137,2020,7,15,1,3,0,1,0,1,0,0,0,0,0,671753.4534,5315253057,11.30108339,47.967523887,0,1,#66c2a5,bicycle
9487,167361,"9,20071000120927E+018",9,1,79,123,2020,7,18,6,3,0,7,0,1,0,0,0,0,0,674428157,5333696888,11.34440466,48.132603157,0,1,#66c2a5,bicycle
9488,167362,"9,20071200852434E+018",9,1,62,0,2020,7,16,1,3,5,3,0,1,1,0,0,0,0,695449.1668,5329904.0694,11.624908838,48.092407438,0,1,#66c2a5,bicycle
9489,167363,"9,20071000858227E+018",9,1,62,0,2020,7,6,6,3,5,2,0,1,1,0,0,0,0,691983.0257,5336203.3903,11.581244206,48.150078376,0,1,#66c2a5,bicycle
9490,167366,"9,20071500711927E+018",9,7,72,125,2020,7,5,4,3,0,1,0,0,0,0,0,0,1,635498878,5348188.55,10.826116884,48.272397288,0,6,#ffd92f,circle
9491,167369,"9,2007160011033E+018",9,1,75,122,2020,7,18,5,3,0,1,0,1,0,0,0,0,0,720742.2589,5324991.9493,11.961619248,48.040015364,1,1,#66c2a5,bicycle
9492,167388,"9,20071500711324E+018",9,7,61,0,2020,7,8,4,3,5,3,0,1,0,0,0,0,0,637511.4646,5359336.6555,10.856861848,48.372206785,0,1,#66c2a5,bicycle
9493,167402,"9,2007150012153E+018",9,1,81,130,2020,7,13,4,3,5,2,0,1,1,0,0,0,0,639238957,5324303.1217,10.868673665,48.056805425,0,1,#66c2a5,bicycle
9494,167403,"9,20071500710627E+018",9,7,61,0,2020,7,14,4,3,4,1,0,1,1,0,0,0,0,641097.4615,5351501.3777,10.902633099,48.300962871,0,1,#66c2a5,bicycle
9495,167408,"9,20071500120551E+018",9,1,79,121,2020,7,9,4,3,5,3,0,1,1,0,0,0,0,667755.6386,5338985.8077,11.256881516,48.181944152,0,1,#66c2a5,bicycle
9496,167413,"9,20071500120535E+018",9,1,79,121,2020,7,19,4,3,0,1,0,1,0,0,0,0,0,665740.9418,5337198.1113,11.229101382,48.166401377,0,1,#66c2a5,bicycle
9497,167417,"9,20071500858228E+018",9,1,62,0,2020,7,12,4,3,4,2,0,1,1,0,0,0,0,689578045,5333522032,11.547748743,48.126699508,0,1,#66c2a5,bicycle
9498,167419,"9,20071500110925E+018",9,1,78,143,2020,7,11,4,3,0,3,0,1,1,0,0,0,0,716590.4276,5371921.6714,11.930002484,48.463105811,0,1,#66c2a5,bicycle
9499,167421,"9,20071500110327E+018",9,1,75,115,2020,7,17,4,3,5,3,0,0,1,0,0,0,0,724116.6796,5329472.3799,12.009175645,48.07909528,0,2,#fc8d62,car
9500,167423,"9,2007140085823E+018",9,1,62,0,2020,7,17,3,3,1,5,0,1,1,0,0,0,0,693249.7804,5333329.4515,11.596953994,48.123864641,0,1,#66c2a5,bicycle
9501,167424,"9,20071400858229E+018",9,1,84,129,2020,7,15,3,2,0,7,0,1,0,0,0,0,0,699914.1333,5326344.9511,11.68314173,48.0590362,0,1,#66c2a5,bicycle
9502,167426,"9,20071400858229E+018",9,1,62,0,2020,7,22,3,3,2,6,2,0,1,0,0,0,0,693915.3072,5331193.0556,11.604916621,48.104461009,0,2,#fc8d62,car
9503,167429,"9,20071500854125E+018",9,1,62,0,2020,7,16,4,3,6,7,0,0,1,1,0,0,0,685817.2057,5335250.0245,11.498010693,48.14334032,0,2,#fc8d62,car
9504,167432,"9,20071400858228E+018",9,1,62,0,2020,7,9,3,2,0,7,0,1,0,0,0,0,0,690621.0288,5335760.5588,11.562752704,48.146507858,0,1,#66c2a5,bicycle
9505,167436,"9,20071400858227E+018",9,1,62,0,2020,7,11,3,3,5,2,0,1,1,0,0,0,0,688646.4957,5335660.5626,11.536189439,48.14619768,0,1,#66c2a5,bicycle
9506,167442,"9,20071400858224E+018",9,1,62,0,2020,7,14,3,3,1,5,0,1,1,0,0,0,0,692148.2316,5338503461,11.584501961,48.170701009,0,1,#66c2a5,bicycle
9507,167446,"9,20071400858224E+018",9,1,62,0,2020,7,18,3,3,5,3,0,1,1,0,0,0,0,699448.6301,5332657.9036,11.679848997,48.115917683,0,1,#66c2a5,bicycle
9508,167450,"9,20071400857127E+018",9,1,62,0,2020,7,10,3,3,0,3,0,1,0,0,0,0,0,690062.0039,5331925.2584,11.553534197,48.112203319,0,1,#66c2a5,bicycle
9509,167454,"9,20071400857124E+018",9,1,62,0,2020,7,17,3,3,0,1,0,1,0,0,0,0,0,692014867,5335245522,11.581239869,48.141459621,0,1,#66c2a5,bicycle
9510,167456,"9,20071400131526E+018",9,1,85,158,2020,7,17,3,3,1,5,0,0,1,0,1,0,0,667097936,5381102.0254,11.264776257,48.560726207,0,2,#fc8d62,car
9511,167459,"9,20071400121526E+018",9,1,81,130,2020,7,15,3,3,0,1,0,1,0,0,0,0,0,638915.5814,5322532.2945,10.863761316,48.040952026,0,1,#66c2a5,bicycle
9512,167461,"9,20071400120927E+018",9,1,79,118,2020,7,17,3,2,0,7,0,1,0,0,0,0,0,672527.9972,5338578.4393,11.320866605,48.177004101,0,1,#66c2a5,bicycle
9513,167462,"9,2007140012073E+018",9,1,88,120,2020,7,15,3,3,5,3,0,1,1,0,0,0,0,677023.7978,5327150.1174,11.376544664,48.073035809,0,1,#66c2a5,bicycle
9514,167463,"9,20071400854727E+018",9,1,62,0,2020,7,9,3,3,3,2,0,1,1,0,0,0,0,691124.4009,5341340717,11.572021591,48.196510456,0,1,#66c2a5,bicycle
9515,167465,"9,20071400120126E+018",9,1,74,122,2020,7,18,3,3,3,3,0,1,1,0,0,0,0,683274.5936,5351452.1343,11.470864239,48.289710429,0,1,#66c2a5,bicycle
9516,167466,"9,20071300858229E+018",9,1,62,0,2020,7,10,2,3,0,1,0,1,0,1,0,0,0,692129.4973,5333229.9933,11.581870332,48.123309787,0,1,#66c2a5,bicycle
9517,167467,"9,2007150085713E+018",9,1,62,0,2020,7,15,4,3,5,3,0,0,1,0,0,0,1,694030.5569,5334894.7215,11.608147834,48.137695273,0,2,#fc8d62,car
9518,167469,"9,20071300858229E+018",9,1,62,0,2020,7,21,2,3,2,6,1,1,0,0,0,0,0,691353.4499,5332952.2328,11.571327904,48.121047013,0,1,#66c2a5,bicycle
9519,167470,"9,20071300858227E+018",9,1,62,0,2020,7,16,2,3,3,6,0,1,0,0,0,0,0,683080.6359,5335688747,11.461446093,48.148077227,0,1,#66c2a5,bicycle
9520,167472,"9,20071500750134E+018",9,7,78,203,2020,7,13,4,3,4,6,0,0,1,0,0,0,0,622034.3306,5323775.7654,10.637731046,48.055585438,0,2,#fc8d62,car
9521,167473,"9,20071300858227E+018",9,1,62,0,2020,7,20,2,3,3,5,0,1,1,0,0,0,0,692124.0898,5336755101,11.583387891,48.154994445,0,1,#66c2a5,bicycle
9522,167474,"9,20071400854325E+018",9,1,62,0,2020,7,14,3,3,6,4,0,0,1,1,0,0,0,686913.0957,5342969285,11.516123342,48.212401827,0,2,#fc8d62,car
9523,167475,"9,20071300858227E+018",9,1,62,0,2020,7,15,2,3,5,7,0,0,1,1,0,0,0,682522.3886,5335986.2598,11.454075407,48.150911904,0,2,#fc8d62,car
9524,167476,"9,20071400854228E+018",9,1,62,0,2020,7,12,3,3,2,6,0,0,1,0,1,0,0,689018.7687,5336192.9447,11.541425622,48.150872278,0,2,#fc8d62,car
9525,167477,"9,20071300858227E+018",9,1,62,0,2020,7,13,2,3,5,2,0,1,1,0,0,0,0,689262.5271,5336138.8317,11.544675629,48.150313422,0,1,#66c2a5,bicycle
9526,167478,"9,20071400854126E+018",9,1,62,0,2020,7,8,3,3,5,3,0,1,1,0,0,0,0,686100.53,5335078.9285,11.50174099,48.141719633,0,1,#66c2a5,bicycle
9527,167479,"9,20071300858227E+018",9,1,62,0,2020,7,18,2,3,5,3,0,1,0,0,0,0,1,684313.73,5336611.0174,11.478407923,48.156010982,0,1,#66c2a5,bicycle
9528,167481,"9,20071300858225E+018",9,1,62,0,2020,7,13,2,3,5,2,0,1,1,0,0,0,0,688842.3187,5334305.4228,11.538218544,48.133959413,0,1,#66c2a5,bicycle
9529,167482,"9,20071300858225E+018",9,1,62,0,2020,7,9,2,3,2,6,0,0,1,0,0,1,0,690330.2158,5332492.1697,11.557386983,48.117218644,0,2,#fc8d62,car
9530,167483,"9,20071400854125E+018",9,1,62,0,2020,7,9,3,3,5,3,0,1,0,0,0,0,0,686525491,5333899354,11.506931533,48.130992766,0,1,#66c2a5,bicycle
9531,167484,"9,20071300858225E+018",9,1,62,0,2020,7,18,2,3,3,2,0,1,1,0,0,0,0,690145.9517,5334935.1177,11.556003666,48.139230972,0,1,#66c2a5,bicycle
9532,167485,"9,20071300858224E+018",9,1,62,0,2020,7,0,2,3,0,1,2,1,0,0,0,0,0,689554.8446,5333516.0644,11.547434617,48.12665278,0,1,#66c2a5,bicycle
9533,167486,"9,20071400852827E+018",9,1,84,146,2020,7,11,3,3,0,3,0,0,1,0,1,0,0,698182.4095,5328361.3082,11.66086015,48.077698128,0,2,#fc8d62,car
9534,167487,"9,20071300857127E+018",9,1,62,0,2020,7,17,2,3,0,7,0,0,0,1,0,0,1,690359.3378,5333885.3634,11.558400037,48.129731986,0,3,#8da0cb,toilet
9535,167488,"9,20071300857125E+018",9,1,62,0,2020,7,18,2,3,1,7,0,1,1,0,0,0,0,691079258,5334098916,11.568161356,48.131435679,0,1,#66c2a5,bicycle
9536,167489,"9,20071400852824E+018",9,1,84,136,2020,7,18,3,3,5,3,0,1,1,0,0,0,0,699397.7212,5326849.3668,11.676453716,48.063731094,0,1,#66c2a5,bicycle
9537,167490,"9,20071300857125E+018",9,1,62,0,2020,7,19,2,3,3,6,0,1,0,0,1,0,0,699778977,5330586801,11.683312851,48.097200855,0,1,#66c2a5,bicycle
9538,167492,"9,20071300854824E+018",9,1,84,149,2020,7,11,2,3,0,1,0,1,0,0,0,0,0,690413.6673,5350264.2248,11.56647779,48.276926599,0,1,#66c2a5,bicycle
9539,167493,"9,20071300854725E+018",9,1,62,0,2020,7,18,2,2,5,3,0,1,1,0,0,0,0,694810.7187,5340414.2989,11.621151206,48.187064207,0,1,#66c2a5,bicycle
9540,167494,"9,20071400852526E+018",9,1,62,0,2020,7,8,3,3,5,3,0,1,1,0,0,0,0,699757.6741,5335079.6731,11.68513173,48.137585509,0,1,#66c2a5,bicycle
9541,167496,"9,20071300854127E+018",9,1,62,0,2020,7,16,2,3,4,6,0,1,0,0,0,0,0,685420.8782,5335685.8058,11.492877737,48.147372942,0,1,#66c2a5,bicycle
9542,167497,"9,20071300853126E+018",9,1,84,141,2020,7,18,2,3,1,7,0,1,1,0,0,0,0,697512.9378,5313716.8301,11.645137198,47.946287933,0,1,#66c2a5,bicycle
9543,167499,"9,20071400852327E+018",9,1,62,0,2020,7,8,3,3,5,3,0,1,1,0,0,0,0,693586.7572,5329234.5933,11.59961977,48.086958733,0,1,#66c2a5,bicycle
9544,167500,"9,20071300852828E+018",9,1,84,127,2020,7,18,2,3,0,7,0,1,1,0,0,0,0,702553367,5322501.7151,11.716705119,48.023664797,0,1,#66c2a5,bicycle
9545,167501,"9,20071300851427E+018",9,1,62,0,2020,7,17,2,3,3,6,0,1,0,0,0,0,0,688517.0638,5334763.2047,11.534053843,48.138170459,0,1,#66c2a5,bicycle
9546,167503,"9,20071400851329E+018",9,1,62,0,2020,7,19,3,3,4,6,0,1,0,0,0,0,0,692313.0152,5337729.6765,11.586366125,48.163696596,0,1,#66c2a5,bicycle
9547,167504,"9,20071300851425E+018",9,1,62,0,2020,7,13,2,3,6,6,0,1,0,1,0,0,0,689818023,5335332.6774,11.551777284,48.14290216,0,1,#66c2a5,bicycle
9548,167505,"9,20071300851327E+018",9,1,62,0,2020,7,7,2,3,1,5,0,1,1,0,0,0,0,691777.9684,5337305.3597,11.5789867,48.160044537,0,1,#66c2a5,bicycle
9549,167506,"9,20071300851229E+018",9,1,62,0,2020,7,18,2,3,2,6,0,0,1,0,0,0,0,691853.7925,5335786.3992,11.579320541,48.146369525,0,2,#fc8d62,car
9550,167507,"9,20071400851325E+018",9,1,62,0,2020,7,22,3,3,5,6,2,0,1,0,1,0,0,692143.2383,5336824.4408,11.583676409,48.155611872,0,2,#fc8d62,car
9551,167509,"9,20071300851229E+018",9,1,62,0,2020,7,12,2,3,5,3,0,1,0,0,0,0,0,690622.1125,5336454.0023,11.563077799,48.152740162,0,1,#66c2a5,bicycle
9552,167510,"9,20071300851224E+018",9,1,62,0,2020,7,18,2,2,0,7,0,1,0,0,0,0,0,692819.5208,5335358.5542,11.592096485,48.142232189,0,1,#66c2a5,bicycle
9553,167517,"9,20071300750125E+018",9,7,78,116,2020,7,11,2,3,6,7,0,0,1,1,0,0,0,618850.0715,5317587.8698,10.593298213,48.000534708,0,2,#fc8d62,car
9554,167519,"9,20071400851235E+018",9,1,62,0,2020,7,7,3,3,0,7,0,1,0,0,0,0,0,692996.4396,5335312967,11.594451638,48.141768823,0,1,#66c2a5,bicycle
9555,167523,"9,20071500858229E+018",9,1,62,0,2020,7,20,4,3,5,3,1,0,1,0,0,0,0,697469.7971,5331824.8179,11.652904846,48.109047108,1,2,#fc8d62,car
9556,167528,"9,20071300712326E+018",9,7,72,177,2020,7,6,2,3,5,3,0,0,1,0,1,0,0,636326866,5378962.7225,10.847268739,48.548937419,0,2,#fc8d62,car
9557,167530,"9,20071300712128E+018",9,7,71,163,2020,7,16,2,2,0,1,0,1,0,0,0,0,0,645647.1081,5341813842,10.960611579,48.212826363,0,1,#66c2a5,bicycle
9558,167533,"9,20071300711326E+018",9,7,61,0,2020,7,9,2,3,2,6,0,0,1,0,0,0,0,638230.9959,5358313.9284,10.866236422,48.362853401,0,2,#fc8d62,car
9559,167534,"9,2007130071073E+018",9,7,61,0,2020,7,9,2,2,4,2,0,1,1,0,0,0,0,643208.1692,5360120.2421,10.934008555,48.377985391,0,1,#66c2a5,bicycle
9560,167535,"9,20071500854326E+018",9,1,62,0,2020,7,16,4,3,3,2,0,1,1,0,0,0,0,690707202,5338150807,11.564981364,48.167965385,0,1,#66c2a5,bicycle
9561,167536,"9,20071300710626E+018",9,7,61,0,2020,7,19,2,3,0,7,0,1,0,0,0,0,0,638446.0175,5356682.2642,10.868601027,48.348134624,0,1,#66c2a5,bicycle