fid,OBJECTID,UIDENTSTLA,ULAND,UREGBEZ,UKREIS,UGEMEINDE,UJAHR,UMONAT,USTUNDE,UWOCHENTAG,UKATEGORIE,UART,UTYP1,ULICHTVERH,IstRad,IstPKW,IstFuss,IstKrad,IstGkfz,IstSonstig,LINREFX,LINREFY,XGCSWGS84,YGCSWGS84,STRZUSTAND,Teilnehmer,color,symbol
9562,167537,"9,20071300710435E+018",9,7,61,0,2020,7,22,2,3,0,7,2,1,0,0,0,0,0,640287398,5358786.7701,10.894141644,48.366651417,0,1,#66c2a5,bicycle
9563,167539,"9,20071300710426E+018",9,7,61,0,2020,7,18,2,3,0,5,0,1,1,0,0,0,0,640222.6062,5358488.2217,10.893167804,48.363981357,0,1,#66c2a5,bicycle
9564,167540,"9,20071300710426E+018",9,7,61,0,2020,7,13,2,3,0,5,0,1,1,0,0,0,0,639900957,5359003.5272,10.888999026,48.368686204,0,1,#66c2a5,bicycle
9565,167542,"9,20071300710424E+018",9,7,61,0,2020,7,16,2,3,0,6,0,1,0,0,0,0,0,640250.5676,5358599.9612,10.893582357,48.364979873,0,1,#66c2a5,bicycle
9566,167554,"9,20071500712327E+018",9,7,72,147,2020,7,18,4,3,6,6,0,1,0,1,0,0,0,639088.6053,5363449.6667,10.879508581,48.408844246,0,1,#66c2a5,bicycle
9567,167566,"9,20071600210934E+018",9,2,61,0,2020,7,16,5,3,5,3,0,1,1,0,0,0,0,731543.9492,5382686.4452,12.137956965,48.554480455,1,1,#66c2a5,bicycle
9568,167574,"9,20071500858225E+018",9,1,62,0,2020,7,19,4,2,4,6,0,1,0,0,0,0,0,689672.6825,5334732.7798,11.549558264,48.137553596,1,1,#66c2a5,bicycle
9569,167577,"9,20071400740727E+018",9,7,62,0,2020,7,17,3,2,6,4,0,1,0,1,0,0,0,620025.4663,5303162.4391,10.605027905,47.870576462,0,1,#66c2a5,bicycle
9570,167580,"9,2007140071253E+018",9,7,72,151,2020,7,22,3,3,8,1,2,0,0,0,1,0,0,630971.0679,5343050.4411,10.763536363,48.227145353,0,4,#e78ac3,marker
9571,167582,"9,20071400712128E+018",9,7,71,146,2020,7,13,3,3,2,6,0,1,1,0,0,0,0,646623969,5347786.8043,10.975821204,48.266307068,0,1,#66c2a5,bicycle
9572,167585,"9,20071500852327E+018",9,1,62,0,2020,7,16,4,3,3,2,0,1,1,0,0,0,0,693367.1231,5331002.9725,11.597474441,48.102919203,0,1,#66c2a5,bicycle
9573,167588,"9,20071400711927E+018",9,7,72,163,2020,7,21,3,3,0,1,2,1,0,0,0,0,0,640026.0221,5349314541,10.887468362,48.281537238,0,1,#66c2a5,bicycle
9574,167592,"9,20071400711327E+018",9,7,61,0,2020,7,7,3,3,2,6,0,0,1,0,0,0,0,638048.0045,5358512.2477,10.863832325,48.364676701,0,2,#fc8d62,car
9575,167596,"9,20071400711324E+018",9,7,61,0,2020,7,14,3,3,2,6,0,0,1,0,1,0,0,637607.5058,5359458.0381,10.858197742,48.373277306,0,2,#fc8d62,car
9576,167600,"9,2007140071063E+018",9,7,61,0,2020,7,22,3,3,5,1,2,1,1,0,0,0,0,640730.4195,5355571.7198,10.899044949,48.337644085,0,1,#66c2a5,bicycle
9577,167604,"9,20071400710627E+018",9,7,61,0,2020,7,17,3,2,0,1,0,1,0,0,0,0,0,641438.1527,5350973.4764,10.907047655,48.296140052,0,1,#66c2a5,bicycle
9578,167609,"9,20071400710626E+018",9,7,61,0,2020,7,12,3,3,5,2,0,1,1,0,0,0,0,639720.5858,5356394.2849,10.885698626,48.345264518,0,1,#66c2a5,bicycle
9579,167614,"9,20071500712128E+018",9,7,71,130,2020,7,16,4,3,5,3,0,1,1,0,0,0,0,646237.4059,5357797.6179,10.974085452,48.356407264,0,1,#66c2a5,bicycle
9580,167616,"9,20071500711928E+018",9,7,72,125,2020,7,12,4,3,5,3,0,0,1,0,0,0,0,636195.1678,5347517.2868,10.835279571,48.26621183,0,2,#fc8d62,car
9581,167622,"9,20071500857127E+018",9,1,62,0,2020,7,19,4,3,2,7,0,0,1,0,0,0,0,686739.8007,5330242.3451,11.508207731,48.098059375,1,2,#fc8d62,car
9582,167623,"9,20071600854327E+018",9,1,62,0,2020,7,20,5,3,0,7,0,0,0,0,1,0,0,689612435,5340134287,11.551156977,48.186120363,1,4,#e78ac3,marker
9583,167627,"9,2007160071073E+018",9,7,61,0,2020,7,15,5,3,5,3,0,0,1,0,0,0,0,644170.3129,5358231.1644,10.946346789,48.360780814,1,2,#fc8d62,car
9584,167636,"9,20071800712129E+018",9,7,71,130,2020,7,17,7,3,9,1,0,1,0,0,0,0,0,645734.0276,5363397.2903,10.969236263,48.406871821,0,1,#66c2a5,bicycle
9585,167641,"9,20071900117028E+018",9,1,78,137,2020,7,1,1,2,3,7,2,1,0,0,0,0,0,694107.1285,5365053.9273,11.623021938,48.408723823,0,1,#66c2a5,bicycle
9586,167643,"9,20071800141324E+018",9,1,63,0,2020,7,11,7,3,0,7,0,0,1,0,0,0,0,733853775,5304310.4983,12.126033012,47.849550463,0,2,#fc8d62,car
9587,167646,"9,20071700110527E+018",9,1,77,130,2020,7,17,6,2,5,3,0,1,1,0,0,0,0,706592.0082,5348722.2498,11.783526407,48.257999554,0,1,#66c2a5,bicycle
9588,167649,"9,2007180085233E+018",9,1,62,0,2020,7,20,7,2,1,5,0,0,1,0,1,0,0,692142278,5332555728,11.581738028,48.117245733,0,2,#fc8d62,car
9589,167650,"9,20071600710427E+018",9,7,61,0,2020,7,5,5,3,5,3,0,0,1,0,1,0,0,639938.5253,5358949.2368,10.889487936,48.368189712,0,2,#fc8d62,car
9590,167654,"9,20071800858225E+018",9,1,62,0,2020,7,19,7,3,5,3,0,1,1,0,0,0,0,690404.8002,5342936.8407,11.56306385,48.211072351,0,1,#66c2a5,bicycle
9591,167655,"9,20071600710425E+018",9,7,61,0,2020,7,17,5,3,2,6,0,1,1,0,0,0,0,639698.2533,5358926.0509,10.886237847,48.368034457,1,1,#66c2a5,bicycle
9592,167658,"9,20072000120124E+018",9,1,74,121,2020,7,18,2,3,6,4,0,0,1,1,0,0,0,689590189,5354135.3764,11.557127986,48.311966651,0,2,#fc8d62,car
9593,167660,"9,20071600858225E+018",9,1,62,0,2020,7,10,5,3,5,3,0,1,1,0,0,0,0,685976.7883,5335084.9381,11.500081803,48.141809831,0,1,#66c2a5,bicycle
9594,167663,"9,20071800851225E+018",9,1,62,0,2020,7,13,7,3,6,4,0,1,0,1,0,0,0,691494.4278,5336245.2517,11.574700647,48.150601903,0,1,#66c2a5,bicycle
9595,167664,"9,20071600710424E+018",9,7,61,0,2020,7,15,5,3,2,6,0,0,1,0,0,0,0,640643.1064,5358027.3279,10.89868773,48.359743606,1,2,#fc8d62,car
9596,167667,"9,20071900851429E+018",9,1,62,0,2020,7,7,1,3,1,2,0,0,1,0,1,0,0,689910.8279,5334442.8342,11.552626828,48.134876529,0,2,#fc8d62,car
9597,167670,"9,20071900857125E+018",9,1,62,0,2020,7,20,1,3,0,3,0,1,1,0,0,0,0,692572.4555,5330444.0751,11.586558909,48.098136602,0,1,#66c2a5,bicycle
9598,167673,"9,20071600853227E+018",9,1,84,139,2020,7,8,5,3,1,6,0,0,1,0,0,0,0,687629.2983,5325442.2791,11.518035708,48.05465336,1,2,#fc8d62,car
9599,167674,"9,20071800140125E+018",9,1,87,117,2020,7,22,7,3,5,3,2,1,1,0,0,0,0,725517.2876,5304877.6928,12.015053405,47.857625329,1,1,#66c2a5,bicycle
9600,167676,"9,20071800750125E+018",9,7,78,116,2020,7,17,7,3,0,1,0,1,0,0,0,0,0,617553.0651,5321454.6035,10.576977893,48.035550952,0,1,#66c2a5,bicycle
9601,167679,"9,20071900740727E+018",9,7,62,0,2020,7,15,1,3,0,1,0,1,0,0,0,0,0,619476.5207,5303058.5647,10.597661425,47.86974459,0,1,#66c2a5,bicycle
9602,167682,"9,20071900121327E+018",9,1,88,124,2020,7,11,1,3,0,1,0,1,0,0,0,0,0,661317.0678,5319903.7259,11.163114751,48.012052447,0,1,#66c2a5,bicycle
9603,167687,"9,20071600851427E+018",9,1,62,0,2020,7,8,5,3,5,2,0,1,1,0,0,0,0,690131.8333,5334928.1513,11.555810968,48.139172577,0,1,#66c2a5,bicycle
9604,167689,"9,20071800730327E+018",9,7,73,182,2020,7,17,7,2,3,2,0,0,0,0,1,0,1,623936.0984,5377937.2396,10.679143958,48.54228683,0,4,#e78ac3,marker
9605,167693,"9,20071800121728E+018",9,1,79,142,2020,7,0,7,3,0,1,2,0,0,0,1,0,0,676463.9844,5342670.6099,11.375468002,48.212708409,0,4,#e78ac3,marker
9606,167694,"9,2007180085823E+018",9,1,62,0,2020,7,23,7,2,1,5,2,0,1,0,0,0,1,691641.7776,5336613.5218,11.576845557,48.153867477,0,2,#fc8d62,car
9607,167696,"9,20071800121524E+018",9,1,81,128,2020,7,19,7,3,8,1,0,0,1,0,0,0,0,640984.1865,5327083.9102,10.892999691,48.081427503,0,2,#fc8d62,car
9608,167701,"9,20071800121327E+018",9,1,88,124,2020,7,0,7,3,6,6,2,1,0,1,0,0,0,662712.5669,5318221.7478,11.181175201,47.996576602,0,1,#66c2a5,bicycle
9609,167702,"9,20071800858224E+018",9,1,62,0,2020,7,16,7,3,5,3,0,0,1,0,0,0,0,701856.2012,5335315.7887,11.713419274,48.139045272,0,2,#fc8d62,car
9610,167704,"9,20071800120927E+018",9,1,79,123,2020,7,12,7,3,0,6,0,1,1,0,0,0,0,675964.9799,5334088.3697,11.365203886,48.135699255,0,1,#66c2a5,bicycle
9611,167706,"9,20072000110127E+018",9,1,77,127,2020,7,16,2,3,5,3,0,1,1,0,0,0,0,726308.7793,5346641.8291,12.047696052,48.232575588,0,1,#66c2a5,bicycle
9612,167708,"9,20071600857126E+018",9,1,62,0,2020,7,7,5,3,5,3,0,1,1,0,0,0,0,686232.7429,5332692.6015,11.502473563,48.120231719,0,1,#66c2a5,bicycle
9613,167709,"9,20071800120124E+018",9,1,74,115,2020,7,16,7,3,1,6,0,1,0,0,0,0,0,683657.7869,5347732.2949,11.474409522,48.256164131,0,1,#66c2a5,bicycle
9614,167713,"9,20071600858227E+018",9,1,62,0,2020,7,15,5,3,0,1,0,0,0,0,1,0,0,690840.0445,5334741.6488,11.56523752,48.137284297,1,4,#e78ac3,marker
9615,167714,"9,20071800120124E+018",9,1,74,115,2020,7,13,7,3,0,1,0,1,0,0,0,0,0,681129.6813,5345631.9647,11.439482284,48.238012682,0,1,#66c2a5,bicycle
9616,167716,"9,20071800851525E+018",9,1,62,0,2020,7,22,7,3,5,3,2,0,1,0,0,0,0,687317.4748,5331964.2517,11.516714991,48.113366897,0,2,#fc8d62,car
9617,167719,"9,20071900853229E+018",9,1,84,144,2020,7,17,1,3,0,7,0,1,0,0,0,0,0,688448.8072,5320368.7062,11.526790867,48.008808747,0,1,#66c2a5,bicycle
9618,167723,"9,20071600852525E+018",9,1,84,121,2020,7,17,5,3,0,7,0,0,0,0,0,0,1,705849.8553,5330586.9204,11.764756379,48.095269928,1,6,#ffd92f,circle
9619,167724,"9,20071800110527E+018",9,1,77,133,2020,7,18,7,3,0,1,0,1,0,0,0,0,0,712179.9015,5355966195,11.862357204,48.321243877,0,1,#66c2a5,bicycle
9620,167732,"9,2007170085823E+018",9,1,62,0,2020,7,10,6,3,3,2,0,1,1,0,0,0,0,690723.7566,5333563.0575,11.563148446,48.126726023,0,1,#66c2a5,bicycle
9621,167735,"9,20071700858227E+018",9,1,62,0,2020,7,18,6,3,0,1,0,1,1,0,0,0,0,692046.5944,5334953.8647,11.58153441,48.138828681,0,1,#66c2a5,bicycle
9622,167737,"9,20071600851127E+018",9,1,62,0,2020,7,19,5,3,0,5,0,1,1,0,0,0,0,691539664,5334466205,11.574507999,48.134598447,1,1,#66c2a5,bicycle
9623,167738,"9,20071700858227E+018",9,1,62,0,2020,7,9,6,3,5,3,0,0,1,0,1,0,0,691539508,5334395.7196,11.574474214,48.13396498,1,2,#fc8d62,car
9624,167739,"9,20071800712324E+018",9,7,72,171,2020,7,11,7,3,6,4,0,0,1,1,0,0,0,637147.7529,5371942.0616,10.856077655,48.485631185,0,2,#fc8d62,car
9625,167743,"9,20071700858225E+018",9,1,84,135,2020,7,18,6,3,0,6,0,0,0,0,0,0,1,687414.3535,5347444.8666,11.524843696,48.252480911,0,6,#ffd92f,circle
9626,167744,"9,20071800858227E+018",9,1,62,0,2020,7,16,7,3,2,6,0,0,1,0,0,0,0,695499.2566,5337914.5395,11.629255571,48.164386293,0,2,#fc8d62,car
9627,167747,"9,20071700858224E+018",9,1,62,0,2020,7,2,6,3,0,7,2,0,0,0,1,0,0,690725.1723,5334631.4585,11.563645694,48.13632835,1,4,#e78ac3,marker
9628,167748,"9,20071900120127E+018",9,1,74,115,2020,7,19,1,3,0,1,0,1,0,0,0,0,0,681086.3571,5346972.2323,11.439472475,48.250072241,0,1,#66c2a5,bicycle
9629,167750,"9,20071700857128E+018",9,1,62,0,2020,7,8,6,3,0,6,0,1,0,0,0,0,1,684307.8821,5339665.7209,11.479653496,48.183469846,1,1,#66c2a5,bicycle
9630,167754,"9,20071700120127E+018",9,1,74,115,2020,7,13,6,3,3,7,0,0,1,0,0,0,0,680501.4441,5348182.8796,11.43211667,48.261121189,0,2,#fc8d62,car
9631,167755,"9,20071700857127E+018",9,1,62,0,2020,7,9,6,3,0,7,0,1,0,0,0,0,0,689394.6571,5333033.7796,11.54506976,48.122365632,1,1,#66c2a5,bicycle
9632,167757,"9,20071800854128E+018",9,1,62,0,2020,7,16,7,3,0,3,0,1,0,0,0,0,1,685729.4899,5335272.7166,11.496842557,48.143569899,0,1,#66c2a5,bicycle
9633,167759,"9,20071700857124E+018",9,1,62,0,2020,7,10,6,3,3,7,0,0,1,0,0,0,1,685422.53,5334893691,11.492554975,48.140252587,0,2,#fc8d62,car
9634,167761,"9,20071900857129E+018",9,1,62,0,2020,7,20,1,3,5,3,0,1,1,0,0,0,0,686484.1981,5338495.6581,11.508391003,48.172317933,0,1,#66c2a5,bicycle
9635,167763,"9,20071700857124E+018",9,1,62,0,2020,7,13,6,3,0,4,0,1,0,1,0,0,0,691482.4087,5334228.5556,11.573632417,48.13247971,0,1,#66c2a5,bicycle
9636,167766,"9,20071600858225E+018",9,1,62,0,2020,7,14,5,2,0,7,0,0,0,0,0,0,1,686411.8033,5328742.4821,11.50315181,48.084673974,1,6,#ffd92f,circle
9637,167767,"9,20071700854525E+018",9,1,62,0,2020,7,22,6,3,3,6,2,0,1,0,1,0,0,680243.4029,5338512.5006,11.424532809,48.17426987,0,2,#fc8d62,car
9638,167769,"9,20071800851324E+018",9,1,62,0,2020,7,11,7,3,0,1,0,0,0,0,0,0,1,692298.5458,5336978.4448,11.585832162,48.156949082,0,6,#ffd92f,circle
9639,167773,"9,20071900851527E+018",9,1,62,0,2020,7,18,1,2,0,7,0,1,0,0,0,0,0,689082.9789,5332776.6128,11.540771668,48.120146818,0,1,#66c2a5,bicycle
9640,167777,"9,20071600851428E+018",9,1,62,0,2020,7,11,5,3,5,2,0,1,1,0,0,0,0,690633458,5333380351,11.561854457,48.125110907,1,1,#66c2a5,bicycle
9641,167780,"9,20071600854128E+018",9,1,62,0,2020,7,9,5,3,2,6,0,0,1,0,0,0,0,686400.4928,5333353.4352,11.505014414,48.126122461,0,2,#fc8d62,car
9642,167781,"9,20071700854524E+018",9,1,62,0,2020,7,14,6,3,5,3,0,0,0,0,1,0,1,684442.9787,5338235.8518,11.48084879,48.170578314,0,4,#e78ac3,marker
9643,167786,"9,20071700854125E+018",9,1,62,0,2020,7,17,6,3,0,7,0,1,0,0,0,0,0,685290.4836,5334926.0196,11.490795738,48.140581637,0,1,#66c2a5,bicycle
9644,167789,"9,20071700852427E+018",9,1,62,0,2020,7,10,6,3,5,2,0,1,1,0,0,0,0,697216.3825,5329962.3873,11.648643547,48.092387205,0,1,#66c2a5,bicycle
9645,167792,"9,20071700852227E+018",9,1,62,0,2020,7,13,6,3,5,3,0,0,1,0,0,0,0,694302018,5335353935,11.61200237,48.141739676,0,2,#fc8d62,car
9646,167795,"9,20071700852224E+018",9,1,62,0,2020,7,14,6,3,4,6,0,1,0,0,0,0,0,692786.1484,5334767.1078,11.59138061,48.136926527,0,1,#66c2a5,bicycle
9647,167798,"9,20071900710627E+018",9,7,61,0,2020,7,12,1,3,0,1,0,1,0,0,0,0,0,638444846,5355885852,10.868323389,48.340973657,0,1,#66c2a5,bicycle
9648,167799,"9,20071700161924E+018",9,1,73,147,2020,7,12,6,3,5,3,0,1,1,0,0,0,0,681506.7812,5308687.7403,11.428868833,47.905815873,0,1,#66c2a5,bicycle
9649,167800,"9,20071700852129E+018",9,1,62,0,2020,7,9,6,3,5,2,0,0,1,0,0,0,1,693617417,5334664718,11.602495834,48.135753911,0,2,#fc8d62,car
9650,167802,"9,20071600712728E+018",9,7,72,130,2020,7,13,5,2,0,1,0,1,0,0,0,0,0,632290.0528,5356877.7082,10.785618532,48.35121151,1,1,#66c2a5,bicycle
9651,167806,"9,20071600858227E+018",9,1,62,0,2020,7,15,5,3,2,6,0,0,1,0,1,0,0,691780.8931,5332929766,11.577055583,48.120716482,1,2,#fc8d62,car
9652,167809,"9,20071700131524E+018",9,1,85,158,2020,7,18,6,3,5,3,0,1,1,0,0,0,0,667421498,5380610.9416,11.268960571,48.556225417,0,1,#66c2a5,bicycle
9653,167811,"9,20071800858225E+018",9,1,62,0,2020,7,17,7,3,0,1,0,1,0,0,0,0,0,690531.1984,5335011.1965,11.561210951,48.139799529,0,1,#66c2a5,bicycle
9654,167815,"9,20072000110728E+018",9,1,78,124,2020,7,10,2,3,2,2,0,0,1,0,0,0,0,703375.7414,5364781.3729,11.747992693,48.403352598,0,2,#fc8d62,car
9655,167818,"9,20071600858225E+018",9,1,62,0,2020,7,14,5,3,0,1,0,1,0,0,0,0,0,690442.1774,5330234.6209,11.557882119,48.096894234,1,1,#66c2a5,bicycle
9656,167819,"9,20071700710627E+018",9,7,61,0,2020,7,18,6,2,2,1,0,1,0,0,0,0,0,642048.6944,5357149.8123,10.917356044,48.351538674,0,1,#66c2a5,bicycle
9657,167825,"9,20071800852328E+018",9,1,62,0,2020,7,7,7,3,5,3,0,0,1,0,0,0,0,691294006,5332061025,11.570130155,48.113054753,0,2,#fc8d62,car
9658,167828,"9,20071900854827E+018",9,1,84,149,2020,7,18,1,3,0,7,0,1,0,1,0,0,0,691625.9015,5348965.8854,11.582211256,48.264891971,0,1,#66c2a5,bicycle
9659,167831,"9,20071600852927E+018",9,1,62,0,2020,7,17,5,3,5,3,0,1,0,0,1,0,0,687608.3382,5330180.4933,11.519834695,48.097248314,1,1,#66c2a5,bicycle
9660,167840,"9,20071900851325E+018",9,1,62,0,2020,7,15,1,3,2,3,0,1,1,0,0,0,0,692538.3802,5336947.0511,11.589039587,48.156594354,0,1,#66c2a5,bicycle
9661,167843,"9,20071900147025E+018",9,1,63,0,2020,7,14,1,3,9,1,0,0,1,0,0,0,0,732200.4524,5305267.3918,12.104479527,47.858746682,0,2,#fc8d62,car
9662,167844,"9,20071600851227E+018",9,1,62,0,2020,7,12,5,2,1,1,0,0,1,0,1,0,0,691193.5697,5335799.5678,11.57045957,48.146686651,1,2,#fc8d62,car
9663,167851,"9,2007180085823E+018",9,1,62,0,2020,7,19,7,3,3,2,0,0,1,0,0,0,1,692282.3405,5338129.7283,11.586134894,48.16730144,0,2,#fc8d62,car
9664,167855,"9,20071900120724E+018",9,1,88,120,2020,7,16,1,3,9,7,0,0,1,0,0,0,0,676824.9311,5328360.5841,11.374378173,48.083972263,0,2,#fc8d62,car
9665,167860,"9,20071700121534E+018",9,1,81,133,2020,7,21,6,3,8,1,2,0,1,0,0,0,0,647067.7819,5313263.9924,10.969893808,47.955786917,1,2,#fc8d62,car
9666,167862,"9,20071800857125E+018",9,1,62,0,2020,7,15,7,3,5,7,0,0,1,0,1,0,0,690924.5107,5340311135,11.568871546,48.187316875,0,2,#fc8d62,car
9667,167866,"9,20071900858229E+018",9,1,62,0,2020,7,19,1,3,0,1,0,1,0,0,0,0,0,697948.8621,5333752.9359,11.660228717,48.126226988,0,1,#66c2a5,bicycle
9668,167870,"9,20071600858225E+018",9,1,62,0,2020,7,17,5,3,1,6,0,1,1,0,0,0,0,690630.4838,5335327.2203,11.562685673,48.1426102,1,1,#66c2a5,bicycle
9669,167873,"9,20071800851425E+018",9,1,62,0,2020,7,16,7,3,3,6,0,1,0,0,0,0,0,690243.5738,5334342.5819,11.557049943,48.13387608,0,1,#66c2a5,bicycle
9670,167877,"9,20071900852727E+018",9,1,84,123,2020,7,12,1,3,5,3,0,1,0,0,0,0,0,703697.2657,5334392.2429,11.737696738,48.130158988,0,1,#66c2a5,bicycle
9671,167881,"9,20071600851527E+018",9,1,62,0,2020,7,9,5,3,1,5,0,1,1,0,0,0,0,688627.1592,5332795.1239,11.534661078,48.120448395,0,1,#66c2a5,bicycle
9672,167885,"9,20072100141324E+018",9,1,63,0,2020,7,13,3,3,4,6,0,1,0,0,0,0,0,731894674,5304578.9076,12.100028438,47.85267159,0,1,#66c2a5,bicycle
9673,167887,"9,20072000710625E+018",9,7,61,0,2020,7,17,2,3,4,6,0,1,0,0,0,0,1,639220.5935,5358600.3497,10.87968418,48.36521137,0,1,#66c2a5,bicycle
9674,167889,"9,20072000854227E+018",9,1,62,0,2020,7,13,2,3,5,2,0,1,1,0,0,0,0,686750.7977,5336946.6623,11.511293272,48.158316858,0,1,#66c2a5,bicycle
9675,167895,"9,20072100121327E+018",9,1,88,145,2020,7,11,3,3,5,3,0,0,1,0,1,0,0,665734.4633,5328418.1413,11.22559976,48.087469544,0,2,#fc8d62,car
9676,167898,"9,20072100711327E+018",9,7,61,0,2020,7,10,3,3,4,2,0,0,1,0,0,0,0,639080.2855,5358546.1425,10.877772949,48.364754881,0,2,#fc8d62,car
9677,167903,"9,20072100120127E+018",9,1,74,113,2020,7,7,3,2,5,3,0,1,1,0,0,0,0,673632.8273,5347184.3274,11.339239358,48.254064536,0,1,#66c2a5,bicycle
9678,167905,"9,20072200120924E+018",9,1,79,118,2020,7,3,4,3,0,7,2,1,0,0,0,0,0,672672.9914,5337033.0894,11.322187809,48.163072765,0,1,#66c2a5,bicycle
9679,167909,"9,20072000710431E+018",9,7,61,0,2020,7,15,2,3,6,2,0,0,1,1,0,0,0,639877.1808,5359266659,10.888765697,48.371057479,0,2,#fc8d62,car
9680,167911,"9,20072000858225E+018",9,1,62,0,2020,7,12,2,2,0,7,0,1,0,0,0,0,0,688923.2415,5334944.4367,11.539588533,48.139678934,0,1,#66c2a5,bicycle
9681,167917,"9,20072100110728E+018",9,1,78,115,2020,7,9,3,3,0,1,0,1,0,0,0,0,0,703870.9847,5376117.9914,11.760196821,48.505064001,0,1,#66c2a5,bicycle
9682,167920,"9,20072200110527E+018",9,1,77,126,2020,7,13,4,3,0,7,0,1,0,0,0,0,0,716926686,5367108.2273,11.932052925,48.419742669,0,1,#66c2a5,bicycle
9683,167922,"9,20072100141327E+018",9,1,63,0,2020,7,13,3,2,4,6,0,0,1,0,0,0,0,733750.6863,5305207.1541,12.125141557,47.857643529,0,2,#fc8d62,car
9684,167924,"9,2007200071043E+018",9,7,61,0,2020,7,22,2,3,0,7,2,1,0,0,0,0,0,640303.8177,5358739.0411,10.894347293,48.366218603,0,1,#66c2a5,bicycle
9685,167926,"9,20072000854525E+018",9,1,62,0,2020,7,14,2,3,5,3,0,1,1,0,0,0,0,679840.3663,5335053.8631,11.417654371,48.143294656,0,1,#66c2a5,bicycle
9686,167928,"9,20072100851328E+018",9,1,62,0,2020,7,17,3,3,0,1,0,0,0,0,1,0,0,692019.6927,5336391.8105,11.581821684,48.151760792,1,4,#e78ac3,marker
9687,167931,"9,20072100857127E+018",9,1,62,0,2020,7,6,3,3,5,2,0,1,0,0,0,1,0,691019.7383,5335098.9803,11.567810678,48.140442051,0,1,#66c2a5,bicycle
9688,167933,"9,2007210014013E+018",9,1,87,150,2020,7,15,3,3,5,3,0,1,1,0,0,0,0,729601947,5304276.1263,12.069263688,47.850774298,0,1,#66c2a5,bicycle
9689,167937,"9,20072000852429E+018",9,1,62,0,2020,7,15,2,3,2,6,0,0,1,0,0,0,0,695676.1995,5330906.0674,11.628413881,48.101343294,0,2,#fc8d62,car
9690,167943,"9,20072100120927E+018",9,1,79,123,2020,7,8,3,3,3,2,0,0,1,0,1,0,0,675930.2853,5333630.8767,11.364549027,48.131596303,0,2,#fc8d62,car
9691,167946,"9,20072100127027E+018",9,1,62,0,2020,7,18,3,3,2,6,0,0,1,0,0,0,1,680563.8336,5338845.7879,11.428980631,48.177174769,0,2,#fc8d62,car
9692,167949,"9,20072000851124E+018",9,1,62,0,2020,7,7,2,3,5,3,0,1,1,0,0,0,0,691575.1921,5335408.9286,11.57540907,48.143060831,0,1,#66c2a5,bicycle
9693,167955,"9,20072100111125E+018",9,1,78,145,2020,7,12,3,2,0,1,0,1,0,0,0,0,0,697508.4024,5354461.0673,11.663961062,48.312470701,0,1,#66c2a5,bicycle
9694,167957,"9,2007220012033E+018",9,1,81,144,2020,7,20,4,2,8,1,1,1,0,0,0,0,0,656357.5532,5319588343,11.096544042,48.010449444,0,1,#66c2a5,bicycle
9695,167960,"9,2007210071013E+018",9,7,71,113,2020,7,18,3,3,5,2,0,1,1,0,0,0,0,658345.2225,5370676.8692,11.142277796,48.469275068,1,1,#66c2a5,bicycle
9696,167964,"9,20072000858229E+018",9,1,62,0,2020,7,15,2,3,5,3,0,1,0,0,0,0,0,689283363,5330031.4048,11.542243588,48.09541295,0,1,#66c2a5,bicycle
9697,167967,"9,2007210085823E+018",9,1,62,0,2020,7,8,3,3,1,5,0,1,1,0,0,0,0,688236.7847,5330246.3736,11.52829613,48.097655137,0,1,#66c2a5,bicycle
9698,167969,"9,20072100141325E+018",9,1,63,0,2020,7,12,3,3,3,6,0,1,0,0,0,1,0,732700.2406,5305543.9056,12.111300212,47.861050145,0,1,#66c2a5,bicycle
9699,167977,"9,20072000857125E+018",9,1,62,0,2020,7,12,2,1,0,1,0,1,0,0,0,0,0,691439.1913,5340366.1344,11.575814059,48.187656304,0,1,#66c2a5,bicycle
9700,167979,"9,20072100854429E+018",9,1,62,0,2020,7,19,3,3,0,3,0,0,1,0,0,0,1,685575.5358,5339237.8973,11.496504752,48.179255409,0,2,#fc8d62,car
9701,167985,"9,2007220021093E+018",9,2,74,113,2020,7,15,4,3,3,6,0,1,1,0,0,0,0,729481.2386,5382794.4783,12.110105102,48.556208976,0,1,#66c2a5,bicycle
9702,167986,"9,20072000851325E+018",9,1,62,0,2020,7,12,2,3,0,1,0,1,1,0,0,0,0,691439.5233,5338077.7612,11.574787785,48.167088741,0,1,#66c2a5,bicycle
9703,167990,"9,20072000854228E+018",9,1,62,0,2020,7,23,2,3,0,3,2,1,0,0,0,0,0,689798.9473,5335835.3241,11.551745179,48.147425652,0,1,#66c2a5,bicycle
9704,167997,"9,20072100121527E+018",9,1,81,130,2020,7,17,3,3,3,2,0,1,0,0,1,0,0,638494.8027,5325641.8407,10.85912569,48.069005608,0,1,#66c2a5,bicycle
9705,168001,"9,20072100712324E+018",9,7,72,184,2020,7,13,3,3,1,5,0,1,1,0,0,0,0,635417.1003,5359715.3018,10.828718027,48.376064467,0,1,#66c2a5,bicycle
9706,168008,"9,20072100120328E+018",9,1,81,144,2020,7,9,3,3,5,7,0,1,0,0,0,0,1,655557.3066,5321673.9331,11.086578086,48.029396645,0,1,#66c2a5,bicycle