fid,OBJECTID,UIDENTSTLA,ULAND,UREGBEZ,UKREIS,UGEMEINDE,UJAHR,UMONAT,USTUNDE,UWOCHENTAG,UKATEGORIE,UART,UTYP1,ULICHTVERH,IstRad,IstPKW,IstFuss,IstKrad,IstGkfz,IstSonstig,LINREFX,LINREFY,XGCSWGS84,YGCSWGS84,STRZUSTAND,Teilnehmer,color,symbol
9707,168009,"9,20072000210934E+018",9,2,61,0,2020,7,16,2,3,5,3,0,1,1,0,0,0,0,731858.6641,5381543.4043,12.141579131,48.544096513,0,1,#66c2a5,bicycle
9708,168017,"9,20072000858227E+018",9,1,62,0,2020,7,18,2,3,1,1,0,0,0,0,1,1,0,698742.9223,5335842.1384,11.671862736,48.14475564,0,4,#e78ac3,marker
9709,168019,"9,20072000161929E+018",9,1,73,147,2020,7,8,2,3,1,5,0,1,1,0,0,0,0,681402.7679,5308851.3934,11.427547081,47.907316412,0,1,#66c2a5,bicycle
9710,168020,"9,20072100858227E+018",9,1,84,132,2020,7,18,3,3,6,7,0,0,1,1,0,0,0,683284.8216,5329269.7576,11.461429245,48.090320196,0,2,#fc8d62,car
9711,168021,"9,20072100110734E+018",9,1,78,124,2020,7,18,3,3,0,3,0,1,0,0,0,0,0,704633.2136,5364236.1321,11.764697293,48.398046166,1,1,#66c2a5,bicycle
9712,168024,"9,20072200110736E+018",9,1,78,124,2020,7,16,4,2,5,3,0,1,1,0,0,0,0,703072.7956,5364023.9973,11.743537923,48.396644292,0,1,#66c2a5,bicycle
9713,168030,"9,20072000857125E+018",9,1,62,0,2020,7,2,2,3,0,7,2,1,0,0,0,0,0,688703591,5343364.2857,11.540377274,48.215422281,0,1,#66c2a5,bicycle
9714,168033,"9,20072100852229E+018",9,1,62,0,2020,7,17,3,3,3,6,0,0,1,0,1,0,0,696158.2004,5336915.8742,11.63764747,48.155207933,1,2,#fc8d62,car
9715,168042,"9,20072000854124E+018",9,1,62,0,2020,7,13,2,3,0,1,0,1,1,0,0,0,0,687367.8272,5333911794,11.518246817,48.130857176,0,1,#66c2a5,bicycle
9716,168048,"9,20072100120927E+018",9,1,79,123,2020,7,18,3,3,3,5,0,1,1,0,0,0,0,675341997,5332222.9809,11.356070015,48.119102547,0,1,#66c2a5,bicycle
9717,168050,"9,20072200131527E+018",9,1,85,166,2020,7,10,4,3,4,1,0,1,1,0,0,0,0,672168.2206,5382710.0435,11.334103705,48.573808648,0,1,#66c2a5,bicycle
9718,168054,"9,20072000851127E+018",9,1,62,0,2020,7,9,2,3,2,6,0,1,1,0,0,0,0,690803.6573,5334779.9607,11.56476608,48.137639553,0,1,#66c2a5,bicycle
9719,168060,"9,20072100120124E+018",9,1,74,121,2020,7,15,3,2,4,1,0,0,1,0,0,0,0,690306302,5355472.0979,11.567379753,48.323765572,0,2,#fc8d62,car
9720,168062,"9,20072200120527E+018",9,1,79,121,2020,7,18,4,3,0,1,0,1,0,0,0,0,0,667703.1466,5336604.9698,11.255236716,48.160554427,0,1,#66c2a5,bicycle
9721,168066,"9,20072100710428E+018",9,7,61,0,2020,7,8,3,3,0,7,0,1,0,0,0,0,0,639418307,5360083.51,10.882843885,48.378503924,0,1,#66c2a5,bicycle
9722,168070,"9,20072100110325E+018",9,1,75,112,2020,7,19,3,3,0,1,0,1,0,0,0,0,0,724387.4811,5319184.2347,12.007418065,47.9865641,0,1,#66c2a5,bicycle
9723,168073,"9,20072200110527E+018",9,1,77,117,2020,7,18,4,3,0,1,0,0,0,0,0,0,1,715523.4517,5354816.3763,11.906815196,48.309781904,0,6,#ffd92f,circle
9724,168074,"9,20072000712151E+018",9,7,71,146,2020,7,7,2,3,2,6,0,0,1,0,1,0,1,647577174,5348503958,10.988908336,48.272533878,0,2,#fc8d62,car
9725,168076,"9,20072100141325E+018",9,1,63,0,2020,7,17,3,3,3,5,0,1,1,0,0,0,0,734272.8779,5304910.9999,12.131951859,47.854792758,0,1,#66c2a5,bicycle
9726,168077,"9,20072000140125E+018",9,1,87,122,2020,7,15,2,3,0,1,0,0,0,0,0,0,1,717948.9212,5309987.3565,11.916584182,47.906150659,0,6,#ffd92f,circle
9727,168080,"9,2007200085423E+018",9,1,62,0,2020,7,15,2,3,0,7,0,1,0,1,0,0,0,689686.8224,5337385.9041,11.550930432,48.161395739,0,1,#66c2a5,bicycle
9728,168082,"9,20072100851328E+018",9,1,62,0,2020,7,16,3,3,0,1,0,1,0,0,0,0,0,691510.0875,5335701.2974,11.574666266,48.145708203,1,1,#66c2a5,bicycle
9729,168085,"9,20072000857127E+018",9,1,62,0,2020,7,7,2,3,5,3,0,1,1,0,0,0,0,693854.9651,5339957.6145,11.608097151,48.183252101,0,1,#66c2a5,bicycle
9730,168087,"9,20072100857125E+018",9,1,62,0,2020,7,19,3,2,0,7,0,0,1,0,0,0,0,691514.3726,5336402.7326,11.57503939,48.152011313,0,2,#fc8d62,car
9731,168089,"9,20072100140125E+018",9,1,87,117,2020,7,10,3,2,0,7,0,1,0,1,0,0,0,724999.8029,5305606.4602,12.00852394,47.864354677,0,1,#66c2a5,bicycle
9732,168090,"9,20072000140125E+018",9,1,87,130,2020,7,9,2,3,0,1,0,1,0,0,0,0,0,716837.4961,5311541.4552,11.902512422,47.920492035,0,1,#66c2a5,bicycle
9733,168093,"9,20072000851428E+018",9,1,62,0,2020,7,16,2,3,5,2,0,1,1,0,0,0,0,689681.0113,5334897.4534,11.549743439,48.139031209,0,1,#66c2a5,bicycle
9734,168098,"9,20072000131534E+018",9,1,85,158,2020,7,21,2,3,0,1,1,1,0,0,0,0,0,668393.3278,5383534.9448,11.283303976,48.582249487,0,1,#66c2a5,bicycle
9735,168100,"9,2007200013153E+018",9,1,85,158,2020,7,21,2,3,0,1,1,1,0,0,0,0,0,668389.9778,5383522.7497,11.28325365,48.582140764,0,1,#66c2a5,bicycle
9736,168101,"9,20072100121927E+018",9,1,88,139,2020,7,12,3,3,5,3,0,1,1,0,0,0,0,674818919,5318560063,11.343463924,47.996422979,0,1,#66c2a5,bicycle
9737,168103,"9,20072200141327E+018",9,1,63,0,2020,7,15,4,3,5,3,0,0,1,0,0,0,0,733825.05,5306267114,12.126707384,47.867139152,0,2,#fc8d62,car
9738,168106,"9,20072100715036E+018",9,7,61,0,2020,7,16,3,3,4,3,0,1,1,0,0,0,0,640741.4808,5358007.7583,10.900008483,48.35954572,0,1,#66c2a5,bicycle
9739,168110,"9,20072100110736E+018",9,1,78,113,2020,7,10,3,3,0,1,0,1,0,0,0,0,0,691399.8138,5366539.7824,11.58715423,48.422905583,0,1,#66c2a5,bicycle
9740,168112,"9,20072200110924E+018",9,1,78,143,2020,7,20,4,3,1,1,0,1,1,0,0,0,0,718024.2375,5372288.2822,11.949563199,48.465904459,0,1,#66c2a5,bicycle
9741,168114,"9,20072100120531E+018",9,1,79,121,2020,7,16,3,2,0,1,0,1,0,0,0,0,0,665861.0922,5337458.7244,11.230817707,48.168712975,0,1,#66c2a5,bicycle
9742,168121,"9,20072000858229E+018",9,1,62,0,2020,7,0,2,3,0,7,2,1,0,0,0,0,0,682835.0569,5336523.8486,11.458506289,48.155654303,0,1,#66c2a5,bicycle
9743,168123,"9,2007200012053E+018",9,1,79,111,2020,7,23,2,3,0,7,2,1,0,0,0,0,0,657523.6124,5338978265,11.119324211,48.184495818,0,1,#66c2a5,bicycle
9744,168124,"9,20072100858229E+018",9,1,62,0,2020,7,23,3,3,0,1,2,1,0,0,0,0,0,693285.1902,5337354.5718,11.599256282,48.160030472,1,1,#66c2a5,bicycle
9745,168128,"9,20072000120127E+018",9,1,74,115,2020,7,12,2,3,5,7,0,0,1,0,1,0,0,681325.7038,5347568.5419,11.442949207,48.255363806,0,2,#fc8d62,car
9746,168131,"9,20072000857125E+018",9,1,62,0,2020,7,15,2,3,3,2,0,1,1,0,0,0,0,694023.4109,5331234.4206,11.606386058,48.104799872,0,1,#66c2a5,bicycle
9747,168133,"9,20072000711327E+018",9,7,61,0,2020,7,17,2,3,0,6,0,1,1,0,0,0,0,637067344,5360165087,10.851138121,48.379752572,0,1,#66c2a5,bicycle
9748,168134,"9,20072100852828E+018",9,1,84,127,2020,7,14,3,3,0,3,0,1,1,0,0,0,0,702037.2022,5322053.2756,11.709578833,48.019798066,0,1,#66c2a5,bicycle
9749,168135,"9,20072000711325E+018",9,7,61,0,2020,7,15,2,3,3,6,0,1,0,0,1,0,0,638492.7814,5358095046,10.86969674,48.360827872,0,1,#66c2a5,bicycle
9750,168138,"9,20072000120125E+018",9,1,74,151,2020,7,7,2,2,0,1,0,1,1,0,0,0,0,679263.0854,5361998.7904,11.421320307,48.385659223,0,1,#66c2a5,bicycle
9751,168140,"9,2007200085123E+018",9,1,62,0,2020,7,19,2,3,5,3,0,1,1,0,0,0,0,691413447,5335423023,11.573243288,48.143236192,0,1,#66c2a5,bicycle
9752,168142,"9,20072300111329E+018",9,1,75,132,2020,7,21,5,3,0,7,1,1,0,0,0,0,0,706018.3179,5332636.8672,11.768005928,48.113637372,0,1,#66c2a5,bicycle
9753,168143,"9,2007230085823E+018",9,1,62,0,2020,7,13,5,2,3,6,0,1,1,0,0,0,0,691009.93,5335895563,11.568036311,48.147604613,0,1,#66c2a5,bicycle
9754,168145,"9,20072400710729E+018",9,7,61,0,2020,7,9,6,3,6,7,0,0,1,1,0,0,0,641616.0503,5360630.5771,10.912691678,48.382933461,0,2,#fc8d62,car
9755,168148,"9,2007230085823E+018",9,1,62,0,2020,7,9,5,3,5,3,0,0,1,0,0,0,1,686528279,5334851.6041,11.507385928,48.139551106,0,2,#fc8d62,car
9756,168151,"9,20072300858229E+018",9,1,62,0,2020,7,18,5,2,0,1,0,1,0,0,0,0,0,692301.5105,5336458.6084,11.585637077,48.152276014,0,1,#66c2a5,bicycle
9757,168152,"9,20072400857125E+018",9,1,62,0,2020,7,11,6,2,0,7,0,1,1,0,0,0,0,687946.4027,5339978.4825,11.528695028,48.185215059,0,1,#66c2a5,bicycle
9758,168153,"9,20072200854125E+018",9,1,62,0,2020,7,17,4,3,0,1,0,1,0,0,0,0,0,685839.0375,5334840.6946,11.498125265,48.139654722,0,1,#66c2a5,bicycle
9759,168154,"9,20072300858229E+018",9,1,62,0,2020,7,7,5,3,0,1,0,1,0,0,0,0,0,691051.1977,5334395.3958,11.567917557,48.134108842,0,1,#66c2a5,bicycle
9760,168157,"9,2007250016093E+018",9,1,73,126,2020,7,11,7,3,0,7,0,1,0,0,0,0,0,684924.8982,5306517.6783,11.473635498,47.885333076,0,1,#66c2a5,bicycle
9761,168158,"9,20072300152528E+018",9,1,83,119,2020,7,19,5,2,8,1,0,1,0,0,0,0,0,736259.3337,5338963.4221,12.177218439,48.159972534,0,1,#66c2a5,bicycle
9762,168159,"9,20072300858229E+018",9,1,62,0,2020,7,8,5,3,6,3,0,0,1,1,0,0,0,689376.7578,5334760.1604,11.545596727,48.137887831,0,2,#fc8d62,car
9763,168160,"9,20072400854325E+018",9,1,62,0,2020,7,23,6,3,5,3,2,1,1,0,0,0,0,692301.9558,5338133.2777,11.586400039,48.167327408,0,1,#66c2a5,bicycle
9764,168161,"9,20072200851324E+018",9,1,62,0,2020,7,18,4,3,5,3,0,1,1,0,0,0,0,690622.5718,5336455.2283,11.563084517,48.152751043,0,1,#66c2a5,bicycle
9765,168162,"9,20072300858228E+018",9,1,62,0,2020,7,23,5,3,1,6,2,0,1,0,0,0,1,691017.2697,5331615.6634,11.566216498,48.109134912,1,2,#fc8d62,car
9766,168164,"9,2007250012153E+018",9,1,81,118,2020,7,17,7,3,2,6,0,1,1,0,0,0,0,651294.4011,5329066034,11.032050417,48.09688624,0,1,#66c2a5,bicycle
9767,168166,"9,20072300858228E+018",9,1,62,0,2020,7,15,5,3,0,1,0,0,0,0,1,0,0,691484.7798,5334231.0788,11.573665387,48.132501675,1,4,#e78ac3,marker
9768,168170,"9,20072300858227E+018",9,1,62,0,2020,7,8,5,3,1,1,0,1,1,0,0,0,0,691172.5678,5337370.5308,11.570883213,48.16081259,0,1,#66c2a5,bicycle
9769,168171,"9,20072300140725E+018",9,1,82,133,2020,7,13,5,3,5,3,0,0,1,0,0,0,0,708105.2132,5312080.5848,11.786031403,47.928230561,0,2,#fc8d62,car
9770,168172,"9,20072300858225E+018",9,1,62,0,2020,7,14,5,3,3,2,0,1,1,0,0,0,0,690624.9111,5340904.6479,11.565111036,48.192741261,0,1,#66c2a5,bicycle
9771,168173,"9,20072400852824E+018",9,1,84,146,2020,7,12,6,3,6,4,0,0,1,1,0,0,0,699244.2823,5327611.0308,11.674751392,48.070624308,0,2,#fc8d62,car
9772,168175,"9,2007230085713E+018",9,1,62,0,2020,7,18,5,3,0,3,0,1,1,0,0,0,0,691779.8403,5334940.9842,11.577946608,48.138793365,0,1,#66c2a5,bicycle
9773,168178,"9,20072500120125E+018",9,1,74,115,2020,7,20,7,3,1,7,1,1,1,0,0,0,0,682170.0667,5347779.2943,11.454404974,48.257016003,1,1,#66c2a5,bicycle
9774,168179,"9,20072300131329E+018",9,1,86,143,2020,7,7,5,3,4,3,0,0,1,0,0,0,0,684298.2212,5377334.2504,11.4960153,48.52204275,0,2,#fc8d62,car
9775,168180,"9,20072300857128E+018",9,1,62,0,2020,7,17,5,3,5,3,0,1,1,0,0,0,0,687760.4547,5339615.5211,11.526035344,48.182007693,0,1,#66c2a5,bicycle
9776,168181,"9,20072400141327E+018",9,1,87,142,2020,7,16,6,3,3,3,0,1,1,0,0,0,0,733418.0302,5308520349,12.122490331,47.887530239,0,1,#66c2a5,bicycle
9777,168182,"9,20072400712136E+018",9,7,71,130,2020,7,9,6,3,5,2,0,1,1,0,0,0,0,646929882,5357457545,10.983308782,48.353188836,0,1,#66c2a5,bicycle
9778,168185,"9,20072300857127E+018",9,1,62,0,2020,7,11,5,1,5,3,0,1,1,0,0,0,0,687509.2781,5338874.3244,11.522332513,48.175419864,0,1,#66c2a5,bicycle
9779,168191,"9,20072400858229E+018",9,1,62,0,2020,7,7,6,3,5,2,0,0,1,0,0,0,0,690361528,5333863271,11.558419573,48.129532765,0,2,#fc8d62,car
9780,168192,"9,20072200858229E+018",9,1,62,0,2020,7,8,4,3,5,3,0,0,1,0,1,0,0,690640.2372,5332897.0305,11.561729317,48.120764797,0,2,#fc8d62,car
9781,168193,"9,20072300857125E+018",9,1,62,0,2020,7,15,5,3,1,7,0,1,1,0,0,0,0,691902.71,5333505.0107,11.578949744,48.125850004,0,1,#66c2a5,bicycle
9782,168195,"9,20072400710624E+018",9,7,61,0,2020,7,14,6,3,0,7,0,1,0,0,0,0,0,641564.0291,5353325.1608,10.909532842,48.317257554,0,1,#66c2a5,bicycle
9783,168197,"9,2007230085433E+018",9,1,62,0,2020,7,12,5,3,0,7,0,1,0,0,0,0,0,690530.9369,5338378.2142,11.562714985,48.170062157,0,1,#66c2a5,bicycle
9784,168200,"9,20072300854229E+018",9,1,62,0,2020,7,7,5,3,3,6,0,1,0,0,0,0,0,690207304,5336274.3281,11.557425815,48.151249443,0,1,#66c2a5,bicycle
9785,168201,"9,20072400854528E+018",9,1,62,0,2020,7,15,6,3,0,7,0,1,0,0,0,0,0,683199.27,5335601.6619,11.463002075,48.147260295,0,1,#66c2a5,bicycle
9786,168202,"9,20072200852127E+018",9,1,62,0,2020,7,14,4,3,2,6,0,0,1,0,0,0,0,693442.0519,5333505.9012,11.599615122,48.125392131,0,2,#fc8d62,car
9787,168203,"9,20072300854125E+018",9,1,62,0,2020,7,18,5,3,4,2,0,0,1,0,1,0,0,687115.2979,5333655.0922,11.514743463,48.128624149,0,2,#fc8d62,car
9788,168204,"9,20072300852428E+018",9,1,62,0,2020,7,7,5,3,6,4,0,0,1,1,0,0,0,698324.4827,5333589.2936,11.66519487,48.12463939,0,2,#fc8d62,car
9789,168205,"9,2007240085713E+018",9,1,62,0,2020,7,16,6,3,0,7,0,1,0,1,0,0,0,698142.3127,5330525.9484,11.661326589,48.097164938,0,1,#66c2a5,bicycle
9790,168206,"9,20072200857128E+018",9,1,62,0,2020,7,8,4,3,3,2,0,1,0,0,0,1,0,692631.0359,5334759.5727,11.58929443,48.136905775,0,1,#66c2a5,bicycle
9791,168207,"9,20072300852228E+018",9,1,62,0,2020,7,0,5,3,0,1,2,1,0,0,0,0,0,693877.8194,5333982849,11.605681982,48.129546225,0,1,#66c2a5,bicycle
9792,168209,"9,20072200712325E+018",9,7,72,184,2020,7,12,4,2,7,7,0,1,0,0,0,0,0,634321672,5359185.6556,10.813763519,48.371535985,0,1,#66c2a5,bicycle
9793,168210,"9,20072500160925E+018",9,1,73,126,2020,7,8,7,2,4,6,0,1,1,0,0,0,0,684817.5169,5305381.3133,11.471714274,47.875149223,0,1,#66c2a5,bicycle
9794,168212,"9,20072300852129E+018",9,1,62,0,2020,7,17,5,3,3,6,0,1,0,0,0,0,0,688843871,5337684.7141,11.539738566,48.16433239,0,1,#66c2a5,bicycle
9795,168213,"9,20072400854228E+018",9,1,62,0,2020,7,6,6,2,5,2,0,0,1,0,0,0,1,689567.5963,5337270.0824,11.5492771,48.16039029,0,2,#fc8d62,car
9796,168214,"9,20072200851229E+018",9,1,62,0,2020,7,14,4,2,5,7,0,1,0,0,0,0,0,691587.5769,5336739.9022,11.576174428,48.155019693,0,1,#66c2a5,bicycle
9797,168215,"9,2007230085143E+018",9,1,62,0,2020,7,13,5,3,5,2,0,1,1,0,0,0,0,689359.9575,5333650.2806,11.544877838,48.127917129,0,1,#66c2a5,bicycle
9798,168219,"9,20072300140129E+018",9,1,87,117,2020,7,16,5,2,4,6,0,1,0,0,0,0,0,723785.7152,5306749.8906,11.99290505,47.875052529,0,1,#66c2a5,bicycle
9799,168220,"9,20072300851328E+018",9,1,62,0,2020,7,19,5,3,5,7,0,0,1,0,1,0,0,691587.2355,5338058.5857,11.576763734,48.166871895,0,2,#fc8d62,car
9800,168221,"9,2007240085143E+018",9,1,62,0,2020,7,13,6,3,6,7,0,1,0,1,0,0,0,690594.6006,5334038.1805,11.561627011,48.131035103,0,1,#66c2a5,bicycle
9801,168222,"9,2007220071213E+018",9,7,71,130,2020,7,16,4,3,5,2,0,1,1,0,0,0,0,644456593,5363333605,10.951963429,48.406593262,0,1,#66c2a5,bicycle
9802,168223,"9,20072300851129E+018",9,1,62,0,2020,7,18,5,3,0,1,0,1,0,0,0,0,0,691221.6685,5334044.6534,11.570049046,48.130905202,0,1,#66c2a5,bicycle
9803,168226,"9,20072500110929E+018",9,1,78,143,2020,7,19,7,3,0,1,0,1,0,0,0,0,0,717195.7398,5372165.0824,11.938306204,48.465084114,0,1,#66c2a5,bicycle
9804,168227,"9,20072300120928E+018",9,1,88,121,2020,7,8,5,3,5,3,0,0,1,0,1,0,0,671405736,5330648.2879,11.302590439,48.106018288,0,2,#fc8d62,car
9805,168230,"9,20072400711327E+018",9,7,61,0,2020,7,15,6,3,0,1,0,0,0,0,0,0,1,637189.3889,5360183.07,10.852791351,48.379887746,0,6,#ffd92f,circle
9806,168231,"9,20072500121525E+018",9,1,81,130,2020,7,21,7,3,0,1,1,1,0,0,0,0,0,636561.8154,5318235.4166,10.830829688,48.00281997,1,1,#66c2a5,bicycle
9807,168232,"9,20072300131535E+018",9,1,85,158,2020,7,13,5,3,0,5,0,0,1,0,1,0,0,667084.3403,5381256.7809,11.264654269,48.562120969,0,2,#fc8d62,car
9808,168236,"9,2007220071133E+018",9,7,61,0,2020,7,15,4,3,2,6,0,1,1,0,0,0,0,638086.8363,5360321.4659,10.864950512,48.380936392,0,1,#66c2a5,bicycle
9809,168241,"9,20072400858228E+018",9,1,62,0,2020,7,10,6,3,1,6,0,0,1,0,1,0,0,693564.5575,5332878.0008,11.600974577,48.119711508,0,2,#fc8d62,car
9810,168242,"9,20072200858227E+018",9,1,62,0,2020,7,8,4,3,3,2,0,1,0,0,0,1,0,692151965,5334067881,11.58254971,48.130833806,0,1,#66c2a5,bicycle
9811,168245,"9,2007240071043E+018",9,7,61,0,2020,7,7,6,3,3,6,0,1,0,0,0,0,0,640320.7859,5358691.7662,10.894560492,48.36578975,0,1,#66c2a5,bicycle
9812,168246,"9,20072200711329E+018",9,7,72,202,2020,7,17,4,3,3,6,0,1,0,0,0,0,0,637238.3242,5356297.9425,10.852184462,48.344942397,0,1,#66c2a5,bicycle
9813,168248,"9,20072200711325E+018",9,7,61,0,2020,7,7,4,3,5,3,0,1,1,0,0,0,0,637478.2777,5357341.4322,10.855761905,48.354273188,0,1,#66c2a5,bicycle
9814,168254,"9,20072300730125E+018",9,7,73,140,2020,7,6,5,3,7,7,0,1,0,0,0,0,1,616436075,5372065121,10.575932411,48.490916034,0,1,#66c2a5,bicycle
9815,168255,"9,20072400857125E+018",9,1,62,0,2020,7,12,6,3,6,4,0,1,0,1,0,0,0,684755.9267,5329644.0592,11.481328322,48.093259925,0,1,#66c2a5,bicycle
9816,168256,"9,20072200854228E+018",9,1,62,0,2020,7,6,4,3,5,2,0,1,1,0,0,0,0,690231.52,5336230332,11.55773141,48.150846765,0,1,#66c2a5,bicycle
9817,168257,"9,20072300712728E+018",9,7,72,130,2020,7,15,5,2,6,4,0,0,1,0,0,1,1,630520.5228,5357424.8668,10.761915354,48.35649996,0,2,#fc8d62,car
9818,168262,"9,20072300711925E+018",9,7,72,163,2020,7,18,5,3,5,3,0,0,1,0,1,0,0,639599.6578,5349813.4893,10.881889306,48.286117883,0,2,#fc8d62,car
9819,168263,"9,20072400854125E+018",9,1,62,0,2020,7,11,6,3,3,2,0,1,1,0,0,0,0,686233.1527,5334132984,11.503108472,48.133178325,0,1,#66c2a5,bicycle
9820,168265,"9,20072300160925E+018",9,1,73,126,2020,7,21,5,3,2,6,2,1,1,0,0,0,0,683779.0724,5306194.0435,11.458185345,47.882752944,0,1,#66c2a5,bicycle
9821,168266,"9,20072300711325E+018",9,7,61,0,2020,7,14,5,3,5,3,0,0,1,0,0,0,0,638263.0307,5357924.3313,10.866540646,48.359343191,1,2,#fc8d62,car
9822,168267,"9,20072400854328E+018",9,1,62,0,2020,7,17,6,3,6,4,0,0,1,1,0,0,0,688669.1023,5343195.6385,11.539838436,48.213916734,0,2,#fc8d62,car
9823,168268,"9,20072200851434E+018",9,1,62,0,2020,7,14,4,3,6,6,0,1,0,1,0,0,0,690292.3037,5333811.2226,11.557466932,48.129085651,0,1,#66c2a5,bicycle
9824,168269,"9,20072300711125E+018",9,7,61,0,2020,7,15,5,2,0,7,0,1,0,0,0,0,0,638966.7305,5360859.2809,10.87700529,48.385579088,1,1,#66c2a5,bicycle
9825,168274,"9,20072300710624E+018",9,7,61,0,2020,7,20,5,3,0,1,0,1,0,0,0,0,0,641612.0839,5353193.1894,10.910136358,48.316060148,0,1,#66c2a5,bicycle
9826,168276,"9,20072400851429E+018",9,1,62,0,2020,7,21,6,3,3,2,2,1,1,0,0,0,0,690779.1099,5332933.5206,11.563609812,48.121051175,0,1,#66c2a5,bicycle
9827,168277,"9,20072200711324E+018",9,7,61,0,2020,7,12,4,3,2,6,0,0,1,0,0,0,0,639104363,5359144364,10.878295707,48.370128645,0,2,#fc8d62,car
9828,168278,"9,20072300710624E+018",9,7,61,0,2020,7,17,5,3,0,1,0,1,0,0,0,0,0,639517.3977,5358124.5273,10.88353142,48.360867363,0,1,#66c2a5,bicycle
9829,168281,"9,20072200710725E+018",9,7,61,0,2020,7,20,4,3,0,7,0,1,0,0,0,0,0,641429.2638,5361168.3958,10.910351398,48.387811202,0,1,#66c2a5,bicycle
9830,168282,"9,20072300710425E+018",9,7,61,0,2020,7,13,5,3,5,2,0,1,1,0,0,0,0,640741.8175,5358009.1124,10.900013479,48.359557821,0,1,#66c2a5,bicycle
9831,168285,"9,20072500120929E+018",9,1,88,121,2020,7,10,7,3,3,2,0,1,1,0,0,0,0,670816.3002,5330168.0558,11.294486563,48.101859427,0,1,#66c2a5,bicycle
9832,168286,"9,20072300131525E+018",9,1,85,158,2020,7,17,5,3,5,3,0,1,0,0,0,0,0,668187.9024,5381733.3759,11.279792246,48.56611009,0,1,#66c2a5,bicycle
9833,168288,"9,20072400131528E+018",9,1,85,158,2020,7,17,6,3,5,3,0,1,1,0,0,0,0,667081.0747,5381331.3018,11.264639964,48.562791727,0,1,#66c2a5,bicycle
9834,168289,"9,20072400712925E+018",9,7,61,0,2020,7,23,6,2,0,1,2,1,0,0,0,0,0,640560.0417,5358851.1779,10.89784227,48.367169895,0,1,#66c2a5,bicycle
9835,168290,"9,2007220071063E+018",9,7,61,0,2020,7,14,4,2,3,2,0,1,1,0,0,0,0,643350.6279,5357577404,10.93506464,48.355089186,0,1,#66c2a5,bicycle
9836,168296,"9,20072400858225E+018",9,1,62,0,2020,7,11,6,3,0,1,0,1,0,0,0,0,0,679684723,5336517386,11.416181761,48.156494159,0,1,#66c2a5,bicycle
9837,168297,"9,20072200858225E+018",9,1,62,0,2020,7,15,4,3,0,7,0,1,0,0,0,0,0,691455855,5336465.0478,11.574281438,48.15258901,0,1,#66c2a5,bicycle
9838,168299,"9,20072400858229E+018",9,1,62,0,2020,7,16,6,3,3,6,0,1,1,0,0,0,0,690997.7629,5336436.8094,11.568115766,48.152472937,0,1,#66c2a5,bicycle
9839,168300,"9,20072200858229E+018",9,1,62,0,2020,7,17,4,3,5,2,0,1,0,0,0,0,0,690874.3498,5336684.0633,11.566569004,48.154732281,0,1,#66c2a5,bicycle
9840,168303,"9,20072400710625E+018",9,7,61,0,2020,7,16,6,3,4,1,0,1,0,0,0,0,0,640932.04,5357908664,10.902546366,48.358612191,0,1,#66c2a5,bicycle
9841,168304,"9,20072200710629E+018",9,7,61,0,2020,7,14,4,3,5,1,0,1,1,0,0,0,0,640903538,5356514065,10.901694977,48.346078778,0,1,#66c2a5,bicycle
9842,168310,"9,20072400854824E+018",9,1,84,149,2020,7,15,6,3,5,3,0,1,1,0,0,0,0,690997.6421,5350679.6944,11.574528354,48.280484836,0,1,#66c2a5,bicycle
9843,168311,"9,20072200852329E+018",9,1,62,0,2020,7,9,4,3,0,1,0,1,0,0,0,0,0,691464.8573,5332320.7977,11.572539851,48.115338234,0,1,#66c2a5,bicycle
9844,168314,"9,20072400210936E+018",9,2,74,126,2020,7,10,6,3,5,3,0,1,1,0,0,0,0,733166.2134,5383946.5015,12.160613444,48.565198111,0,1,#66c2a5,bicycle
9845,168316,"9,20072400710428E+018",9,7,61,0,2020,7,14,6,3,5,3,0,1,1,0,0,0,0,640132.7265,5358309.9236,10.891895619,48.362398112,0,1,#66c2a5,bicycle
9846,168317,"9,20072200710624E+018",9,7,61,0,2020,7,21,4,3,0,1,2,1,0,0,0,0,0,637646.7142,5356571.6534,10.85778261,48.347314721,0,1,#66c2a5,bicycle
9847,168318,"9,20072500160929E+018",9,1,73,126,2020,7,17,7,3,0,7,0,0,0,0,1,0,0,685482.0383,5304805.2226,11.480345579,47.869779189,0,4,#e78ac3,marker
9848,168321,"9,20072400854229E+018",9,1,62,0,2020,7,13,6,3,0,7,0,1,0,0,0,0,0,688109.5364,5337251.4641,11.529680997,48.160655975,0,1,#66c2a5,bicycle
9849,168322,"9,20072200851324E+018",9,1,62,0,2020,7,7,4,3,0,7,0,1,0,0,0,0,0,692021.2997,5338130.5559,11.582628057,48.167387783,0,1,#66c2a5,bicycle
9850,168325,"9,20072500121527E+018",9,1,81,126,2020,7,11,7,3,0,1,0,1,0,0,0,0,0,635373.5875,5331226.8837,10.819020408,48.11989926,0,1,#66c2a5,bicycle
9851,168326,"9,20072300131536E+018",9,1,85,158,2020,7,11,5,3,4,6,0,0,1,0,0,1,0,666696187,5381227128,11.259385645,48.561957734,0,2,#fc8d62,car
9852,168331,"9,20072400852125E+018",9,1,62,0,2020,7,7,6,3,5,6,0,1,1,0,0,0,0,689742904,5331914.26,11.549246515,48.112199607,0,1,#66c2a5,bicycle