fid,OBJECTID,UIDENTSTLA,ULAND,UREGBEZ,UKREIS,UGEMEINDE,UJAHR,UMONAT,USTUNDE,UWOCHENTAG,UKATEGORIE,UART,UTYP1,ULICHTVERH,IstRad,IstPKW,IstFuss,IstKrad,IstGkfz,IstSonstig,LINREFX,LINREFY,XGCSWGS84,YGCSWGS84,STRZUSTAND,Teilnehmer,color,symbol
9853,168336,"9,20072400210936E+018",9,2,61,0,2020,7,11,6,3,5,3,0,1,1,0,0,0,0,732794.0861,5381626.6116,12.154280193,48.544497596,0,1,#66c2a5,bicycle
9854,168337,"9,20072500110929E+018",9,1,78,143,2020,7,23,7,3,0,1,2,1,0,0,0,0,0,716718464,5371539.9444,11.931534512,48.459632033,0,1,#66c2a5,bicycle
9855,168338,"9,20072300121525E+018",9,1,81,130,2020,7,17,5,2,0,1,0,1,0,0,0,0,0,639695.8452,5322755.0645,10.874296632,48.042784983,0,1,#66c2a5,bicycle
9856,168341,"9,20072400712125E+018",9,7,71,168,2020,7,9,6,3,7,7,0,1,0,0,0,0,0,648771.6465,5342522.1858,11.002894283,48.218470543,0,1,#66c2a5,bicycle
9857,168344,"9,20072400121525E+018",9,1,81,130,2020,7,12,6,3,0,1,0,1,0,0,0,0,0,638716774,5324813.92,10.861835151,48.061512435,1,1,#66c2a5,bicycle
9858,168350,"9,20072400858229E+018",9,1,62,0,2020,7,16,6,3,5,3,0,0,1,0,0,0,0,695196.8402,5337751.8194,11.625118152,48.163016771,0,2,#fc8d62,car
9859,168351,"9,20072200858227E+018",9,1,62,0,2020,7,14,4,3,4,6,0,1,0,0,0,0,0,682036493,5338507987,11.448627772,48.173718228,0,1,#66c2a5,bicycle
9860,168353,"9,20072400120125E+018",9,1,74,143,2020,7,17,6,2,2,1,0,0,1,0,1,0,0,674232.1215,5351872.2863,11.349238353,48.29604101,0,2,#fc8d62,car
9861,168354,"9,20072400710435E+018",9,7,61,0,2020,7,15,6,3,1,5,0,1,1,0,0,0,0,640558.3523,5359200.2257,10.897936134,48.370308793,0,1,#66c2a5,bicycle
9862,168363,"9,20072400857128E+018",9,1,62,0,2020,7,10,6,2,0,7,0,1,0,0,0,0,0,686452.0955,5337643.1065,11.507585792,48.164664367,0,1,#66c2a5,bicycle
9863,168364,"9,20072200855228E+018",9,1,62,0,2020,7,16,4,3,0,7,0,0,1,0,0,0,0,692440.7051,5330590.5752,11.584857204,48.099493127,0,2,#fc8d62,car
9864,168371,"9,20072400854224E+018",9,1,62,0,2020,7,9,6,3,5,3,0,1,1,0,0,0,0,688959.9316,5337167.3141,11.541068019,48.159647476,0,1,#66c2a5,bicycle
9865,168375,"9,20072400854427E+018",9,1,62,0,2020,7,14,6,3,5,3,0,0,1,0,0,0,0,682185.9059,5340540.2096,11.451507061,48.191942367,0,2,#fc8d62,car
9866,168376,"9,20072200852125E+018",9,1,62,0,2020,7,17,4,3,3,6,0,0,1,0,1,0,1,692301.0459,5332747.5427,11.583955585,48.118921809,0,2,#fc8d62,car
9867,168379,"9,20072500131329E+018",9,1,86,126,2020,7,12,7,2,4,6,0,1,1,0,0,0,0,684899.82,5376056932,11.503588795,48.510385621,0,1,#66c2a5,bicycle
9868,168380,"9,20072300140128E+018",9,1,87,117,2020,7,12,5,3,8,1,0,1,0,0,0,0,0,725065962,5305620893,12.009414819,47.864461184,0,1,#66c2a5,bicycle
9869,168382,"9,2007240085143E+018",9,1,62,0,2020,7,10,6,3,0,2,0,1,1,0,0,0,0,690352.5812,5333492.4071,11.558133804,48.126202113,0,1,#66c2a5,bicycle
9870,168388,"9,20072500110729E+018",9,1,78,124,2020,7,16,7,3,0,1,0,1,0,0,0,0,0,699739.4679,5358649.5596,11.696003798,48.349410827,0,1,#66c2a5,bicycle
9871,168389,"9,20072500121325E+018",9,1,88,132,2020,7,15,7,3,0,1,0,1,0,0,0,0,0,662279.0151,5323588.5961,11.177399664,48.044938263,0,1,#66c2a5,bicycle
9872,168390,"9,20072300131529E+018",9,1,85,158,2020,7,10,5,3,1,6,0,0,1,0,0,0,1,667035214,5381449827,11.264066445,48.563869403,0,2,#fc8d62,car
9873,168392,"9,20072400110734E+018",9,1,78,137,2020,7,14,6,3,4,6,0,0,1,0,1,0,0,692963.4671,5364553.0656,11.607353771,48.404573597,0,2,#fc8d62,car
9874,168395,"9,20072400161925E+018",9,1,73,147,2020,7,15,6,2,5,3,0,1,1,0,0,0,0,681327.4883,5310148.5682,11.427086153,47.918998317,0,1,#66c2a5,bicycle
9875,168400,"9,20072400858225E+018",9,1,62,0,2020,7,18,6,3,3,2,0,1,1,0,0,0,0,690341.8435,5340235.6465,11.561006128,48.186813246,0,1,#66c2a5,bicycle
9876,168401,"9,20072200858225E+018",9,1,62,0,2020,7,9,4,3,2,6,0,0,1,0,0,0,0,693631.9699,5333345.0083,11.602091561,48.123888339,0,2,#fc8d62,car
9877,168403,"9,20072400710428E+018",9,7,61,0,2020,7,16,6,3,0,7,0,0,0,0,1,0,0,640579.4663,5358037.7108,10.897832545,48.359851139,0,4,#e78ac3,marker
9878,168412,"9,20072700111329E+018",9,1,75,135,2020,7,20,2,3,5,7,0,1,0,0,0,0,0,708221.0018,5339598.7872,11.800968553,48.175482372,0,1,#66c2a5,bicycle
9879,168414,"9,20072700854429E+018",9,1,62,0,2020,7,7,2,3,3,6,0,0,1,0,0,0,0,688126003,5338999.0644,11.530675384,48.176358777,0,2,#fc8d62,car
9880,168415,"9,20072600210929E+018",9,2,74,124,2020,7,14,1,3,5,3,0,0,1,0,0,0,0,723152.8406,5375144.9031,12.020371355,48.489770089,0,2,#fc8d62,car
9881,168416,"9,20072700711325E+018",9,7,61,0,2020,7,6,2,3,2,6,0,0,1,0,0,0,0,637764.5534,5357406.8143,10.859645508,48.354798706,0,2,#fc8d62,car
9882,168417,"9,20072800854129E+018",9,1,62,0,2020,7,14,3,3,5,3,0,1,1,0,0,0,0,685730.1268,5335303.9154,11.496864719,48.14385014,0,1,#66c2a5,bicycle
9883,168420,"9,20072800121728E+018",9,1,79,126,2020,7,12,3,3,0,7,0,0,1,0,0,0,0,676247.9746,5340600.6977,11.371703165,48.194161686,0,2,#fc8d62,car
9884,168425,"9,20072600161925E+018",9,1,73,147,2020,7,18,1,3,2,6,0,1,1,0,0,0,0,681961.4523,5309778.1885,11.43540756,47.915489315,0,1,#66c2a5,bicycle
9885,168426,"9,20072700852329E+018",9,1,62,0,2020,7,19,2,3,1,7,0,1,1,0,0,0,0,693439.1057,5329607.0768,11.597807824,48.090351357,0,1,#66c2a5,bicycle
9886,168432,"9,20072800120935E+018",9,1,79,123,2020,7,22,3,3,1,1,2,1,1,0,0,0,0,676718062,5332246.3569,11.374553483,48.118932261,1,1,#66c2a5,bicycle
9887,168438,"9,20072700851525E+018",9,1,62,0,2020,7,20,2,3,0,7,1,1,1,0,0,0,0,686584.4827,5332608.3978,11.507158474,48.11937189,0,1,#66c2a5,bicycle
9888,168444,"9,20072800120128E+018",9,1,74,121,2020,7,9,3,3,0,1,0,1,0,0,0,0,0,689449.0401,5353089.3623,11.554756615,48.302607633,0,1,#66c2a5,bicycle
9889,168445,"9,20072600140125E+018",9,1,87,122,2020,7,16,1,3,0,1,0,1,0,0,0,0,0,717151404,5306625842,11.904235263,47.876215262,0,1,#66c2a5,bicycle
9890,168446,"9,20072600711325E+018",9,7,61,0,2020,7,17,1,3,0,1,0,1,0,0,0,0,0,637724.9979,5357072454,10.859002444,48.351800803,1,1,#66c2a5,bicycle
9891,168451,"9,20072800160928E+018",9,1,73,126,2020,7,20,3,2,0,7,1,1,0,0,0,0,0,684504.3242,5306530.7247,11.468020697,47.885571363,1,1,#66c2a5,bicycle
9892,168452,"9,2007270012053E+018",9,1,79,121,2020,7,9,2,3,5,3,0,1,1,0,0,0,0,665759.9903,5337242.2038,11.229374557,48.166792807,0,1,#66c2a5,bicycle
9893,168454,"9,2007280071073E+018",9,7,61,0,2020,7,12,3,2,0,2,0,1,0,0,0,0,0,643820.5214,5357483.1561,10.941371663,48.354134913,0,1,#66c2a5,bicycle
9894,168457,"9,20072700858229E+018",9,1,62,0,2020,7,16,2,3,2,6,0,0,1,0,0,0,0,683102.3737,5334958.1576,11.461423876,48.14150396,0,2,#fc8d62,car
9895,168458,"9,20072600121728E+018",9,1,79,126,2020,7,17,1,3,5,3,0,1,1,0,0,0,0,677000.0504,5339683.8866,11.381432429,48.18571121,0,1,#66c2a5,bicycle
9896,168459,"9,2007260071063E+018",9,7,61,0,2020,7,1,1,3,0,1,2,1,0,0,0,0,0,639236.1011,5357955.9256,10.879680154,48.359413436,0,1,#66c2a5,bicycle
9897,168463,"9,2007250085823E+018",9,1,62,0,2020,7,0,7,3,0,7,2,1,0,0,0,0,0,690065.5125,5334924.1829,11.554918612,48.139156722,0,1,#66c2a5,bicycle
9898,168465,"9,2007250085823E+018",9,1,62,0,2020,7,11,7,3,6,4,0,1,0,1,0,0,0,690043.2966,5334922.3056,11.554619449,48.139146484,0,1,#66c2a5,bicycle
9899,168466,"9,20072700852828E+018",9,1,84,127,2020,7,13,2,3,5,3,0,1,1,0,0,0,0,705659524,5322270094,11.758205049,48.020591017,0,1,#66c2a5,bicycle
9900,168467,"9,20072500858229E+018",9,1,62,0,2020,7,14,7,3,2,7,0,1,1,0,0,0,0,691321.3877,5336123.8686,11.572321945,48.149562999,0,1,#66c2a5,bicycle
9901,168468,"9,20072500858229E+018",9,1,84,149,2020,7,17,7,2,5,3,0,1,1,0,0,0,0,690640.2794,5350388.6528,11.569585094,48.27797674,0,1,#66c2a5,bicycle
9902,168469,"9,20072700857125E+018",9,1,84,148,2020,7,18,2,2,5,3,0,1,1,0,0,0,0,695088.1791,5327619.1593,11.619022624,48.071982075,0,1,#66c2a5,bicycle
9903,168470,"9,20072500858229E+018",9,1,62,0,2020,7,15,7,3,0,7,0,0,0,0,0,0,1,690482.5707,5342245.3162,11.563799201,48.204833705,0,6,#ffd92f,circle
9904,168471,"9,20072700712325E+018",9,7,72,184,2020,7,7,2,3,0,1,0,0,0,0,1,0,0,634317.58,5360590262,10.814157138,48.384167187,0,4,#e78ac3,marker
9905,168472,"9,20072800857129E+018",9,1,62,0,2020,7,12,3,3,1,5,0,0,1,0,0,0,0,686313.2962,5334384072,11.504294403,48.135411741,0,2,#fc8d62,car
9906,168476,"9,20072800140125E+018",9,1,87,137,2020,7,18,3,3,0,1,0,1,0,0,0,0,0,730198.2866,5308339.8606,12.07938761,47.887071216,0,1,#66c2a5,bicycle
9907,168477,"9,20072500858229E+018",9,1,62,0,2020,7,18,7,3,5,3,0,0,1,0,1,0,1,697693.8073,5330415066,11.655257903,48.096307691,0,2,#fc8d62,car
9908,168478,"9,20072700852128E+018",9,1,62,0,2020,7,19,2,3,0,1,0,1,0,0,0,0,0,693774.1235,5332496.3317,11.603614108,48.116217441,0,1,#66c2a5,bicycle
9909,168479,"9,20072500858228E+018",9,1,84,136,2020,7,0,7,3,1,7,2,1,1,0,0,0,0,699416.2272,5327391.3752,11.676954599,48.068596476,0,1,#66c2a5,bicycle
9910,168485,"9,20072800852529E+018",9,1,62,0,2020,7,8,3,3,5,3,0,1,1,0,0,0,0,698951.6187,5333740.5833,11.673683787,48.125803393,0,1,#66c2a5,bicycle
9911,168488,"9,20072800121528E+018",9,1,81,130,2020,7,8,3,3,0,1,0,1,0,0,0,0,0,638793.5312,5325008.2989,10.862927898,48.063243659,0,1,#66c2a5,bicycle
9912,168489,"9,20072500858228E+018",9,1,62,0,2020,7,12,7,3,5,2,0,1,1,0,0,0,0,689571097,5333535201,11.547661322,48.126819942,0,1,#66c2a5,bicycle
9913,168490,"9,20072700851328E+018",9,1,62,0,2020,7,16,2,2,6,2,0,0,1,1,0,0,0,692582.8008,5338070.9852,11.590145104,48.166682521,0,2,#fc8d62,car
9914,168491,"9,20072500857128E+018",9,1,62,0,2020,7,15,7,3,5,3,0,0,1,0,1,0,0,692904214,5338543.5373,11.594677735,48.170832222,0,2,#fc8d62,car
9915,168495,"9,20072700141325E+018",9,1,63,0,2020,7,10,2,3,1,5,0,1,1,0,0,0,0,733011.6203,5304948.3555,12.115136292,47.855586836,0,1,#66c2a5,bicycle
9916,168496,"9,2007270085823E+018",9,1,62,0,2020,7,8,2,3,4,2,0,1,1,0,0,0,0,695672.5304,5330907.6304,11.628365366,48.101358468,0,1,#66c2a5,bicycle
9917,168497,"9,20072500857128E+018",9,1,62,0,2020,7,14,7,3,5,7,0,0,1,0,1,0,0,691704.5306,5332762.3072,11.575955241,48.119234376,0,2,#fc8d62,car
9918,168498,"9,20072600710627E+018",9,7,61,0,2020,7,18,1,3,0,1,0,1,0,0,0,0,0,641361.1309,5358178.7958,10.908426403,48.36094519,0,1,#66c2a5,bicycle
9919,168500,"9,2007280012053E+018",9,1,79,119,2020,7,21,3,3,0,7,1,1,0,0,0,0,0,669535.4062,5338943.8197,11.280789081,48.181094263,1,1,#66c2a5,bicycle
9920,168501,"9,20072500857125E+018",9,1,62,0,2020,7,15,7,3,1,7,0,0,1,0,0,0,1,687379.3664,5330445.2116,11.516878578,48.099695062,0,2,#fc8d62,car
9921,168502,"9,20072600710434E+018",9,7,61,0,2020,7,22,1,3,5,3,2,1,1,0,0,0,0,641056.1176,5359169.8655,10.904643337,48.369924751,1,1,#66c2a5,bicycle
9922,168506,"9,20072700110529E+018",9,1,77,117,2020,7,20,2,3,0,1,0,1,0,0,0,0,0,715074.3952,5353922.3296,11.900311176,48.30190158,0,1,#66c2a5,bicycle
9923,168508,"9,20072700121728E+018",9,1,79,142,2020,7,22,2,3,5,2,2,1,1,0,0,0,0,673332.7582,5343485.9544,11.333686904,48.220900756,0,1,#66c2a5,bicycle
9924,168509,"9,2007270085713E+018",9,1,62,0,2020,7,23,2,3,7,7,2,1,0,0,0,0,1,691019.6822,5334016.1668,11.567324376,48.130709816,0,1,#66c2a5,bicycle
9925,168510,"9,20072500854725E+018",9,1,62,0,2020,7,18,7,3,5,2,0,0,1,0,1,0,0,692270.7867,5340748.5845,11.587164486,48.190842499,0,2,#fc8d62,car
9926,168511,"9,20072600710134E+018",9,7,71,113,2020,7,22,1,3,9,1,2,0,1,0,0,0,0,655140.6583,5366814.1772,11.097521867,48.435346392,0,2,#fc8d62,car
9927,168513,"9,20072800858229E+018",9,1,62,0,2020,7,19,3,3,2,2,0,0,1,0,1,0,0,693334.2473,5333696.7075,11.598254463,48.127139794,0,2,#fc8d62,car
9928,168514,"9,20072700110525E+018",9,1,77,118,2020,7,7,2,2,2,6,0,1,1,0,0,0,0,704743.8306,5345007.1305,11.756859115,48.225213921,0,1,#66c2a5,bicycle
9929,168517,"9,20072600858229E+018",9,1,84,140,2020,7,12,1,3,0,1,0,1,0,0,0,0,0,700788.0448,5327132.8918,11.695227394,48.065843141,1,1,#66c2a5,bicycle
9930,168520,"9,20072500854129E+018",9,1,62,0,2020,7,23,7,3,5,3,2,1,1,0,0,0,0,684503.3713,5333051.0345,11.479413203,48.123956984,0,1,#66c2a5,bicycle
9931,168522,"9,20072700117528E+018",9,1,84,114,2020,7,9,2,3,2,6,0,0,1,0,0,0,0,699388.8228,5323724.1872,11.674878501,48.035646987,0,2,#fc8d62,car
9932,168523,"9,20072500852925E+018",9,1,62,0,2020,7,12,7,2,0,7,0,1,0,0,0,0,0,689250.9175,5329963098,11.541777981,48.094808632,0,1,#66c2a5,bicycle
9933,168524,"9,2007270085473E+018",9,1,62,0,2020,7,16,2,3,5,3,0,0,1,0,1,0,0,691234.1495,5339267.9663,11.572563855,48.177847927,0,2,#fc8d62,car
9934,168525,"9,20072500852925E+018",9,1,62,0,2020,7,19,7,3,3,2,0,1,1,0,0,0,0,686701.9616,5329828992,11.507519219,48.094355076,0,1,#66c2a5,bicycle
9935,168526,"9,20072700711928E+018",9,7,72,163,2020,7,13,2,3,3,2,0,1,1,0,0,0,0,639923.8542,5347411.0086,10.885461935,48.264443495,0,1,#66c2a5,bicycle
9936,168527,"9,2007280085443E+018",9,1,62,0,2020,7,9,3,3,2,2,0,0,1,0,0,0,0,687502.2926,5338874.4766,11.522238708,48.175423293,0,2,#fc8d62,car
9937,168528,"9,20072600857128E+018",9,1,84,112,2020,7,1,1,2,4,6,2,1,0,0,0,0,0,702252.6186,5340195.3509,11.721061676,48.182770978,0,1,#66c2a5,bicycle
9938,168531,"9,20072800121728E+018",9,1,79,142,2020,7,15,3,3,1,3,0,1,1,0,0,0,0,672989.1487,5340793.9506,11.327967022,48.196794981,1,1,#66c2a5,bicycle
9939,168532,"9,20072500852628E+018",9,1,84,130,2020,7,11,7,2,0,1,0,1,0,0,0,0,0,700683.0596,5345373.4798,11.702418391,48.229803747,0,1,#66c2a5,bicycle
9940,168533,"9,20072700851528E+018",9,1,62,0,2020,7,11,2,3,2,6,0,0,1,0,0,1,0,689052.7997,5333349.3586,11.54062056,48.125303699,0,2,#fc8d62,car
9941,168534,"9,20072800141329E+018",9,1,63,0,2020,7,18,3,3,5,3,0,1,1,0,0,0,0,733552575,5304808008,12.122281464,47.854129609,0,1,#66c2a5,bicycle
9942,168535,"9,20072500852628E+018",9,1,84,130,2020,7,13,7,2,9,1,0,1,0,0,0,0,0,704303.6648,5347429.5889,11.752107567,48.247125069,0,1,#66c2a5,bicycle
9943,168536,"9,2007270085243E+018",9,1,62,0,2020,7,10,2,3,5,5,0,1,1,0,0,0,0,695499.2665,5334239.2649,11.627567906,48.131354844,0,1,#66c2a5,bicycle
9944,168537,"9,2007250085253E+018",9,1,62,0,2020,7,15,7,3,2,7,0,0,1,1,0,0,0,699820.49,5332664412,11.684842779,48.115859608,0,2,#fc8d62,car
9945,168540,"9,20072600854827E+018",9,1,84,149,2020,7,11,1,3,5,3,0,1,1,0,0,0,0,691671956,5349912.6052,11.583260282,48.273386788,0,1,#66c2a5,bicycle
9946,168543,"9,20072800121525E+018",9,1,81,128,2020,7,12,3,3,1,7,0,0,1,0,0,0,0,638014.8608,5327251.1804,10.853206345,48.083581402,0,2,#fc8d62,car
9947,168544,"9,20072500851328E+018",9,1,62,0,2020,7,10,7,3,5,2,0,1,1,0,0,0,0,692606289,5338055.1152,11.590453486,48.16653277,0,1,#66c2a5,bicycle
9948,168546,"9,20072700851125E+018",9,1,62,0,2020,7,14,2,3,0,1,0,0,0,0,1,0,0,691527.3376,5335681.4647,11.574889012,48.145524757,0,4,#e78ac3,marker
9949,168549,"9,2007280071073E+018",9,7,61,0,2020,7,19,3,3,1,7,0,1,1,0,0,0,0,640398.6757,5364826.1857,10.897662258,48.420930882,0,1,#66c2a5,bicycle
9950,168555,"9,20072700141329E+018",9,1,87,177,2020,7,14,2,3,0,1,0,1,0,0,0,0,0,735036.5367,5308243.4946,12.143957222,47.884452566,0,1,#66c2a5,bicycle
9951,168556,"9,20072800120128E+018",9,1,74,122,2020,7,20,3,3,2,6,0,1,0,0,0,0,0,682645.3507,5350972361,11.462181666,48.285579909,0,1,#66c2a5,bicycle
9952,168560,"9,20072600854328E+018",9,1,62,0,2020,7,23,1,3,4,2,2,0,1,0,1,0,0,690772.8053,5339874.3826,11.566636366,48.183436984,1,2,#fc8d62,car
9953,168563,"9,2007260085293E+018",9,1,62,0,2020,7,12,1,2,0,7,0,1,0,0,0,0,0,687686.0707,5329272.6209,11.520478622,48.089065174,1,1,#66c2a5,bicycle
9954,168565,"9,20072700120929E+018",9,1,88,121,2020,7,16,2,3,4,2,0,0,1,0,0,0,0,671692.0466,5330552.1213,11.306394686,48.105076674,0,2,#fc8d62,car
9955,168566,"9,20072700857128E+018",9,1,62,0,2020,7,5,2,3,5,2,0,1,1,0,0,0,0,686648.8737,5338265.8981,11.510502974,48.170204449,0,1,#66c2a5,bicycle
9956,168567,"9,20072700140125E+018",9,1,87,150,2020,7,18,2,3,4,2,0,1,1,0,0,0,0,729440.3216,5304091819,12.067008593,47.849176093,0,1,#66c2a5,bicycle
9957,168568,"9,20072700858229E+018",9,1,62,0,2020,7,20,2,3,5,3,1,0,1,0,0,0,0,692621.7774,5334815.2059,11.589195269,48.137408596,0,2,#fc8d62,car
9958,168577,"9,20072700854328E+018",9,1,62,0,2020,7,7,2,3,5,3,0,0,1,0,1,0,0,691277.7308,5339400.7038,11.573209257,48.179027831,0,2,#fc8d62,car
9959,168579,"9,20072700710736E+018",9,7,61,0,2020,7,13,2,3,0,3,0,1,0,0,0,0,1,644297.7971,5357799.0755,10.947918658,48.356866598,0,1,#66c2a5,bicycle
9960,168580,"9,20072800853129E+018",9,1,84,134,2020,7,18,3,3,4,7,0,1,1,0,0,0,0,692764.6035,5321739.6899,11.585214629,48.019844263,0,1,#66c2a5,bicycle
9961,168581,"9,20072600852925E+018",9,1,62,0,2020,7,11,1,2,0,7,0,0,0,0,1,0,0,687192.4292,5329859.9851,11.514113516,48.09448978,1,4,#e78ac3,marker
9962,168584,"9,20072700712325E+018",9,7,72,177,2020,7,9,2,3,0,7,0,1,0,0,0,0,0,635987.0968,5376579.1425,10.841889307,48.52757878,0,1,#66c2a5,bicycle
9963,168585,"9,20072800858227E+018",9,1,84,130,2020,7,13,3,3,5,3,0,0,1,0,0,0,0,699502.2242,5345167.0584,11.686438179,48.228321137,0,2,#fc8d62,car
9964,168590,"9,20072500740728E+018",9,7,77,152,2020,7,18,7,3,5,3,0,1,1,0,0,0,0,624528.7252,5305623.2935,10.665931033,47.891850895,0,1,#66c2a5,bicycle
9965,168591,"9,20072700852229E+018",9,1,62,0,2020,7,8,2,3,3,2,0,1,1,0,0,0,0,695561.3402,5339212.8517,11.630686756,48.176035686,0,1,#66c2a5,bicycle
9966,168597,"9,20072800120929E+018",9,1,79,123,2020,7,8,3,3,5,7,0,1,1,0,0,0,0,675637834,5333400825,11.360527037,48.129609064,0,1,#66c2a5,bicycle
9967,168598,"9,20072500715028E+018",9,7,61,0,2020,7,13,7,3,4,6,0,1,0,0,0,0,0,643596441,5356243742,10.937925967,48.343041733,0,1,#66c2a5,bicycle
9968,168600,"9,20072800121728E+018",9,1,79,142,2020,7,10,3,2,0,1,0,1,0,0,0,0,0,673106703,5342287.0013,11.330156632,48.210184606,0,1,#66c2a5,bicycle
9969,168601,"9,20072500712528E+018",9,7,72,157,2020,7,15,7,2,9,6,0,1,1,0,0,0,0,626412.0313,5336319.6619,10.700172716,48.167541125,0,1,#66c2a5,bicycle
9970,168602,"9,20072700851328E+018",9,1,62,0,2020,7,18,2,3,2,6,0,0,1,0,0,0,0,692277.0787,5338411.5511,11.586191633,48.169835983,0,2,#fc8d62,car
9971,168603,"9,20072500710428E+018",9,7,61,0,2020,7,12,7,3,0,7,0,1,0,0,0,0,0,640276.2814,5358465.6338,10.893884538,48.363766329,0,1,#66c2a5,bicycle
9972,168606,"9,20072600851529E+018",9,1,62,0,2020,7,11,1,3,0,7,0,0,1,0,1,0,0,690181213,5331913621,11.555128964,48.112063137,1,2,#fc8d62,car
9973,168608,"9,20072700141328E+018",9,1,63,0,2020,7,16,2,3,5,3,0,0,1,0,0,0,0,734184.3765,5304455.1792,12.130523803,47.850729928,0,2,#fc8d62,car
9974,168609,"9,2007270085823E+018",9,1,62,0,2020,7,11,2,3,5,3,0,1,1,0,0,0,0,688429.5119,5336395131,11.533600413,48.152864396,0,1,#66c2a5,bicycle
9975,168617,"9,20072800710429E+018",9,7,61,0,2020,7,7,3,3,5,3,0,1,1,0,0,0,0,639520.8029,5359582.3032,10.884060965,48.373974554,0,1,#66c2a5,bicycle
9976,168620,"9,20072700858228E+018",9,1,62,0,2020,7,11,2,3,5,3,0,1,1,0,0,0,0,691499.4482,5331453.0913,11.572614576,48.107528948,0,1,#66c2a5,bicycle
9977,168631,"9,2007270012053E+018",9,1,79,119,2020,7,16,2,3,0,7,0,1,0,0,0,0,0,669338599,5338892.5267,11.278123131,48.180685635,0,1,#66c2a5,bicycle
9978,168633,"9,20072700855128E+018",9,1,62,0,2020,7,13,2,3,5,2,0,1,0,0,0,0,0,691490.8384,5337020.6736,11.575001356,48.157572358,0,1,#66c2a5,bicycle
9979,168635,"9,2007270071213E+018",9,7,71,142,2020,7,17,2,3,5,3,0,0,1,0,0,0,0,645901.3017,5352397.7356,10.967681474,48.307932794,0,2,#fc8d62,car
9980,168636,"9,2007280085513E+018",9,1,62,0,2020,7,18,3,3,3,2,0,1,1,0,0,0,0,687364.9001,5335085.0244,11.518723564,48.141403351,1,1,#66c2a5,bicycle
9981,168638,"9,2007270021093E+018",9,2,61,0,2020,7,18,2,3,1,6,0,0,1,0,0,0,0,731379.5788,5383163077,12.135997719,48.558822609,0,2,#fc8d62,car
9982,168641,"9,20072700851528E+018",9,1,62,0,2020,7,14,2,3,3,7,0,0,1,0,0,0,0,688352.3026,5332384.0359,11.530789859,48.116834813,0,2,#fc8d62,car
9983,168644,"9,20072700852728E+018",9,1,84,131,2020,7,22,2,2,0,7,2,1,0,0,0,0,0,704490.2065,5338021.1963,11.750084153,48.162516662,0,1,#66c2a5,bicycle
9984,168647,"9,2007280085113E+018",9,1,62,0,2020,7,22,3,3,5,3,2,1,1,0,0,0,0,691819.5178,5334936.4014,11.578477338,48.138740216,0,1,#66c2a5,bicycle
9985,168650,"9,20072800121525E+018",9,1,81,130,2020,7,20,3,3,9,1,0,1,0,0,0,0,0,638853.8048,5322875.2103,10.86304417,48.044049087,1,1,#66c2a5,bicycle
9986,168652,"9,20072700851129E+018",9,1,62,0,2020,7,11,2,3,1,5,0,1,1,0,0,0,0,691779.9197,5334661.7286,11.577821941,48.136283432,0,1,#66c2a5,bicycle
9987,168655,"9,20072800712342E+018",9,7,72,147,2020,7,4,3,2,1,5,2,0,0,0,1,1,0,637735.2298,5365942.7472,10.862049299,48.431558669,0,4,#e78ac3,marker
9988,168658,"9,20072700858229E+018",9,1,88,127,2020,7,17,2,3,5,3,0,1,1,0,0,0,0,679776879,5330296.1333,11.414795237,48.10054542,0,1,#66c2a5,bicycle
9989,168661,"9,20072700145029E+018",9,1,63,0,2020,7,18,2,3,5,3,0,0,1,0,1,0,0,733710.6437,5303598.2752,12.123738054,47.843203872,0,2,#fc8d62,car
9990,168662,"9,20072800120128E+018",9,1,74,115,2020,7,21,3,3,5,3,0,1,1,0,0,0,0,682817.7446,5347827.4783,11.463143693,48.257262582,0,1,#66c2a5,bicycle
9991,168671,"9,20072700120929E+018",9,1,79,123,2020,7,17,2,3,2,6,0,0,1,0,0,0,0,675561.5801,5333847.27,11.359687067,48.133643347,0,2,#fc8d62,car
9992,168672,"9,20072700857128E+018",9,1,62,0,2020,7,7,2,2,5,3,0,1,0,0,0,0,0,690341.8599,5338823.9039,11.560374004,48.174124629,0,1,#66c2a5,bicycle
9993,168674,"9,20072700712329E+018",9,7,72,147,2020,7,15,2,3,5,3,0,0,1,0,0,0,1,638720426,5366255381,10.875464303,48.434153533,0,2,#fc8d62,car
9994,168675,"9,20072800858229E+018",9,1,62,0,2020,7,7,3,3,1,5,0,1,0,0,1,0,0,692134.0265,5333064.0452,11.581856337,48.121816904,0,1,#66c2a5,bicycle
9995,168677,"9,20072900851328E+018",9,1,62,0,2020,7,14,4,3,0,1,0,1,0,0,0,0,0,691162.8446,5337112.6576,11.570636719,48.158497782,0,1,#66c2a5,bicycle
9996,168678,"9,20073100710743E+018",9,7,61,0,2020,7,23,6,3,6,4,2,0,1,1,0,0,0,642344.0938,5360301.1534,10.922407444,48.379807587,0,2,#fc8d62,car
9997,168683,"9,20072900851129E+018",9,1,62,0,2020,7,17,4,3,2,6,0,0,1,0,1,0,0,692232.0445,5334657.2049,11.583890761,48.136106363,0,2,#fc8d62,car
9998,168684,"9,2007300085713E+018",9,1,62,0,2020,7,20,5,3,2,2,1,0,1,0,0,0,0,696011.0901,5334991.1584,11.634785379,48.137955042,0,2,#fc8d62,car