fid,OBJECTID,UIDENTSTLA,ULAND,UREGBEZ,UKREIS,UGEMEINDE,UJAHR,UMONAT,USTUNDE,UWOCHENTAG,UKATEGORIE,UART,UTYP1,ULICHTVERH,IstRad,IstPKW,IstFuss,IstKrad,IstGkfz,IstSonstig,LINREFX,LINREFY,XGCSWGS84,YGCSWGS84,STRZUSTAND,Teilnehmer,color,symbol
10143,169037,"9,20080400121731E+018",9,1,79,126,2020,8,18,3,3,0,7,0,1,1,0,0,0,0,676214.9416,5341318.76,11.371557097,48.200625631,1,1,#66c2a5,bicycle
10144,169039,"9,20080200858231E+018",9,1,62,0,2020,8,21,1,3,1,3,2,0,1,0,1,0,0,687612.2693,5336019.4085,11.522457323,48.149728918,1,2,#fc8d62,car
10145,169042,"9,20080100710136E+018",9,7,71,113,2020,8,0,7,3,1,1,2,0,1,0,1,0,0,657753.3732,5370193.0725,11.134093914,48.465074359,0,2,#fc8d62,car
10146,169044,"9,20080200858232E+018",9,1,62,0,2020,8,17,1,3,2,6,0,0,1,0,1,0,0,690487.0755,5342209.8538,11.563843853,48.204513622,0,2,#fc8d62,car
10147,169049,"9,20080200121331E+018",9,1,88,145,2020,8,18,1,2,0,1,0,1,0,0,0,0,0,663269.6667,5326867161,11.191933304,48.074161617,1,1,#66c2a5,bicycle
10148,169050,"9,20080300858231E+018",9,1,62,0,2020,8,11,2,3,5,7,0,0,1,0,0,0,1,688513.3148,5332395.1307,11.532956007,48.116886892,1,2,#fc8d62,car
10149,169051,"9,20080100854131E+018",9,1,62,0,2020,8,19,7,3,0,7,0,0,1,0,1,0,0,686219.3409,5334415.4841,11.503046503,48.135721585,0,2,#fc8d62,car
10150,169055,"9,20080500160931E+018",9,1,73,126,2020,8,23,4,3,0,7,2,1,0,0,0,0,0,684805.1874,5304862.1446,11.471327502,47.87048596,1,1,#66c2a5,bicycle
10151,169058,"9,20080100858231E+018",9,1,62,0,2020,8,3,7,3,0,7,2,0,0,0,0,0,1,686446023,5335196309,11.506432225,48.142673541,0,6,#ffd92f,circle
10152,169059,"9,20080100851331E+018",9,1,62,0,2020,8,9,7,3,3,5,0,1,1,0,0,0,0,690871.6041,5337286.9792,11.566802591,48.160152054,0,1,#66c2a5,bicycle
10153,169060,"9,20080300851132E+018",9,1,62,0,2020,8,12,2,3,3,2,0,0,1,0,0,0,1,690912.2159,5335039503,11.566340135,48.139939743,1,2,#fc8d62,car
10154,169061,"9,20080100858231E+018",9,1,62,0,2020,8,17,7,3,2,6,0,0,1,0,0,0,0,698488.8671,5335297.6338,11.668197312,48.139941383,0,2,#fc8d62,car
10155,169062,"9,20080100750136E+018",9,7,78,203,2020,8,5,7,3,4,6,0,0,1,0,0,0,0,621905.5277,5323761.9543,10.635999274,48.05548585,0,2,#fc8d62,car
10156,169063,"9,20080300854732E+018",9,1,62,0,2020,8,11,2,3,5,3,0,0,1,0,0,0,0,692505.9519,5340852.4464,11.590372555,48.191704748,1,2,#fc8d62,car
10157,169067,"9,20080200710431E+018",9,7,61,0,2020,8,15,1,3,0,7,0,1,0,0,0,0,0,640132.0296,5358275.9895,10.891874912,48.362093141,0,1,#66c2a5,bicycle
10158,169072,"9,20080300712136E+018",9,7,71,142,2020,8,16,2,3,5,2,0,0,1,0,1,0,0,645642.8751,5351205.1298,10.963786836,48.297269134,1,2,#fc8d62,car
10159,169077,"9,20080300210932E+018",9,2,61,0,2020,8,8,2,3,0,7,0,1,0,1,0,0,0,732658.8114,5380967.3373,12.152082064,48.538625701,1,1,#66c2a5,bicycle
10160,169078,"9,20080100210936E+018",9,2,61,0,2020,8,12,7,3,5,3,0,0,1,0,1,0,0,731524.4519,5383082.9946,12.137913649,48.558049779,0,2,#fc8d62,car
10161,169079,"9,20080400857131E+018",9,1,62,0,2020,8,12,3,3,0,7,0,0,0,0,0,0,1,691566.7359,5334514.4646,11.574893196,48.13502405,1,6,#ffd92f,circle
10162,169081,"9,20080100210935E+018",9,2,74,113,2020,8,10,7,3,4,2,0,0,1,0,1,0,0,728805.9026,5381747.6531,12.100391294,48.547051936,0,2,#fc8d62,car
10163,169087,"9,20080100161333E+018",9,1,90,115,2020,8,10,7,3,0,1,0,1,0,0,0,0,0,671588.0659,5304066.8988,11.294416589,47.867003779,0,1,#66c2a5,bicycle
10164,169093,"9,20080400120533E+018",9,1,79,119,2020,8,3,3,3,0,1,2,1,0,0,0,0,0,669384.84,5339519.8615,11.278994817,48.186312907,1,1,#66c2a5,bicycle
10165,169096,"9,20080500110336E+018",9,1,75,124,2020,8,14,4,2,0,1,0,1,0,0,0,0,0,714674.8833,5328631.8508,11.882150011,48.074791045,0,1,#66c2a5,bicycle
10166,169099,"9,20080200858231E+018",9,1,62,0,2020,8,16,1,3,0,1,0,1,0,0,0,0,0,692051.9876,5332375.5768,11.580444974,48.115653794,0,1,#66c2a5,bicycle
10167,169104,"9,20080200110531E+018",9,1,77,117,2020,8,18,1,3,0,1,0,1,0,0,0,0,0,715106.7016,5353202.7807,11.900379694,48.295425325,0,1,#66c2a5,bicycle
10168,169106,"9,20080300858231E+018",9,1,62,0,2020,8,15,2,3,2,6,0,0,1,0,0,0,0,688521.4334,5338094.5189,11.535588214,48.168111453,0,2,#fc8d62,car
10169,169109,"9,20080200712331E+018",9,7,72,147,2020,8,17,1,3,8,1,0,0,1,0,0,0,0,638985086,5366427089,10.87909739,48.435639115,1,2,#fc8d62,car
10170,169111,"9,20080200852131E+018",9,1,62,0,2020,8,19,1,2,0,1,0,1,0,0,0,0,0,692142.3819,5334078.1516,11.582425678,48.130929009,1,1,#66c2a5,bicycle
10171,169116,"9,20080100858231E+018",9,1,62,0,2020,8,3,7,3,0,1,2,1,0,0,0,0,0,692032.3096,5331894.8083,11.57996439,48.111338641,0,1,#66c2a5,bicycle
10172,169117,"9,20080300854131E+018",9,1,62,0,2020,8,19,2,3,6,2,0,0,1,1,0,0,0,686234.8649,5334375.2679,11.503237379,48.135355564,1,2,#fc8d62,car
10173,169123,"9,20080500140935E+018",9,1,82,123,2020,8,15,4,2,8,1,0,0,0,0,1,0,0,719976218,5302944641,11.94009148,47.842176364,0,4,#e78ac3,marker
10174,169126,"9,20080100121732E+018",9,1,79,126,2020,8,14,7,3,0,1,0,0,0,0,1,0,0,676354.9921,5341045.2651,11.37332664,48.198128261,0,4,#e78ac3,marker
10175,169129,"9,20080100857131E+018",9,1,62,0,2020,8,1,7,3,2,6,2,1,0,0,0,0,0,679948887,5336659.5742,11.41979077,48.157697579,0,1,#66c2a5,bicycle
10176,169132,"9,20080100121731E+018",9,1,79,142,2020,8,11,7,3,2,6,0,1,1,0,0,0,0,673130.0779,5342127.6773,11.33040599,48.208746002,0,1,#66c2a5,bicycle
10177,169133,"9,20080400852531E+018",9,1,62,0,2020,8,13,3,3,0,7,0,0,1,0,0,0,0,698685761,5333434.7767,11.669972446,48.123138071,1,2,#fc8d62,car
10178,169135,"9,20080100120931E+018",9,1,79,118,2020,8,18,7,3,7,7,0,1,0,0,0,0,1,672270.0795,5336591.0434,11.316594839,48.159208266,0,1,#66c2a5,bicycle
10179,169136,"9,20080500125033E+018",9,1,79,123,2020,8,17,4,3,0,1,0,1,0,0,0,0,0,675609.8277,5334359.7742,11.360546271,48.138237105,0,1,#66c2a5,bicycle
10180,169137,"9,20080400141331E+018",9,1,63,0,2020,8,11,3,3,5,3,0,0,1,0,0,0,0,733456.6536,5307368.14,12.12238349,47.877164756,1,2,#fc8d62,car
10181,169139,"9,20080300120131E+018",9,1,74,143,2020,8,8,2,3,8,1,0,0,1,0,0,0,0,674231.7564,5354940.3425,11.350500332,48.323620249,1,2,#fc8d62,car
10182,169140,"9,20080100120131E+018",9,1,74,126,2020,8,17,7,3,6,6,0,1,0,1,0,0,0,682977.5178,5344754.9269,11.463966701,48.229598929,0,1,#66c2a5,bicycle
10183,169142,"9,20080300711331E+018",9,7,61,0,2020,8,20,2,3,4,2,1,0,1,0,0,0,0,638483.2046,5359334.2386,10.86997553,48.371972563,1,2,#fc8d62,car
10184,169143,"9,20080300141331E+018",9,1,63,0,2020,8,15,2,3,5,3,0,1,1,0,0,0,0,733251445,5304221.8186,12.117945926,47.848972581,1,1,#66c2a5,bicycle
10185,169144,"9,20080100111132E+018",9,1,78,145,2020,8,15,7,3,5,3,0,1,1,0,0,0,0,696446.0736,5354387.4486,11.649614232,48.312139926,0,1,#66c2a5,bicycle
10186,169146,"9,20080400710432E+018",9,7,61,0,2020,8,11,3,3,5,3,0,0,1,0,1,0,0,639856.4854,5359068.4746,10.888420491,48.369280049,1,2,#fc8d62,car
10187,169148,"9,20080100110541E+018",9,1,77,117,2020,8,20,7,3,0,1,0,1,0,0,0,0,0,716359.8495,5354667.2782,11.918004275,48.308156744,0,1,#66c2a5,bicycle
10188,169149,"9,20080400858231E+018",9,1,62,0,2020,8,16,3,2,8,1,0,1,0,0,0,0,0,691702.1948,5335032.9974,11.576945391,48.139643763,1,1,#66c2a5,bicycle
10189,169150,"9,20080400121731E+018",9,1,79,142,2020,8,10,3,3,4,2,0,0,1,0,1,0,0,674328.5978,5343005767,11.34688546,48.21631138,1,2,#fc8d62,car
10190,169151,"9,20080100712331E+018",9,7,72,177,2020,8,19,7,2,0,7,0,1,0,0,0,0,0,636297.5163,5377980757,10.846549926,48.540114306,0,1,#66c2a5,bicycle
10191,169153,"9,20080200858231E+018",9,1,62,0,2020,8,12,1,2,0,7,0,1,0,0,0,0,0,691510.4862,5336604.9402,11.575078181,48.153829895,1,1,#66c2a5,bicycle
10192,169154,"9,20080100110535E+018",9,1,77,117,2020,8,11,7,2,5,3,0,1,0,0,1,0,0,713707.7429,5351595.4211,11.880728705,48.281456564,0,1,#66c2a5,bicycle
10193,169158,"9,20080100858231E+018",9,1,62,0,2020,8,13,7,2,6,4,0,0,1,1,0,0,0,689157.5698,5336931.4952,11.543618228,48.157469158,0,2,#fc8d62,car
10194,169159,"9,20080300858231E+018",9,1,62,0,2020,8,16,2,2,1,7,0,1,1,0,0,0,0,689595.5019,5339918.2759,11.550832983,48.184183916,0,1,#66c2a5,bicycle
10195,169163,"9,20080300858232E+018",9,1,62,0,2020,8,9,2,3,2,6,0,0,1,0,0,0,1,694149.5053,5334250.6783,11.609451498,48.13187057,1,2,#fc8d62,car
10196,169165,"9,20080200851231E+018",9,1,62,0,2020,8,1,1,3,0,7,2,1,0,0,0,0,0,691320.9081,5336122.6587,11.57231496,48.149552268,0,1,#66c2a5,bicycle
10197,169166,"9,20080100110534E+018",9,1,77,117,2020,8,9,7,3,6,2,0,0,1,1,0,0,0,716234.0015,5354358678,11.916151169,48.305426987,0,2,#fc8d62,car
10198,169167,"9,20080500161731E+018",9,1,90,138,2020,8,14,4,3,2,2,0,1,0,0,0,0,0,660941.5709,5310632.8704,11.154611818,47.92879421,0,1,#66c2a5,bicycle
10199,169170,"9,20080100858231E+018",9,1,62,0,2020,8,22,7,3,1,5,2,1,0,0,0,0,1,695884.3885,5334530.1492,11.632872131,48.133850753,1,1,#66c2a5,bicycle
10200,169171,"9,20080300851532E+018",9,1,62,0,2020,8,15,2,3,5,6,0,1,0,0,0,0,0,687113.1204,5334064.4334,11.51489398,48.132304073,0,1,#66c2a5,bicycle
10201,169172,"9,20080300210933E+018",9,2,61,0,2020,8,11,2,3,0,1,0,0,0,0,1,0,0,730707428,5381815.9899,12.126155608,48.546969469,1,4,#e78ac3,marker
10202,169173,"9,2007310085823E+018",9,1,62,0,2020,7,22,6,3,0,7,2,1,0,0,0,0,0,691075.5722,5335870431,11.568906638,48.147359015,0,1,#66c2a5,bicycle
10203,169174,"9,20073100857129E+018",9,1,62,0,2020,7,15,6,1,4,3,0,0,0,0,1,0,1,693345.7862,5334959.9143,11.598982618,48.13848963,0,4,#e78ac3,marker
10204,169176,"9,20073100857128E+018",9,1,62,0,2020,7,15,6,3,3,2,0,1,1,0,0,0,0,691824419,5335664219,11.578871004,48.145280247,0,1,#66c2a5,bicycle
10205,169177,"9,20080200711331E+018",9,7,61,0,2020,8,16,1,3,5,3,0,0,1,0,0,0,0,638063.08,5358233.5504,10.863944284,48.3621674,1,2,#fc8d62,car
10206,169178,"9,20073100854729E+018",9,1,62,0,2020,7,18,6,3,1,7,0,0,1,0,0,0,0,694373.83,5340547.0697,11.615340045,48.188391312,0,2,#fc8d62,car
10207,169181,"9,20080100854131E+018",9,1,62,0,2020,8,13,7,3,5,3,0,1,1,0,0,0,0,685990.5509,5334713.8082,11.50010455,48.138469948,0,1,#66c2a5,bicycle
10208,169182,"9,20080300740731E+018",9,7,62,0,2020,8,15,2,3,0,1,0,0,0,0,0,0,1,621457.5468,5305945.1555,10.624953053,47.895334268,1,6,#ffd92f,circle
10209,169184,"9,20073100854729E+018",9,1,62,0,2020,7,13,6,3,0,1,0,0,0,0,0,0,1,693468.84,5339578.5584,11.602735263,48.17996299,0,6,#ffd92f,circle
10210,169188,"9,2007310085423E+018",9,1,62,0,2020,7,10,6,3,0,3,0,1,1,0,0,0,0,688594801,5336475.0129,11.535856013,48.153533393,0,1,#66c2a5,bicycle
10211,169189,"9,20080500111131E+018",9,1,78,145,2020,8,15,4,3,5,2,0,1,1,0,0,0,0,696393796,5354150.7354,11.648799729,48.310028802,0,1,#66c2a5,bicycle
10212,169191,"9,20080400857131E+018",9,1,62,0,2020,8,16,3,3,6,4,0,0,1,1,0,0,0,690421.7759,5340250.0093,11.562086923,48.186918382,1,2,#fc8d62,car
10213,169193,"9,20073100854229E+018",9,1,62,0,2020,7,15,6,3,2,3,0,1,0,0,0,1,0,689582.0223,5337300886,11.549484627,48.160662852,0,1,#66c2a5,bicycle
10214,169196,"9,20080300710631E+018",9,7,61,0,2020,8,12,2,3,5,1,0,0,1,0,0,0,1,639160031,5356925004,10.87831291,48.350160379,0,2,#fc8d62,car
10215,169198,"9,20073100854228E+018",9,1,62,0,2020,7,22,6,3,0,7,2,1,1,0,0,0,0,689583.4525,5337011.3738,11.549374827,48.158060284,0,1,#66c2a5,bicycle
10216,169201,"9,20080200140132E+018",9,1,87,179,2020,8,5,1,3,0,1,1,1,0,0,0,0,0,723254157,5312245902,11.988649382,47.924619743,0,1,#66c2a5,bicycle
10217,169202,"9,20073100854228E+018",9,1,62,0,2020,7,16,6,3,3,2,0,1,1,0,0,0,0,688661196,5337456758,11.537183182,48.162337733,0,1,#66c2a5,bicycle
10218,169203,"9,20080400120536E+018",9,1,79,121,2020,8,12,3,3,6,4,0,0,1,1,0,0,0,667581.9252,5338486.8835,11.254349601,48.177504702,1,2,#fc8d62,car
10219,169206,"9,20080200858232E+018",9,1,62,0,2020,8,19,1,3,5,3,1,1,1,0,0,0,0,692683.7827,5334190.1605,11.589745149,48.131772058,1,1,#66c2a5,bicycle
10220,169207,"9,20073100854129E+018",9,1,62,0,2020,7,9,6,3,5,3,0,1,1,0,0,0,0,686226.6323,5334606.2087,11.503227796,48.137433756,0,1,#66c2a5,bicycle
10221,169211,"9,20080200120531E+018",9,1,79,121,2020,8,16,1,3,0,1,0,1,0,0,0,0,0,665844.1286,5337458.1683,11.23058951,48.168712402,0,1,#66c2a5,bicycle
10222,169212,"9,20080100711931E+018",9,7,72,125,2020,8,8,7,3,0,7,0,1,0,0,0,0,0,633461.8881,5348220717,10.798688709,48.273119116,0,1,#66c2a5,bicycle
10223,169213,"9,20080300858231E+018",9,1,62,0,2020,8,14,2,3,0,1,0,0,0,0,1,0,0,689729.6249,5333350131,11.549707219,48.125109292,1,4,#e78ac3,marker
10224,169214,"9,20080100710733E+018",9,7,61,0,2020,8,16,7,3,0,7,0,0,0,0,1,0,0,641636.7125,5362479.9087,10.91359419,48.39955718,0,4,#e78ac3,marker
10225,169217,"9,2007310085313E+018",9,1,84,148,2020,7,23,6,3,1,1,2,1,1,0,0,0,0,694048487,5328371.7054,11.605421627,48.079062938,0,1,#66c2a5,bicycle
10226,169220,"9,20080100858231E+018",9,1,62,0,2020,8,2,7,3,9,1,2,0,1,0,0,0,0,688817.5552,5340153.5693,11.540481701,48.186530427,0,2,#fc8d62,car
10227,169222,"9,20080800110134E+018",9,1,77,139,2020,8,19,7,2,8,1,0,1,0,0,0,0,0,732542.6063,5360678.2957,12.139245914,48.356413987,0,1,#66c2a5,bicycle
10228,169223,"9,20080800141331E+018",9,1,87,177,2020,8,10,7,3,0,7,0,1,0,0,0,0,0,735478052,5305426.9126,12.148319385,47.858987234,0,1,#66c2a5,bicycle
10229,169227,"9,20080700858234E+018",9,1,84,122,2020,8,10,6,3,0,3,0,0,0,1,0,1,0,688791.2234,5323137.5781,11.532596978,48.03359532,0,3,#8da0cb,toilet
10230,169230,"9,20080700858232E+018",9,1,62,0,2020,8,22,6,3,4,2,2,1,1,0,0,0,0,690209.8041,5335439.2983,11.557086301,48.143743461,0,1,#66c2a5,bicycle
10231,169232,"9,20080700858232E+018",9,1,62,0,2020,8,12,6,3,6,4,0,0,1,1,0,0,0,692523.8792,5334795221,11.587871695,48.137258602,0,2,#fc8d62,car
10232,169237,"9,20080700858231E+018",9,1,62,0,2020,8,18,6,3,5,3,0,1,1,0,0,0,0,684703.9969,5333604.7277,11.482346608,48.128875701,0,1,#66c2a5,bicycle
10233,169240,"9,20080700857132E+018",9,1,62,0,2020,8,9,6,3,5,3,0,0,1,0,0,0,0,694226.4855,5332760.6632,11.609806063,48.118455359,0,2,#fc8d62,car
10234,169244,"9,20080700857131E+018",9,1,62,0,2020,8,12,6,2,5,3,0,1,1,0,0,0,0,687945.8135,5338188.3112,11.527895489,48.169124924,0,1,#66c2a5,bicycle
10235,169245,"9,20080800140131E+018",9,1,87,179,2020,8,10,7,3,0,1,0,1,0,0,0,0,0,723193.4295,5312231.6945,11.987830224,47.92451323,0,1,#66c2a5,bicycle
10236,169248,"9,20080700857131E+018",9,1,62,0,2020,8,17,6,3,5,2,0,0,1,0,0,0,1,686213.2911,5334929.5263,11.503190003,48.140343759,0,2,#fc8d62,car
10237,169250,"9,20080700854831E+018",9,1,84,149,2020,8,16,6,3,5,3,0,1,0,0,0,0,1,691601.8745,5351004.0226,11.582811489,48.283217216,0,1,#66c2a5,bicycle
10238,169253,"9,20080700854332E+018",9,1,62,0,2020,8,11,6,3,3,6,0,1,1,0,0,0,0,687553.7008,5343628.6577,11.525029718,48.218139359,0,1,#66c2a5,bicycle
10239,169258,"9,20080700852131E+018",9,1,62,0,2020,8,12,6,3,6,6,0,0,0,1,0,0,1,692639.6531,5334136.7668,11.589128518,48.131305525,0,3,#8da0cb,toilet
10240,169259,"9,20080800140131E+018",9,1,87,122,2020,8,10,7,3,0,1,0,1,0,0,0,0,0,722146.0531,5306304.0843,11.97077768,47.871616049,0,1,#66c2a5,bicycle
10241,169263,"9,20080700851532E+018",9,1,62,0,2020,8,18,6,3,5,3,0,1,1,0,0,0,0,688403.5776,5332497.1973,11.531528115,48.117836764,0,1,#66c2a5,bicycle
10242,169264,"9,20080800210935E+018",9,2,61,0,2020,8,13,7,3,0,1,0,1,0,0,0,0,0,731282.6132,5379207.6651,12.132490221,48.523327434,0,1,#66c2a5,bicycle
10243,169266,"9,20080700140136E+018",9,1,87,117,2020,8,22,6,3,1,7,0,0,1,0,0,0,0,725522239,5304841684,12.015100733,47.857300054,0,2,#fc8d62,car
10244,169268,"9,20080700121532E+018",9,1,81,130,2020,8,17,6,3,5,3,0,1,1,0,0,0,0,638668.6295,5326229.9315,10.861648626,48.074256139,0,1,#66c2a5,bicycle
10245,169269,"9,20080700121531E+018",9,1,81,130,2020,8,13,6,3,4,6,0,1,0,0,0,0,0,638854.9068,5323567.4683,10.863283543,48.050273873,0,1,#66c2a5,bicycle
10246,169270,"9,20080700851531E+018",9,1,62,0,2020,8,13,6,3,1,7,0,0,1,0,0,0,0,689185.6638,5332779.3847,11.542151302,48.120141232,0,2,#fc8d62,car
10247,169272,"9,20080700121531E+018",9,1,81,118,2020,8,12,6,3,5,3,0,0,1,0,1,0,0,653200.8179,5328199.6388,11.057327791,48.088640771,0,2,#fc8d62,car
10248,169273,"9,20080700121531E+018",9,1,81,122,2020,8,11,6,2,5,3,0,1,1,0,0,0,0,650213.8011,5333886.9102,11.019244725,48.140488382,0,1,#66c2a5,bicycle
10249,169274,"9,20080700120542E+018",9,1,79,121,2020,8,16,6,3,2,6,0,1,0,0,0,0,0,667354.5421,5339007.0551,11.251498108,48.182240946,0,1,#66c2a5,bicycle
10250,169275,"9,20080700851331E+018",9,1,62,0,2020,8,6,6,3,0,1,0,0,0,0,1,0,0,692333.6177,5337784.3571,11.586667636,48.164181819,0,4,#e78ac3,marker
10251,169276,"9,20080700120131E+018",9,1,74,115,2020,8,17,6,3,2,6,0,0,1,0,0,0,0,683033.4779,5348414427,11.466301434,48.262476057,0,2,#fc8d62,car
10252,169278,"9,20080700110131E+018",9,1,77,123,2020,8,20,6,3,1,1,0,1,1,0,0,0,0,726969.4584,5344440.5806,12.055402019,48.212563461,0,1,#66c2a5,bicycle
10253,169281,"9,20080600858232E+018",9,1,62,0,2020,8,14,5,2,6,3,0,0,1,1,0,0,0,686362.0476,5334393.8708,11.504953323,48.135485542,0,2,#fc8d62,car
10254,169283,"9,20080600858232E+018",9,1,62,0,2020,8,18,5,2,5,3,0,1,1,0,0,0,0,688390.5207,5328168.3183,11.529442297,48.078931589,0,1,#66c2a5,bicycle
10255,169284,"9,20080600858231E+018",9,1,62,0,2020,8,22,5,3,0,7,2,1,0,0,0,0,0,683365.52,5335377.2164,11.46513839,48.14519494,0,1,#66c2a5,bicycle
10256,169285,"9,20080600858231E+018",9,1,62,0,2020,8,20,5,2,0,1,1,1,0,0,0,0,0,689709.6807,5340122.7029,11.552458857,48.185987213,0,1,#66c2a5,bicycle
10257,169286,"9,20080600858231E+018",9,1,62,0,2020,8,15,5,3,2,6,0,0,1,0,0,0,0,690693.6264,5340437134,11.565824818,48.188518687,0,2,#fc8d62,car
10258,169288,"9,20080600857133E+018",9,1,62,0,2020,8,9,5,3,6,7,0,0,1,1,0,0,0,689654.5045,5332702918,11.548410803,48.11931447,0,2,#fc8d62,car
10259,169289,"9,20080600857131E+018",9,1,62,0,2020,8,15,5,2,3,2,0,1,1,0,0,0,0,685012.1049,5330723.7284,11.485233485,48.102890282,0,1,#66c2a5,bicycle
10260,169291,"9,20080600855133E+018",9,1,62,0,2020,8,18,5,2,5,3,0,1,1,0,0,0,0,687595.8668,5337462628,11.522873294,48.162705718,0,1,#66c2a5,bicycle
10261,169293,"9,20080600854131E+018",9,1,62,0,2020,8,8,5,2,3,6,0,0,1,0,1,0,0,687269.1451,5334361.6581,11.517119583,48.134929725,0,2,#fc8d62,car
10262,169294,"9,20080600852231E+018",9,1,62,0,2020,8,13,5,3,1,1,0,1,1,0,0,0,0,693501807,5335554.5305,11.60134781,48.143786427,0,1,#66c2a5,bicycle
10263,169295,"9,20080600852231E+018",9,1,62,0,2020,8,19,5,3,0,1,0,0,0,0,1,0,0,693994.0507,5335005.5218,11.607708112,48.138702236,0,4,#e78ac3,marker
10264,169296,"9,20080600851431E+018",9,1,62,0,2020,8,9,5,3,5,2,0,1,1,0,0,0,0,690724.0942,5333562.9437,11.563152928,48.126724899,0,1,#66c2a5,bicycle
10265,169298,"9,20080600851232E+018",9,1,62,0,2020,8,19,5,3,2,6,0,0,1,0,0,0,0,692227.3946,5335506.1398,11.584211496,48.14373783,0,2,#fc8d62,car
10266,169299,"9,20080600851134E+018",9,1,62,0,2020,8,9,5,3,3,2,0,1,1,0,0,0,0,691324457,5334521.4005,11.571643188,48.135159272,0,1,#66c2a5,bicycle
10267,169301,"9,20080600851132E+018",9,1,62,0,2020,8,22,5,2,4,6,2,1,0,0,0,0,0,692545.3353,5334561.9313,11.58805435,48.135155353,0,1,#66c2a5,bicycle
10268,169310,"9,20080800131333E+018",9,1,86,125,2020,8,11,7,3,5,1,0,0,1,0,0,0,0,670971.4029,5370796.4459,11.313008722,48.467044803,0,2,#fc8d62,car
10269,169316,"9,20080600711332E+018",9,7,61,0,2020,8,15,5,3,5,3,0,1,1,0,0,0,0,638463.3528,5359329.9613,10.869706206,48.371938459,0,1,#66c2a5,bicycle
10270,169330,"9,20080700740736E+018",9,7,62,0,2020,8,6,6,3,5,3,0,1,0,0,0,0,1,622551.8051,5306353.2619,10.639702628,47.898796572,0,1,#66c2a5,bicycle
10271,169340,"9,20080700711131E+018",9,7,61,0,2020,8,16,6,3,5,3,0,0,1,0,1,0,0,637587.3007,5361459386,10.858580306,48.391277529,0,2,#fc8d62,car
10272,169343,"9,20080700710632E+018",9,7,61,0,2020,8,8,6,2,6,2,0,0,1,1,0,0,0,641906.1149,5357628.4222,10.915594008,48.355874195,0,2,#fc8d62,car
10273,169348,"9,20080700710631E+018",9,7,61,0,2020,8,12,6,3,8,1,0,1,0,0,0,0,0,641452.8729,5358195.9213,10.909669996,48.361078628,0,1,#66c2a5,bicycle
10274,169349,"9,20080800121731E+018",9,1,79,142,2020,8,12,7,3,0,1,0,0,0,0,1,0,0,673959.2732,5344070.5612,11.342354653,48.225984501,0,4,#e78ac3,marker
10275,169352,"9,20080700710631E+018",9,7,61,0,2020,8,12,6,3,0,7,0,1,0,0,0,0,0,637879.5126,5353068.0637,10.859776557,48.315759956,0,1,#66c2a5,bicycle
10276,169355,"9,20080700710431E+018",9,7,61,0,2020,8,8,6,3,6,4,0,1,0,1,0,0,0,639869.7336,5358692.8106,10.88847434,48.365899249,0,1,#66c2a5,bicycle
10277,169361,"9,20080800121331E+018",9,1,88,144,2020,8,13,7,2,0,1,0,1,0,0,0,0,0,667971.3766,5328357815,11.25559092,48.086341676,0,1,#66c2a5,bicycle
10278,169374,"9,20080800120535E+018",9,1,79,121,2020,8,21,7,3,0,7,2,1,0,1,0,0,0,668355536,5338767.6285,11.264859191,48.179824068,0,1,#66c2a5,bicycle
10279,169387,"9,20080600140131E+018",9,1,87,122,2020,8,17,5,3,5,3,0,1,1,0,0,0,0,719404.2941,5306827.5264,11.934427717,47.877261833,0,1,#66c2a5,bicycle
10280,169391,"9,20080600120931E+018",9,1,79,145,2020,8,4,5,3,5,3,2,1,1,0,0,0,0,674674.8544,5337992.1861,11.349480427,48.171147567,0,1,#66c2a5,bicycle
10281,169392,"9,20080600120931E+018",9,1,88,121,2020,8,20,5,3,4,3,0,0,1,0,0,0,0,671688.3999,5330555.4124,11.306347064,48.105107243,0,2,#fc8d62,car
10282,169394,"9,20080600120131E+018",9,1,74,115,2020,8,18,5,3,0,6,0,0,1,0,1,0,0,681935.7824,5347792.3826,11.451257056,48.257200955,0,2,#fc8d62,car
10283,169396,"9,20080600111342E+018",9,1,75,139,2020,8,18,5,3,8,1,0,0,1,0,0,0,0,711135.3485,5329474.1152,11.8351064,48.083541231,0,2,#fc8d62,car
10284,169397,"9,20080600110535E+018",9,1,77,143,2020,8,19,5,3,5,3,0,0,1,0,1,0,0,721054874,5365910.97,11.987141989,48.407551622,0,2,#fc8d62,car
10285,169399,"9,20080500858233E+018",9,1,62,0,2020,8,23,4,3,0,7,2,0,0,0,0,0,1,690254.5841,5334941.7506,11.557465393,48.139258117,0,6,#ffd92f,circle
10286,169400,"9,20080500858232E+018",9,1,62,0,2020,8,7,4,3,2,1,0,0,1,0,1,0,0,690450.0372,5338672.7319,11.561759911,48.172733501,0,2,#fc8d62,car
10287,169402,"9,20080500858232E+018",9,1,62,0,2020,8,10,4,3,3,6,0,1,0,0,0,0,1,689654.6564,5335699.6928,11.549746837,48.146249628,0,1,#66c2a5,bicycle