fid,OBJECTID,UIDENTSTLA,ULAND,UREGBEZ,UKREIS,UGEMEINDE,UJAHR,UMONAT,USTUNDE,UWOCHENTAG,UKATEGORIE,UART,UTYP1,ULICHTVERH,IstRad,IstPKW,IstFuss,IstKrad,IstGkfz,IstSonstig,LINREFX,LINREFY,XGCSWGS84,YGCSWGS84,STRZUSTAND,Teilnehmer,color,symbol
10433,169736,"9,20081400858232E+018",9,1,62,0,2020,8,12,6,3,5,3,0,0,1,0,0,0,0,689108.4032,5334932.8098,11.542069855,48.139519427,0,2,#fc8d62,car
10434,169737,"9,20081400858232E+018",9,1,62,0,2020,8,16,6,3,0,7,0,0,0,0,0,0,1,692951.3612,5332275.4731,11.592471031,48.114482228,0,6,#ffd92f,circle
10435,169739,"9,20081400858232E+018",9,1,62,0,2020,8,11,6,3,5,2,0,1,0,0,0,0,1,691729.9755,5334686.9134,11.577162653,48.136524839,0,1,#66c2a5,bicycle
10436,169741,"9,20081400858232E+018",9,1,62,0,2020,8,8,6,3,5,3,0,1,0,0,0,0,0,689034.0998,5335535.4872,11.541339597,48.144958433,0,1,#66c2a5,bicycle
10437,169742,"9,20081200750135E+018",9,7,78,116,2020,8,16,4,3,3,6,0,0,0,0,0,0,1,617223.9917,5315341.5102,10.570894204,47.980631605,0,6,#ffd92f,circle
10438,169743,"9,20081400858232E+018",9,1,62,0,2020,8,12,6,3,2,6,0,0,1,0,0,0,0,686231.9172,5332746.6038,11.502486068,48.120717355,0,2,#fc8d62,car
10439,169745,"9,20081400858232E+018",9,1,62,0,2020,8,13,6,3,2,2,0,1,1,0,0,0,0,682991.2323,5335687.9022,11.460244884,48.148095359,0,1,#66c2a5,bicycle
10440,169746,"9,20081400858232E+018",9,1,62,0,2020,8,12,6,3,4,7,0,1,1,0,0,0,0,695933876,5335958676,11.63419377,48.146674333,0,1,#66c2a5,bicycle
10441,169747,"9,20081400857133E+018",9,1,62,0,2020,8,13,6,2,5,3,0,0,1,0,0,0,1,696888.4567,5333136.3496,11.645708971,48.121014325,0,2,#fc8d62,car
10442,169748,"9,20081400854734E+018",9,1,62,0,2020,8,19,6,3,8,7,0,1,0,0,0,0,0,691266.9271,5339614.9123,11.573160481,48.180956351,0,1,#66c2a5,bicycle
10443,169749,"9,20081400854733E+018",9,1,62,0,2020,8,9,6,3,5,3,0,1,1,0,0,0,0,693382.67,5339296391,11.601448865,48.177453207,0,1,#66c2a5,bicycle
10444,169751,"9,20081400854233E+018",9,1,62,0,2020,8,11,6,3,3,2,0,1,1,0,0,0,0,688657.5888,5335659.3822,11.536337902,48.146183781,0,1,#66c2a5,bicycle
10445,169753,"9,20081400854133E+018",9,1,62,0,2020,8,23,6,3,5,2,2,1,1,0,0,0,0,686221958,5333338981,11.502611165,48.126044792,1,1,#66c2a5,bicycle
10446,169755,"9,20081400854132E+018",9,1,62,0,2020,8,8,6,3,5,3,0,1,1,0,0,0,0,686438.5326,5333896.0242,11.505762501,48.130988314,0,1,#66c2a5,bicycle
10447,169756,"9,20081400853233E+018",9,1,84,144,2020,8,13,6,2,8,6,0,1,1,0,0,0,0,684941.9219,5316529.8765,11.478161582,47.975326677,0,1,#66c2a5,bicycle
10448,169757,"9,20081400851232E+018",9,1,62,0,2020,8,14,6,3,5,3,0,0,1,0,1,0,0,690493.8142,5335554.5379,11.560951996,48.144694257,0,2,#fc8d62,car
10449,169760,"9,20081400851132E+018",9,1,62,0,2020,8,14,6,3,2,6,0,1,1,0,0,0,0,691277.4209,5335117034,11.571279107,48.140526906,0,1,#66c2a5,bicycle
10450,169767,"9,20081500712331E+018",9,7,72,147,2020,8,13,7,3,1,5,0,1,1,0,0,0,0,639016.4895,5365131.7522,10.879092109,48.423984947,0,1,#66c2a5,bicycle
10451,169774,"9,20081400712147E+018",9,7,71,142,2020,8,16,6,3,1,7,0,1,1,0,0,0,0,646034.9071,5351120.0938,10.969040177,48.296414183,0,1,#66c2a5,bicycle
10452,169776,"9,20081400711332E+018",9,7,72,202,2020,8,8,6,3,4,2,0,0,1,0,0,0,0,637537.2656,5358578.8981,10.856962235,48.365387502,0,2,#fc8d62,car
10453,169778,"9,20081400710733E+018",9,7,61,0,2020,8,20,6,2,4,6,1,1,0,0,0,0,0,643781.9876,5356540002,10.940529698,48.345663346,0,1,#66c2a5,bicycle
10454,169779,"9,20081400710433E+018",9,7,61,0,2020,8,20,6,3,2,6,1,1,0,0,0,0,0,639390523,5360089714,10.882470931,48.378565848,1,1,#66c2a5,bicycle
10455,169780,"9,20081400710432E+018",9,7,61,0,2020,8,20,6,3,0,7,1,0,0,0,1,0,0,640954.2978,5359164.88,10.90326761,48.369902671,1,4,#e78ac3,marker
10456,169781,"9,20081200712136E+018",9,7,71,130,2020,8,20,4,3,7,1,0,1,1,0,0,0,0,646414.2241,5357892.3297,10.976503829,48.357217868,0,1,#66c2a5,bicycle
10457,169786,"9,20081200712134E+018",9,7,71,122,2020,8,7,4,3,4,6,0,0,1,0,0,0,0,652144.6595,5362112.9257,11.05533794,48.393809689,0,2,#fc8d62,car
10458,169788,"9,20081200710632E+018",9,7,61,0,2020,8,20,4,3,0,2,0,1,0,0,0,0,0,640607.9293,5354178.2739,10.896928041,48.325141869,0,1,#66c2a5,bicycle
10459,169790,"9,20081200710435E+018",9,7,61,0,2020,8,11,4,3,3,6,0,1,1,0,0,0,0,640092105,5359059.0168,10.891597006,48.369142752,0,1,#66c2a5,bicycle
10460,169792,"9,20081200710432E+018",9,7,61,0,2020,8,13,4,3,6,4,0,1,0,1,0,0,0,640628041,5358816523,10.898748285,48.366843144,0,1,#66c2a5,bicycle
10461,169794,"9,20081200710135E+018",9,7,71,144,2020,8,16,4,3,5,3,0,0,1,0,1,0,0,661273.7822,5373191.6769,11.182839337,48.491138859,0,2,#fc8d62,car
10462,169796,"9,20081500851436E+018",9,1,62,0,2020,8,1,7,3,0,7,2,1,0,0,0,0,0,689684.2166,5333298.6612,11.549074715,48.124660208,0,1,#66c2a5,bicycle
10463,169816,"9,20081500711132E+018",9,7,61,0,2020,8,21,7,3,2,6,2,0,1,0,0,0,0,638412458,5362345845,10.87001286,48.399067804,0,2,#fc8d62,car
10464,169818,"9,20081400215035E+018",9,2,61,0,2020,8,18,6,3,0,6,0,0,1,0,1,0,0,731736789,5381901278,12.14012943,48.547356245,0,2,#fc8d62,car
10465,169819,"9,20081400210942E+018",9,2,61,0,2020,8,13,6,3,5,2,0,0,1,0,0,0,0,728534208,5380882807,12.09624099,48.539381891,0,2,#fc8d62,car
10466,169822,"9,20081400210936E+018",9,2,61,0,2020,8,9,6,2,6,4,0,0,0,1,0,0,1,732741438,5380570151,12.152977948,48.535027257,0,3,#8da0cb,toilet
10467,169830,"9,20081400141332E+018",9,1,63,0,2020,8,14,6,3,0,7,0,1,0,0,0,0,0,732525736,5303035675,12.107622747,47.838578945,0,1,#66c2a5,bicycle
10468,169834,"9,20081400140134E+018",9,1,87,117,2020,8,8,6,3,0,7,0,1,0,0,0,0,0,725106.4914,5305956.4617,12.0101307,47.86746206,0,1,#66c2a5,bicycle
10469,169838,"9,20081400130532E+018",9,1,86,143,2020,8,10,6,3,5,3,0,0,1,0,0,0,0,687564.2105,5384271.8315,11.54332787,48.583426806,0,2,#fc8d62,car
10470,169839,"9,20081400121532E+018",9,1,81,130,2020,8,17,6,2,6,2,0,0,0,1,1,0,0,640369.5242,5323437.8037,10.883554228,48.048776567,0,3,#8da0cb,toilet
10471,169841,"9,20081400121335E+018",9,1,88,124,2020,8,10,6,2,5,3,0,0,1,0,1,0,0,662120.8708,5318922.9154,11.173514292,48.003030884,0,2,#fc8d62,car
10472,169843,"9,20081400120732E+018",9,1,88,120,2020,8,7,6,2,0,1,0,1,0,0,0,0,0,677828611,5327635791,11.387541667,48.077177752,0,1,#66c2a5,bicycle
10473,169845,"9,20081400120132E+018",9,1,74,113,2020,8,17,6,3,0,3,0,1,1,0,0,0,0,675503.7335,5346973.2274,11.364335127,48.251651586,0,1,#66c2a5,bicycle
10474,169847,"9,20081400120132E+018",9,1,74,111,2020,8,12,6,3,0,1,0,1,0,0,0,0,0,671534.3782,5364873.6991,11.318193436,48.413651285,0,1,#66c2a5,bicycle
10475,169849,"9,20081400111133E+018",9,1,78,120,2020,8,14,6,3,5,1,0,1,0,0,0,0,0,694675.5129,5352837.8861,11.625044805,48.298761059,0,1,#66c2a5,bicycle
10476,169851,"9,20081400110733E+018",9,1,78,133,2020,8,14,6,2,5,3,0,0,1,0,0,0,0,686526.1755,5366293.4152,11.521234837,48.422153018,0,2,#fc8d62,car
10477,169852,"9,20081400110532E+018",9,1,77,117,2020,8,1,6,2,0,1,2,1,0,0,0,0,0,715353.4792,5355445.5488,11.904846931,48.315492981,0,1,#66c2a5,bicycle
10478,169854,"9,20081400110332E+018",9,1,75,113,2020,8,15,6,2,0,1,0,0,0,0,1,0,0,717378.9165,5317974.5243,11.912999375,47.978113961,0,4,#e78ac3,marker
10479,169856,"9,2008130085824E+018",9,1,62,0,2020,8,10,5,3,5,3,0,1,0,0,1,0,0,690691.1949,5334624.6396,11.563186406,48.136277244,0,1,#66c2a5,bicycle
10480,169858,"9,20081300858235E+018",9,1,62,0,2020,8,12,5,3,0,7,0,1,0,0,0,0,0,683295.5774,5337552.8156,11.465136128,48.164770707,1,1,#66c2a5,bicycle
10481,169860,"9,20081300858234E+018",9,1,62,0,2020,8,20,5,3,6,2,1,0,1,1,0,0,0,690625.5131,5336041.7319,11.562938835,48.149033682,0,2,#fc8d62,car
10482,169862,"9,20081300858232E+018",9,1,62,0,2020,8,18,5,2,2,6,0,0,1,0,1,0,0,693317.1545,5335244.8977,11.598727513,48.141059675,0,2,#fc8d62,car
10483,169863,"9,20081300857133E+018",9,1,62,0,2020,8,8,5,2,3,6,0,1,0,0,0,0,0,689686.9713,5340119721,11.552152296,48.185967193,0,1,#66c2a5,bicycle
10484,169866,"9,20081300857132E+018",9,1,62,0,2020,8,10,5,2,0,7,0,0,0,0,0,0,1,680109.7894,5335527073,11.421473152,48.147472083,0,6,#ffd92f,circle
10485,169868,"9,20081300857132E+018",9,1,62,0,2020,8,21,5,3,2,5,2,0,1,0,0,0,1,689849.1768,5337952.8132,11.553364588,48.166442654,0,2,#fc8d62,car
10486,169870,"9,20081300857131E+018",9,1,62,0,2020,8,17,5,3,5,3,0,1,1,0,0,0,0,689994121,5336287.1045,11.554568131,48.151427992,0,1,#66c2a5,bicycle
10487,169871,"9,20081300854532E+018",9,1,62,0,2020,8,20,5,3,3,6,1,0,1,0,1,0,0,682143.1077,5335941.6168,11.44896158,48.150619348,0,2,#fc8d62,car
10488,169873,"9,20081300852232E+018",9,1,62,0,2020,8,10,5,2,0,7,0,1,0,0,0,0,0,694967.06,5338358.7732,11.622309542,48.168542268,0,1,#66c2a5,bicycle
10489,169874,"9,20081500712331E+018",9,7,72,177,2020,8,10,7,2,0,7,0,1,0,0,0,0,0,636589.2927,5377810.5628,10.850444951,48.538520525,0,1,#66c2a5,bicycle
10490,169875,"9,20081300852134E+018",9,1,62,0,2020,8,14,5,3,4,6,0,0,1,0,0,0,1,693211.4938,5333399.4138,11.596471746,48.124505064,0,2,#fc8d62,car
10491,169876,"9,20081300851432E+018",9,1,62,0,2020,8,19,5,3,3,6,0,1,0,0,0,0,0,690329.7462,5333839621,11.557982311,48.129329702,0,1,#66c2a5,bicycle
10492,169885,"9,20081300740736E+018",9,7,62,0,2020,8,13,5,3,5,3,0,1,1,0,0,0,0,621919.9663,5305621.6256,10.631045669,47.892336837,0,1,#66c2a5,bicycle
10493,169886,"9,20081300712142E+018",9,7,71,130,2020,8,7,5,2,5,2,0,0,1,0,1,0,0,650862.4892,5358047.0494,11.036569334,48.357561831,0,2,#fc8d62,car
10494,169889,"9,20081300711332E+018",9,7,61,0,2020,8,0,5,3,4,6,2,1,0,0,0,0,0,638082.6797,5359396.2448,10.864590482,48.372617876,0,1,#66c2a5,bicycle
10495,169890,"9,20081300710632E+018",9,7,61,0,2020,8,14,5,3,0,1,0,1,0,0,0,0,0,641903.9773,5357474.2048,10.915513171,48.354488015,1,1,#66c2a5,bicycle
10496,169891,"9,20081300710432E+018",9,7,61,0,2020,8,10,5,3,1,5,0,1,1,0,0,0,0,640544.7122,5359297.0877,10.897784434,48.371182781,0,1,#66c2a5,bicycle
10497,169893,"9,20081300710134E+018",9,7,71,113,2020,8,14,5,3,5,3,0,1,1,0,0,0,0,657949.8601,5370409.6083,11.136831831,48.466971752,0,1,#66c2a5,bicycle
10498,169898,"9,20081500750141E+018",9,7,78,116,2020,8,19,7,3,2,6,0,1,0,0,0,0,0,619536.3655,5317434.5286,10.602452201,47.999027652,0,1,#66c2a5,bicycle
10499,169911,"9,20081500740147E+018",9,7,77,140,2020,8,16,7,3,0,1,0,1,0,0,0,0,0,623385.3452,5314714.8263,10.65324652,47.973836895,0,1,#66c2a5,bicycle
10500,169920,"9,20081200210946E+018",9,2,61,0,2020,8,21,4,3,6,6,0,1,0,1,0,0,0,731737.7828,5381914.2201,12.140150075,48.547472134,0,1,#66c2a5,bicycle
10501,169922,"9,20081500711332E+018",9,7,61,0,2020,8,15,7,3,5,3,0,0,1,0,0,0,1,638021.1624,5359294.6258,10.863726887,48.371717592,0,2,#fc8d62,car
10502,169930,"9,20081500120934E+018",9,1,79,123,2020,8,4,7,3,0,7,2,1,0,0,0,0,0,675187163,5333181.2596,11.35438518,48.127759506,0,1,#66c2a5,bicycle
10503,169937,"9,20081200161931E+018",9,1,73,137,2020,8,0,4,3,9,1,2,1,0,0,0,0,0,677222001,5308018285,11.371307596,47.900995784,0,1,#66c2a5,bicycle
10504,169938,"9,20081500120332E+018",9,1,81,114,2020,8,16,7,3,0,7,0,0,1,0,1,0,0,657113.2571,5312918.7403,11.10423052,47.950296813,0,2,#fc8d62,car
10505,169945,"9,20081200161333E+018",9,1,90,115,2020,8,14,4,3,0,1,0,1,0,0,0,0,0,671575198,5303845012,11.294156593,47.865012415,0,1,#66c2a5,bicycle
10506,169951,"9,20081500851132E+018",9,1,62,0,2020,8,21,7,3,0,1,2,1,0,0,0,0,0,692495.8027,5334662.5547,11.587434743,48.136074719,0,1,#66c2a5,bicycle
10507,169952,"9,20081300141331E+018",9,1,63,0,2020,8,20,5,2,0,1,1,0,0,0,1,0,0,731761.0452,5304536.6736,12.098222131,47.852340343,1,4,#e78ac3,marker
10508,169958,"9,2008130012174E+018",9,1,79,126,2020,8,10,5,3,5,3,0,0,1,0,0,0,0,675923.1169,5340817497,11.367425381,48.19620061,0,2,#fc8d62,car
10509,169959,"9,20081300120932E+018",9,1,88,121,2020,8,16,5,3,4,6,0,0,1,0,0,0,0,670777.7051,5330211.8803,11.293986104,48.102263748,0,2,#fc8d62,car
10510,169961,"9,20081300111332E+018",9,1,75,133,2020,8,17,5,3,1,7,0,1,1,0,0,0,0,706171.4431,5340356.2536,11.773799234,48.182957419,0,1,#66c2a5,bicycle
10511,169963,"9,20081300110732E+018",9,1,78,124,2020,8,10,5,3,4,6,0,1,0,0,0,0,0,703793.2484,5362270.9867,11.752409395,48.380659023,0,1,#66c2a5,bicycle
10512,169964,"9,20081200858232E+018",9,1,62,0,2020,8,19,4,3,0,7,0,0,0,0,1,0,1,686794.0381,5336666.4208,11.511751129,48.155785267,0,4,#e78ac3,marker
10513,169965,"9,20081200858232E+018",9,1,62,0,2020,8,15,4,3,5,3,0,0,1,0,1,0,0,683359.0805,5334825.4411,11.464814302,48.140237094,0,2,#fc8d62,car
10514,169967,"9,20081200858232E+018",9,1,62,0,2020,8,19,4,3,5,3,0,1,1,0,0,0,0,686487.8227,5338358.1016,11.50837937,48.171080473,0,1,#66c2a5,bicycle
10515,169969,"9,20081200857133E+018",9,1,62,0,2020,8,11,4,3,1,5,0,1,1,0,0,0,0,688068.6678,5336120.8834,11.52863227,48.150506214,0,1,#66c2a5,bicycle
10516,169971,"9,20081200857133E+018",9,1,62,0,2020,8,12,4,3,6,4,0,0,0,1,0,0,1,689303.9819,5332584.0928,11.543652849,48.118350759,0,3,#8da0cb,toilet
10517,169972,"9,20081200857133E+018",9,1,62,0,2020,8,17,4,3,4,2,0,1,1,0,0,0,0,696163.1272,5335912.5578,11.637251257,48.1461892,0,1,#66c2a5,bicycle
10518,169973,"9,20081500712534E+018",9,7,72,151,2020,8,16,7,2,8,1,0,0,0,0,1,0,0,631334.0147,5344109.9147,10.768749467,48.236597654,0,4,#e78ac3,marker
10519,169974,"9,20081200854332E+018",9,1,62,0,2020,8,15,4,3,5,3,0,1,1,0,0,0,0,688986.7824,5342026.1683,11.543589733,48.20331104,0,1,#66c2a5,bicycle
10520,169975,"9,20081200854133E+018",9,1,62,0,2020,8,9,4,2,6,4,0,1,0,1,0,0,0,684620169,5331356.2526,11.480247493,48.108689472,0,1,#66c2a5,bicycle
10521,169976,"9,20081200854133E+018",9,1,62,0,2020,8,11,4,3,5,3,0,1,1,0,0,0,0,687362.0971,5335039.1945,11.518665758,48.140992245,0,1,#66c2a5,bicycle
10522,169978,"9,20081500120332E+018",9,1,81,144,2020,8,12,7,3,0,1,0,1,0,0,0,0,0,656334.0225,5319066.1117,11.096038398,48.005759742,0,1,#66c2a5,bicycle
10523,169979,"9,20081200852332E+018",9,1,62,0,2020,8,9,4,3,2,6,0,0,1,0,0,0,0,692820.1407,5332335.8214,11.590737123,48.115064369,0,2,#fc8d62,car
10524,169981,"9,20081200852232E+018",9,1,62,0,2020,8,12,4,3,1,7,0,1,1,0,0,0,0,696580.9425,5338504362,11.644059705,48.169353689,0,1,#66c2a5,bicycle
10525,169982,"9,20081500161333E+018",9,1,90,115,2020,8,11,7,3,6,6,0,1,0,1,0,0,0,671792.5108,5304083.3494,11.297154623,47.867097028,0,1,#66c2a5,bicycle
10526,169983,"9,20081200851532E+018",9,1,62,0,2020,8,9,4,3,0,2,0,1,1,0,0,0,0,689642.3723,5333238.5188,11.548486209,48.124132109,0,1,#66c2a5,bicycle
10527,169984,"9,20081200851332E+018",9,1,62,0,2020,8,18,4,3,3,6,0,1,0,0,0,0,0,692250.4658,5337208.0647,11.585290069,48.159027389,0,1,#66c2a5,bicycle
10528,169987,"9,20081600858233E+018",9,1,84,120,2020,8,0,1,3,0,7,2,1,0,0,0,0,0,680631783,5332496.0898,11.427199395,48.120078898,0,1,#66c2a5,bicycle
10529,169991,"9,20081900120132E+018",9,1,74,118,2020,8,17,4,2,5,3,0,0,1,0,1,0,0,668197.8545,5355767.8298,11.269496805,48.3326932,0,2,#fc8d62,car
10530,169992,"9,20081600858233E+018",9,1,62,0,2020,8,11,1,2,0,7,0,1,0,0,0,0,0,682389.2296,5337557.3932,11.452960269,48.165072527,0,1,#66c2a5,bicycle
10531,169994,"9,20081900852133E+018",9,1,62,0,2020,8,18,4,3,0,1,0,1,0,0,0,0,0,691891.2264,5333516.8771,11.578800922,48.125960119,0,1,#66c2a5,bicycle
10532,169995,"9,20081600857133E+018",9,1,62,0,2020,8,23,1,3,5,3,2,0,1,0,0,0,0,691824419,5335664219,11.578871004,48.145280247,0,2,#fc8d62,car
10533,169996,"9,20081900851133E+018",9,1,62,0,2020,8,11,4,3,0,7,0,0,0,1,0,0,1,691601776,5335002953,11.575583416,48.139403973,0,3,#8da0cb,toilet
10534,169997,"9,20081700852232E+018",9,1,62,0,2020,8,17,2,3,3,6,0,1,0,0,0,0,0,693477465,5335193.6265,11.600856943,48.14055014,0,1,#66c2a5,bicycle
10535,169998,"9,20081600857133E+018",9,1,62,0,2020,8,13,1,3,3,2,0,1,1,0,0,0,0,694519.6888,5334964031,11.614747278,48.138168871,0,1,#66c2a5,bicycle
10536,170000,"9,20081800857133E+018",9,1,62,0,2020,8,9,3,3,0,7,0,1,0,0,0,0,0,686397.5163,5337575.5638,11.506822886,48.164073277,0,1,#66c2a5,bicycle
10537,170001,"9,20082000140132E+018",9,1,87,117,2020,8,17,5,3,2,6,0,1,1,0,0,0,0,724895.7424,5305424.0125,12.007039609,47.862751817,0,1,#66c2a5,bicycle
10538,170003,"9,20081800858233E+018",9,1,62,0,2020,8,19,3,3,6,4,0,1,0,1,0,0,0,692267.1857,5337268.1525,11.585541827,48.159562389,0,1,#66c2a5,bicycle
10539,170005,"9,20081600854734E+018",9,1,62,0,2020,8,14,1,2,5,3,0,1,1,0,0,0,0,694782.5609,5341506.2391,11.621273576,48.196886611,0,1,#66c2a5,bicycle
10540,170010,"9,20081800852333E+018",9,1,62,0,2020,8,16,3,3,5,2,0,1,1,0,0,0,0,691929.7597,5332200.8542,11.578725791,48.114120256,0,1,#66c2a5,bicycle
10541,170011,"9,20082000121533E+018",9,1,81,146,2020,8,16,5,3,4,2,0,0,1,0,1,0,0,651872.2259,5326341.8952,11.038837543,48.072255099,0,2,#fc8d62,car
10542,170013,"9,20081600750134E+018",9,7,78,116,2020,8,12,1,3,1,6,0,1,0,0,0,0,0,620830.0413,5314476.0903,10.618955043,47.972177416,0,1,#66c2a5,bicycle
10543,170014,"9,20081900710636E+018",9,7,61,0,2020,8,18,4,3,3,2,0,1,0,0,0,0,0,639321.8439,5357232.6425,10.880597579,48.352890923,0,1,#66c2a5,bicycle
10544,170025,"9,20082000111333E+018",9,1,75,118,2020,8,7,5,3,5,3,0,1,0,0,0,0,0,716436.8242,5339048.3748,11.911061597,48.167792132,0,1,#66c2a5,bicycle
10545,170026,"9,20081800140132E+018",9,1,87,150,2020,8,15,3,3,5,3,0,0,1,0,0,0,1,728560.3865,5303632.3406,12.055020851,47.845361302,0,2,#fc8d62,car
10546,170031,"9,20081900121335E+018",9,1,88,144,2020,8,11,4,3,4,6,0,1,1,0,0,0,0,667872.1334,5326511.2042,11.253533832,48.069766613,0,1,#66c2a5,bicycle
10547,170032,"9,20081600712141E+018",9,7,71,130,2020,8,17,1,3,5,3,0,0,0,0,1,0,0,645449.4023,5360947.62,10.964544121,48.384911923,0,4,#e78ac3,marker
10548,170034,"9,20081900854233E+018",9,1,62,0,2020,8,19,4,3,2,6,0,0,1,0,0,0,0,689413.1503,5336090.0212,11.546676996,48.149829875,0,2,#fc8d62,car
10549,170036,"9,20081900857133E+018",9,1,62,0,2020,8,15,4,2,5,2,0,0,1,0,0,0,0,687447.2852,5336051.6188,11.520255514,48.150067073,0,2,#fc8d62,car
10550,170037,"9,20081800120132E+018",9,1,74,115,2020,8,11,3,3,3,2,0,1,1,0,0,0,0,680878543,5346589079,11.436511876,48.246687547,0,1,#66c2a5,bicycle
10551,170038,"9,20081600711934E+018",9,7,72,163,2020,8,14,1,3,6,2,0,0,1,1,0,0,0,640441.3231,5349283.0817,10.893052749,48.281162369,0,2,#fc8d62,car
10552,170042,"9,20081900110533E+018",9,1,77,117,2020,8,15,4,3,0,3,0,1,1,0,0,0,0,714259.2846,5354997.0679,11.88987943,48.311834901,0,1,#66c2a5,bicycle
10553,170043,"9,20081600711332E+018",9,7,61,0,2020,8,13,1,3,5,3,0,1,1,0,0,0,0,636791.9919,5360769.6582,10.847618216,48.385248579,0,1,#66c2a5,bicycle
10554,170045,"9,20081600711132E+018",9,7,61,0,2020,8,18,1,2,0,7,0,1,0,0,0,0,0,637539.8981,5362116.0132,10.858155375,48.397192149,0,1,#66c2a5,bicycle
10555,170048,"9,20081600710133E+018",9,7,71,113,2020,8,16,1,3,0,1,0,1,0,0,0,0,0,656966833,5369719004,11.12328334,48.461009107,0,1,#66c2a5,bicycle
10556,170051,"9,20081900851236E+018",9,1,62,0,2020,8,11,4,3,0,1,0,0,0,0,1,0,0,691142.8324,5336112.8062,11.569918802,48.149517251,0,4,#e78ac3,marker
10557,170052,"9,20081700857133E+018",9,1,62,0,2020,8,18,2,3,0,7,0,1,0,0,0,0,0,689646.9335,5334884284,11.549279963,48.138922999,0,1,#66c2a5,bicycle
10558,170055,"9,20081800858232E+018",9,1,62,0,2020,8,11,3,3,0,3,0,0,1,0,1,0,0,691677.3641,5334391.1214,11.576323121,48.133882148,1,2,#fc8d62,car
10559,170059,"9,20081700710632E+018",9,7,61,0,2020,8,16,2,3,0,1,0,1,0,0,0,0,0,640486.9242,5352809.9334,10.894840637,48.312864986,0,1,#66c2a5,bicycle
10560,170061,"9,20081900210934E+018",9,2,74,121,2020,8,13,4,3,0,1,0,1,0,0,0,0,0,724962.7278,5370162.2788,12.042153276,48.444362395,0,1,#66c2a5,bicycle
10561,170063,"9,20082000121335E+018",9,1,88,126,2020,8,21,5,3,0,1,2,1,0,0,0,0,0,660114.7376,5327162.3628,11.149719457,48.077615641,0,1,#66c2a5,bicycle
10562,170064,"9,20081800854236E+018",9,1,62,0,2020,8,12,3,3,5,3,0,1,1,0,0,0,0,688054.4048,5337428.4846,11.529018598,48.162263371,0,1,#66c2a5,bicycle
10563,170068,"9,20081900712533E+018",9,7,72,200,2020,8,11,4,3,5,3,0,0,1,0,1,0,0,630403.5623,5338413.4124,10.754473386,48.185563174,0,2,#fc8d62,car
10564,170072,"9,20081800711333E+018",9,7,72,202,2020,8,15,3,3,5,3,0,1,1,0,0,0,0,637005.3341,5356985.95,10.849265591,48.351179501,0,1,#66c2a5,bicycle
10565,170073,"9,20081900858234E+018",9,1,62,0,2020,8,8,4,3,5,3,0,1,1,0,0,0,0,690933.8011,5334289.1276,11.566293647,48.13318894,0,1,#66c2a5,bicycle
10566,170077,"9,20081700141332E+018",9,1,63,0,2020,8,23,2,3,4,2,0,0,1,0,0,0,0,733846573,5304024899,12.125782561,47.846987252,0,2,#fc8d62,car
10567,170082,"9,20081700141332E+018",9,1,63,0,2020,8,13,2,3,5,3,0,0,1,0,0,0,0,734365425,5303657.8559,12.132508509,47.843500824,0,2,#fc8d62,car
10568,170087,"9,20081900854832E+018",9,1,84,149,2020,8,9,4,3,4,2,0,1,1,0,0,0,0,691060.7334,5351352.3528,11.57568203,48.286511414,0,1,#66c2a5,bicycle
10569,170088,"9,20081700858232E+018",9,1,62,0,2020,8,13,2,3,5,3,0,1,1,0,0,0,0,690292812,5336092715,11.558493127,48.149591533,1,1,#66c2a5,bicycle
10570,170091,"9,20081700131334E+018",9,1,86,143,2020,8,11,2,2,5,3,0,1,1,0,0,0,0,684882726,5378106037,11.504265769,48.528807539,0,1,#66c2a5,bicycle
10571,170092,"9,2008180085824E+018",9,1,62,0,2020,8,16,3,3,5,3,0,0,1,0,0,0,0,686680.7616,5339472.3889,11.511461333,48.181039337,0,2,#fc8d62,car
10572,170094,"9,20081900120332E+018",9,1,81,144,2020,8,17,4,3,0,1,0,1,0,0,0,0,0,656137.6055,5321726.9084,11.094375893,48.029731355,0,1,#66c2a5,bicycle
10573,170098,"9,20081900852533E+018",9,1,62,0,2020,8,19,4,3,0,5,0,1,1,0,0,0,0,697851167,5332487.6052,11.658330071,48.11488545,0,1,#66c2a5,bicycle
10574,170100,"9,20081900851233E+018",9,1,62,0,2020,8,20,4,3,3,7,2,0,1,0,1,0,0,690808.9376,5335147.9818,11.565001861,48.140945723,0,2,#fc8d62,car
10575,170101,"9,20081700855133E+018",9,1,62,0,2020,8,7,2,3,5,1,0,1,1,0,0,0,0,690627.5358,5333368.5357,11.561769669,48.125006485,0,1,#66c2a5,bicycle
10576,170104,"9,20081800857134E+018",9,1,62,0,2020,8,7,3,3,2,2,0,1,0,0,0,0,0,690269.9212,5338928.0679,11.55945395,48.175082389,1,1,#66c2a5,bicycle
10577,170106,"9,20082000140132E+018",9,1,87,179,2020,8,18,5,3,0,1,0,1,0,0,0,0,0,726580.1072,5314700.9538,12.03440045,47.945510872,0,1,#66c2a5,bicycle