fid,OBJECTID,UIDENTSTLA,ULAND,UREGBEZ,UKREIS,UGEMEINDE,UJAHR,UMONAT,USTUNDE,UWOCHENTAG,UKATEGORIE,UART,UTYP1,ULICHTVERH,IstRad,IstPKW,IstFuss,IstKrad,IstGkfz,IstSonstig,LINREFX,LINREFY,XGCSWGS84,YGCSWGS84,STRZUSTAND,Teilnehmer,color,symbol
10578,170117,"9,20081800852832E+018",9,1,84,127,2020,8,0,3,3,5,3,2,1,1,0,0,0,0,701840905,5322146844,11.706993335,48.02070101,0,1,#66c2a5,bicycle
10579,170122,"9,20081900710742E+018",9,7,61,0,2020,8,8,4,3,5,3,0,0,1,0,0,0,0,643391569,5362240.6963,10.937207613,48.397009657,0,2,#fc8d62,car
10580,170127,"9,20081800710433E+018",9,7,61,0,2020,8,11,3,3,6,4,0,0,0,1,0,0,1,640443.9545,5358794.5936,10.896256858,48.366686948,0,3,#8da0cb,toilet
10581,170131,"9,20082000120132E+018",9,1,74,126,2020,8,8,5,3,1,5,0,0,1,0,0,0,0,682052.9024,5342471.4366,11.450547348,48.209339601,0,2,#fc8d62,car
10582,170135,"9,20081700121532E+018",9,1,81,130,2020,8,18,2,3,5,3,0,1,1,0,0,0,0,638895.0078,5325072.4581,10.86431004,48.063798512,0,1,#66c2a5,bicycle
10583,170137,"9,2008190012154E+018",9,1,81,130,2020,8,11,4,3,0,7,0,0,0,1,0,1,0,639949.1209,5323529.6692,10.877946216,48.049694968,1,3,#8da0cb,toilet
10584,170141,"9,20081900854335E+018",9,1,62,0,2020,8,10,4,3,5,1,0,1,1,0,0,0,0,688500.8601,5341641888,11.536885666,48.20000157,0,1,#66c2a5,bicycle
10585,170142,"9,20081700857133E+018",9,1,62,0,2020,8,15,2,3,4,5,0,1,1,0,0,0,0,692129.5889,5333062.3699,11.581796014,48.121803186,0,1,#66c2a5,bicycle
10586,170143,"9,20081900858233E+018",9,1,84,139,2020,8,12,4,3,6,6,0,0,1,1,0,0,0,687817.8004,5325679.8632,11.520667218,48.056733409,0,2,#fc8d62,car
10587,170144,"9,20081800121532E+018",9,1,81,130,2020,8,15,3,3,0,1,0,1,0,0,0,0,0,639761.3081,5324152.0056,10.875630685,48.055332346,1,1,#66c2a5,bicycle
10588,170147,"9,20081700120145E+018",9,1,74,126,2020,8,5,2,2,4,6,2,1,0,0,0,0,0,683102581,5343314934,11.465027253,48.216619466,0,1,#66c2a5,bicycle
10589,170149,"9,20081900111351E+018",9,1,75,111,2020,8,13,4,3,5,3,0,0,0,0,0,1,1,712187.9399,5337950.2882,11.853440885,48.159357368,0,5,#a6d854,bus
10590,170157,"9,20081800854334E+018",9,1,62,0,2020,8,14,3,3,5,2,0,1,1,0,0,0,0,687275.9624,5341490.8067,11.520350682,48.199006081,0,1,#66c2a5,bicycle
10591,170161,"9,20081800858232E+018",9,1,62,0,2020,8,12,3,3,0,1,0,1,1,0,0,0,0,698572.3794,5332045.9807,11.667803814,48.110692004,0,1,#66c2a5,bicycle
10592,170168,"9,20081800851234E+018",9,1,62,0,2020,8,13,3,3,0,1,0,1,0,0,0,0,0,691043277,5335417.8144,11.568269807,48.143300638,1,1,#66c2a5,bicycle
10593,170169,"9,20082000121335E+018",9,1,88,124,2020,8,14,5,3,0,1,0,1,0,0,0,0,0,661456314,5319428.1461,11.164801498,48.007741469,0,1,#66c2a5,bicycle
10594,170170,"9,20081800210935E+018",9,2,61,0,2020,8,16,3,3,5,3,0,1,1,0,0,0,0,733105.1198,5381222952,12.158262106,48.540756191,0,1,#66c2a5,bicycle
10595,170176,"9,20081900712541E+018",9,7,72,209,2020,8,16,4,3,6,4,0,0,1,1,0,0,0,635316408,5335769119,10.819695923,48.160757135,0,2,#fc8d62,car
10596,170180,"9,20081800712136E+018",9,7,71,130,2020,8,20,3,3,5,3,2,1,1,0,0,0,0,645951.3463,5357392.8329,10.970085886,48.352833904,1,1,#66c2a5,bicycle
10597,170182,"9,20082000110333E+018",9,1,75,121,2020,8,19,5,3,0,1,0,1,0,0,0,0,0,713342.2372,5317323.1653,11.858652616,47.973619312,0,1,#66c2a5,bicycle
10598,170184,"9,20081600141335E+018",9,1,63,0,2020,8,19,1,3,5,3,0,1,1,0,0,0,0,734051072,5305034308,12.129057865,47.855981361,0,1,#66c2a5,bicycle
10599,170186,"9,20081700120132E+018",9,1,74,115,2020,8,13,2,3,6,4,0,0,1,1,0,0,0,681046.3581,5347800.7219,11.43928854,48.25753065,0,2,#fc8d62,car
10600,170188,"9,20081900120933E+018",9,1,79,123,2020,8,16,4,3,5,3,0,0,1,0,0,0,0,675793.9734,5334006.2588,11.362873473,48.135008397,0,2,#fc8d62,car
10601,170189,"9,20081700110532E+018",9,1,77,117,2020,8,15,2,3,0,1,0,1,0,0,0,0,0,714879.4689,5355929.0501,11.898707948,48.319998541,0,1,#66c2a5,bicycle
10602,170193,"9,20081900857133E+018",9,1,62,0,2020,8,11,4,3,3,2,0,1,1,0,0,0,0,690481.5833,5333938.2537,11.56006494,48.130170793,0,1,#66c2a5,bicycle
10603,170194,"9,20081800110736E+018",9,1,78,124,2020,8,14,3,3,5,3,0,1,1,0,0,0,0,704636909,5364236415,11.764747297,48.398047509,1,1,#66c2a5,bicycle
10604,170197,"9,20081700110532E+018",9,1,77,117,2020,8,13,2,3,4,2,0,0,1,0,1,0,0,715522512,5354745748,11.906766468,48.309147621,0,2,#fc8d62,car
10605,170198,"9,20081900110132E+018",9,1,77,115,2020,8,19,4,2,8,1,0,0,1,0,0,0,0,734039499,5355586.1692,12.156594118,48.310118612,0,2,#fc8d62,car
10606,170204,"9,20081900852933E+018",9,1,62,0,2020,8,17,4,2,5,3,0,1,1,0,0,0,0,684233.3978,5328447.7593,11.473801342,48.082658065,0,1,#66c2a5,bicycle
10607,170206,"9,20081900851234E+018",9,1,62,0,2020,8,17,4,3,0,1,0,0,0,0,0,0,1,690684.2728,5335345.3128,11.563416121,48.142756696,0,6,#ffd92f,circle
10608,170207,"9,20081700857133E+018",9,1,62,0,2020,8,14,2,3,0,2,0,1,1,0,0,0,0,692648.1982,5332373.3398,11.588446292,48.115453612,0,1,#66c2a5,bicycle
10609,170208,"9,20081600121932E+018",9,1,88,139,2020,8,16,1,3,5,3,0,1,1,0,0,0,0,674961.4746,5318736.1972,11.34544504,47.997967375,0,1,#66c2a5,bicycle
10610,170210,"9,20081800858232E+018",9,1,62,0,2020,8,13,3,3,5,2,0,1,1,0,0,0,0,696448.0417,5337096.4363,11.641623895,48.156741247,1,1,#66c2a5,bicycle
10611,170213,"9,20081600121335E+018",9,1,88,132,2020,8,14,1,3,5,3,0,1,0,0,0,0,0,662831107,5321746.3796,11.184101415,48.028235076,0,1,#66c2a5,bicycle
10612,170215,"9,20081700710432E+018",9,7,61,0,2020,8,18,2,3,3,2,0,0,1,0,1,0,0,641553.0659,5359538.1939,10.911473618,48.373125347,0,2,#fc8d62,car
10613,170216,"9,20081600120947E+018",9,1,79,123,2020,8,19,1,3,0,7,0,0,0,0,1,0,0,675885.5323,5332591.1571,11.363518962,48.122262298,0,4,#e78ac3,marker
10614,170219,"9,20081600120932E+018",9,1,79,113,2020,8,14,1,3,1,5,0,1,1,0,0,0,0,667657.7708,5335555.2839,11.25421339,48.15112975,0,1,#66c2a5,bicycle
10615,170221,"9,20081800852933E+018",9,1,62,0,2020,8,10,3,3,2,6,0,0,1,0,1,0,0,688266.9029,5330392.4656,11.528764688,48.098959352,0,2,#fc8d62,car
10616,170224,"9,20081600120132E+018",9,1,74,115,2020,8,10,1,3,2,6,0,0,1,0,1,0,0,683742.4545,5347683876,11.475528115,48.255704381,0,2,#fc8d62,car
10617,170225,"9,20081900712332E+018",9,7,72,147,2020,8,20,4,3,5,3,0,1,0,0,1,0,0,638806.94,5366264.7428,10.876636398,48.434218647,0,1,#66c2a5,bicycle
10618,170227,"9,20081600110935E+018",9,1,78,143,2020,8,13,1,3,4,6,0,1,0,0,0,0,0,717181.4338,5374148.2034,11.939142754,48.482906594,0,1,#66c2a5,bicycle
10619,170229,"9,20081800710435E+018",9,7,61,0,2020,8,3,3,3,0,7,2,0,0,0,0,0,1,640016.9283,5359239.2458,10.890642516,48.370779999,0,6,#ffd92f,circle
10620,170230,"9,20081900858233E+018",9,1,62,0,2020,8,16,4,3,5,3,0,1,1,0,0,0,0,687876.5411,5334403.4165,11.525293911,48.135126038,0,1,#66c2a5,bicycle
10621,170231,"9,20081800121933E+018",9,1,88,141,2020,8,14,3,3,5,3,0,1,1,0,0,0,0,667450.8592,5305809646,11.239815005,47.883763805,0,1,#66c2a5,bicycle
10622,170233,"9,20082000120133E+018",9,1,74,115,2020,8,16,5,2,0,1,0,1,0,0,0,0,0,681794.0541,5346765.5156,11.448908294,48.248011574,0,1,#66c2a5,bicycle
10623,170235,"9,20081500852733E+018",9,1,84,123,2020,8,15,7,3,0,1,0,1,0,0,0,0,0,701583.6204,5333319.7067,11.708815144,48.121193065,0,1,#66c2a5,bicycle
10624,170237,"9,20081600858234E+018",9,1,62,0,2020,8,20,1,3,6,4,1,1,0,1,0,0,0,692875.2369,5339753.9039,11.594837622,48.181719396,0,1,#66c2a5,bicycle
10625,170243,"9,20081900854736E+018",9,1,62,0,2020,8,13,4,3,1,7,0,1,1,0,0,0,0,695090.7168,5340835.4673,11.625107883,48.190763505,0,1,#66c2a5,bicycle
10626,170244,"9,20081700858232E+018",9,1,62,0,2020,8,13,2,3,1,5,0,0,0,0,0,0,1,686241.3083,5332058.3106,11.502311507,48.114527947,0,6,#ffd92f,circle
10627,170245,"9,20081500851436E+018",9,1,62,0,2020,8,22,7,2,2,6,2,0,1,0,0,0,0,690640.1052,5335217822,11.562765905,48.141624051,0,2,#fc8d62,car
10628,170248,"9,20082200851133E+018",9,1,62,0,2020,8,11,7,3,3,6,0,1,1,0,0,0,0,692310736,5334255.2306,11.584765923,48.132469719,0,1,#66c2a5,bicycle
10629,170250,"9,20082200851133E+018",9,1,62,0,2020,8,5,7,3,5,3,1,1,1,0,0,0,0,692117.5028,5334535.6542,11.582297951,48.135048475,0,1,#66c2a5,bicycle
10630,170261,"9,20082200712154E+018",9,7,71,146,2020,8,0,7,2,9,1,2,0,0,0,1,0,0,647062.4883,5347307129,10.981559994,48.261892464,0,4,#e78ac3,marker
10631,170262,"9,20082200711933E+018",9,7,72,163,2020,8,17,7,3,4,6,0,1,0,0,0,0,0,640284.0349,5347974614,10.890499561,48.269431696,0,1,#66c2a5,bicycle
10632,170263,"9,20082200710435E+018",9,7,61,0,2020,8,1,7,3,0,1,2,1,0,0,0,0,0,640159.9396,5358852.0642,10.892443454,48.367266837,0,1,#66c2a5,bicycle
10633,170264,"9,20082000711135E+018",9,7,61,0,2020,8,9,5,3,3,6,0,1,1,0,0,0,0,639259.6417,5361044.3272,10.881020724,48.387178375,0,1,#66c2a5,bicycle
10634,170281,"9,20082300857134E+018",9,1,62,0,2020,8,18,1,3,4,2,0,0,1,0,1,0,0,692294883,5338132.5747,11.586304695,48.167323229,1,2,#fc8d62,car
10635,170288,"9,20082300140735E+018",9,1,82,133,2020,8,1,1,2,0,1,2,0,1,0,0,0,0,707297.7306,5306125.2428,11.772373034,47.874972803,0,2,#fc8d62,car
10636,170308,"9,20082200210947E+018",9,2,74,113,2020,8,17,7,3,5,3,0,1,1,0,0,0,0,728741395,5381977395,12.099644688,48.549139263,0,1,#66c2a5,bicycle
10637,170318,"9,20082200121335E+018",9,1,88,144,2020,8,14,7,2,1,5,0,1,1,0,0,0,0,667662.5199,5327322631,11.251040517,48.077116573,1,1,#66c2a5,bicycle
10638,170319,"9,20082200120933E+018",9,1,88,121,2020,8,13,7,3,0,7,0,1,0,0,0,0,0,670589.6584,5331824.0305,11.292106964,48.116807049,1,1,#66c2a5,bicycle
10639,170320,"9,20082300858234E+018",9,1,84,134,2020,8,14,1,2,5,2,0,1,1,0,0,0,0,692766773,5321285184,11.585039338,48.015758514,0,1,#66c2a5,bicycle
10640,170322,"9,20082200120933E+018",9,1,88,121,2020,8,19,7,3,2,6,0,0,1,0,1,0,0,670076.9706,5330802.0233,11.284816441,48.107756501,1,2,#fc8d62,car
10641,170323,"9,20082100858235E+018",9,1,62,0,2020,8,18,6,3,6,7,0,1,0,1,0,0,0,691879.1657,5335877.5848,11.579702402,48.147181433,0,1,#66c2a5,bicycle
10642,170324,"9,20082100858234E+018",9,1,62,0,2020,8,18,6,3,4,1,0,1,1,0,0,0,0,689824.5419,5334655.0326,11.551562794,48.13680952,0,1,#66c2a5,bicycle
10643,170325,"9,20082100858234E+018",9,1,62,0,2020,8,18,6,3,5,3,0,0,1,0,0,0,0,687599.4951,5327613.1612,11.518588479,48.074174849,0,2,#fc8d62,car
10644,170327,"9,20082100858234E+018",9,1,62,0,2020,8,10,6,3,5,7,0,0,1,0,0,0,0,684415.4087,5332451.5684,11.477972963,48.118594126,0,2,#fc8d62,car
10645,170328,"9,20082100858234E+018",9,1,84,136,2020,8,0,6,3,0,1,2,1,0,0,0,0,0,697670.2313,5326805.2653,11.65327165,48.063872292,0,1,#66c2a5,bicycle
10646,170329,"9,20082300853234E+018",9,1,84,144,2020,8,14,1,2,5,3,0,1,1,0,0,0,0,688172.4077,5317208.1488,11.521703064,47.980481609,0,1,#66c2a5,bicycle
10647,170331,"9,20082100858233E+018",9,1,62,0,2020,8,14,6,3,4,3,0,1,1,0,0,0,0,688537345,5339015.7797,11.536210561,48.176387112,0,1,#66c2a5,bicycle
10648,170332,"9,20082100858233E+018",9,1,62,0,2020,8,19,6,3,5,3,0,1,0,0,0,0,1,692180.6278,5339108.1262,11.585210598,48.176125793,0,1,#66c2a5,bicycle
10649,170333,"9,20082100857133E+018",9,1,62,0,2020,8,19,6,3,3,6,0,0,1,0,1,0,0,693185187,5335248515,11.596957029,48.141132267,0,2,#fc8d62,car
10650,170335,"9,20082100857133E+018",9,1,62,0,2020,8,14,6,3,3,2,0,1,1,0,0,0,0,692034857,5332390.64,11.58022183,48.115794346,0,1,#66c2a5,bicycle
10651,170337,"9,20082100857133E+018",9,1,62,0,2020,8,18,6,3,2,6,0,1,0,0,0,0,0,690463.6876,5333446.6738,11.559604973,48.12575783,0,1,#66c2a5,bicycle
10652,170338,"9,20082100857133E+018",9,1,62,0,2020,8,15,6,3,5,3,0,0,1,0,0,0,0,691454.5305,5335440.5456,11.57380289,48.143381322,0,2,#fc8d62,car
10653,170340,"9,20082100857133E+018",9,1,62,0,2020,8,11,6,2,3,2,0,1,0,0,0,1,0,690623.8547,5340904.5384,11.565096786,48.192740594,0,1,#66c2a5,bicycle
10654,170341,"9,20082300120533E+018",9,1,79,147,2020,8,11,1,3,0,1,0,1,0,0,0,0,0,664838699,5333727.9141,11.215632247,48.13543818,0,1,#66c2a5,bicycle
10655,170342,"9,20082100857133E+018",9,1,62,0,2020,8,15,6,3,4,2,0,1,1,0,0,0,0,690406.3415,5329182.1335,11.556931969,48.087445111,0,1,#66c2a5,bicycle
10656,170344,"9,20082100854232E+018",9,1,62,0,2020,8,20,6,3,2,3,1,1,1,0,0,0,0,688611.7778,5335674233,11.535729218,48.146330846,0,1,#66c2a5,bicycle
10657,170345,"9,20082100852734E+018",9,1,84,112,2020,8,19,6,3,2,6,0,1,0,0,0,0,0,703382.2952,5337419.4491,11.734914415,48.157464311,0,1,#66c2a5,bicycle
10658,170347,"9,20082100851436E+018",9,1,62,0,2020,8,12,6,3,6,7,0,0,1,1,0,0,0,690719.9245,5334426.1487,11.56348331,48.134484607,0,2,#fc8d62,car
10659,170349,"9,20082100851434E+018",9,1,62,0,2020,8,23,6,3,5,2,2,1,1,0,0,0,0,690789.1401,5334634.4087,11.56450595,48.136335692,0,1,#66c2a5,bicycle
10660,170350,"9,20082300120133E+018",9,1,74,118,2020,8,15,1,3,3,6,0,1,0,0,0,0,0,668783.8706,5358421.1715,11.278460865,48.356389255,0,1,#66c2a5,bicycle
10661,170352,"9,20082100851234E+018",9,1,62,0,2020,8,8,6,3,1,5,0,1,1,0,0,0,0,690723.74,5335462.3507,11.563998559,48.143796796,0,1,#66c2a5,bicycle
10662,170355,"9,20082100851233E+018",9,1,62,0,2020,8,16,6,2,5,7,0,1,0,0,0,0,0,692069.2694,5337850.7961,11.583146207,48.164858874,0,1,#66c2a5,bicycle
10663,170358,"9,20082100851133E+018",9,1,62,0,2020,8,19,6,3,0,1,0,1,0,0,0,0,0,692171.0167,5334378.1538,11.58294544,48.133616733,0,1,#66c2a5,bicycle
10664,170373,"9,20082100712541E+018",9,7,72,200,2020,8,6,6,3,1,5,0,0,1,0,0,0,0,630816.6413,5338534.6321,10.760065643,48.186568321,0,2,#fc8d62,car
10665,170375,"9,20082100712136E+018",9,7,71,130,2020,8,9,6,3,2,6,0,1,1,0,0,0,0,644695.5623,5357214.1314,10.953083871,48.351516108,0,1,#66c2a5,bicycle
10666,170376,"9,20082100711333E+018",9,7,61,0,2020,8,8,6,3,4,2,0,1,1,0,0,0,0,638482.5376,5360363.2584,10.870305523,48.381225447,0,1,#66c2a5,bicycle
10667,170378,"9,20082100710733E+018",9,7,61,0,2020,8,19,6,2,9,1,0,1,0,0,0,0,0,642467084,5360078838,10.923992142,48.377780875,0,1,#66c2a5,bicycle
10668,170380,"9,20082100710433E+018",9,7,61,0,2020,8,9,6,3,5,2,0,1,1,0,0,0,0,640784.9972,5359258.6797,10.901014303,48.370783873,0,1,#66c2a5,bicycle
10669,170381,"9,20082200858235E+018",9,1,62,0,2020,8,18,7,3,7,1,0,0,1,0,0,0,0,688853.6678,5334610114,11.538506009,48.136694651,0,2,#fc8d62,car
10670,170387,"9,20082300858233E+018",9,1,62,0,2020,8,15,1,3,3,5,0,1,1,0,0,0,0,690641.0711,5335217.4214,11.562778697,48.141620161,0,1,#66c2a5,bicycle
10671,170394,"9,20082200858234E+018",9,1,62,0,2020,8,19,7,3,5,3,0,1,1,0,0,0,0,696907.2065,5336687.7705,11.647602328,48.152926429,1,1,#66c2a5,bicycle
10672,170396,"9,20082300710636E+018",9,7,61,0,2020,8,18,1,3,0,7,0,1,0,0,0,0,0,640914.4787,5357706.0123,10.902241566,48.356793935,0,1,#66c2a5,bicycle
10673,170405,"9,20082200857133E+018",9,1,62,0,2020,8,0,7,3,3,2,2,0,0,1,0,0,1,693285.9604,5334636.4975,11.598032532,48.135601028,0,3,#8da0cb,toilet
10674,170430,"9,20082000210941E+018",9,2,61,0,2020,8,17,5,3,0,7,0,1,0,0,0,0,1,731702.8169,5379882.8311,12.138547677,48.529237437,0,1,#66c2a5,bicycle
10675,170433,"9,20082000210936E+018",9,2,61,0,2020,8,14,5,3,2,6,0,1,0,0,0,0,1,733660.7084,5381959.3907,12.166190629,48.547164694,0,1,#66c2a5,bicycle
10676,170436,"9,20082300854233E+018",9,1,62,0,2020,8,23,1,3,5,2,2,1,1,0,0,0,0,692003.8649,5336341.9381,11.581586595,48.151317327,0,1,#66c2a5,bicycle
10677,170444,"9,20082200852136E+018",9,1,62,0,2020,8,11,7,3,4,6,0,1,0,0,0,0,0,692040956,5333298.6777,11.580712693,48.123953826,0,1,#66c2a5,bicycle
10678,170448,"9,20082200851533E+018",9,1,62,0,2020,8,13,7,3,0,7,0,1,0,0,0,0,0,690090.4997,5333043.2778,11.554415051,48.122243632,1,1,#66c2a5,bicycle
10679,170456,"9,20082200851533E+018",9,1,62,0,2020,8,10,7,3,6,4,0,0,1,1,0,0,0,689423627,5332711.9699,11.545315672,48.119464553,0,2,#fc8d62,car
10680,170463,"9,20082100121933E+018",9,1,88,139,2020,8,10,6,3,7,7,0,1,0,0,0,0,0,674610.0526,5318473.3558,11.340631198,47.995700576,0,1,#66c2a5,bicycle
10681,170465,"9,20082100120932E+018",9,1,79,123,2020,8,18,6,2,0,7,0,1,0,0,0,0,0,675313.3076,5333669.3489,11.356279801,48.13211239,0,1,#66c2a5,bicycle
10682,170466,"9,20082100120741E+018",9,1,88,120,2020,8,11,6,3,8,1,0,0,1,0,0,0,0,678367.0276,5325849.9357,11.394018876,48.060973942,0,2,#fc8d62,car
10683,170468,"9,20082100120542E+018",9,1,79,119,2020,8,10,6,3,5,3,0,0,1,0,0,0,0,668635.1834,5339078.7647,11.268741666,48.182546973,0,2,#fc8d62,car
10684,170470,"9,20082100120133E+018",9,1,74,126,2020,8,9,6,3,0,1,0,1,0,0,0,0,0,683303.4989,5344630.8767,11.468298469,48.228389788,0,1,#66c2a5,bicycle
10685,170471,"9,20082100111135E+018",9,1,78,120,2020,8,8,6,3,0,1,0,1,0,0,0,0,0,693980.0173,5353183.5717,11.615835605,48.302081432,0,1,#66c2a5,bicycle
10686,170473,"9,20082100110741E+018",9,1,78,124,2020,8,17,6,3,5,3,0,1,1,0,0,0,0,702566.8117,5365319.9398,11.737335414,48.408452717,0,1,#66c2a5,bicycle
10687,170474,"9,20082100110134E+018",9,1,77,123,2020,8,10,6,3,0,1,0,1,0,0,0,0,1,727016143,5343928553,12.0557556,48.207946687,0,1,#66c2a5,bicycle
10688,170475,"9,20082300858234E+018",9,1,62,0,2020,8,12,1,3,2,6,0,1,0,0,0,0,0,686250558,5333280.4781,11.502969571,48.125510578,0,1,#66c2a5,bicycle
10689,170477,"9,20082000858234E+018",9,1,88,127,2020,8,18,5,2,7,7,0,1,0,0,0,0,1,680187.0108,5329826.4091,11.420100821,48.096207219,0,1,#66c2a5,bicycle
10690,170478,"9,20082000858234E+018",9,1,62,0,2020,8,17,5,3,5,2,0,1,1,0,0,0,0,686256.7875,5331788.8097,11.502401584,48.112101033,0,1,#66c2a5,bicycle
10691,170480,"9,20082000858233E+018",9,1,62,0,2020,8,17,5,3,3,6,0,1,1,0,0,0,0,692207.9017,5337004.0556,11.584626129,48.157206669,0,1,#66c2a5,bicycle
10692,170481,"9,20082000858233E+018",9,1,62,0,2020,8,10,5,3,0,1,0,1,0,0,0,0,0,697039.3596,5333409624,11.647860807,48.123423666,0,1,#66c2a5,bicycle
10693,170482,"9,20082000858232E+018",9,1,62,0,2020,8,1,5,3,0,7,2,0,0,0,0,0,1,690938.8946,5334308.7808,11.566370844,48.133364054,0,6,#ffd92f,circle
10694,170484,"9,20082000857133E+018",9,1,62,0,2020,8,15,5,3,6,4,0,1,0,1,0,0,0,689925.8447,5338625.2723,11.554695033,48.172463795,0,1,#66c2a5,bicycle
10695,170485,"9,20082000854336E+018",9,1,62,0,2020,8,19,5,3,0,1,0,0,0,0,0,0,1,689696.2002,5338996.9547,11.551775124,48.17587305,0,6,#ffd92f,circle
10696,170486,"9,20082300852234E+018",9,1,62,0,2020,8,15,1,3,0,7,0,1,0,1,0,0,0,698609.9333,5338874.3405,11.671492307,48.172048032,0,1,#66c2a5,bicycle
10697,170487,"9,20082000141551E+018",9,1,87,124,2020,8,0,5,3,9,1,2,0,1,0,0,0,0,736529.9771,5325644.5318,12.1734724,48.040225912,0,2,#fc8d62,car
10698,170488,"9,20082000854235E+018",9,1,62,0,2020,8,16,5,3,0,7,0,1,0,0,0,0,0,690473.9584,5337260.4375,11.561448799,48.16003274,0,1,#66c2a5,bicycle
10699,170489,"9,20082000854133E+018",9,1,62,0,2020,8,19,5,3,9,1,0,1,0,0,0,0,0,687568596,5333347.3053,11.520694012,48.125724268,0,1,#66c2a5,bicycle
10700,170490,"9,20082000852734E+018",9,1,84,131,2020,8,10,5,3,1,6,0,0,1,0,0,0,1,704284.7945,5338562.4455,11.747584932,48.167446666,0,2,#fc8d62,car
10701,170491,"9,20082000852334E+018",9,1,62,0,2020,8,19,5,3,0,1,0,1,0,0,0,0,0,691510.3276,5332461.6923,11.573213429,48.116590911,0,1,#66c2a5,bicycle
10702,170492,"9,20082000852233E+018",9,1,62,0,2020,8,16,5,3,0,1,0,1,0,0,0,0,0,693027.0352,5334420.3137,11.594457967,48.133736611,0,1,#66c2a5,bicycle
10703,170493,"9,20082000141333E+018",9,1,63,0,2020,8,19,5,3,5,3,0,0,1,0,0,0,0,732320.2395,5304370.1958,12.105596811,47.850642818,0,2,#fc8d62,car
10704,170494,"9,20082000851533E+018",9,1,62,0,2020,8,18,5,3,6,7,0,1,0,1,0,0,0,688838.2933,5331664.3713,11.536994586,48.110222412,0,1,#66c2a5,bicycle
10705,170495,"9,20082200851434E+018",9,1,62,0,2020,8,18,7,3,5,2,0,0,1,0,1,0,0,689901.0864,5334438.3348,11.55249402,48.134838995,1,2,#fc8d62,car
10706,170496,"9,20082000851533E+018",9,1,62,0,2020,8,17,5,3,2,6,0,0,1,0,0,0,0,688289757,5332378.7096,11.529947964,48.116805436,0,2,#fc8d62,car
10707,170497,"9,20082300730133E+018",9,7,73,179,2020,8,19,1,2,3,6,0,1,0,0,0,0,0,620173.0249,5374484.2246,10.627186502,48.511966996,0,1,#66c2a5,bicycle
10708,170498,"9,20082000851434E+018",9,1,62,0,2020,8,21,5,3,6,4,2,0,1,1,0,0,0,689206.9054,5333811.7885,11.542894725,48.129414291,0,2,#fc8d62,car
10709,170500,"9,20082000851133E+018",9,1,62,0,2020,8,22,5,3,8,1,2,0,0,0,1,0,0,691063037,5335167378,11.568422807,48.141043804,0,4,#e78ac3,marker
10710,170507,"9,20082600857134E+018",9,1,62,0,2020,8,7,4,2,3,2,0,1,0,0,0,0,1,691930645,5332200.5554,11.578737539,48.114117304,0,1,#66c2a5,bicycle
10711,170509,"9,20082500851133E+018",9,1,62,0,2020,8,11,3,3,0,5,0,1,1,0,0,0,0,692242.8982,5334440.0723,11.583938512,48.134151537,0,1,#66c2a5,bicycle
10712,170511,"9,20082700710634E+018",9,7,61,0,2020,8,11,5,3,1,7,0,1,1,0,0,0,0,643050.4527,5357333559,10.930932146,48.352964722,0,1,#66c2a5,bicycle
10713,170513,"9,20082600852835E+018",9,1,84,121,2020,8,15,4,3,0,7,0,1,0,0,0,0,0,703182.3991,5330657.7618,11.729006066,48.096762561,0,1,#66c2a5,bicycle
10714,170514,"9,20082400858235E+018",9,1,62,0,2020,8,7,2,3,5,5,0,1,1,0,0,0,0,682331.9691,5342175.1985,11.454172887,48.206596735,0,1,#66c2a5,bicycle
10715,170515,"9,20082600852634E+018",9,1,84,130,2020,8,17,4,2,5,3,0,1,1,0,0,0,0,699503.9767,5345159.2731,11.686458087,48.22825062,0,1,#66c2a5,bicycle
10716,170517,"9,20082600852535E+018",9,1,62,0,2020,8,12,4,3,5,3,0,1,1,0,0,0,0,698862785,5331907.8985,11.671636626,48.10936043,0,1,#66c2a5,bicycle
10717,170518,"9,20082500710433E+018",9,7,61,0,2020,8,11,3,3,6,4,0,0,0,1,1,0,0,639598.3605,5358838.6581,10.884860822,48.367270746,0,3,#8da0cb,toilet
10718,170523,"9,20082400854233E+018",9,1,62,0,2020,8,19,2,3,5,3,0,1,0,0,1,0,0,689146.8074,5337412.5557,11.543687534,48.16179616,0,1,#66c2a5,bicycle
10719,170524,"9,20082600852336E+018",9,1,62,0,2020,8,8,4,3,6,4,0,0,1,1,0,0,0,691968.6074,5330283.2946,11.578384478,48.096873719,0,2,#fc8d62,car
10720,170525,"9,20082500858235E+018",9,1,84,120,2020,8,18,3,3,4,2,0,1,1,0,0,0,0,681979562,5333122607,11.445560295,48.125326756,0,1,#66c2a5,bicycle
10721,170527,"9,20082600852234E+018",9,1,62,0,2020,8,11,4,3,6,7,0,1,0,1,0,0,0,694002.0184,5334974.7618,11.607801089,48.138423347,0,1,#66c2a5,bicycle
10722,170532,"9,20082600851436E+018",9,1,62,0,2020,8,19,4,3,3,2,0,1,1,0,0,0,0,690535029,5335052.2755,11.561280769,48.140167599,0,1,#66c2a5,bicycle