fid,OBJECTID,UIDENTSTLA,ULAND,UREGBEZ,UKREIS,UGEMEINDE,UJAHR,UMONAT,USTUNDE,UWOCHENTAG,UKATEGORIE,UART,UTYP1,ULICHTVERH,IstRad,IstPKW,IstFuss,IstKrad,IstGkfz,IstSonstig,LINREFX,LINREFY,XGCSWGS84,YGCSWGS84,STRZUSTAND,Teilnehmer,color,symbol
10723,170534,"9,20082500854734E+018",9,1,62,0,2020,8,18,3,3,5,7,0,0,1,0,1,0,0,692176.7913,5339129.1684,11.585168558,48.176316075,0,2,#fc8d62,car
10724,170536,"9,20082600851134E+018",9,1,62,0,2020,8,23,4,3,4,2,2,1,1,0,0,0,0,692023.4451,5334960.1915,11.581226412,48.138892532,0,1,#66c2a5,bicycle
10725,170539,"9,20082500857134E+018",9,1,62,0,2020,8,14,3,3,3,6,0,1,0,0,0,1,0,691836.8003,5337613.1071,11.579915809,48.162792763,0,1,#66c2a5,bicycle
10726,170541,"9,20082600740742E+018",9,7,62,0,2020,8,17,4,3,1,6,0,0,1,0,0,0,0,621470.0154,5304470.4047,10.624704811,47.882068383,0,2,#fc8d62,car
10727,170546,"9,20082600730333E+018",9,7,73,182,2020,8,16,4,2,1,5,0,1,1,0,0,0,0,623995.0577,5380000.8245,10.680556984,48.560831857,0,1,#66c2a5,bicycle
10728,170548,"9,20082500852734E+018",9,1,84,131,2020,8,17,3,3,5,3,0,0,1,0,0,0,0,704606.1533,5338043.7964,11.751652468,48.162682458,0,2,#fc8d62,car
10729,170551,"9,20082600712333E+018",9,7,61,0,2020,8,9,4,3,0,7,0,0,1,0,0,0,0,636927.1615,5361464.2241,10.849669323,48.391464707,0,2,#fc8d62,car
10730,170552,"9,20082500110534E+018",9,1,77,130,2020,8,16,3,3,0,1,0,1,0,0,0,0,0,710309.3379,5351799.5968,11.835079364,48.284429084,0,1,#66c2a5,bicycle
10731,170555,"9,20082500121933E+018",9,1,88,139,2020,8,17,3,2,0,1,0,1,0,0,0,0,0,673050922,5321267.2665,11.320876246,48.021241061,0,1,#66c2a5,bicycle
10732,170564,"9,20082400857134E+018",9,1,62,0,2020,8,21,2,3,2,6,2,0,1,0,0,0,0,690436.2843,5340241.8866,11.562278287,48.186841027,0,2,#fc8d62,car
10733,170571,"9,20082500711333E+018",9,7,61,0,2020,8,15,3,3,5,3,0,0,1,0,1,0,0,638485705,5359784.8117,10.870157692,48.376023478,0,2,#fc8d62,car
10734,170575,"9,20082400851436E+018",9,1,62,0,2020,8,9,2,3,6,6,0,1,0,1,0,0,0,690232.8367,5333767.0763,11.556648833,48.128706638,0,1,#66c2a5,bicycle
10735,170577,"9,20082500858234E+018",9,1,62,0,2020,8,9,3,3,5,2,0,0,1,0,0,0,0,688016.0651,5339011.8972,11.529203669,48.176506656,0,2,#fc8d62,car
10736,170588,"9,20082500857134E+018",9,1,62,0,2020,8,8,3,2,0,7,0,0,0,0,0,0,1,687428.2283,5336366.3115,11.52013813,48.152901221,0,6,#ffd92f,circle
10737,170597,"9,20082500851435E+018",9,1,62,0,2020,8,7,3,3,1,6,0,1,0,0,0,0,0,690161.7533,5333984.7685,11.555791635,48.1306845,0,1,#66c2a5,bicycle
10738,170598,"9,20082400712333E+018",9,7,72,166,2020,8,20,2,3,0,7,1,1,0,0,0,0,0,634281.0267,5380356.8919,10.820011443,48.561914824,0,1,#66c2a5,bicycle
10739,170600,"9,20082700121933E+018",9,1,88,139,2020,8,10,5,2,0,1,0,1,0,0,0,0,0,673633.6341,5321665.3632,11.328845907,48.02466174,0,1,#66c2a5,bicycle
10740,170601,"9,20082500854234E+018",9,1,62,0,2020,8,9,3,3,0,7,0,1,0,0,0,0,0,690331.4176,5336692.3967,11.559279825,48.154969899,0,1,#66c2a5,bicycle
10741,170602,"9,2008240021094E+018",9,2,61,0,2020,8,14,2,3,0,3,0,1,1,0,0,0,0,732481.6341,5381526.3303,12.149997291,48.54371264,0,1,#66c2a5,bicycle
10742,170606,"9,20082500120933E+018",9,1,79,123,2020,8,15,3,3,0,1,0,0,0,0,1,0,0,676011.1389,5333325.2743,11.365508522,48.128826796,0,4,#e78ac3,marker
10743,170609,"9,20082700120133E+018",9,1,74,121,2020,8,19,5,3,5,3,1,0,1,0,0,0,0,689562.6314,5354627.6842,11.556977903,48.316399638,0,2,#fc8d62,car
10744,170616,"9,20082700710634E+018",9,7,61,0,2020,8,10,5,3,0,1,0,0,0,0,0,0,1,642808209,5358470911,10.928050197,48.363246078,0,6,#ffd92f,circle
10745,170617,"9,20082700160934E+018",9,1,73,126,2020,8,13,5,3,5,3,0,1,1,0,0,0,0,686371.1707,5303589.1915,11.491699608,47.85859106,0,1,#66c2a5,bicycle
10746,170620,"9,20082500110333E+018",9,1,75,124,2020,8,21,3,3,0,1,2,0,0,0,0,0,1,713379.6899,5329254.7263,11.865094796,48.080822715,0,6,#ffd92f,circle
10747,170624,"9,20082500710636E+018",9,7,61,0,2020,8,18,3,3,5,3,0,1,1,0,0,0,0,638902.7235,5356149.7188,10.874586073,48.343245797,0,1,#66c2a5,bicycle
10748,170627,"9,20082500161733E+018",9,1,90,138,2020,8,17,3,3,0,7,0,1,0,0,0,0,0,662957.2895,5308674621,11.180836803,47.910678701,0,1,#66c2a5,bicycle
10749,170628,"9,20082400851133E+018",9,1,62,0,2020,8,20,2,3,0,1,1,1,0,0,0,0,0,692049.9783,5334952.9334,11.58157943,48.13881929,0,1,#66c2a5,bicycle
10750,170630,"9,20082500858233E+018",9,1,62,0,2020,8,11,3,3,2,6,0,1,1,0,0,0,0,690960.0079,5335118.6728,11.56701741,48.140636974,0,1,#66c2a5,bicycle
10751,170631,"9,20082400854833E+018",9,1,84,149,2020,8,13,2,2,1,5,0,1,1,0,0,0,0,691010.2225,5350179.7595,11.574471834,48.275987798,0,1,#66c2a5,bicycle
10752,170633,"9,20082500858235E+018",9,1,62,0,2020,8,16,3,3,0,7,0,1,0,0,0,0,0,691449.0881,5334200.6694,11.573172508,48.132239095,0,1,#66c2a5,bicycle
10753,170642,"9,20082700120133E+018",9,1,74,121,2020,8,9,5,3,6,7,0,0,1,1,0,0,0,689300274,5354628.3386,11.553442957,48.316484108,0,2,#fc8d62,car
10754,170643,"9,20082500854734E+018",9,1,62,0,2020,8,12,3,2,3,2,0,1,1,0,0,0,0,691458.2604,5340357599,11.576066518,48.187573842,0,1,#66c2a5,bicycle
10755,170655,"9,2008270011114E+018",9,1,78,145,2020,8,11,5,2,3,1,0,0,0,0,0,0,1,697597.5012,5353818.6134,11.66486062,48.306669166,0,6,#ffd92f,circle
10756,170656,"9,20082500852934E+018",9,1,62,0,2020,8,18,3,2,3,6,0,1,0,0,0,0,0,688320.3114,5330662.0988,11.529600306,48.101367101,0,1,#66c2a5,bicycle
10757,170661,"9,20082500120133E+018",9,1,74,118,2020,8,17,3,3,0,1,0,1,0,0,0,0,0,668663.6074,5354518.5187,11.275276204,48.321338306,0,1,#66c2a5,bicycle
10758,170663,"9,20082500121933E+018",9,1,88,137,2020,8,14,3,3,0,1,0,1,0,0,0,0,0,672360.8342,5313395.2386,11.30846945,47.950658955,0,1,#66c2a5,bicycle
10759,170666,"9,20082700110933E+018",9,1,78,143,2020,8,10,5,3,0,1,0,1,0,0,0,0,0,719038.9728,5372870.3604,11.963576837,48.470781632,0,1,#66c2a5,bicycle
10760,170672,"9,20082400858235E+018",9,1,62,0,2020,8,15,2,3,5,3,0,1,1,0,0,0,0,687728.3713,5334555.6023,11.523371397,48.136537645,0,1,#66c2a5,bicycle
10761,170678,"9,20082700141335E+018",9,1,63,0,2020,8,8,5,3,5,3,0,1,1,0,0,0,0,733718.9668,5303339539,12.123709441,47.840876348,0,1,#66c2a5,bicycle
10762,170680,"9,20082500711333E+018",9,7,61,0,2020,8,17,3,3,5,3,0,1,1,0,0,0,0,638494.8282,5359336.3683,10.870133101,48.371989162,0,1,#66c2a5,bicycle
10763,170684,"9,20082400852633E+018",9,1,84,147,2020,8,10,2,3,5,3,0,0,1,0,1,0,0,696788.2247,5341577.2499,11.648267806,48.196906466,0,2,#fc8d62,car
10764,170686,"9,20082500858234E+018",9,1,62,0,2020,8,22,3,3,0,6,2,1,0,0,0,0,0,689854.1451,5337404.4666,11.553186574,48.161512639,0,1,#66c2a5,bicycle
10765,170692,"9,20082400712333E+018",9,7,72,171,2020,8,20,2,3,5,3,2,0,1,0,0,0,0,638045.3765,5369673.2032,10.867469752,48.465033906,0,2,#fc8d62,car
10766,170697,"9,20082500857134E+018",9,1,62,0,2020,8,7,3,3,0,1,0,1,0,0,0,0,0,683804.5255,5338206.4592,11.472256883,48.170499066,0,1,#66c2a5,bicycle
10767,170698,"9,20082400141333E+018",9,1,63,0,2020,8,13,2,3,2,6,0,0,1,0,1,0,0,731573.5758,5304335.6839,12.09561222,47.850602161,0,2,#fc8d62,car
10768,170699,"9,20082600160933E+018",9,1,73,118,2020,8,12,4,3,0,7,0,1,0,0,0,0,0,697813984,5307344.4017,11.64624024,47.888921578,0,1,#66c2a5,bicycle
10769,170702,"9,20082700141334E+018",9,1,63,0,2020,8,18,5,3,8,2,0,0,0,0,1,0,0,733736.9392,5302809.6059,12.123663208,47.836108868,0,4,#e78ac3,marker
10770,170706,"9,20082700110735E+018",9,1,78,124,2020,8,10,5,3,9,2,0,1,0,0,0,0,0,704462866,5365102.3737,11.762820438,48.405885541,0,1,#66c2a5,bicycle
10771,170707,"9,20082500852134E+018",9,1,62,0,2020,8,9,3,3,0,1,0,1,0,0,0,0,0,693875.9803,5334374.3683,11.605835436,48.133065629,0,1,#66c2a5,bicycle
10772,170708,"9,20082400141333E+018",9,1,63,0,2020,8,11,2,3,3,2,0,1,1,0,0,0,0,733702.9016,5303580.4001,12.123625083,47.843046095,0,1,#66c2a5,bicycle
10773,170710,"9,20082600858234E+018",9,1,84,149,2020,8,22,4,3,5,3,2,0,1,0,0,0,0,691820293,5349588.1449,11.58511019,48.270425763,0,2,#fc8d62,car
10774,170711,"9,20082500854333E+018",9,1,62,0,2020,8,15,3,3,5,3,0,0,1,0,0,0,0,687862.1649,5342614.6611,11.528729283,48.208934234,0,2,#fc8d62,car
10775,170712,"9,20082400140142E+018",9,1,87,150,2020,8,16,2,2,8,1,0,0,0,1,1,0,0,729234906,5304296.8937,12.064375435,47.851091875,0,3,#8da0cb,toilet
10776,170715,"9,20082500121733E+018",9,1,79,126,2020,8,11,3,3,5,3,0,1,0,0,0,0,0,676049.5088,5341133.9899,11.369255994,48.199010593,0,1,#66c2a5,bicycle
10777,170718,"9,20082600858234E+018",9,1,62,0,2020,8,15,4,3,0,7,0,0,0,0,0,0,1,692631928,5333118621,11.588564621,48.122156979,0,6,#ffd92f,circle
10778,170723,"9,20082400857133E+018",9,1,62,0,2020,8,19,2,3,3,4,1,0,1,1,0,0,0,691252.0087,5334957.7041,11.570866307,48.139102503,0,2,#fc8d62,car
10779,170726,"9,20082500110333E+018",9,1,75,124,2020,8,17,3,3,8,1,0,1,0,0,0,0,0,714125.2431,5329181.1284,11.875055577,48.079911468,0,1,#66c2a5,bicycle
10780,170727,"9,20082600141333E+018",9,1,63,0,2020,8,10,4,3,6,7,0,0,1,1,0,0,0,734022.5715,5305092.5771,12.12870895,47.856515228,0,2,#fc8d62,car
10781,170730,"9,20082500710736E+018",9,7,61,0,2020,8,19,3,3,0,7,0,1,0,0,0,0,0,641691.9222,5360085.7321,10.913532135,48.378017415,0,1,#66c2a5,bicycle
10782,170734,"9,20082400851233E+018",9,1,62,0,2020,8,11,2,3,4,6,0,1,0,0,0,0,1,692380.8082,5337101.4582,11.586992792,48.158029816,0,1,#66c2a5,bicycle
10783,170735,"9,20082600131334E+018",9,1,86,152,2020,8,10,4,3,5,3,0,0,1,0,0,0,0,691951561,5375083478,11.59852311,48.499521745,0,2,#fc8d62,car
10784,170736,"9,20082500858234E+018",9,1,62,0,2020,8,9,3,3,2,6,0,0,1,0,0,0,1,691824.3146,5335669.6128,11.578872032,48.145328757,0,2,#fc8d62,car
10785,170737,"9,20082400121934E+018",9,1,88,137,2020,8,11,2,3,5,3,0,0,1,0,1,0,0,671846.2743,5315417.4355,11.302391641,47.968976732,0,2,#fc8d62,car
10786,170738,"9,20082600131333E+018",9,1,86,143,2020,8,17,4,3,5,3,0,1,1,0,0,0,0,685325.2972,5379698.0617,11.510962411,48.542985668,0,1,#66c2a5,bicycle
10787,170740,"9,20082500858235E+018",9,1,62,0,2020,8,23,3,3,0,1,2,1,0,0,0,0,0,688062.3793,5327994.1666,11.524964271,48.077463121,0,1,#66c2a5,bicycle
10788,170742,"9,20082600121533E+018",9,1,81,130,2020,8,16,4,3,5,3,0,1,1,0,0,0,0,639098.8064,5324789.7838,10.866952063,48.061212211,0,1,#66c2a5,bicycle
10789,170747,"9,20082600121533E+018",9,1,81,130,2020,8,15,4,3,0,7,0,1,0,0,0,0,0,639427.8976,5323833.8687,10.871055031,48.052544504,0,1,#66c2a5,bicycle
10790,170748,"9,20082500857133E+018",9,1,84,123,2020,8,17,3,2,0,7,0,1,0,0,0,0,0,702722.0307,5331373.7694,11.723170029,48.10334383,0,1,#66c2a5,bicycle
10791,170749,"9,20082400121533E+018",9,1,81,130,2020,8,13,2,2,0,7,0,0,0,0,1,0,0,639572.5599,5324133.7756,10.873093094,48.05520973,0,4,#e78ac3,marker
10792,170750,"9,20082600120933E+018",9,1,79,145,2020,8,16,4,3,5,2,0,0,1,0,0,0,0,675869.9003,5338945.9951,11.365934984,48.179392027,0,2,#fc8d62,car
10793,170753,"9,2008250013154E+018",9,1,85,158,2020,8,10,3,2,5,3,0,0,1,0,1,0,0,668442368,5382142478,11.283404326,48.569719243,0,2,#fc8d62,car
10794,170756,"9,20082400710434E+018",9,7,61,0,2020,8,14,2,3,5,3,0,1,1,0,0,0,0,640323.8968,5359109.2328,10.894741759,48.369542786,0,1,#66c2a5,bicycle
10795,170757,"9,20082600120535E+018",9,1,79,119,2020,8,13,4,2,0,1,0,1,0,0,0,0,0,669168.0243,5339241.7442,11.275969301,48.183870468,0,1,#66c2a5,bicycle
10796,170758,"9,20082600857134E+018",9,1,62,0,2020,8,11,4,2,0,7,0,1,0,0,0,0,0,691887.9321,5334472.4929,11.57918703,48.134550051,0,1,#66c2a5,bicycle
10797,170759,"9,20082500852936E+018",9,1,62,0,2020,8,7,3,3,3,2,0,1,1,0,0,0,0,688597.8021,5330507.1278,11.533255427,48.09989211,0,1,#66c2a5,bicycle
10798,170760,"9,20082400111333E+018",9,1,75,111,2020,8,17,2,3,0,1,0,1,0,0,0,0,0,712836.5367,5336366.5913,11.861359838,48.144909974,1,1,#66c2a5,bicycle
10799,170764,"9,20082500120333E+018",9,1,81,114,2020,8,11,3,3,0,3,0,0,0,0,0,0,1,655815276,5312758437,11.086800489,47.949172576,0,6,#ffd92f,circle
10800,170766,"9,20082500858235E+018",9,1,62,0,2020,8,17,3,3,0,7,0,1,0,0,0,0,0,691055.2465,5339578.6408,11.570299358,48.180694034,0,1,#66c2a5,bicycle
10801,170767,"9,20082500712733E+018",9,7,72,223,2020,8,16,3,2,8,1,0,1,0,0,0,0,0,616149.03,5359749805,10.568634896,48.380216048,0,1,#66c2a5,bicycle
10802,170768,"9,20082400110736E+018",9,1,78,124,2020,8,18,2,3,5,3,0,0,1,0,0,0,0,702458.6772,5362782.3443,11.734652571,48.385683862,0,2,#fc8d62,car
10803,170774,"9,20083100851335E+018",9,1,62,0,2020,8,15,2,3,2,6,0,1,0,0,0,0,1,691953864,5337594.3735,11.581480028,48.162589057,0,1,#66c2a5,bicycle
10804,170779,"9,20082900858234E+018",9,1,62,0,2020,8,17,7,3,0,7,0,0,0,0,1,0,0,682473.9986,5337595.3615,11.454115536,48.165389486,1,4,#e78ac3,marker
10805,170782,"9,20082900210947E+018",9,2,61,0,2020,8,22,7,3,6,2,2,0,1,1,0,0,0,732653.0128,5380730.5835,12.151871473,48.536501159,1,2,#fc8d62,car
10806,170784,"9,20090200110739E+018",9,1,78,124,2020,9,19,4,3,0,1,0,0,0,0,0,0,1,701890.8914,5365506.0291,11.728301846,48.410341813,0,6,#ffd92f,circle
10807,170786,"9,20083100711134E+018",9,7,61,0,2020,8,16,2,3,5,3,0,1,1,0,0,0,0,638022255,5361984714,10.864625245,48.395906131,0,1,#66c2a5,bicycle
10808,170790,"9,20082900852735E+018",9,1,84,131,2020,8,13,7,3,5,3,0,1,1,0,0,0,0,705307.0889,5339411.3816,11.761727955,48.174746266,0,1,#66c2a5,bicycle
10809,170793,"9,20082900111134E+018",9,1,78,120,2020,8,14,7,3,5,1,0,0,1,0,0,0,0,695672.8444,5353863.8648,11.638953838,48.307674085,1,2,#fc8d62,car
10810,170795,"9,20090100858237E+018",9,1,62,0,2020,9,17,3,3,4,6,0,1,0,0,0,0,0,694522.7999,5336161123,11.61533592,48.14892688,1,1,#66c2a5,bicycle
10811,170801,"9,20083000858235E+018",9,1,62,0,2020,8,14,1,3,5,3,0,0,1,0,0,0,0,692329127,5334463.0341,11.585106657,48.134331861,1,2,#fc8d62,car
10812,170804,"9,20082800210935E+018",9,2,61,0,2020,8,15,6,2,2,6,0,0,1,0,1,0,0,731333.7433,5383302.1339,12.135454732,48.560088641,0,2,#fc8d62,car
10813,170806,"9,20082800858235E+018",9,1,62,0,2020,8,22,6,3,5,3,2,0,1,0,0,0,0,693500.5912,5332856.0533,11.600106003,48.119533691,1,2,#fc8d62,car
10814,170808,"9,20090100854836E+018",9,1,84,135,2020,9,13,3,3,5,3,0,0,1,0,0,0,0,689601.3648,5348014.1809,11.554531893,48.256947355,0,2,#fc8d62,car
10815,170813,"9,20083100857134E+018",9,1,62,0,2020,8,13,2,3,0,7,0,0,0,0,0,0,1,689363.9829,5333032.8906,11.544657589,48.122366765,0,6,#ffd92f,circle
10816,170815,"9,20090100121936E+018",9,1,88,118,2020,9,17,3,3,5,2,0,1,1,0,0,0,0,671007.3366,5312995.6986,11.290198007,47.947429876,0,1,#66c2a5,bicycle
10817,170816,"9,20082800854334E+018",9,1,62,0,2020,8,14,6,3,2,6,0,0,1,0,0,0,0,689461.1972,5340118.9904,11.549117404,48.186028,0,2,#fc8d62,car
10818,170829,"9,20082900858234E+018",9,1,62,0,2020,8,9,7,3,5,3,0,0,1,0,0,0,1,681216903,5338597827,11.437651896,48.174760005,1,2,#fc8d62,car
10819,170830,"9,20082800160934E+018",9,1,73,126,2020,8,9,6,3,0,7,0,1,0,0,0,0,0,684620.5694,5305919.8308,11.469313009,47.880046615,0,1,#66c2a5,bicycle
10820,170833,"9,2009010071065E+018",9,7,61,0,2020,9,14,3,3,0,1,0,0,1,0,0,0,1,639717.1866,5357291943,10.885950686,48.353336795,0,2,#fc8d62,car
10821,170834,"9,20083000120734E+018",9,1,88,120,2020,8,9,1,2,8,1,0,0,1,0,0,0,0,671635.1618,5325973.9818,11.303791618,48.063935596,1,2,#fc8d62,car
10822,170838,"9,20083100710435E+018",9,7,61,0,2020,8,14,2,3,0,6,0,0,1,0,0,0,1,639846.0365,5359929.8521,10.888565991,48.377027619,0,2,#fc8d62,car
10823,170839,"9,20083100111335E+018",9,1,75,132,2020,8,14,2,2,5,3,0,1,1,0,0,0,0,707591.07,5331366.5041,11.788493048,48.101710787,0,1,#66c2a5,bicycle
10824,170841,"9,20082900851235E+018",9,1,62,0,2020,8,10,7,3,5,2,0,1,1,0,0,0,0,691829.1039,5335656013,11.578930224,48.14520508,1,1,#66c2a5,bicycle
10825,170843,"9,20090100210946E+018",9,2,61,0,2020,9,14,3,3,2,6,0,0,1,0,0,0,0,730720.2123,5380361.5594,12.125523325,48.533899714,0,2,#fc8d62,car
10826,170844,"9,20082900110534E+018",9,1,77,117,2020,8,12,7,3,1,6,0,0,1,0,0,0,0,714050005,5353008.3133,11.886052049,48.294036236,1,2,#fc8d62,car
10827,170849,"9,20090100858237E+018",9,1,62,0,2020,9,11,3,3,0,1,0,0,0,0,1,0,0,686219.4008,5334403.4231,11.503042035,48.135613159,1,4,#e78ac3,marker
10828,170850,"9,20083000851435E+018",9,1,62,0,2020,8,14,1,3,3,2,0,1,1,0,0,0,0,690061.6497,5333630.8728,11.55428978,48.127533573,0,1,#66c2a5,bicycle
10829,170851,"9,20082800145041E+018",9,1,63,0,2020,8,17,6,3,0,1,0,0,0,0,1,0,0,731034679,5304550.1581,12.088533751,47.852722972,0,4,#e78ac3,marker
10830,170852,"9,20082900711134E+018",9,7,61,0,2020,8,13,7,3,5,3,0,1,1,0,0,0,0,638767.0382,5360398.8945,10.874157538,48.381483364,1,1,#66c2a5,bicycle
10831,170855,"9,20082800857134E+018",9,1,62,0,2020,8,18,6,3,5,3,0,1,1,0,0,0,0,688399369,5336520.9562,11.533251229,48.15400426,1,1,#66c2a5,bicycle
10832,170857,"9,20090100852337E+018",9,1,62,0,2020,9,23,3,3,0,1,2,0,0,0,1,0,0,691695.9474,5330077.6556,11.574633802,48.095107525,1,4,#e78ac3,marker
10833,170861,"9,20090100858237E+018",9,1,62,0,2020,9,7,3,3,5,3,0,0,1,0,0,0,0,687400.9138,5336701107,11.519918666,48.15591849,1,2,#fc8d62,car
10834,170866,"9,20090100120137E+018",9,1,74,115,2020,9,17,3,3,5,3,0,1,1,0,0,0,0,681389.1742,5347833.2518,11.443916982,48.257725011,0,1,#66c2a5,bicycle
10835,170867,"9,20082800854233E+018",9,1,62,0,2020,8,16,6,3,0,3,0,1,1,0,0,0,0,688653.0276,5336748.1979,11.536759245,48.155971543,1,1,#66c2a5,bicycle
10836,170868,"9,20082800854233E+018",9,1,62,0,2020,8,16,6,3,5,3,0,1,1,0,0,0,0,689671.5414,5336035.2376,11.550123109,48.149260482,1,1,#66c2a5,bicycle
10837,170870,"9,20090100711338E+018",9,7,72,202,2020,9,12,3,3,6,2,0,0,1,1,0,0,0,636434.9282,5359923.1431,10.842523213,48.377714106,1,2,#fc8d62,car
10838,170872,"9,20082800140134E+018",9,1,87,117,2020,8,11,6,2,0,6,0,1,0,0,0,1,0,725174.4752,5305591.1727,12.010848228,47.864156128,0,1,#66c2a5,bicycle
10839,170876,"9,20082800853234E+018",9,1,84,139,2020,8,16,6,3,6,4,0,0,1,1,0,0,0,688317.7256,5326921.6295,11.527916628,48.067747475,1,2,#fc8d62,car
10840,170880,"9,20082800853135E+018",9,1,84,134,2020,8,16,6,3,2,7,0,1,1,0,0,0,0,693346.8689,5322256.0399,11.593248178,48.024309259,1,1,#66c2a5,bicycle
10841,170881,"9,20083100852942E+018",9,1,62,0,2020,8,16,2,3,5,3,0,1,1,0,0,0,0,687369.6232,5329876928,11.516498401,48.094589998,0,1,#66c2a5,bicycle
10842,170884,"9,20082800121734E+018",9,1,79,134,2020,8,15,6,3,0,1,0,0,0,0,1,0,0,667802.3586,5342898.6862,11.259056367,48.217108109,0,4,#e78ac3,marker
10843,170886,"9,20083000112035E+018",9,1,77,133,2020,8,7,1,3,8,1,0,0,1,0,0,0,0,707809.2877,5360193.8458,11.805556285,48.360684459,1,2,#fc8d62,car
10844,170887,"9,20082800121733E+018",9,1,79,142,2020,8,16,6,3,5,7,0,1,1,0,0,0,0,673071.0049,5341804.2511,11.329479601,48.205854699,0,1,#66c2a5,bicycle
10845,170890,"9,20082800852836E+018",9,1,84,136,2020,8,10,6,3,1,6,0,0,0,0,1,0,1,699436.1997,5327445079,11.677247456,48.069072882,0,4,#e78ac3,marker
10846,170892,"9,20083000858235E+018",9,1,62,0,2020,8,10,1,3,5,3,0,1,1,0,0,0,0,684419.6036,5332591.6426,11.478089863,48.119851978,1,1,#66c2a5,bicycle
10847,170893,"9,20082800120135E+018",9,1,74,115,2020,8,18,6,3,0,1,0,1,0,0,0,0,0,682209.9288,5347777.1511,11.454940607,48.256985278,1,1,#66c2a5,bicycle
10848,170895,"9,20082800110534E+018",9,1,77,133,2020,8,12,6,3,0,1,0,1,0,0,0,0,0,712747.8864,5355779.0616,11.86991508,48.31937157,0,1,#66c2a5,bicycle
10849,170897,"9,20082900854436E+018",9,1,62,0,2020,8,23,7,3,8,1,2,0,1,0,0,0,0,686626.9192,5338274324,11.51021167,48.17028663,1,2,#fc8d62,car
10850,170898,"9,20082700858236E+018",9,1,62,0,2020,8,16,5,3,5,3,0,1,1,0,0,0,0,686169.0323,5339430.5676,11.504565427,48.18081358,0,1,#66c2a5,bicycle
10851,170900,"9,20082900121542E+018",9,1,81,128,2020,8,2,7,3,6,2,2,0,1,1,0,0,0,639269.7895,5326446.8484,10.869785545,48.076075704,1,2,#fc8d62,car
10852,170903,"9,20090100858237E+018",9,1,62,0,2020,9,14,3,3,5,3,0,0,1,0,0,0,0,691394.9495,5339701.2692,11.57491989,48.18169396,1,2,#fc8d62,car
10853,170905,"9,20082700858235E+018",9,1,62,0,2020,8,14,5,3,5,7,0,1,1,0,0,0,0,690655.2081,5334629.1026,11.562705187,48.13632814,0,1,#66c2a5,bicycle
10854,170908,"9,20082700857136E+018",9,1,62,0,2020,8,19,5,3,2,6,0,0,1,0,0,0,0,694257.0848,5334985.3608,11.611230869,48.138440794,0,2,#fc8d62,car
10855,170910,"9,20082800854434E+018",9,1,62,0,2020,8,15,6,3,1,5,0,1,1,0,0,0,0,683233.3504,5340095.1217,11.465396029,48.187640355,0,1,#66c2a5,bicycle
10856,170911,"9,20082900750135E+018",9,7,78,116,2020,8,9,7,3,0,1,0,1,0,0,0,0,0,616809546,5320088228,10.566634856,48.023398535,1,1,#66c2a5,bicycle
10857,170912,"9,20082700857134E+018",9,1,62,0,2020,8,12,5,2,6,4,0,0,1,1,0,0,0,688207.6089,5339647.9579,11.532059411,48.18216694,0,2,#fc8d62,car
10858,170913,"9,20090100160936E+018",9,1,73,118,2020,9,9,3,3,5,3,0,0,1,0,0,0,1,686312.2627,5307012.8772,11.492389074,47.889383201,1,2,#fc8d62,car
10859,170914,"9,20082800858235E+018",9,1,62,0,2020,8,3,6,3,1,1,2,0,1,0,0,0,0,687565423,5337116.8252,11.522311811,48.159606554,0,2,#fc8d62,car
10860,170916,"9,20090100857136E+018",9,1,62,0,2020,9,17,3,3,3,2,0,1,1,0,0,0,0,691305.2553,5334129.6778,11.571209467,48.131644277,0,1,#66c2a5,bicycle
10861,170918,"9,20082700857134E+018",9,1,62,0,2020,8,21,5,3,4,2,2,1,1,0,0,0,0,686175.1695,5333207.9465,11.501925765,48.124880687,0,1,#66c2a5,bicycle
10862,170921,"9,20082800712342E+018",9,7,72,184,2020,8,14,6,3,0,7,0,1,0,0,0,0,0,636133.3588,5363930.0457,10.83975176,48.41380901,0,1,#66c2a5,bicycle
10863,170922,"9,20083100857135E+018",9,1,62,0,2020,8,23,2,3,0,4,2,0,1,1,0,0,0,693734.6668,5333818.4847,11.603685376,48.128112556,0,2,#fc8d62,car
10864,170923,"9,2008280071234E+018",9,7,72,177,2020,8,14,6,3,5,3,0,1,1,0,0,0,0,636227901,5377968472,10.845603275,48.540018963,0,1,#66c2a5,bicycle
10865,170925,"9,20090100710739E+018",9,7,61,0,2020,9,6,3,3,5,3,1,1,1,0,0,0,0,641410.7493,5360983.9,10.910039359,48.386156445,0,1,#66c2a5,bicycle
10866,170927,"9,20090100851338E+018",9,1,62,0,2020,9,22,3,3,5,2,2,1,1,0,0,0,0,692336.6162,5337784.3747,11.586707928,48.16418107,1,1,#66c2a5,bicycle