fid,OBJECTID,UIDENTSTLA,ULAND,UREGBEZ,UKREIS,UGEMEINDE,UJAHR,UMONAT,USTUNDE,UWOCHENTAG,UKATEGORIE,UART,UTYP1,ULICHTVERH,IstRad,IstPKW,IstFuss,IstKrad,IstGkfz,IstSonstig,LINREFX,LINREFY,XGCSWGS84,YGCSWGS84,STRZUSTAND,Teilnehmer,color,symbol
10867,170929,"9,20082700857133E+018",9,1,62,0,2020,8,16,5,3,5,3,0,1,1,0,0,0,0,690467.5565,5342362.2725,11.56364982,48.205889395,0,1,#66c2a5,bicycle
10868,170934,"9,20082700854136E+018",9,1,84,120,2020,8,15,5,3,5,3,0,1,1,0,0,0,0,682130.9124,5333136.4661,11.447598239,48.12540805,0,1,#66c2a5,bicycle
10869,170936,"9,20082700852834E+018",9,1,84,140,2020,8,14,5,3,0,2,0,0,1,0,1,0,0,702558.4173,5328605.8437,11.719661869,48.078520818,0,2,#fc8d62,car
10870,170938,"9,20082900858234E+018",9,1,62,0,2020,8,15,7,3,6,2,0,0,1,1,0,0,0,690145.9281,5334625.6057,11.555865178,48.136449083,1,2,#fc8d62,car
10871,170939,"9,20082700852334E+018",9,1,62,0,2020,8,11,5,3,6,4,0,0,1,1,0,0,0,693191.8609,5331697.9961,11.595437367,48.10921909,0,2,#fc8d62,car
10872,170941,"9,20082900140134E+018",9,1,87,150,2020,8,20,7,3,1,5,2,1,1,0,0,0,0,729781.1069,5304126.9054,12.071575857,47.84936961,1,1,#66c2a5,bicycle
10873,170942,"9,20082800711135E+018",9,7,61,0,2020,8,7,6,2,1,5,0,0,1,0,1,0,0,638800.7415,5360454.9396,10.874630985,48.381979894,0,2,#fc8d62,car
10874,170943,"9,20083000120934E+018",9,1,79,123,2020,8,19,1,3,0,7,0,1,0,0,0,0,0,676467009,5332059.1493,11.371105611,48.117319025,0,1,#66c2a5,bicycle
10875,170944,"9,20082700852234E+018",9,1,62,0,2020,8,8,5,3,0,1,0,0,0,0,1,0,0,698005.6779,5337770.5582,11.662859695,48.162316653,0,4,#e78ac3,marker
10876,170947,"9,20083100710634E+018",9,7,61,0,2020,8,15,2,3,0,7,0,0,0,0,1,0,0,639684.9921,5357499.7997,10.885585344,48.355212913,0,4,#e78ac3,marker
10877,170949,"9,20082700852135E+018",9,1,62,0,2020,8,12,5,3,0,7,0,0,0,0,0,0,1,694180.7907,5334606.8924,11.610033889,48.135062547,0,6,#ffd92f,circle
10878,170951,"9,20082900851241E+018",9,1,62,0,2020,8,18,7,3,0,1,0,0,0,0,0,0,1,691386536,5336289.0,11.573271198,48.151027579,1,6,#ffd92f,circle
10879,170952,"9,20082700851434E+018",9,1,62,0,2020,8,17,5,3,5,3,0,1,1,0,0,0,0,689692.9624,5334648.0799,11.549792864,48.136786264,0,1,#66c2a5,bicycle
10880,170954,"9,20082900110534E+018",9,1,77,117,2020,8,22,7,3,5,2,2,0,1,0,0,0,0,714482.6901,5355417.8566,11.893102598,48.315540064,1,2,#fc8d62,car
10881,170956,"9,20090100858237E+018",9,1,62,0,2020,9,7,3,3,2,6,0,0,1,0,0,0,1,695005.3654,5336717.1847,11.622071681,48.153776743,0,2,#fc8d62,car
10882,170957,"9,20083000712146E+018",9,7,71,142,2020,8,14,1,2,2,6,0,0,1,0,0,0,0,645840.5998,5351155.6573,10.966434152,48.296778764,1,2,#fc8d62,car
10883,170958,"9,20082700851234E+018",9,1,62,0,2020,8,9,5,3,0,1,0,1,0,0,0,0,0,691533.6334,5336706.7722,11.575434928,48.154738174,0,1,#66c2a5,bicycle
10884,170960,"9,2009010085824E+018",9,1,62,0,2020,9,8,3,3,0,7,0,1,1,0,0,0,0,690151.4387,5334921.5957,11.556071311,48.139107797,1,1,#66c2a5,bicycle
10885,170961,"9,20083000858234E+018",9,1,62,0,2020,8,12,1,3,5,3,0,0,1,0,0,0,0,697266.6945,5332267.4375,11.650383986,48.113088026,1,2,#fc8d62,car
10886,170962,"9,20082700851133E+018",9,1,62,0,2020,8,8,5,3,5,2,0,1,1,0,0,0,0,690853.2467,5334812.3597,11.565446481,48.137915883,0,1,#66c2a5,bicycle
10887,170966,"9,20082800858233E+018",9,1,62,0,2020,8,10,6,3,0,7,0,1,0,0,0,0,0,688378.9572,5338420.5418,11.533818313,48.171084022,0,1,#66c2a5,bicycle
10888,170967,"9,20082800710441E+018",9,7,61,0,2020,8,16,6,3,2,2,0,0,1,0,1,0,0,640220.2795,5359023.5688,10.893314884,48.368795551,1,2,#fc8d62,car
10889,170969,"9,20090100854737E+018",9,1,62,0,2020,9,13,3,3,5,2,0,1,1,0,0,0,0,692695.3739,5341990.2314,11.593435112,48.201873325,0,1,#66c2a5,bicycle
10890,170976,"9,20090100120137E+018",9,1,74,113,2020,9,13,3,3,5,3,0,1,1,0,0,0,0,674452102,5345226.7655,11.349460776,48.236242576,0,1,#66c2a5,bicycle
10891,170977,"9,20082800854236E+018",9,1,62,0,2020,8,16,6,3,2,6,0,1,0,0,0,0,0,686137.8345,5335691.2222,11.502509654,48.147212242,1,1,#66c2a5,bicycle
10892,170986,"9,20083100210941E+018",9,2,61,0,2020,8,19,2,3,0,1,0,1,0,0,0,0,0,734605.4183,5381884.8635,12.178929347,48.54614272,0,1,#66c2a5,bicycle
10893,170989,"9,20083100854234E+018",9,1,62,0,2020,8,8,2,3,5,2,0,1,0,0,0,1,0,688710.9788,5336272.2816,11.537326665,48.15167676,0,1,#66c2a5,bicycle
10894,170993,"9,20090100710437E+018",9,7,61,0,2020,9,16,3,3,5,3,0,1,0,0,0,0,0,640401.5221,5359180.0313,10.895812946,48.37016212,1,1,#66c2a5,bicycle
10895,170994,"9,20083000120334E+018",9,1,81,114,2020,8,18,1,3,8,1,0,1,0,0,0,0,0,656619397,5312959.4169,11.097635614,47.950783505,0,1,#66c2a5,bicycle
10896,170998,"9,20083100710435E+018",9,7,61,0,2020,8,1,2,3,7,1,2,0,1,0,0,0,0,639428.2539,5359582.1642,10.882811858,48.373993759,1,2,#fc8d62,car
10897,170999,"9,2008300085824E+018",9,1,62,0,2020,8,16,1,3,0,7,0,0,0,0,0,0,1,687619.4491,5336016.8768,11.522552643,48.149704045,1,6,#ffd92f,circle
10898,171004,"9,20082900854534E+018",9,1,62,0,2020,8,12,7,3,5,3,0,0,1,0,0,0,0,683405.1904,5335663.0694,11.465794347,48.147752927,1,2,#fc8d62,car
10899,171007,"9,20082900131334E+018",9,1,86,152,2020,8,18,7,2,9,1,0,0,1,0,0,0,0,691499.0583,5375046.3674,11.592386924,48.499326291,1,2,#fc8d62,car
10900,171009,"9,20090100858237E+018",9,1,62,0,2020,9,13,3,3,5,3,0,0,1,0,1,0,0,691777.0469,5341306.2759,11.580779667,48.196004154,1,2,#fc8d62,car
10901,171011,"9,20082700715035E+018",9,7,61,0,2020,8,20,5,3,0,1,1,1,0,0,0,0,0,638740.7701,5360304.7949,10.873771899,48.380643019,0,1,#66c2a5,bicycle
10902,171012,"9,20082900710742E+018",9,7,61,0,2020,8,18,7,3,3,6,0,0,1,0,0,0,0,641771.9175,5361624.4474,10.915131014,48.391834884,0,2,#fc8d62,car
10903,171013,"9,20082700715035E+018",9,7,61,0,2020,8,19,5,3,0,1,0,1,0,0,0,0,0,639321.3599,5355457.2463,10.880003648,48.336927032,0,1,#66c2a5,bicycle
10904,171015,"9,20082800854735E+018",9,1,62,0,2020,8,17,6,3,5,2,0,1,1,0,0,0,0,692210.8408,5341887.7907,11.586874431,48.201099486,1,1,#66c2a5,bicycle
10905,171017,"9,20090100852137E+018",9,1,62,0,2020,9,13,3,3,0,1,0,1,0,0,0,0,0,693263.4914,5334275959,11.597567285,48.132367433,1,1,#66c2a5,bicycle
10906,171018,"9,20082800858236E+018",9,1,62,0,2020,8,1,6,3,0,7,2,0,0,0,0,0,1,692322391,5337518486,11.586396597,48.161795631,0,6,#ffd92f,circle
10907,171020,"9,20090100858237E+018",9,1,62,0,2020,9,8,3,3,2,6,0,0,1,0,0,0,0,690716.2456,5342735.1978,11.567161249,48.209166519,0,2,#fc8d62,car
10908,171022,"9,20082700711333E+018",9,7,61,0,2020,8,18,5,3,6,4,0,1,0,1,0,0,0,638161.0424,5357523031,10.865032812,48.355757084,0,1,#66c2a5,bicycle
10909,171025,"9,20082800710434E+018",9,7,61,0,2020,8,13,6,3,0,7,0,1,0,0,0,0,0,640769.7448,5359246.2149,10.900804295,48.370675196,0,1,#66c2a5,bicycle
10910,171026,"9,20090100120137E+018",9,1,74,115,2020,9,14,3,3,5,3,0,1,1,0,0,0,0,682284.3336,5347981.2531,11.456030041,48.258798452,1,1,#66c2a5,bicycle
10911,171029,"9,20090100711136E+018",9,7,61,0,2020,9,11,3,3,2,6,0,0,1,0,0,0,0,639290.8015,5361545.4354,10.881607534,48.391677318,1,2,#fc8d62,car
10912,171030,"9,20083000131336E+018",9,1,86,151,2020,8,15,1,3,0,1,0,1,0,0,0,0,0,681485604,5375478582,11.457152699,48.506183144,0,1,#66c2a5,bicycle
10913,171031,"9,20082700710634E+018",9,7,61,0,2020,8,19,5,3,0,1,0,1,1,0,0,0,0,641542.0595,5358539.1649,10.91098884,48.36414495,0,1,#66c2a5,bicycle
10914,171033,"9,2009050011014E+018",9,1,77,115,2020,9,18,7,3,5,3,0,0,1,0,0,0,1,734292.5483,5350817.8262,12.157357562,48.267190697,0,2,#fc8d62,car
10915,171034,"9,20090200855137E+018",9,1,62,0,2020,9,8,4,3,5,2,0,1,0,0,1,0,0,690801.0637,5333715.3818,11.564254498,48.128071943,0,1,#66c2a5,bicycle
10916,171036,"9,2009040085824E+018",9,1,62,0,2020,9,18,6,3,5,3,0,1,1,0,0,0,0,694121.2022,5332645.1784,11.608340326,48.117449524,0,1,#66c2a5,bicycle
10917,171037,"9,2009040085824E+018",9,1,84,118,2020,9,13,6,3,1,7,0,1,1,0,0,0,0,703271.4566,5336554.29,11.733012489,48.149724826,0,1,#66c2a5,bicycle
10918,171038,"9,2009040085824E+018",9,1,62,0,2020,9,16,6,2,1,5,0,1,1,0,0,0,0,691321.9502,5336313217,11.572414609,48.151264669,0,1,#66c2a5,bicycle
10919,171039,"9,20090200854436E+018",9,1,62,0,2020,9,6,4,3,3,6,0,0,1,0,1,0,0,686666433,5338213474,11.510715904,48.169728091,0,2,#fc8d62,car
10920,171041,"9,20090400858238E+018",9,1,62,0,2020,9,15,6,2,0,3,0,0,1,0,1,0,0,691281.1755,5334162.0488,11.570900696,48.131942462,0,2,#fc8d62,car
10921,171042,"9,20090200854237E+018",9,1,62,0,2020,9,16,4,3,2,6,0,1,0,0,0,0,0,688367.1517,5336560574,11.532836005,48.154369894,0,1,#66c2a5,bicycle
10922,171043,"9,20090400858237E+018",9,1,62,0,2020,9,22,6,2,0,1,2,1,0,0,0,0,0,697610.6127,5330836.7122,11.654336941,48.100122983,0,1,#66c2a5,bicycle
10923,171044,"9,20090200854137E+018",9,1,62,0,2020,9,12,4,3,5,2,0,0,1,0,0,0,0,684495.4822,5332974.1405,11.479274008,48.123268104,0,2,#fc8d62,car
10924,171045,"9,20090400857136E+018",9,1,62,0,2020,9,15,6,3,3,2,0,1,1,0,0,0,0,700030.2315,5335210.7302,11.688852797,48.138677712,0,1,#66c2a5,bicycle
10925,171046,"9,20090400854737E+018",9,1,62,0,2020,9,11,6,3,5,2,0,1,1,0,0,0,0,691193.8053,5340335.7589,11.572502175,48.187457197,0,1,#66c2a5,bicycle
10926,171048,"9,20090400854538E+018",9,1,62,0,2020,9,5,6,3,5,2,1,1,0,0,0,0,1,681875.4165,5335690.9732,11.445258709,48.148442977,0,1,#66c2a5,bicycle
10927,171049,"9,20090400854338E+018",9,1,62,0,2020,9,19,6,3,1,1,0,1,1,0,0,0,0,689858.4984,5343860.0211,11.556130861,48.219533437,0,1,#66c2a5,bicycle
10928,171052,"9,20090200852238E+018",9,1,62,0,2020,9,20,4,3,0,1,1,0,0,0,1,0,0,693637.9066,5335820.2002,11.603296334,48.146132769,1,4,#e78ac3,marker
10929,171054,"9,20090200851537E+018",9,1,62,0,2020,9,12,4,2,5,3,0,1,0,0,0,0,0,689648.7911,5332867.0497,11.548407119,48.120791402,0,1,#66c2a5,bicycle
10930,171060,"9,20090200851437E+018",9,1,62,0,2020,9,12,4,3,1,6,0,1,1,0,0,0,0,690436.0919,5335321.1608,11.560072419,48.142613951,0,1,#66c2a5,bicycle
10931,171063,"9,20090200851137E+018",9,1,62,0,2020,9,19,4,2,0,1,0,1,0,0,0,0,0,691926.5943,5334979.9135,11.579934776,48.139099009,0,1,#66c2a5,bicycle
10932,171064,"9,2009040074014E+018",9,7,77,121,2020,9,11,6,3,0,7,0,1,0,0,0,0,0,628372.8628,5321265.7226,10.722004129,48.031768767,0,1,#66c2a5,bicycle
10933,171068,"9,20090400730136E+018",9,7,73,122,2020,9,0,6,3,7,7,2,0,0,0,1,0,0,628630592,5383173.9073,10.7443361,48.588430611,0,4,#e78ac3,marker
10934,171069,"9,20090400712146E+018",9,7,71,122,2020,9,15,6,3,2,2,0,0,1,0,1,0,0,652949608,5361721161,11.066062079,48.390092729,0,2,#fc8d62,car
10935,171071,"9,20090400710637E+018",9,7,61,0,2020,9,22,6,3,0,1,2,1,0,0,0,0,0,641647.7213,5353358.6899,10.910672361,48.317540293,0,1,#66c2a5,bicycle
10936,171072,"9,20090400710138E+018",9,7,71,113,2020,9,19,6,3,8,7,0,0,1,0,0,0,0,656219615,5367321.9477,11.112288545,48.439644699,0,2,#fc8d62,car
10937,171089,"9,20090200717042E+018",9,7,61,0,2020,9,15,4,3,5,7,0,1,1,0,0,0,0,637330266,5359188.6012,10.854368043,48.370914955,0,1,#66c2a5,bicycle
10938,171124,"9,20090500140136E+018",9,1,87,150,2020,9,12,7,2,5,3,0,1,0,0,0,0,0,729606.4002,5304273.2885,12.069321623,47.850747211,0,1,#66c2a5,bicycle
10939,171134,"9,20090400141341E+018",9,1,63,0,2020,9,16,6,3,1,1,0,1,1,0,0,0,0,733918.6178,5305326.1323,12.127447614,47.858651329,0,1,#66c2a5,bicycle
10940,171136,"9,20090500121937E+018",9,1,88,113,2020,9,19,7,3,6,6,1,0,1,1,0,0,0,675827.9913,5316429.4454,11.356106459,47.976992945,1,2,#fc8d62,car
10941,171137,"9,20090400141338E+018",9,1,63,0,2020,9,19,6,3,0,1,0,1,0,0,0,0,0,731999208,5304587.8355,12.101428547,47.852714081,0,1,#66c2a5,bicycle
10942,171142,"9,20090400131338E+018",9,1,86,132,2020,9,15,6,2,1,7,0,1,1,0,0,0,0,678386463,5367338394,11.411760441,48.433903122,0,1,#66c2a5,bicycle
10943,171143,"9,20090500210939E+018",9,2,74,113,2020,9,11,7,3,2,2,0,0,1,0,1,0,0,729723.1405,5382766.2357,12.113362918,48.555866719,0,2,#fc8d62,car
10944,171147,"9,20090400120936E+018",9,1,79,118,2020,9,17,6,3,0,7,0,0,0,0,1,0,0,672616.9518,5338206.7199,11.321911252,48.173638366,0,4,#e78ac3,marker
10945,171149,"9,20090400120137E+018",9,1,74,136,2020,9,16,6,2,0,1,0,1,0,0,0,0,0,682178.1469,5362830.6898,11.461017528,48.392301489,0,1,#66c2a5,bicycle
10946,171151,"9,20090400120137E+018",9,1,74,113,2020,9,13,6,2,0,1,0,1,0,0,0,0,0,677947.7389,5346885.6777,11.397193528,48.250183145,0,1,#66c2a5,bicycle
10947,171152,"9,20090400120137E+018",9,1,74,111,2020,9,8,6,2,3,6,0,0,0,0,1,0,1,668112.1562,5360295.1788,11.270149538,48.373414911,0,4,#e78ac3,marker
10948,171155,"9,20090400110746E+018",9,1,78,124,2020,9,18,6,3,2,6,0,0,1,0,0,0,0,704498.9004,5363475.6648,11.762514599,48.391256103,0,2,#fc8d62,car
10949,171156,"9,2009030085824E+018",9,1,62,0,2020,9,16,5,3,4,6,0,0,1,0,0,0,1,689046.1376,5332302.9159,11.540067106,48.115900099,0,2,#fc8d62,car
10950,171158,"9,20090300858239E+018",9,1,62,0,2020,9,13,5,3,0,6,0,0,1,0,0,0,0,696769.1325,5330502435,11.642892446,48.097379092,0,2,#fc8d62,car
10951,171160,"9,20090300858238E+018",9,1,62,0,2020,9,15,5,3,5,3,0,1,1,0,0,0,0,691411.9147,5335300.2863,11.573167539,48.142133511,0,1,#66c2a5,bicycle
10952,171162,"9,20090300858237E+018",9,1,62,0,2020,9,16,5,3,0,7,0,1,0,0,0,0,1,692204.0113,5339121.8308,11.585531017,48.176241894,0,1,#66c2a5,bicycle
10953,171163,"9,20090300858237E+018",9,1,62,0,2020,9,18,5,3,3,6,0,0,1,0,1,0,0,691229.9039,5340036.2033,11.572852528,48.184753982,0,2,#fc8d62,car
10954,171164,"9,20090500161937E+018",9,1,73,130,2020,9,10,7,2,5,3,0,1,1,0,0,0,0,681519.7942,5313835679,11.431211959,47.952088024,0,1,#66c2a5,bicycle
10955,171166,"9,20090300858237E+018",9,1,62,0,2020,9,0,5,2,0,1,2,0,0,0,0,0,1,693871889,5336285636,11.606650621,48.150244673,0,6,#ffd92f,circle
10956,171167,"9,20090300858236E+018",9,1,84,146,2020,9,17,5,3,5,3,0,1,1,0,0,0,0,696483.5041,5328862.1244,11.638305576,48.082724942,0,1,#66c2a5,bicycle
10957,171169,"9,20090500121937E+018",9,1,88,141,2020,9,12,7,3,0,1,0,1,0,0,0,0,0,668548.8419,5307596.0067,11.255187376,47.899536536,0,1,#66c2a5,bicycle
10958,171170,"9,20090300857136E+018",9,1,62,0,2020,9,23,5,3,3,7,2,0,1,0,0,0,0,686211.6279,5334378.5414,11.502926784,48.135391787,0,2,#fc8d62,car
10959,171172,"9,20090300857136E+018",9,1,62,0,2020,9,14,5,3,0,7,0,1,0,0,0,0,0,687457.1241,5335551.5804,11.520167475,48.145569708,0,1,#66c2a5,bicycle
10960,171173,"9,20090300857136E+018",9,1,62,0,2020,9,11,5,3,0,7,0,0,0,0,0,0,1,689310.3938,5332676.8942,11.543780121,48.119182963,0,6,#ffd92f,circle
10961,171174,"9,20090300857136E+018",9,1,62,0,2020,9,9,5,3,1,6,0,1,0,0,0,0,0,691299.2629,5333383633,11.570794118,48.124940689,0,1,#66c2a5,bicycle
10962,171176,"9,20090300857136E+018",9,1,84,145,2020,9,16,5,3,0,1,0,1,0,0,0,0,0,694988.5387,5323558.1569,11.615835856,48.035513439,0,1,#66c2a5,bicycle
10963,171177,"9,20090300854837E+018",9,1,84,135,2020,9,9,5,3,0,7,0,0,0,0,1,0,0,689839851,5348136.9963,11.557796833,48.257979798,1,4,#e78ac3,marker
10964,171179,"9,20090300854439E+018",9,1,62,0,2020,9,12,5,3,5,2,0,0,1,0,0,0,0,687371.6227,5338814.4608,11.520456276,48.174922399,0,2,#fc8d62,car
10965,171180,"9,20090300854336E+018",9,1,62,0,2020,9,15,5,3,5,3,0,1,1,0,0,0,0,689067.6242,5337507035,11.542665743,48.162668897,0,1,#66c2a5,bicycle
10966,171182,"9,20090500120936E+018",9,1,79,123,2020,9,18,7,3,0,7,0,0,1,0,0,0,0,675745.5905,5332541.4994,11.361619633,48.121854553,0,2,#fc8d62,car
10967,171183,"9,20090300852439E+018",9,1,62,0,2020,9,6,5,3,5,2,0,1,1,0,0,0,0,696610.7615,5333119776,11.641973887,48.120951179,0,1,#66c2a5,bicycle
10968,171185,"9,20090300852337E+018",9,1,62,0,2020,9,21,5,3,0,1,2,1,0,0,0,0,0,691764798,5332776303,11.576770507,48.119342021,0,1,#66c2a5,bicycle
10969,171186,"9,20090500161738E+018",9,1,90,144,2020,9,17,7,3,5,3,0,0,1,0,1,0,0,658236.6221,5308273.0435,11.117558658,47.908250138,0,2,#fc8d62,car
10970,171188,"9,20090300852337E+018",9,1,62,0,2020,9,18,5,3,1,6,0,0,1,0,1,0,0,693154.5097,5331763.9882,11.594965985,48.109823539,0,2,#fc8d62,car
10971,171190,"9,20090300852138E+018",9,1,62,0,2020,9,20,5,3,0,1,2,1,0,0,0,0,0,694123.7871,5334757.7248,11.609337248,48.136435564,0,1,#66c2a5,bicycle
10972,171191,"9,20090300851437E+018",9,1,62,0,2020,9,10,5,3,5,3,0,1,1,0,0,0,0,689907.8499,5335561.3997,11.553085621,48.144931114,0,1,#66c2a5,bicycle
10973,171193,"9,20090500120936E+018",9,1,79,123,2020,9,10,7,3,0,1,0,0,0,0,1,0,0,676723.3946,5332499.1342,11.374729855,48.121203063,0,4,#e78ac3,marker
10974,171194,"9,20090300851138E+018",9,1,62,0,2020,9,18,5,3,5,3,0,1,1,0,0,0,0,692192.7118,5335003403,11.583518838,48.139229807,0,1,#66c2a5,bicycle
10975,171207,"9,20090300715042E+018",9,7,61,0,2020,9,18,5,3,5,3,0,0,1,0,0,0,0,641237.2034,5353800.4567,10.905286077,48.321604363,0,2,#fc8d62,car
10976,171208,"9,20090300715042E+018",9,7,61,0,2020,9,17,5,3,5,7,0,0,1,0,1,0,0,643084.1231,5361782384,10.932900351,48.392958611,0,2,#fc8d62,car
10977,171210,"9,20090300715041E+018",9,7,61,0,2020,9,16,5,3,2,6,0,0,1,0,0,0,0,639452331,5359820.9078,10.883216002,48.376135158,0,2,#fc8d62,car
10978,171211,"9,2009030071504E+018",9,7,61,0,2020,9,12,5,3,2,5,0,0,1,0,0,0,0,639231.2507,5360701.9526,10.880523997,48.384106103,0,2,#fc8d62,car
10979,171213,"9,20090300712336E+018",9,7,72,184,2020,9,7,5,3,0,7,0,1,0,0,0,0,0,635639.1406,5360964.9661,10.832118286,48.387253736,0,1,#66c2a5,bicycle
10980,171215,"9,20090300712137E+018",9,7,71,142,2020,9,16,5,3,0,1,0,1,0,0,0,0,0,646904.5002,5352516.9027,10.98124411,48.308772059,0,1,#66c2a5,bicycle
10981,171216,"9,20090300711337E+018",9,7,72,202,2020,9,17,5,2,4,2,0,0,1,0,1,0,0,637197.7016,5358018.7184,10.852197404,48.360424313,0,2,#fc8d62,car
10982,171218,"9,20090300710739E+018",9,7,61,0,2020,9,11,5,3,4,6,0,1,1,0,0,0,0,643979.0201,5358195.1961,10.943753511,48.360501061,0,1,#66c2a5,bicycle
10983,171219,"9,20090300710637E+018",9,7,61,0,2020,9,12,5,3,5,3,0,1,0,0,0,0,0,635074272,5353949.4227,10.822240724,48.324290725,0,1,#66c2a5,bicycle
10984,171222,"9,20090300710637E+018",9,7,61,0,2020,9,8,5,3,5,1,0,1,1,0,0,0,0,642316333,5359179257,10.921652961,48.369726284,0,1,#66c2a5,bicycle
10985,171226,"9,20090200210938E+018",9,2,74,113,2020,9,15,4,3,0,1,0,1,0,0,0,0,0,729220.6262,5382917.5126,12.106646232,48.557409501,0,1,#66c2a5,bicycle
10986,171234,"9,20090500120137E+018",9,1,74,131,2020,9,16,7,3,4,6,0,0,1,0,0,0,0,672394.7481,5357746.7366,11.326887545,48.349351184,0,2,#fc8d62,car
10987,171236,"9,20090500111341E+018",9,1,75,135,2020,9,19,7,2,5,3,0,1,1,0,0,0,0,709297105,5339502.6463,11.815378766,48.174264982,0,1,#66c2a5,bicycle
10988,171244,"9,20090500110347E+018",9,1,75,113,2020,9,0,7,2,8,1,2,0,0,0,1,0,0,717711.9261,5318642.4216,11.91779436,47.984002177,0,4,#e78ac3,marker
10989,171257,"9,20090300210939E+018",9,2,61,0,2020,9,18,5,3,0,1,0,0,0,0,1,0,1,732955.8262,5381944.0011,12.156645729,48.547288571,1,4,#e78ac3,marker
10990,171260,"9,20090300160939E+018",9,1,73,126,2020,9,11,5,3,0,7,0,0,0,0,0,0,1,684696.5292,5305576.6815,11.470181283,47.876940198,0,6,#ffd92f,circle
10991,171271,"9,20090300131339E+018",9,1,86,143,2020,9,9,5,3,6,4,0,0,1,1,0,0,0,685200.5265,5378115.4908,11.508570332,48.528798823,0,2,#fc8d62,car
10992,171272,"9,20090300131336E+018",9,1,86,143,2020,9,16,5,2,4,2,0,0,1,0,1,0,0,684052.79,5379350.4255,11.493584779,48.540235774,0,2,#fc8d62,car
10993,171275,"9,20090200121541E+018",9,1,81,130,2020,9,15,4,2,0,6,0,1,0,0,0,0,0,639533.6152,5324330.1576,10.872634794,48.056984171,0,1,#66c2a5,bicycle
10994,171276,"9,20090300121936E+018",9,1,88,137,2020,9,21,5,3,1,5,2,0,1,0,0,0,1,673610.88,5316654113,11.326513332,47.979618032,0,2,#fc8d62,car
10995,171277,"9,20090300121936E+018",9,1,88,139,2020,9,11,5,2,6,2,0,0,1,1,0,0,0,674859.3453,5319023.0389,11.344194011,48.000573918,0,2,#fc8d62,car
10996,171279,"9,20090300121536E+018",9,1,81,130,2020,9,14,5,3,0,1,0,1,0,0,0,0,0,638622.2094,5326097.5793,10.86098284,48.073076079,0,1,#66c2a5,bicycle
10997,171280,"9,20090300110737E+018",9,1,78,157,2020,9,16,5,3,0,1,0,1,0,0,0,0,0,704978.4145,5369960.1381,11.77215329,48.449369916,0,1,#66c2a5,bicycle
10998,171282,"9,2009030011054E+018",9,1,77,112,2020,9,12,5,3,0,1,0,0,0,0,1,0,0,716963.8532,5363142.5402,11.93050541,48.384099101,0,4,#e78ac3,marker
10999,171283,"9,2009020085824E+018",9,1,62,0,2020,9,12,4,3,0,7,0,1,0,0,0,0,0,690883.5019,5335943.5621,11.566359838,48.148073974,0,1,#66c2a5,bicycle
11000,171284,"9,20090200120936E+018",9,1,79,123,2020,9,18,4,3,2,6,0,0,1,0,0,0,0,677492.9086,5334209.7108,11.385773458,48.136365687,0,2,#fc8d62,car
11001,171285,"9,20090500110337E+018",9,1,75,137,2020,9,13,7,3,0,1,0,1,0,0,0,0,0,727933.0911,5329890.7737,12.060565966,48.081501638,0,1,#66c2a5,bicycle
11002,171286,"9,20090200858239E+018",9,1,62,0,2020,9,13,4,2,5,3,0,0,1,0,1,0,0,693346.9592,5333560.8526,11.598363488,48.125914907,0,2,#fc8d62,car
11003,171288,"9,20090200858237E+018",9,1,62,0,2020,9,16,4,3,5,7,0,1,0,0,0,0,1,692022843,5336385.1676,11.581861,48.151700136,0,1,#66c2a5,bicycle
11004,171289,"9,20090500160936E+018",9,1,73,126,2020,9,14,7,3,8,2,0,1,0,0,0,0,0,681112.9142,5308035.7427,11.423329382,47.900066203,0,1,#66c2a5,bicycle
11005,171291,"9,20090200857136E+018",9,1,62,0,2020,9,23,4,3,2,6,2,0,1,0,0,0,0,689683.2675,5334883.3869,11.549767472,48.138904106,0,2,#fc8d62,car
11006,171292,"9,20090200857136E+018",9,1,62,0,2020,9,20,4,2,6,4,2,0,1,1,0,0,0,691451332,5332227.9691,11.572316641,48.114507963,0,2,#fc8d62,car
11007,171293,"9,20090200120338E+018",9,1,81,114,2020,9,16,4,3,8,1,0,0,1,0,0,0,0,650328434,5316620.9895,11.014715047,47.985214738,0,2,#fc8d62,car
11008,171299,"9,20090800112038E+018",9,1,77,133,2020,9,13,3,3,3,6,0,0,1,0,0,1,0,707216.3011,5360110.7777,11.797519625,48.36013289,0,2,#fc8d62,car
11009,171304,"9,20090800710437E+018",9,7,61,0,2020,9,13,3,3,1,5,0,1,1,0,0,0,0,640532.4683,5358540.4568,10.89736637,48.364382133,0,1,#66c2a5,bicycle
11010,171305,"9,20090900711337E+018",9,7,61,0,2020,9,16,4,3,4,2,0,1,1,0,0,0,0,637066.1846,5360158.7724,10.851120412,48.379696044,0,1,#66c2a5,bicycle
11011,171309,"9,20090700854237E+018",9,1,62,0,2020,9,13,2,3,6,4,0,1,0,1,0,0,0,687450.2514,5336040.5886,11.520290498,48.149967057,0,1,#66c2a5,bicycle