fid,OBJECTID,UIDENTSTLA,ULAND,UREGBEZ,UKREIS,UGEMEINDE,UJAHR,UMONAT,USTUNDE,UWOCHENTAG,UKATEGORIE,UART,UTYP1,ULICHTVERH,IstRad,IstPKW,IstFuss,IstKrad,IstGkfz,IstSonstig,LINREFX,LINREFY,XGCSWGS84,YGCSWGS84,STRZUSTAND,Teilnehmer,color,symbol
11012,171310,"9,20090900120142E+018",9,1,74,115,2020,9,22,4,3,3,6,2,1,1,0,0,0,0,681062.3884,5348079.4657,11.439623596,48.260031591,0,1,#66c2a5,bicycle
11013,171312,"9,20090700858237E+018",9,1,62,0,2020,9,16,2,3,5,2,0,0,1,0,0,0,0,690656.8246,5337649.2275,11.564079643,48.163472347,0,2,#fc8d62,car
11014,171320,"9,20090700851437E+018",9,1,62,0,2020,9,11,2,3,6,7,0,1,0,1,0,0,0,690485.5622,5333955.9179,11.560126257,48.130328368,0,1,#66c2a5,bicycle
11015,171321,"9,20090800858238E+018",9,1,62,0,2020,9,10,3,3,2,6,0,0,1,0,0,0,0,687369.6042,5335107852,11.518796781,48.141607146,0,2,#fc8d62,car
11016,171322,"9,20090900851539E+018",9,1,62,0,2020,9,21,4,3,0,7,2,0,0,0,1,0,0,689073.92,5332744505,11.540635826,48.119860919,0,4,#e78ac3,marker
11017,171328,"9,20090900852837E+018",9,1,84,146,2020,9,18,4,3,1,5,0,0,1,0,1,0,0,699218.3395,5327930.5694,11.674552432,48.073504187,0,2,#fc8d62,car
11018,171336,"9,20090800854138E+018",9,1,62,0,2020,9,8,3,3,1,6,0,0,1,0,0,0,0,686214938,5334745.4445,11.503131633,48.138688681,0,2,#fc8d62,car
11019,171337,"9,20090900851338E+018",9,1,62,0,2020,9,15,4,3,5,7,0,1,1,0,0,0,0,691495.8196,5336984.6706,11.575052064,48.157247269,0,1,#66c2a5,bicycle
11020,171338,"9,20090700111338E+018",9,1,75,132,2020,9,16,2,3,4,1,0,1,1,0,0,0,0,708300.7554,5330709.2025,11.797693479,48.095572478,0,1,#66c2a5,bicycle
11021,171341,"9,20090800121937E+018",9,1,88,139,2020,9,16,3,3,5,2,0,1,1,0,0,0,0,674611.4789,5319171.2211,11.340934246,48.001973766,0,1,#66c2a5,bicycle
11022,171342,"9,2009060085824E+018",9,1,62,0,2020,9,16,1,3,2,5,0,0,1,0,0,0,0,689796.9457,5334902.2909,11.551302415,48.139040119,0,2,#fc8d62,car
11023,171344,"9,20090700710637E+018",9,7,61,0,2020,9,7,2,2,3,2,0,1,1,0,0,0,0,639149.7015,5356906.0255,10.878167292,48.349992004,0,1,#66c2a5,bicycle
11024,171347,"9,20090700740142E+018",9,7,77,121,2020,9,16,2,2,5,3,0,0,0,0,1,0,1,629681631,5321351744,10.739577756,48.032277927,0,4,#e78ac3,marker
11025,171350,"9,20090600858239E+018",9,1,62,0,2020,9,22,1,3,6,2,2,0,1,1,0,0,0,690359.1334,5333499.0195,11.558224721,48.126259586,1,2,#fc8d62,car
11026,171353,"9,20090700858241E+018",9,1,62,0,2020,9,15,2,3,6,4,0,1,0,1,0,0,0,696000.4453,5333672.2321,11.634035729,48.126104525,0,1,#66c2a5,bicycle
11027,171354,"9,20090600858237E+018",9,1,62,0,2020,9,10,1,3,0,7,0,1,0,0,0,0,0,693568.3026,5333388.0181,11.601256424,48.124294259,0,1,#66c2a5,bicycle
11028,171355,"9,20090900141337E+018",9,1,63,0,2020,9,10,4,3,5,3,0,0,1,0,0,0,0,733692.4259,5304478.1457,12.123970039,47.851115285,0,2,#fc8d62,car
11029,171356,"9,20090600857137E+018",9,1,62,0,2020,9,12,1,2,0,7,0,0,0,0,1,0,0,690346.7732,5334788.5631,11.558634888,48.1378537,0,4,#e78ac3,marker
11030,171357,"9,20090800710141E+018",9,7,71,112,2020,9,9,3,3,6,7,0,0,1,1,0,0,0,643809.3158,5366989.8579,10.944476374,48.439615877,0,2,#fc8d62,car
11031,171358,"9,2009090071074E+018",9,7,61,0,2020,9,10,4,3,4,2,0,1,1,0,0,0,0,644457.7174,5357717.2141,10.950048069,48.356093982,0,1,#66c2a5,bicycle
11032,171359,"9,20090600854838E+018",9,1,84,119,2020,9,1,1,3,0,7,2,1,0,0,0,0,0,697232339,5347522.5763,11.657003647,48.250200294,0,1,#66c2a5,bicycle
11033,171360,"9,20090600854138E+018",9,1,62,0,2020,9,13,1,3,0,3,0,0,1,0,0,0,0,686675.8667,5334852791,11.509368407,48.139518493,0,2,#fc8d62,car
11034,171361,"9,2009080071505E+018",9,7,61,0,2020,9,17,3,3,0,1,0,1,0,0,0,0,1,639406.2527,5357312.3222,10.8817627,48.353588757,0,1,#66c2a5,bicycle
11035,171362,"9,20090900740147E+018",9,7,77,121,2020,9,12,4,3,0,1,0,1,0,0,0,0,0,628468.3487,5321866.9766,10.723464742,48.037156677,0,1,#66c2a5,bicycle
11036,171363,"9,20090600852237E+018",9,1,62,0,2020,9,23,1,3,8,6,2,0,1,0,0,0,0,694783.9147,5337624.6878,11.619512707,48.162000812,1,2,#fc8d62,car
11037,171366,"9,20090700857137E+018",9,1,62,0,2020,9,15,2,3,4,7,0,0,1,0,0,0,0,696941.7723,5330684.3221,11.645292602,48.09896046,0,2,#fc8d62,car
11038,171367,"9,20090900121537E+018",9,1,81,130,2020,9,8,4,3,2,6,0,1,1,0,0,0,0,639776.2671,5324134.6144,10.875825645,48.055172683,0,1,#66c2a5,bicycle
11039,171368,"9,2009060085124E+018",9,1,62,0,2020,9,3,1,3,5,3,2,0,1,0,0,0,0,691386536,5336289.0,11.573271198,48.151027579,1,2,#fc8d62,car
11040,171374,"9,20090700851138E+018",9,1,62,0,2020,9,14,2,3,0,2,0,1,1,1,0,0,0,690793.1076,5334634.5917,11.564559306,48.136336147,0,1,#66c2a5,bicycle
11041,171377,"9,20090700852946E+018",9,1,62,0,2020,9,20,2,3,0,1,2,1,0,0,0,0,0,688280.4865,5330462.1893,11.528977712,48.099582033,0,1,#66c2a5,bicycle
11042,171378,"9,2009090011054E+018",9,1,77,117,2020,9,16,4,3,6,7,0,1,0,1,0,0,0,715210.8111,5352879.9746,11.901617095,48.292489463,0,1,#66c2a5,bicycle
11043,171379,"9,20090900852339E+018",9,1,62,0,2020,9,16,4,3,1,6,0,1,1,0,0,0,0,691748.0717,5329710.4892,11.57516825,48.091791774,0,1,#66c2a5,bicycle
11044,171387,"9,20090800851138E+018",9,1,62,0,2020,9,16,3,3,5,3,0,1,0,0,0,0,0,688496.6042,5334271.2999,11.533561434,48.133755198,0,1,#66c2a5,bicycle
11045,171388,"9,20090900851141E+018",9,1,62,0,2020,9,17,4,3,0,1,0,1,0,0,0,0,0,691924.9053,5334985.1303,11.579914447,48.139146406,0,1,#66c2a5,bicycle
11046,171392,"9,20090800858238E+018",9,1,62,0,2020,9,17,3,3,5,2,0,1,1,0,0,0,0,693576.2366,5340332.7211,11.604522114,48.186708389,0,1,#66c2a5,bicycle
11047,171393,"9,2009090085144E+018",9,1,62,0,2020,9,8,4,3,5,3,0,0,1,0,1,0,0,688300303,5334564831,11.531055391,48.136451619,0,2,#fc8d62,car
11048,171394,"9,20090600710742E+018",9,7,61,0,2020,9,17,1,3,2,6,0,0,1,0,0,0,0,641976329,5360420.2158,10.917483767,48.380961008,0,2,#fc8d62,car
11049,171401,"9,20090700717046E+018",9,7,61,0,2020,9,15,2,3,3,6,0,1,0,0,0,0,0,640813.4588,5359575.0603,10.901504354,48.373622305,0,1,#66c2a5,bicycle
11050,171408,"9,20090700858237E+018",9,1,62,0,2020,9,17,2,3,5,3,0,1,1,0,0,0,0,690880.6473,5334271.3801,11.565572011,48.133045371,0,1,#66c2a5,bicycle
11051,171410,"9,20090800120137E+018",9,1,74,121,2020,9,13,3,3,0,3,0,0,1,0,1,0,0,689050191,5354209836,11.549885548,48.312797512,0,2,#fc8d62,car
11052,171415,"9,20090800710642E+018",9,7,61,0,2020,9,17,3,3,1,3,0,1,1,0,0,0,0,637909.8195,5355451.5232,10.860964934,48.337185234,0,1,#66c2a5,bicycle
11053,171416,"9,20090900712337E+018",9,7,61,0,2020,9,18,4,3,5,3,0,1,1,0,0,0,0,638443.2946,5358266.0721,10.869085302,48.362376563,0,1,#66c2a5,bicycle
11054,171421,"9,20090700857137E+018",9,1,62,0,2020,9,10,2,3,0,3,0,1,1,0,0,0,0,692149.4417,5335217142,11.583034234,48.141163921,0,1,#66c2a5,bicycle
11055,171422,"9,20090900120339E+018",9,1,81,123,2020,9,17,4,3,6,4,0,0,1,1,0,0,0,654660.1905,5327959.4,11.076825363,48.086128307,0,2,#fc8d62,car
11056,171425,"9,20090900140737E+018",9,1,82,120,2020,9,8,4,3,0,7,0,1,0,0,0,0,0,701652.5538,5306899577,11.697324363,47.883729414,0,1,#66c2a5,bicycle
11057,171428,"9,20090900710438E+018",9,7,61,0,2020,9,13,4,2,6,4,0,0,0,1,0,0,1,640562.2947,5358083.6001,10.89761619,48.360267584,0,3,#8da0cb,toilet
11058,171433,"9,20090700852438E+018",9,1,62,0,2020,9,7,2,3,0,1,0,1,0,0,0,0,0,695390.9719,5333404.3122,11.625731179,48.123883938,1,1,#66c2a5,bicycle
11059,171434,"9,2009080085824E+018",9,1,62,0,2020,9,16,3,3,0,6,0,0,1,0,0,0,0,686409.1583,5337548.1135,11.506967271,48.163823132,0,2,#fc8d62,car
11060,171435,"9,20090900852137E+018",9,1,62,0,2020,9,17,4,2,0,1,0,1,0,0,0,0,0,693252.7796,5334437.0725,11.597496546,48.133818729,0,1,#66c2a5,bicycle
11061,171441,"9,20090800140741E+018",9,1,82,136,2020,9,12,3,2,5,3,0,0,1,0,0,0,1,702919.1875,5304135531,11.712949592,47.858489063,0,2,#fc8d62,car
11062,171448,"9,20090800854339E+018",9,1,62,0,2020,9,18,3,3,3,6,0,1,0,0,0,0,0,690697.2805,5339019.7886,11.565237836,48.175778673,0,1,#66c2a5,bicycle
11063,171449,"9,20090900851439E+018",9,1,62,0,2020,9,18,4,3,5,2,0,1,1,0,0,0,0,690348.4952,5333899.5961,11.558260823,48.129863152,0,1,#66c2a5,bicycle
11064,171457,"9,20090700711938E+018",9,7,72,163,2020,9,9,2,3,2,6,0,0,1,0,0,0,0,640446.5841,5349304.8354,10.893130854,48.281356807,0,2,#fc8d62,car
11065,171465,"9,20090800110939E+018",9,1,78,143,2020,9,17,3,3,5,3,0,1,1,0,0,0,0,717397.0481,5373387.3811,11.941661086,48.475996429,0,1,#66c2a5,bicycle
11066,171467,"9,20090900141337E+018",9,1,63,0,2020,9,12,4,3,3,2,0,1,1,0,0,0,0,731625.4868,5304406.5907,12.096343062,47.851220504,0,1,#66c2a5,bicycle
11067,171469,"9,20090800710437E+018",9,7,61,0,2020,9,21,3,3,0,7,2,0,0,0,0,0,1,639986.2862,5359166.4707,10.890204764,48.370132425,0,6,#ffd92f,circle
11068,171470,"9,20090900711337E+018",9,7,61,0,2020,9,16,4,3,8,1,0,0,1,0,0,0,0,638052.3352,5359399.8987,10.864182152,48.37265737,0,2,#fc8d62,car
11069,171479,"9,20090700857137E+018",9,1,62,0,2020,9,9,2,3,1,7,0,1,1,0,0,0,0,690231.52,5336230332,11.55773141,48.150846765,0,1,#66c2a5,bicycle
11070,171481,"9,20090600121537E+018",9,1,81,127,2020,9,17,1,2,0,1,0,0,0,0,1,0,0,632312.6855,5322227.1187,10.775124385,48.039610293,1,4,#e78ac3,marker
11071,171484,"9,20090600120137E+018",9,1,74,113,2020,9,15,1,3,0,1,0,0,0,0,1,0,0,677451.7702,5348911.7829,11.391367971,48.268534724,1,4,#e78ac3,marker
11072,171487,"9,20090700851242E+018",9,1,62,0,2020,9,20,2,3,5,3,1,1,0,0,0,0,0,691839.0446,5336821.1581,11.579588857,48.155674201,0,1,#66c2a5,bicycle
11073,171488,"9,20090800858238E+018",9,1,62,0,2020,9,18,3,3,5,2,0,0,1,0,0,0,0,690438.3928,5342513.1946,11.563325422,48.207254609,0,2,#fc8d62,car
11074,171489,"9,20090900851539E+018",9,1,62,0,2020,9,18,4,2,5,2,0,1,1,0,0,0,0,689856.6416,5331918.0002,11.550774705,48.112199331,0,1,#66c2a5,bicycle
11075,171490,"9,20090500858237E+018",9,1,62,0,2020,9,19,7,3,5,3,1,1,1,0,0,0,0,699472.9616,5332636.6371,11.680165604,48.115718937,0,1,#66c2a5,bicycle
11076,171491,"9,20090700854237E+018",9,1,62,0,2020,9,14,2,3,0,5,0,1,1,0,0,0,0,686291.0657,5336097.7657,11.504745633,48.150821541,0,1,#66c2a5,bicycle
11077,171492,"9,20090900120137E+018",9,1,74,113,2020,9,13,4,3,5,3,0,1,0,0,0,0,0,673553.0963,5346019.4251,11.337688565,48.243614723,0,1,#66c2a5,bicycle
11078,171493,"9,20090900852638E+018",9,1,62,0,2020,9,7,4,3,6,2,0,1,0,1,0,0,0,695100.5212,5338169.1358,11.624015641,48.166796958,0,1,#66c2a5,bicycle
11079,171494,"9,20090500858237E+018",9,1,62,0,2020,9,16,7,2,0,1,0,1,0,0,0,0,0,693543593,5329212.4858,11.599030731,48.086773142,0,1,#66c2a5,bicycle
11080,171497,"9,20090500858237E+018",9,1,62,0,2020,9,0,7,3,0,1,2,1,0,0,0,0,0,693112.7266,5334457.6093,11.595625417,48.134045819,0,1,#66c2a5,bicycle
11081,171502,"9,20090800851338E+018",9,1,62,0,2020,9,14,3,3,5,2,0,1,0,0,0,1,0,692289.4385,5338373.4141,11.586340454,48.169489479,0,1,#66c2a5,bicycle
11082,171503,"9,20090900851237E+018",9,1,62,0,2020,9,20,4,3,0,7,2,1,0,0,0,0,0,690488.2686,5336674.8129,11.561378856,48.154764896,0,1,#66c2a5,bicycle
11083,171504,"9,20090500858237E+018",9,1,62,0,2020,9,19,7,3,6,4,1,1,0,1,0,0,0,696422.75,5332564422,11.639194418,48.116017992,0,1,#66c2a5,bicycle
11084,171507,"9,20090800121937E+018",9,1,88,139,2020,9,8,3,2,5,3,0,1,1,0,0,0,0,674619.7584,5320358.5919,11.341528509,48.012645559,0,1,#66c2a5,bicycle
11085,171511,"9,20090800140137E+018",9,1,87,122,2020,9,13,3,3,0,6,0,0,1,0,0,0,0,719472.3043,5308309.3517,11.936089083,47.890553604,0,2,#fc8d62,car
11086,171516,"9,20090500858237E+018",9,1,62,0,2020,9,20,7,3,3,6,2,0,1,0,1,0,0,692986971,5338652216,11.595839012,48.171783869,1,2,#fc8d62,car
11087,171519,"9,20090700858239E+018",9,1,62,0,2020,9,16,2,3,5,3,0,1,0,0,0,0,1,689670556,5336031.2365,11.550108091,48.149224814,0,1,#66c2a5,bicycle
11088,171520,"9,20090900141337E+018",9,1,63,0,2020,9,17,4,3,4,2,0,1,1,0,0,0,0,732832.4616,5305399.6411,12.112987697,47.859706164,0,1,#66c2a5,bicycle
11089,171521,"9,20090500858236E+018",9,1,62,0,2020,9,17,7,3,2,6,0,0,1,0,0,0,0,694107065,5334745.9675,11.60910736,48.136334994,0,2,#fc8d62,car
11090,171522,"9,20090500858236E+018",9,1,62,0,2020,9,3,7,3,1,5,2,1,1,0,0,0,0,691694.5828,5334116.0562,11.576430555,48.131404711,0,1,#66c2a5,bicycle
11091,171524,"9,20090700710438E+018",9,7,61,0,2020,9,14,2,2,1,5,0,1,1,0,0,0,0,640801.1856,5359188.5729,10.901209295,48.370149886,0,1,#66c2a5,bicycle
11092,171525,"9,20090500857137E+018",9,1,62,0,2020,9,13,7,3,5,3,0,1,0,0,0,0,1,691329.4195,5333409.0679,11.571210374,48.125160234,0,1,#66c2a5,bicycle
11093,171526,"9,20090800712137E+018",9,7,71,130,2020,9,14,3,3,3,6,0,1,0,0,0,0,0,645529.3044,5363537.7105,10.966520325,48.408181673,0,1,#66c2a5,bicycle
11094,171527,"9,20090900712339E+018",9,7,72,147,2020,9,10,4,3,9,7,0,1,0,0,0,0,0,635299.6914,5365330.8476,10.828943236,48.426584481,0,1,#66c2a5,bicycle
11095,171528,"9,20090500857137E+018",9,1,62,0,2020,9,15,7,3,6,7,0,0,1,1,0,0,0,686581.8953,5341798.8166,11.511154677,48.201978864,0,2,#fc8d62,car
11096,171531,"9,20090700857137E+018",9,1,62,0,2020,9,13,2,3,2,2,0,0,1,0,0,0,0,690164.6589,5333779.6949,11.555739129,48.128840426,0,2,#fc8d62,car
11097,171532,"9,2009090012055E+018",9,1,79,121,2020,9,6,4,3,5,2,1,1,0,0,0,0,0,667018.7826,5337753.7131,11.246492051,48.171061778,0,1,#66c2a5,bicycle
11098,171533,"9,20090500852337E+018",9,1,62,0,2020,9,19,7,3,0,1,0,1,0,0,0,0,0,691850202,5332117.4109,11.577620459,48.113394247,0,1,#66c2a5,bicycle
11099,171539,"9,20090900710439E+018",9,7,61,0,2020,9,10,4,3,5,3,0,0,1,0,0,0,0,639619814,5360103899,10.885570478,48.378642698,0,2,#fc8d62,car
11100,171540,"9,20090500712337E+018",9,7,72,177,2020,9,17,7,3,5,2,0,1,1,0,0,0,0,636643.0988,5378671.1836,10.851455798,48.546247195,1,1,#66c2a5,bicycle
11101,171541,"9,20090800210942E+018",9,2,61,0,2020,9,16,3,3,0,1,0,1,0,0,0,0,0,734031.3156,5380395.0126,12.170325973,48.532974462,0,1,#66c2a5,bicycle
11102,171543,"9,20090700852838E+018",9,1,84,146,2020,9,6,2,3,0,7,0,1,0,0,0,0,0,698032.6912,5328271.9242,11.658810809,48.076941313,1,1,#66c2a5,bicycle
11103,171544,"9,2009080085824E+018",9,1,62,0,2020,9,7,3,3,1,5,0,1,1,0,0,0,0,690086961,5334925.9955,11.555207441,48.139166607,0,1,#66c2a5,bicycle
11104,171545,"9,20090900852137E+018",9,1,62,0,2020,9,8,4,3,2,6,0,1,1,0,0,0,0,691521.9888,5332865.4999,11.573551329,48.120216793,0,1,#66c2a5,bicycle
11105,171546,"9,2009050071214E+018",9,7,71,129,2020,9,13,7,3,0,1,0,1,0,0,0,0,0,654550.5596,5355590.4976,11.085420947,48.334583844,0,1,#66c2a5,bicycle
11106,171549,"9,20090500712137E+018",9,7,71,130,2020,9,17,7,3,7,7,0,0,1,0,0,0,1,646838.7411,5355988252,10.981566904,48.339999249,0,2,#fc8d62,car
11107,171551,"9,20090900210941E+018",9,2,61,0,2020,9,10,4,3,5,2,0,0,1,0,1,0,0,732401374,5381385363,12.148832896,48.5424761,0,2,#fc8d62,car
11108,171556,"9,2009080085434E+018",9,1,62,0,2020,9,18,3,3,1,6,0,0,1,0,0,0,0,690476.6012,5340246.5278,11.56282226,48.186870655,0,2,#fc8d62,car
11109,171557,"9,20090900851439E+018",9,1,62,0,2020,9,23,4,3,1,2,2,1,1,0,0,0,0,690562.7332,5333415482,11.560920703,48.125447838,0,1,#66c2a5,bicycle
11110,171558,"9,20090500711136E+018",9,7,61,0,2020,9,11,7,3,6,2,0,0,0,1,0,0,1,639243.6233,5360444.0958,10.88060557,48.381784793,0,3,#8da0cb,toilet
11111,171566,"9,20090700712146E+018",9,7,71,145,2020,9,5,2,3,5,7,2,0,0,0,0,0,1,647402.9264,5346421.6044,10.985835791,48.253851266,0,6,#ffd92f,circle
11112,171569,"9,20090500710438E+018",9,7,61,0,2020,9,19,7,3,0,4,0,1,0,1,0,0,0,641126.9067,5359196.8504,10.90560769,48.370151564,0,1,#66c2a5,bicycle
11113,171582,"9,20091200710638E+018",9,7,61,0,2020,9,11,7,3,6,4,0,0,1,1,0,0,0,641185.2818,5355435.8665,10.905133903,48.336321061,0,2,#fc8d62,car
11114,171584,"9,20091200140138E+018",9,1,87,130,2020,9,16,7,2,0,7,0,1,0,0,0,0,0,713873.0528,5308257.5191,11.861254786,47.891977867,0,1,#66c2a5,bicycle
11115,171587,"9,20091200120937E+018",9,1,79,123,2020,9,9,7,3,0,7,0,1,0,0,0,0,0,676124.3723,5332508.8959,11.366691628,48.1214568,0,1,#66c2a5,bicycle
11116,171588,"9,20091200120739E+018",9,1,88,127,2020,9,16,7,2,0,7,0,1,0,0,0,0,0,675241.3009,5329382.5778,11.35355148,48.093596702,0,1,#66c2a5,bicycle
11117,171590,"9,20091200120738E+018",9,1,88,120,2020,9,8,7,2,0,7,0,0,0,0,1,0,0,677541.8548,5326355.8357,11.383163494,48.065751778,0,4,#e78ac3,marker
11118,171592,"9,20091200120137E+018",9,1,74,135,2020,9,16,7,3,0,1,0,0,0,0,1,0,0,665739.6902,5355637.7668,11.236304051,48.332173398,0,4,#e78ac3,marker
11119,171594,"9,20091200110739E+018",9,1,78,124,2020,9,12,7,3,3,2,0,1,1,0,0,0,0,704514067,5363456.6058,11.762709954,48.391079919,0,1,#66c2a5,bicycle
11120,171595,"9,20091100858239E+018",9,1,62,0,2020,9,11,6,3,1,6,0,1,0,0,0,0,0,692201.3922,5334323.2473,11.583328513,48.13311407,0,1,#66c2a5,bicycle
11121,171596,"9,20091100858239E+018",9,1,62,0,2020,9,7,6,2,0,1,0,1,0,0,0,0,0,692045.6435,5332294.5764,11.580323347,48.114927686,0,1,#66c2a5,bicycle
11122,171599,"9,20091100858238E+018",9,1,62,0,2020,9,18,6,3,1,5,0,1,1,0,0,0,0,684408.6277,5331569.0218,11.477500314,48.110663245,0,1,#66c2a5,bicycle
11123,171602,"9,20091100858238E+018",9,1,62,0,2020,9,12,6,2,5,3,0,1,1,0,0,0,0,693917.9796,5335661.8178,11.6069855,48.144623976,0,1,#66c2a5,bicycle
11124,171604,"9,20091100858238E+018",9,1,62,0,2020,9,14,6,3,5,3,0,0,1,0,0,0,0,687836507,5339619.3172,11.527059159,48.182019334,0,2,#fc8d62,car
11125,171606,"9,20091100858238E+018",9,1,62,0,2020,9,23,6,3,8,1,2,1,0,0,0,0,0,692300.5581,5334770395,11.584861815,48.137102994,0,1,#66c2a5,bicycle
11126,171607,"9,20091100858238E+018",9,1,62,0,2020,9,7,6,3,5,3,0,1,1,0,0,0,0,691457.6457,5334593.5597,11.573463972,48.135767776,0,1,#66c2a5,bicycle
11127,171608,"9,20091100857137E+018",9,1,62,0,2020,9,17,6,3,5,2,0,1,1,0,0,0,0,689308588,5333011.8259,11.543904604,48.122193906,0,1,#66c2a5,bicycle
11128,171611,"9,20091100857137E+018",9,1,62,0,2020,9,15,6,3,3,6,0,1,0,0,0,0,0,688264.3783,5336359.4754,11.531366523,48.15259282,0,1,#66c2a5,bicycle
11129,171612,"9,20091100857137E+018",9,1,62,0,2020,9,16,6,3,5,3,0,0,1,0,0,0,0,686586.4744,5337961.4302,11.509530911,48.167486127,0,2,#fc8d62,car
11130,171614,"9,20091100857137E+018",9,1,62,0,2020,9,10,6,3,0,6,0,0,1,0,0,0,1,692282.0526,5337297.4982,11.585754804,48.159821646,0,2,#fc8d62,car
11131,171615,"9,20091100857137E+018",9,1,62,0,2020,9,7,6,3,5,2,0,1,1,0,0,0,0,701290.4822,5334640.0842,11.70550421,48.133151965,0,1,#66c2a5,bicycle
11132,171616,"9,20091100854837E+018",9,1,84,119,2020,9,18,6,3,3,3,0,0,1,0,1,0,0,693808.1593,5347461.6942,11.61089732,48.250709345,0,2,#fc8d62,car
11133,171618,"9,20091100854538E+018",9,1,62,0,2020,9,16,6,3,5,3,0,1,1,0,0,0,0,683658647,5337637.9445,11.470051097,48.16543111,0,1,#66c2a5,bicycle
11134,171619,"9,20091100854239E+018",9,1,62,0,2020,9,17,6,3,3,7,0,1,0,0,0,0,0,689757.5692,5336000.2559,11.551262965,48.148920408,0,1,#66c2a5,bicycle
11135,171620,"9,20091100852941E+018",9,1,62,0,2020,9,8,6,3,3,6,0,1,1,0,0,0,0,689347.4622,5331102.2601,11.543578687,48.105018922,0,1,#66c2a5,bicycle
11136,171623,"9,20091100852138E+018",9,1,62,0,2020,9,8,6,3,0,1,0,1,0,0,0,0,0,692016672,5333707.2317,11.580570758,48.127633174,0,1,#66c2a5,bicycle
11137,171624,"9,20091100851539E+018",9,1,62,0,2020,9,14,6,3,0,7,0,1,1,0,0,0,0,689286.8575,5333316.2505,11.543748073,48.124936571,0,1,#66c2a5,bicycle
11138,171626,"9,20091100851337E+018",9,1,62,0,2020,9,15,6,3,5,3,0,1,1,0,0,0,0,691347.9195,5337343.7967,11.573226846,48.160519562,0,1,#66c2a5,bicycle
11139,171642,"9,20091100740738E+018",9,7,62,0,2020,9,13,6,2,0,1,0,1,0,0,0,0,0,621703.3042,5304814836,10.627920911,47.885121921,0,1,#66c2a5,bicycle
11140,171643,"9,20091100740738E+018",9,7,62,0,2020,9,15,6,3,0,7,0,1,0,0,0,0,0,622644981,5305540942,10.640717888,47.891473039,0,1,#66c2a5,bicycle
11141,171644,"9,20091100740738E+018",9,7,62,0,2020,9,10,6,3,1,1,0,1,1,0,0,0,0,619447.0116,5303399.3036,10.59736118,47.872814647,0,1,#66c2a5,bicycle
11142,171645,"9,20091200710439E+018",9,7,61,0,2020,9,17,7,3,4,6,0,1,1,0,0,0,0,639384594,5359581924,10.882222534,48.374001245,0,1,#66c2a5,bicycle
11143,171652,"9,20091100712338E+018",9,7,72,147,2020,9,11,6,2,6,4,0,1,0,1,0,0,0,639000.3286,5364642.8231,10.878711712,48.419592219,0,1,#66c2a5,bicycle
11144,171654,"9,20091100711938E+018",9,7,72,163,2020,9,15,6,3,1,6,0,0,1,0,1,0,0,640058.6953,5349814.0399,10.888074112,48.28602143,0,2,#fc8d62,car
11145,171655,"9,20091100711338E+018",9,7,61,0,2020,9,17,6,3,0,7,0,1,0,0,0,0,0,637793.2836,5358588.3015,10.860420054,48.365416221,0,1,#66c2a5,bicycle
11146,171656,"9,20091100711338E+018",9,7,61,0,2020,9,8,6,3,2,6,0,0,1,0,0,0,0,636822.7189,5360851546,10.848059681,48.385978241,0,2,#fc8d62,car
11147,171659,"9,20091100710742E+018",9,7,61,0,2020,9,17,6,3,2,2,0,0,1,0,0,0,0,640865.9858,5361480.56,10.90285199,48.390744111,0,2,#fc8d62,car
11148,171660,"9,20091100710742E+018",9,7,61,0,2020,9,16,6,2,0,7,0,1,0,0,0,0,0,641976279,5359832.3637,10.91728453,48.375675319,0,1,#66c2a5,bicycle
11149,171663,"9,20091100710742E+018",9,7,61,0,2020,9,16,6,3,1,7,0,1,1,0,0,0,0,641743.2437,5362133.8141,10.914915816,48.396421318,0,1,#66c2a5,bicycle
11150,171664,"9,20091100710742E+018",9,7,61,0,2020,9,15,6,3,2,7,0,0,1,0,0,0,0,642931.4756,5359450.1317,10.930046222,48.372022843,0,2,#fc8d62,car
11151,171666,"9,20091100710647E+018",9,7,61,0,2020,9,13,6,3,3,1,0,1,0,0,0,0,0,639319.7561,5357217.3615,10.880564355,48.35275398,0,1,#66c2a5,bicycle
11152,171668,"9,2009110071064E+018",9,7,61,0,2020,9,10,6,3,0,1,0,1,1,0,0,0,0,639734.2037,5357087041,10.886112238,48.351490601,0,1,#66c2a5,bicycle
11153,171669,"9,20091100710442E+018",9,7,61,0,2020,9,7,6,2,5,3,0,1,1,0,0,0,0,640746.1601,5358013.7776,10.900073631,48.359598801,0,1,#66c2a5,bicycle
11154,171672,"9,20091100710437E+018",9,7,61,0,2020,9,17,6,3,2,6,0,0,1,0,0,0,1,639451.1977,5359830.9311,10.883204031,48.376225535,0,2,#fc8d62,car
11155,171684,"9,20091200711138E+018",9,7,61,0,2020,9,13,7,3,1,5,0,0,1,0,1,0,0,639344.0469,5361201.9706,10.882212458,48.388577219,0,2,#fc8d62,car
11156,171701,"9,20091000160937E+018",9,1,73,126,2020,9,17,5,2,5,3,0,0,1,0,1,0,0,683796.2603,5306199.9364,11.458417535,47.882800996,0,2,#fc8d62,car