fid,OBJECTID,UIDENTSTLA,ULAND,UREGBEZ,UKREIS,UGEMEINDE,UJAHR,UMONAT,USTUNDE,UWOCHENTAG,UKATEGORIE,UART,UTYP1,ULICHTVERH,IstRad,IstPKW,IstFuss,IstKrad,IstGkfz,IstSonstig,LINREFX,LINREFY,XGCSWGS84,YGCSWGS84,STRZUSTAND,Teilnehmer,color,symbol
11157,171715,"9,20091200161938E+018",9,1,73,147,2020,9,22,7,2,1,5,2,1,1,0,0,0,0,681790.5786,5309327.0473,11.43293247,47.911482378,0,1,#66c2a5,bicycle
11158,171725,"9,2009100014014E+018",9,1,87,150,2020,9,16,5,3,5,3,0,1,1,0,0,0,0,728609.7914,5305246.1507,12.056532974,47.859843185,0,1,#66c2a5,bicycle
11159,171729,"9,20091000140138E+018",9,1,87,150,2020,9,16,5,3,0,1,0,1,0,0,0,0,0,730086.9052,5303890.6113,12.075531867,47.847137264,0,1,#66c2a5,bicycle
11160,171731,"9,20091000140138E+018",9,1,87,122,2020,9,17,5,3,0,7,0,1,0,0,0,0,0,719465.8358,5306537.9433,11.935102605,47.874638738,0,1,#66c2a5,bicycle
11161,171735,"9,20091200710637E+018",9,7,61,0,2020,9,14,7,3,0,7,0,1,0,0,0,0,0,640428.7017,5352390.1188,10.893916055,48.309103039,0,1,#66c2a5,bicycle
11162,171739,"9,20091100210947E+018",9,2,74,126,2020,9,7,6,3,0,6,0,1,0,0,0,0,0,733810.0525,5383203.7485,12.168909702,48.55828656,0,1,#66c2a5,bicycle
11163,171740,"9,20091100210941E+018",9,2,74,182,2020,9,16,6,3,0,3,0,1,0,0,0,0,0,728358498,5375400732,12.090864147,48.490198942,0,1,#66c2a5,bicycle
11164,171750,"9,20091100141337E+018",9,1,63,0,2020,9,14,6,3,5,3,0,1,1,0,0,0,0,732715.4913,5305241.5574,12.111341121,47.858328288,0,1,#66c2a5,bicycle
11165,171751,"9,20091000121738E+018",9,1,79,126,2020,9,19,5,3,6,7,1,1,0,1,0,0,0,676349078,5340784422,11.373138772,48.195785146,0,1,#66c2a5,bicycle
11166,171752,"9,20091100140137E+018",9,1,87,122,2020,9,23,6,3,5,3,2,0,1,0,0,0,0,719390.6567,5306884.8138,11.93427466,47.877781251,0,2,#fc8d62,car
11167,171753,"9,2009110013134E+018",9,1,86,143,2020,9,11,6,3,5,3,0,0,1,0,0,0,0,685123.5729,5379160.8171,11.507993288,48.538216625,0,2,#fc8d62,car
11168,171754,"9,20091000121537E+018",9,1,81,130,2020,9,16,5,3,0,7,0,1,0,0,0,0,0,638662.5069,5324875.1452,10.861127036,48.06207479,0,1,#66c2a5,bicycle
11169,171756,"9,20091000120547E+018",9,1,79,136,2020,9,12,5,3,2,6,0,0,1,0,1,0,0,659277.0647,5340812.1574,11.143586022,48.200546361,0,2,#fc8d62,car
11170,171759,"9,20091100121742E+018",9,1,79,142,2020,9,10,6,3,5,3,0,0,1,0,0,0,0,674794092,5342975.6715,11.353134256,48.215912796,0,2,#fc8d62,car
11171,171761,"9,20091100121547E+018",9,1,81,130,2020,9,18,6,3,3,6,0,1,0,0,1,0,0,639675.4062,5323798.6847,10.874363151,48.052173995,0,1,#66c2a5,bicycle
11172,171762,"9,20091100120137E+018",9,1,74,126,2020,9,17,6,3,0,1,0,1,0,0,0,0,0,682799866,5344473.7554,11.461455473,48.227122837,0,1,#66c2a5,bicycle
11173,171763,"9,2009090085824E+018",9,1,62,0,2020,9,23,4,3,3,6,2,1,0,0,1,0,0,689624.3274,5333238.6077,11.548244003,48.124138283,0,1,#66c2a5,bicycle
11174,171765,"9,20091100111338E+018",9,1,75,132,2020,9,11,6,3,0,7,0,1,0,0,0,0,0,707194.9479,5332404.3482,11.78368257,48.111166191,0,1,#66c2a5,bicycle
11175,171766,"9,20091100110547E+018",9,1,77,117,2020,9,4,6,3,0,1,2,1,0,0,0,0,0,713778754,5352919.3395,11.882354529,48.293328452,0,1,#66c2a5,bicycle
11176,171768,"9,20091000858241E+018",9,1,62,0,2020,9,21,5,2,7,7,2,1,0,1,0,0,0,689463973,5333933046,11.546400029,48.1304277,0,1,#66c2a5,bicycle
11177,171769,"9,2009100085824E+018",9,1,62,0,2020,9,8,5,3,3,2,0,1,1,0,0,0,0,690157.4713,5334740.6817,11.556071549,48.137479938,0,1,#66c2a5,bicycle
11178,171771,"9,20091000857137E+018",9,1,62,0,2020,9,18,5,2,4,2,0,1,1,0,0,0,0,691900.2278,5333507.5757,11.578917576,48.125873806,0,1,#66c2a5,bicycle
11179,171772,"9,20091000854438E+018",9,1,62,0,2020,9,16,5,2,8,6,0,1,1,0,0,0,0,686435.2778,5339440.4776,11.508148065,48.180824588,0,1,#66c2a5,bicycle
11180,171773,"9,20091000854138E+018",9,1,62,0,2020,9,18,5,3,5,2,0,0,1,0,1,0,0,685585.5955,5333606.5171,11.494184099,48.128635362,0,2,#fc8d62,car
11181,171774,"9,2009090085824E+018",9,1,62,0,2020,9,9,4,3,5,3,0,1,1,0,0,0,0,690638211,5333389.2032,11.561922224,48.125189047,0,1,#66c2a5,bicycle
11182,171776,"9,20091000854137E+018",9,1,62,0,2020,9,19,5,3,1,3,1,0,1,0,0,0,0,686309727,5334384035,11.50424646,48.135412454,0,2,#fc8d62,car
11183,171777,"9,20091000852241E+018",9,1,62,0,2020,9,20,5,3,0,7,2,1,0,0,0,0,0,693907.4428,5335098.5538,11.606587516,48.139564772,0,1,#66c2a5,bicycle
11184,171778,"9,20091000852241E+018",9,1,62,0,2020,9,16,5,3,1,7,0,1,1,0,0,0,0,693519.1448,5335242.6693,11.601438918,48.140978246,0,1,#66c2a5,bicycle
11185,171779,"9,2009090085824E+018",9,1,62,0,2020,9,7,4,3,5,3,0,1,1,0,0,0,0,690392.7062,5333886.7783,11.558848672,48.129734723,0,1,#66c2a5,bicycle
11186,171780,"9,2009090085824E+018",9,1,62,0,2020,9,8,4,2,0,4,0,1,0,1,0,0,0,689245.5022,5333009.1025,11.543056522,48.122188182,0,1,#66c2a5,bicycle
11187,171781,"9,20091000851538E+018",9,1,62,0,2020,9,11,5,2,8,7,0,0,0,0,1,0,0,688815.2796,5332407.6368,11.537014769,48.116909838,0,4,#e78ac3,marker
11188,171782,"9,20091000851441E+018",9,1,62,0,2020,9,8,5,3,6,6,0,1,0,1,0,0,0,688562.7132,5334175.4927,11.534406692,48.132874484,0,1,#66c2a5,bicycle
11189,171783,"9,20090900858238E+018",9,1,62,0,2020,9,15,4,3,4,6,0,0,1,0,0,0,0,686204.8558,5335319.4536,11.503247228,48.143851037,0,2,#fc8d62,car
11190,171784,"9,20091000851439E+018",9,1,62,0,2020,9,23,5,3,0,7,2,1,0,0,0,0,0,688953.4293,5334942.4172,11.539993021,48.139651818,0,1,#66c2a5,bicycle
11191,171785,"9,20090900858237E+018",9,1,84,139,2020,9,14,4,2,0,7,0,1,0,1,0,0,0,687508.0641,5325797.4319,11.516565995,48.05788125,0,1,#66c2a5,bicycle
11192,171786,"9,20091000851337E+018",9,1,62,0,2020,9,20,5,3,1,5,2,1,1,0,0,0,0,692152.4758,5336857.4011,11.583815375,48.155905321,0,1,#66c2a5,bicycle
11193,171787,"9,20091000851141E+018",9,1,62,0,2020,9,19,5,3,0,1,1,0,0,0,1,0,0,692272.52,5334180919,11.584219285,48.131813366,0,4,#e78ac3,marker
11194,171790,"9,20090900858237E+018",9,1,84,145,2020,9,20,4,3,5,3,1,0,1,0,0,0,0,695896.0999,5325114.6351,11.628709977,48.049224768,0,2,#fc8d62,car
11195,171792,"9,20090900858237E+018",9,1,62,0,2020,9,17,4,3,0,1,0,1,0,0,0,0,0,700381.0482,5332259.6006,11.692175794,48.112045415,0,1,#66c2a5,bicycle
11196,171794,"9,20091000740737E+018",9,7,77,152,2020,9,14,5,3,5,3,0,1,1,0,0,0,0,624530.8174,5305623.9372,10.665959196,47.891856278,0,1,#66c2a5,bicycle
11197,171795,"9,20090900857138E+018",9,1,62,0,2020,9,10,4,3,5,3,0,0,1,0,0,1,0,695939762,5334788108,11.633734234,48.136152102,0,2,#fc8d62,car
11198,171797,"9,20091200710437E+018",9,7,61,0,2020,9,13,7,3,2,6,0,0,1,0,0,0,0,639460.0432,5359753.2045,10.883297631,48.375524683,0,2,#fc8d62,car
11199,171800,"9,20091000711937E+018",9,7,72,163,2020,9,18,5,3,0,7,0,1,0,0,0,0,0,640758.8767,5346802.6732,10.896504983,48.258788443,0,1,#66c2a5,bicycle
11200,171801,"9,20090900857137E+018",9,1,62,0,2020,9,8,4,2,7,7,0,1,0,0,0,1,0,690127.9618,5333194811,11.554985529,48.123594433,0,1,#66c2a5,bicycle
11201,171802,"9,20091000711337E+018",9,7,61,0,2020,9,21,5,3,2,6,2,0,1,0,0,0,0,637992.5272,5359393.8624,10.863373001,48.372616173,0,2,#fc8d62,car
11202,171803,"9,20090900857137E+018",9,1,62,0,2020,9,16,4,3,3,6,0,0,1,0,1,0,0,682791.1951,5338798.8993,11.458894918,48.176116511,0,2,#fc8d62,car
11203,171804,"9,20091000710739E+018",9,7,61,0,2020,9,6,5,3,5,3,0,1,1,0,0,0,0,644022.7576,5360296.1628,10.945063176,48.379381753,0,1,#66c2a5,bicycle
11204,171806,"9,20091000710641E+018",9,7,61,0,2020,9,15,5,3,3,1,0,1,1,0,0,0,0,642109.2936,5358308.7396,10.91856489,48.361945625,0,1,#66c2a5,bicycle
11205,171807,"9,20091000710641E+018",9,7,61,0,2020,9,13,5,2,0,1,0,1,0,0,0,0,0,641438087,5350975.4945,10.907047445,48.296158213,0,1,#66c2a5,bicycle
11206,171808,"9,20091000710637E+018",9,7,61,0,2020,9,23,5,2,5,1,2,1,1,0,0,0,0,641340.8129,5358176.3482,10.908151439,48.360927732,0,1,#66c2a5,bicycle
11207,171810,"9,20091000710438E+018",9,7,61,0,2020,9,18,5,3,0,1,0,1,0,0,0,0,0,641561.3417,5359551961,10.911589941,48.373247279,0,1,#66c2a5,bicycle
11208,171811,"9,20091000710437E+018",9,7,61,0,2020,9,14,5,3,6,4,0,0,1,1,0,0,0,639957.5878,5358858.4607,10.889714969,48.367369253,0,2,#fc8d62,car
11209,171812,"9,20091000710437E+018",9,7,61,0,2020,9,12,5,3,2,6,0,0,1,0,0,0,0,639451.3344,5359829.7217,10.883205475,48.37621463,0,2,#fc8d62,car
11210,171813,"9,20090900857137E+018",9,1,62,0,2020,9,16,4,3,2,2,0,0,1,0,0,0,0,695809.5335,5334165.3327,11.631699453,48.130595008,0,2,#fc8d62,car
11211,171822,"9,20090900854337E+018",9,1,62,0,2020,9,12,4,3,5,2,0,0,1,0,1,0,0,688331.3447,5340826.8281,11.534245069,48.192726059,0,2,#fc8d62,car
11212,171827,"9,20091500210942E+018",9,2,61,0,2020,9,15,3,3,5,6,0,1,0,0,0,0,0,732416749,5382035517,12.149403587,48.548310561,0,1,#66c2a5,bicycle
11213,171828,"9,20091400121738E+018",9,1,79,142,2020,9,8,2,3,1,6,0,1,1,0,0,0,0,672363.4341,5342645.0696,11.320305658,48.213605729,0,1,#66c2a5,bicycle
11214,171830,"9,20091400854138E+018",9,1,62,0,2020,9,7,2,3,1,6,0,0,1,0,0,0,0,685399.9727,5334889.5905,11.492250259,48.140222303,0,2,#fc8d62,car
11215,171834,"9,20091400215042E+018",9,2,61,0,2020,9,12,2,3,6,2,0,0,1,1,0,0,0,732818.0862,5380754.9109,12.154117868,48.536658474,0,2,#fc8d62,car
11216,171836,"9,20091500140138E+018",9,1,87,150,2020,9,17,3,2,5,3,0,1,1,0,0,0,0,728569.3862,5303511.0072,12.055076894,47.844267967,0,1,#66c2a5,bicycle
11217,171837,"9,20091300858238E+018",9,1,62,0,2020,9,17,1,3,2,6,0,0,0,0,1,0,0,692259.8756,5337231.7861,11.585427193,48.159237747,0,4,#e78ac3,marker
11218,171842,"9,20091400851539E+018",9,1,62,0,2020,9,16,2,3,5,7,0,1,1,0,0,0,0,689695782,5331991.62,11.548648474,48.112908962,0,1,#66c2a5,bicycle
11219,171847,"9,20091500121938E+018",9,1,88,113,2020,9,14,3,3,1,5,0,1,1,0,0,0,0,675981.7852,5316674.8872,11.358266035,47.979157089,0,1,#66c2a5,bicycle
11220,171848,"9,2009130085124E+018",9,1,62,0,2020,9,21,1,3,0,5,2,1,1,0,0,0,0,691435.0479,5336412.7643,11.573978445,48.152125356,0,1,#66c2a5,bicycle
11221,171853,"9,20091400141338E+018",9,1,63,0,2020,9,9,2,3,5,2,0,1,1,0,0,0,0,732831.3072,5304898.3713,12.11270246,47.855203115,0,1,#66c2a5,bicycle
11222,171855,"9,20091300161739E+018",9,1,90,138,2020,9,12,1,2,0,1,0,0,0,0,1,0,0,664577.8843,5310105.1503,11.203054696,47.923126298,0,4,#e78ac3,marker
11223,171857,"9,20091300161739E+018",9,1,90,138,2020,9,13,1,3,0,7,0,1,0,0,0,0,0,663418.1652,5307948116,11.186724717,47.904029595,0,1,#66c2a5,bicycle
11224,171858,"9,20091400858242E+018",9,1,62,0,2020,9,18,2,3,0,7,0,1,0,0,0,0,0,692791425,5334299663,11.591239918,48.132723646,0,1,#66c2a5,bicycle
11225,171859,"9,20091300740739E+018",9,7,62,0,2020,9,8,1,3,3,6,0,0,1,0,0,0,0,621664842,5305045628,10.627471689,47.887204894,0,2,#fc8d62,car
11226,171860,"9,20091400711139E+018",9,7,61,0,2020,9,16,2,3,1,7,0,1,1,0,0,0,0,639481.4765,5361932.3813,10.884310327,48.395114476,0,1,#66c2a5,bicycle
11227,171865,"9,20091400130538E+018",9,1,86,143,2020,9,15,2,3,6,7,0,0,0,1,0,0,1,684511.9859,5377887.3462,11.499152239,48.526951078,0,3,#8da0cb,toilet
11228,171867,"9,20091400854539E+018",9,1,62,0,2020,9,9,2,3,4,2,0,1,1,0,0,0,0,679307148,5338633379,11.412001436,48.175621285,0,1,#66c2a5,bicycle
11229,171870,"9,20091400857138E+018",9,1,62,0,2020,9,15,2,3,6,4,0,1,0,1,0,0,0,689045683,5332457.1928,11.540129399,48.117286898,0,1,#66c2a5,bicycle
11230,171876,"9,20091400121338E+018",9,1,88,132,2020,9,13,2,3,8,1,0,1,0,0,0,0,0,665898.4987,5324481.3961,11.226273058,48.052034459,0,1,#66c2a5,bicycle
11231,171878,"9,20091400852939E+018",9,1,62,0,2020,9,13,2,3,0,1,0,1,0,0,0,0,0,687994.3171,5329967.7407,11.524920012,48.095222282,0,1,#66c2a5,bicycle
11232,171884,"9,20091500131341E+018",9,1,86,143,2020,9,11,3,3,0,1,0,1,0,0,0,0,0,683971.7359,5378671.7947,11.492188135,48.534160132,0,1,#66c2a5,bicycle
11233,171889,"9,20091400110542E+018",9,1,77,117,2020,9,12,2,3,1,1,0,0,1,0,0,0,1,714504.0951,5353292.3829,11.892310764,48.296434944,0,2,#fc8d62,car
11234,171891,"9,20091400851338E+018",9,1,62,0,2020,9,9,2,3,5,3,0,1,1,0,0,0,0,692802.1415,5337660893,11.592906095,48.162930249,0,1,#66c2a5,bicycle
11235,171893,"9,20091300141338E+018",9,1,63,0,2020,9,17,1,3,0,1,0,1,0,0,0,0,0,732331.3492,5303164.8435,12.105098094,47.839809676,0,1,#66c2a5,bicycle
11236,171895,"9,20091300141337E+018",9,1,63,0,2020,9,18,1,3,5,3,1,0,1,0,0,0,0,733844.4756,5304728.5133,12.12613481,47.853309298,0,2,#fc8d62,car
11237,171896,"9,2009150011134E+018",9,1,75,139,2020,9,10,3,3,6,7,0,0,1,1,0,0,0,710695.8367,5330249.6761,11.829594702,48.090655863,0,2,#fc8d62,car
11238,171899,"9,20091300857137E+018",9,1,62,0,2020,9,18,1,3,6,7,1,0,0,1,0,0,1,691627.3541,5334740.1672,11.575808658,48.137034387,0,3,#8da0cb,toilet
11239,171903,"9,20091300141337E+018",9,1,63,0,2020,9,0,1,3,0,7,2,1,0,0,0,0,0,733206.9433,5304241.5561,12.117362605,47.849166049,0,1,#66c2a5,bicycle
11240,171906,"9,20091400858239E+018",9,1,62,0,2020,9,11,2,3,3,7,0,0,1,0,0,0,1,690355.3636,5334140.3852,11.558460608,48.132025311,0,2,#fc8d62,car
11241,171907,"9,20091400710638E+018",9,7,61,0,2020,9,16,2,3,0,1,0,1,0,0,0,0,0,638438.4357,5355694.6697,10.868174092,48.339255977,0,1,#66c2a5,bicycle
11242,171911,"9,20091500210947E+018",9,2,74,126,2020,9,11,3,3,5,3,0,1,1,0,0,0,0,733316.0598,5382375.5057,12.161761007,48.551030753,0,1,#66c2a5,bicycle
11243,171917,"9,20091400857138E+018",9,1,62,0,2020,9,16,2,3,5,3,0,1,1,0,0,0,0,690785.3584,5342377.0031,11.567929528,48.205926363,0,1,#66c2a5,bicycle
11244,171921,"9,20091300121941E+018",9,1,88,113,2020,9,18,1,3,0,1,0,1,0,0,0,0,0,674970.0525,5313954.8557,11.343612888,47.954982287,0,1,#66c2a5,bicycle
11245,171924,"9,20091400120939E+018",9,1,79,145,2020,9,15,2,3,8,1,0,0,1,0,0,0,0,673970.74,5336913.4514,11.339576572,48.161643495,0,2,#fc8d62,car
11246,171927,"9,20091400852737E+018",9,1,84,131,2020,9,9,2,3,0,7,0,1,0,0,0,0,0,704841.8144,5339498.1612,11.755518562,48.17567624,0,1,#66c2a5,bicycle
11247,171928,"9,20091400121738E+018",9,1,79,117,2020,9,18,2,2,8,1,0,0,0,0,1,0,0,661752.0435,5350241.8681,11.180471819,48.284696523,0,4,#e78ac3,marker
11248,171929,"9,20091300711937E+018",9,7,72,186,2020,9,11,1,3,8,7,0,1,0,0,0,0,0,637850.7404,5344143.9508,10.856478265,48.235520447,0,1,#66c2a5,bicycle
11249,171931,"9,20091400854237E+018",9,1,62,0,2020,9,14,2,3,6,4,0,1,0,1,0,0,0,689247.6111,5336133.2455,11.544472802,48.150267651,0,1,#66c2a5,bicycle
11250,171932,"9,20091300121938E+018",9,1,88,139,2020,9,16,1,3,1,7,0,0,1,0,0,0,0,674139.7032,5320488.3996,11.335149565,48.013943473,0,2,#fc8d62,car
11251,171934,"9,20091300121938E+018",9,1,88,137,2020,9,8,1,3,0,1,0,1,0,0,0,0,0,672155.7963,5315364.9178,11.306514099,47.968421426,0,1,#66c2a5,bicycle
11252,171936,"9,20091300121738E+018",9,1,79,126,2020,9,12,1,3,2,6,0,0,1,0,0,0,0,676649.9748,5340900.0975,11.377232471,48.196741338,0,2,#fc8d62,car
11253,171938,"9,20091300858246E+018",9,1,62,0,2020,9,7,1,2,0,4,0,0,0,1,0,0,1,686461.8053,5333577.1286,11.505935438,48.128115145,0,3,#8da0cb,toilet
11254,171939,"9,20091300710742E+018",9,7,61,0,2020,9,13,1,3,1,5,0,1,1,0,0,0,0,644193.7058,5358460.3312,10.946740956,48.362836006,0,1,#66c2a5,bicycle
11255,171943,"9,20091300121738E+018",9,1,79,142,2020,9,11,1,2,0,1,0,1,0,0,0,0,0,673242.1046,5341083.4707,11.331486353,48.199328638,0,1,#66c2a5,bicycle
11256,171946,"9,20091300121537E+018",9,1,81,130,2020,9,19,1,2,0,6,0,1,0,0,0,0,0,640111323,5323392529,10.880076656,48.04842618,0,1,#66c2a5,bicycle
11257,171948,"9,20091300120942E+018",9,1,79,145,2020,9,14,1,3,5,3,0,1,1,0,0,0,0,674591.4308,5338313.3897,11.348491226,48.1740579,0,1,#66c2a5,bicycle
11258,171950,"9,20091300853239E+018",9,1,84,144,2020,9,14,1,3,0,7,0,1,0,0,0,0,0,686412169,5320513342,11.499572797,48.01070601,0,1,#66c2a5,bicycle
11259,171951,"9,20091300710637E+018",9,7,61,0,2020,9,11,1,3,0,1,0,1,0,0,0,0,0,638773351,5355206.0745,10.872530191,48.33478913,0,1,#66c2a5,bicycle
11260,171955,"9,20091300120937E+018",9,1,79,113,2020,9,11,1,3,9,7,0,1,0,0,0,0,0,667656.4728,5334364.3504,11.253726945,48.140423615,0,1,#66c2a5,bicycle
11261,171957,"9,20091400141338E+018",9,1,87,142,2020,9,19,2,3,0,1,0,1,0,0,0,0,0,733735.0882,5308690.8191,12.126817438,47.888946385,0,1,#66c2a5,bicycle
11262,171958,"9,20091300120542E+018",9,1,79,119,2020,9,19,1,3,0,1,1,1,0,0,0,0,0,668887.4481,5339256.8228,11.272203535,48.184080673,0,1,#66c2a5,bicycle
11263,171959,"9,20091400858238E+018",9,1,62,0,2020,9,17,2,3,3,6,0,1,1,0,0,0,0,683902686,5334972.0482,11.472178014,48.141398,0,1,#66c2a5,bicycle
11264,171960,"9,20091300120137E+018",9,1,74,126,2020,9,10,1,3,0,1,0,1,0,0,0,0,0,682678.5673,5343044.6527,11.459207999,48.214312231,0,1,#66c2a5,bicycle
11265,171961,"9,20091500110938E+018",9,1,78,116,2020,9,9,3,3,2,6,0,0,1,0,0,0,0,702241.38,5382953015,11.741476738,48.567010536,0,2,#fc8d62,car
11266,171963,"9,20091400711338E+018",9,7,61,0,2020,9,15,2,3,5,3,0,1,1,0,0,0,0,638364.3724,5358568.9993,10.868120024,48.365117735,0,1,#66c2a5,bicycle
11267,171965,"9,2009130011094E+018",9,1,78,143,2020,9,21,1,3,1,5,2,0,1,0,0,0,0,716468.5453,5372064.2967,11.928429701,48.464429198,0,2,#fc8d62,car
11268,171969,"9,20091300710441E+018",9,7,61,0,2020,9,17,1,2,0,1,0,1,0,0,0,0,0,640524.8254,5359378658,10.897543315,48.371920662,0,1,#66c2a5,bicycle
11269,171971,"9,20091400857137E+018",9,1,62,0,2020,9,6,2,3,0,2,0,1,0,0,0,0,0,694449731,5332956233,11.612891754,48.120144938,0,1,#66c2a5,bicycle
11270,171972,"9,2009130071014E+018",9,7,71,112,2020,9,16,1,3,8,1,0,0,1,0,0,0,0,648294.3644,5366384.2627,11.00486728,48.433130583,0,2,#fc8d62,car
11271,171977,"9,20091300110742E+018",9,1,78,124,2020,9,10,1,3,8,1,0,0,0,0,1,0,0,702056433,5368340946,11.731902176,48.435764154,0,4,#e78ac3,marker
11272,171980,"9,20091400121537E+018",9,1,81,138,2020,9,6,2,2,4,6,1,0,1,0,0,1,0,640568119,5335835.8062,10.890302318,48.160217321,1,2,#fc8d62,car
11273,171982,"9,20091400853138E+018",9,1,84,145,2020,9,8,2,3,5,3,0,1,1,0,0,0,0,694435.5536,5324742.8428,11.608963301,48.046329742,0,1,#66c2a5,bicycle
11274,171983,"9,20091300110538E+018",9,1,77,116,2020,9,15,1,2,2,6,0,0,1,0,1,0,0,713338.3659,5357926.5141,11.878956847,48.338468157,0,2,#fc8d62,car
11275,171985,"9,20091300110337E+018",9,1,75,115,2020,9,13,1,3,0,1,0,1,0,0,0,0,0,719911124,5328893333,11.952488891,48.075356625,0,1,#66c2a5,bicycle
11276,171987,"9,20091200858242E+018",9,1,62,0,2020,9,20,7,3,1,1,2,1,1,0,0,0,0,691477.8651,5336521.3667,11.57460241,48.15308857,0,1,#66c2a5,bicycle
11277,171989,"9,20091300857141E+018",9,1,62,0,2020,9,20,1,3,3,7,2,0,1,0,0,0,0,692236.7594,5340416.8494,11.586556964,48.18787126,0,2,#fc8d62,car
11278,171993,"9,20091200858241E+018",9,1,62,0,2020,9,15,7,3,0,6,0,1,0,0,0,0,0,697771.3613,5334209.4957,11.658057827,48.130385392,0,1,#66c2a5,bicycle
11279,171995,"9,20091400111341E+018",9,1,75,127,2020,9,20,2,3,1,5,2,1,1,0,0,0,0,713630.2868,5341472.2461,11.874581802,48.190521314,0,1,#66c2a5,bicycle
11280,171997,"9,20091400851439E+018",9,1,62,0,2020,9,7,2,3,1,5,0,1,1,0,0,0,0,689117.6313,5334932.3016,11.542193551,48.139512117,0,1,#66c2a5,bicycle
11281,171999,"9,20091200858238E+018",9,1,62,0,2020,9,17,7,3,0,6,0,1,0,0,0,0,0,691123.0417,5334360.8437,11.568866704,48.13377672,0,1,#66c2a5,bicycle
11282,172001,"9,20091200858237E+018",9,1,62,0,2020,9,18,7,3,5,3,0,0,1,0,1,0,0,691914.0848,5333493.2569,11.579097155,48.125740934,0,2,#fc8d62,car
11283,172002,"9,20091500120138E+018",9,1,74,115,2020,9,18,3,3,2,6,0,0,1,0,0,0,0,682222.9743,5346545.9501,11.454586189,48.245914847,0,2,#fc8d62,car
11284,172004,"9,2009140074014E+018",9,7,77,121,2020,9,19,2,3,6,1,0,0,1,1,0,0,0,629282.8183,5321630.9196,10.734314809,48.034869419,0,2,#fc8d62,car
11285,172006,"9,20091200858237E+018",9,1,84,139,2020,9,18,7,3,5,3,0,1,0,0,0,0,0,687071646,5324582.2865,11.51018339,48.047087057,0,1,#66c2a5,bicycle
11286,172008,"9,20091200858237E+018",9,1,62,0,2020,9,11,7,2,6,4,0,0,1,1,0,0,0,693414.3571,5333047.4537,11.599035325,48.121280146,0,2,#fc8d62,car
11287,172010,"9,20091200857138E+018",9,1,84,130,2020,9,9,7,3,4,1,0,0,1,0,0,1,0,699400.9739,5345831.4692,11.68538895,48.234323986,0,2,#fc8d62,car
11288,172011,"9,2009140085824E+018",9,1,62,0,2020,9,17,2,3,2,6,0,1,0,0,0,0,0,692014867,5335245522,11.581239869,48.141459621,0,1,#66c2a5,bicycle
11289,172014,"9,20091400711138E+018",9,7,61,0,2020,9,16,2,3,5,3,0,0,1,0,0,0,0,639051.0486,5362844.4243,10.87880083,48.403410372,0,2,#fc8d62,car
11290,172016,"9,20091200857137E+018",9,1,62,0,2020,9,15,7,2,5,3,0,1,1,0,0,0,0,688039189,5331599.38,11.526241017,48.109874662,0,1,#66c2a5,bicycle
11291,172019,"9,20091400121938E+018",9,1,88,139,2020,9,12,2,3,1,3,0,0,1,0,0,0,1,674648.5804,5319196.9112,11.341441675,48.002194578,0,2,#fc8d62,car
11292,172021,"9,20091400854238E+018",9,1,62,0,2020,9,13,2,3,5,2,0,1,0,0,0,1,0,689642.4186,5335659.4328,11.549564546,48.145891418,0,1,#66c2a5,bicycle
11293,172024,"9,20091400141338E+018",9,1,87,181,2020,9,14,2,2,0,7,0,0,0,0,0,0,1,735510459,5312501964,12.152611142,47.922535787,0,6,#ffd92f,circle
11294,172025,"9,20091400857138E+018",9,1,62,0,2020,9,18,2,3,0,7,1,0,1,0,1,0,1,683335.0507,5335284.5436,11.464689254,48.14437072,0,2,#fc8d62,car
11295,172028,"9,20091200852538E+018",9,1,84,130,2020,9,17,7,3,4,5,0,1,1,0,0,0,0,697992.5508,5345091.3319,11.666096926,48.228113568,0,1,#66c2a5,bicycle
11296,172031,"9,20091400121338E+018",9,1,88,132,2020,9,12,2,3,0,7,0,1,0,1,0,0,0,666451.1541,5321272.5622,11.23243635,48.023042224,0,1,#66c2a5,bicycle
11297,172033,"9,20091400852837E+018",9,1,84,127,2020,9,10,2,3,4,2,0,1,1,0,0,0,0,703603.1531,5321945.4519,11.730504433,48.01833203,0,1,#66c2a5,bicycle
11298,172035,"9,20091200852138E+018",9,1,62,0,2020,9,19,7,3,0,1,2,1,0,0,0,0,0,692042.9843,5333367.7552,11.580771043,48.124574072,0,1,#66c2a5,bicycle
11299,172036,"9,20091200852137E+018",9,1,62,0,2020,9,17,7,3,7,1,0,0,0,0,0,0,1,693509.6234,5332400.8078,11.600020647,48.115439324,0,6,#ffd92f,circle
11300,172038,"9,20091200851242E+018",9,1,62,0,2020,9,23,7,3,3,2,2,1,1,0,0,0,0,691983.9574,5336203.3652,11.581256708,48.150077869,0,1,#66c2a5,bicycle
11301,172040,"9,20091200851241E+018",9,1,62,0,2020,9,14,7,2,5,7,0,0,1,0,1,0,0,691102.6322,5336128.2613,11.569385812,48.149668239,0,2,#fc8d62,car