fid,OBJECTID,UIDENTSTLA,ULAND,UREGBEZ,UKREIS,UGEMEINDE,UJAHR,UMONAT,USTUNDE,UWOCHENTAG,UKATEGORIE,UART,UTYP1,ULICHTVERH,IstRad,IstPKW,IstFuss,IstKrad,IstGkfz,IstSonstig,LINREFX,LINREFY,XGCSWGS84,YGCSWGS84,STRZUSTAND,Teilnehmer,color,symbol
11302,172042,"9,20091400110338E+018",9,1,75,115,2020,9,14,2,3,1,5,0,1,1,0,0,0,0,720250.3782,5328741605,11.956959197,48.073876274,0,1,#66c2a5,bicycle
11303,172044,"9,20091400851238E+018",9,1,62,0,2020,9,14,2,3,0,7,0,1,0,0,0,0,0,690202815,5335433657,11.55698992,48.143694847,0,1,#66c2a5,bicycle
11304,172049,"9,20091500111139E+018",9,1,78,130,2020,9,17,3,3,0,2,0,0,1,0,1,0,0,703923.3843,5353686.2496,11.750008942,48.303472306,0,2,#fc8d62,car
11305,172051,"9,2009140016194E+018",9,1,73,120,2020,9,12,2,2,8,1,0,1,0,0,0,0,0,683030.2665,5310666.2727,11.450076406,47.923168216,0,1,#66c2a5,bicycle
11306,172054,"9,20091300854237E+018",9,1,62,0,2020,9,13,1,3,0,7,0,1,0,0,0,0,0,687257.4263,5337797816,11.518473935,48.165818234,0,1,#66c2a5,bicycle
11307,172061,"9,20091400858239E+018",9,1,62,0,2020,9,6,2,3,5,7,0,1,0,0,0,0,0,692739.7074,5330083.1343,11.588640035,48.094841958,0,1,#66c2a5,bicycle
11308,172062,"9,20091400710139E+018",9,7,71,113,2020,9,18,2,2,9,1,0,0,0,0,1,0,0,662048.6657,5368071.3797,11.191335766,48.444908801,0,4,#e78ac3,marker
11309,172063,"9,20091400711939E+018",9,7,72,125,2020,9,7,2,3,1,5,0,0,1,1,0,0,0,636060.6586,5347210.7789,10.833369369,48.26348457,0,2,#fc8d62,car
11310,172068,"9,20091400131339E+018",9,1,86,146,2020,9,15,2,2,0,1,0,1,0,0,0,0,0,685999.7248,5371236.4606,11.516321085,48.466735804,0,1,#66c2a5,bicycle
11311,172070,"9,20091400857138E+018",9,1,62,0,2020,9,15,2,3,1,7,0,0,1,0,0,0,0,694322191,5334794.3801,11.612017965,48.136704455,0,2,#fc8d62,car
11312,172074,"9,20091200712337E+018",9,7,72,207,2020,9,22,7,3,0,7,2,1,0,0,0,0,0,640837235,5380738806,10.908951716,48.563910173,0,1,#66c2a5,bicycle
11313,172076,"9,20091400120137E+018",9,1,74,115,2020,9,16,2,3,5,3,0,1,1,0,0,0,0,681326.6151,5347509.1972,11.442936046,48.254830119,0,1,#66c2a5,bicycle
11314,172077,"9,20091700140138E+018",9,1,87,117,2020,9,17,5,3,0,3,0,1,1,0,0,0,0,724386.9162,5306132.5337,12.000613582,47.869295802,0,1,#66c2a5,bicycle
11315,172078,"9,20091700857138E+018",9,1,62,0,2020,9,3,5,2,1,5,2,0,1,0,0,0,1,690914.3054,5335931.8674,11.566768304,48.147959619,0,2,#fc8d62,car
11316,172079,"9,20091800120338E+018",9,1,81,139,2020,9,12,6,3,6,4,0,0,0,1,1,0,0,655759.7116,5324298.4714,11.090246006,48.052944883,0,3,#8da0cb,toilet
11317,172080,"9,20091700131339E+018",9,1,86,143,2020,9,11,5,2,5,3,0,0,1,0,0,0,0,687565.8305,5384271.4539,11.543349644,48.583422927,1,2,#fc8d62,car
11318,172084,"9,20091700857138E+018",9,1,84,119,2020,9,7,5,3,4,6,0,1,0,0,0,0,0,697132.8009,5347259.7602,11.655541847,48.247869298,0,1,#66c2a5,bicycle
11319,172085,"9,20091700120938E+018",9,1,79,123,2020,9,21,5,3,7,7,2,1,0,0,0,0,0,676245.6628,5333995.4756,11.368934862,48.13478653,0,1,#66c2a5,bicycle
11320,172086,"9,2009170085474E+018",9,1,62,0,2020,9,18,5,3,6,7,0,1,0,1,0,0,0,691203.5982,5340370.0225,11.572649223,48.187762205,0,1,#66c2a5,bicycle
11321,172087,"9,20091700120539E+018",9,1,79,121,2020,9,12,5,3,9,6,0,0,1,0,0,0,0,661999.0661,5338911.3018,11.17946689,48.182768282,0,2,#fc8d62,car
11322,172088,"9,20091700854538E+018",9,1,62,0,2020,9,18,5,3,0,7,0,1,0,0,0,0,0,682613.6815,5335424.9041,11.455060886,48.145839851,0,1,#66c2a5,bicycle
11323,172089,"9,20091700120138E+018",9,1,74,115,2020,9,15,5,3,0,1,0,1,0,0,0,0,0,682137.1695,5347205.9159,11.453715412,48.251871632,0,1,#66c2a5,bicycle
11324,172090,"9,20091700110739E+018",9,1,78,124,2020,9,9,5,3,8,1,0,1,0,0,0,0,0,703032.5282,5364618.0501,11.743281783,48.401995556,0,1,#66c2a5,bicycle
11325,172091,"9,20091600858241E+018",9,1,62,0,2020,9,8,4,3,3,6,0,0,0,0,1,1,0,687925.5599,5330720.7276,11.52432899,48.102010626,0,4,#e78ac3,marker
11326,172093,"9,2009160085824E+018",9,1,62,0,2020,9,12,4,3,0,1,0,1,0,0,0,0,0,694627407,5331154429,11.614454526,48.103896706,0,1,#66c2a5,bicycle
11327,172094,"9,20091600858239E+018",9,1,62,0,2020,9,7,4,3,3,2,0,1,1,0,0,0,0,689649.1162,5340133.0471,11.551649446,48.18609827,0,1,#66c2a5,bicycle
11328,172096,"9,20091600858239E+018",9,1,62,0,2020,9,7,4,3,4,2,0,1,1,0,0,0,0,694527.6071,5334963.8363,11.614853512,48.138164701,0,1,#66c2a5,bicycle
11329,172097,"9,20091700854139E+018",9,1,62,0,2020,9,17,5,3,0,1,0,0,0,0,1,0,0,685605.2484,5331797.2839,11.49366031,48.112367405,1,4,#e78ac3,marker
11330,172098,"9,20091600858238E+018",9,1,62,0,2020,9,9,4,2,0,1,0,1,0,0,0,0,0,689224.2408,5333007.0442,11.542770192,48.122176001,0,1,#66c2a5,bicycle
11331,172099,"9,20091700852938E+018",9,1,62,0,2020,9,16,5,3,3,2,0,1,1,0,0,0,0,687889.7157,5330452.6047,11.523729956,48.099611231,0,1,#66c2a5,bicycle
11332,172100,"9,20091600857139E+018",9,1,62,0,2020,9,22,4,2,3,6,2,1,0,0,1,0,0,690778.5931,5335983.5184,11.56496875,48.14846457,0,1,#66c2a5,bicycle
11333,172101,"9,20091600857139E+018",9,1,62,0,2020,9,20,4,3,6,4,2,0,1,1,0,0,0,691062.3768,5333167.2669,11.567517035,48.123067138,0,2,#fc8d62,car
11334,172102,"9,20091600857138E+018",9,1,62,0,2020,9,7,4,3,5,3,0,0,1,0,0,0,0,694523.2099,5333814.1411,11.614269553,48.127833044,0,2,#fc8d62,car
11335,172103,"9,2009180021094E+018",9,2,61,0,2020,9,13,6,2,0,1,0,1,0,0,0,0,0,731690.3295,5379577.8555,12.13820935,48.526502496,0,1,#66c2a5,bicycle
11336,172104,"9,20091600854838E+018",9,1,84,149,2020,9,18,4,3,1,1,0,1,1,0,0,0,0,690342985,5349870.3949,11.565348777,48.273408213,0,1,#66c2a5,bicycle
11337,172105,"9,20091700852139E+018",9,1,62,0,2020,9,0,5,3,0,1,2,0,0,0,1,0,0,691639.6427,5332798.6652,11.575100591,48.11958069,0,4,#e78ac3,marker
11338,172106,"9,20091800120138E+018",9,1,74,113,2020,9,9,6,2,5,3,0,1,1,0,0,0,0,677001481,5349835.0657,11.3856918,48.276960054,0,1,#66c2a5,bicycle
11339,172107,"9,20091600854541E+018",9,1,62,0,2020,9,9,4,3,0,6,0,0,1,0,1,0,0,684390.4127,5337919.5548,11.480005276,48.167750536,0,2,#fc8d62,car
11340,172108,"9,20091700852139E+018",9,1,62,0,2020,9,9,5,3,5,2,0,1,1,0,0,0,0,691442.9903,5332920.1219,11.572515434,48.120731487,0,1,#66c2a5,bicycle
11341,172109,"9,20091700852138E+018",9,1,62,0,2020,9,8,5,3,5,2,0,1,1,0,0,0,0,693867.8827,5333108.3691,11.605150821,48.121689708,0,1,#66c2a5,bicycle
11342,172110,"9,20091600854441E+018",9,1,62,0,2020,9,17,4,2,6,6,0,1,0,1,0,0,0,680806.1739,5339794.7456,11.432641388,48.185635839,0,1,#66c2a5,bicycle
11343,172111,"9,20091700852138E+018",9,1,62,0,2020,9,16,5,3,0,1,0,1,0,0,0,0,0,692233761,5332788.7207,11.583070994,48.119312227,0,1,#66c2a5,bicycle
11344,172112,"9,20091600852239E+018",9,1,62,0,2020,9,10,4,3,1,7,0,1,0,0,0,0,1,694870.5109,5336294.5813,11.620066884,48.150019916,0,1,#66c2a5,bicycle
11345,172113,"9,20091600851539E+018",9,1,62,0,2020,9,21,4,3,0,7,2,1,0,0,0,0,0,688844.3208,5332408.5169,11.537404973,48.116909137,0,1,#66c2a5,bicycle
11346,172114,"9,20091600851441E+018",9,1,62,0,2020,9,8,4,3,2,5,0,1,1,0,0,0,0,690296.2801,5334426.3158,11.557795035,48.134612924,0,1,#66c2a5,bicycle
11347,172116,"9,20091600851238E+018",9,1,62,0,2020,9,17,4,3,5,3,0,1,1,0,0,0,0,691622631,5336496802,11.576535824,48.152824187,0,1,#66c2a5,bicycle
11348,172117,"9,20091700852138E+018",9,1,62,0,2020,9,17,5,3,2,6,0,0,1,0,0,0,0,693472.1018,5333539.3131,11.60003369,48.125683297,0,2,#fc8d62,car
11349,172118,"9,20091800111346E+018",9,1,75,133,2020,9,11,6,3,0,7,0,0,0,0,1,0,0,708979.6797,5342490.5499,11.812584108,48.201218869,0,4,#e78ac3,marker
11350,172121,"9,20091600740738E+018",9,7,62,0,2020,9,6,4,3,1,1,0,0,1,0,0,0,0,621693.3616,5305875.9759,10.628087141,47.894667405,0,2,#fc8d62,car
11351,172123,"9,20091700851338E+018",9,1,62,0,2020,9,18,5,3,4,3,0,1,1,0,0,0,0,691923.9789,5337526.5486,11.581047942,48.161988483,0,1,#66c2a5,bicycle
11352,172127,"9,20091600712338E+018",9,7,72,184,2020,9,20,4,3,0,7,2,0,0,0,0,0,1,635192.8146,5359803.4317,10.825719142,48.376905028,0,6,#ffd92f,circle
11353,172128,"9,20091700851338E+018",9,1,62,0,2020,9,18,5,3,0,5,0,1,1,0,0,0,0,691021266,5337410.6367,11.568868642,48.16121853,0,1,#66c2a5,bicycle
11354,172129,"9,20091800110738E+018",9,1,78,124,2020,9,12,6,3,2,6,0,0,1,0,0,0,0,702776.9923,5364087.1251,11.739576821,48.397306756,0,2,#fc8d62,car
11355,172130,"9,20091600711338E+018",9,7,61,0,2020,9,20,4,3,5,3,2,1,1,0,1,0,0,639012315,5358525.3724,10.876848903,48.364583093,0,1,#66c2a5,bicycle
11356,172131,"9,20091600711138E+018",9,7,61,0,2020,9,16,4,3,5,3,0,1,1,0,0,0,0,639275.5003,5362242.9107,10.881632273,48.397952193,0,1,#66c2a5,bicycle
11357,172132,"9,20091600710742E+018",9,7,61,0,2020,9,17,4,2,0,7,0,0,1,0,1,0,0,641432.2719,5360937.5896,10.910314308,48.385735216,0,2,#fc8d62,car
11358,172134,"9,20091700851338E+018",9,1,62,0,2020,9,18,5,3,1,1,0,1,1,0,0,0,0,692307.4436,5338005.1721,11.586415841,48.166174367,0,1,#66c2a5,bicycle
11359,172135,"9,20091600710646E+018",9,7,61,0,2020,9,17,4,3,3,3,0,1,0,0,0,0,0,640459.3445,5357261.6896,10.895952806,48.352900129,0,1,#66c2a5,bicycle
11360,172136,"9,20091700851242E+018",9,1,62,0,2020,9,12,5,3,2,6,0,0,1,0,0,0,0,690561.2578,5337041248,11.562523385,48.158036524,0,2,#fc8d62,car
11361,172137,"9,20091600710438E+018",9,7,61,0,2020,9,16,4,3,1,6,0,1,1,0,0,0,0,641301.3242,5359221.32,10.907969679,48.370332559,0,1,#66c2a5,bicycle
11362,172138,"9,2009170085124E+018",9,1,62,0,2020,9,13,5,3,3,6,0,1,1,0,0,0,0,692111.9055,5336711.1353,11.58320438,48.154602972,0,1,#66c2a5,bicycle
11363,172140,"9,20091700851139E+018",9,1,62,0,2020,9,17,5,3,2,6,0,0,1,0,1,0,0,692262.7139,5335037.1504,11.584474071,48.139511975,0,2,#fc8d62,car
11364,172154,"9,20091800161739E+018",9,1,90,144,2020,9,15,6,3,0,1,0,1,0,0,0,0,0,658180.9327,5308346.6154,11.116840923,47.908925373,0,1,#66c2a5,bicycle
11365,172161,"9,20091700715047E+018",9,7,61,0,2020,9,21,5,3,5,3,2,1,1,0,0,0,0,641885166,5357507723,10.915270691,48.354793624,0,1,#66c2a5,bicycle
11366,172165,"9,20091700712338E+018",9,7,72,147,2020,9,18,5,3,9,1,0,0,0,0,1,0,0,638431.4129,5366330.7899,10.871584004,48.434895188,0,4,#e78ac3,marker
11367,172166,"9,20091700858242E+018",9,1,62,0,2020,9,21,5,3,0,1,2,1,0,0,0,0,1,692506846,5337896.4248,11.589045616,48.165136625,0,1,#66c2a5,bicycle
11368,172169,"9,20091700711339E+018",9,7,61,0,2020,9,15,5,3,5,3,0,1,1,0,0,0,0,637750283,5359439512,10.860118623,48.373079572,0,1,#66c2a5,bicycle
11369,172170,"9,2009170085824E+018",9,1,62,0,2020,9,14,5,3,5,2,0,1,1,0,0,0,0,687586.7949,5328906.5688,11.518985988,48.085804195,0,1,#66c2a5,bicycle
11370,172178,"9,20091700711339E+018",9,7,61,0,2020,9,15,5,3,2,6,0,0,1,0,1,0,0,637363.4413,5360196.0273,10.855144944,48.379966385,0,2,#fc8d62,car
11371,172179,"9,20091700858239E+018",9,1,62,0,2020,9,17,5,3,4,6,0,1,0,0,0,0,0,696445.7004,5337095.9054,11.641592201,48.156737199,0,1,#66c2a5,bicycle
11372,172182,"9,20091800141339E+018",9,1,63,0,2020,9,16,6,3,2,6,0,0,1,0,0,0,0,730794.9792,5304048.1868,12.085066442,47.848299188,0,2,#fc8d62,car
11373,172186,"9,20091800141338E+018",9,1,63,0,2020,9,8,6,2,6,4,0,0,1,1,0,0,0,733491.3625,5305062.2762,12.121601633,47.856436205,0,2,#fc8d62,car
11374,172189,"9,20091700710739E+018",9,7,61,0,2020,9,8,5,3,0,7,0,1,0,0,0,0,0,642455.5654,5361803.4748,10.924421413,48.393290551,0,1,#66c2a5,bicycle
11375,172191,"9,20091700710642E+018",9,7,61,0,2020,9,16,5,3,3,1,0,1,1,0,0,0,0,638434058,5355585046,10.868079023,48.338271214,0,1,#66c2a5,bicycle
11376,172193,"9,20091700710638E+018",9,7,61,0,2020,9,9,5,2,5,3,0,1,1,0,0,0,0,640492.7579,5357633.6285,10.896527729,48.356237057,0,1,#66c2a5,bicycle
11377,172199,"9,20091600210947E+018",9,2,61,0,2020,9,13,4,3,5,2,0,1,1,0,0,0,0,732223.8503,5382600.1005,12.147108586,48.553453496,0,1,#66c2a5,bicycle
11378,172200,"9,20091700710438E+018",9,7,61,0,2020,9,16,5,3,0,1,0,1,0,0,0,0,0,640131.1943,5358273918,10.891862951,48.3620747,0,1,#66c2a5,bicycle
11379,172203,"9,20091700710438E+018",9,7,61,0,2020,9,6,5,3,6,4,2,0,1,1,0,0,0,639590.0744,5359564.7901,10.884990052,48.373801761,0,2,#fc8d62,car
11380,172207,"9,20091600161938E+018",9,1,73,120,2020,9,18,4,3,0,1,0,1,0,0,0,0,0,688800.3958,5312456.3697,11.528024385,47.937585362,0,1,#66c2a5,bicycle
11381,172208,"9,20091800140138E+018",9,1,87,150,2020,9,16,6,3,6,4,0,0,1,1,0,0,0,729543.6243,5304163.4567,12.06842543,47.849782846,0,2,#fc8d62,car
11382,172213,"9,20091700858239E+018",9,1,62,0,2020,9,10,5,3,2,7,0,1,1,0,0,0,0,691589.8684,5337430.4462,11.576516163,48.161225497,0,1,#66c2a5,bicycle
11383,172224,"9,20091700858238E+018",9,1,62,0,2020,9,5,5,2,0,7,2,1,0,0,0,0,0,690445.6418,5335331.5632,11.56020532,48.142704589,0,1,#66c2a5,bicycle
11384,172230,"9,20091800121541E+018",9,1,81,146,2020,9,17,6,3,5,3,0,1,1,0,0,0,0,651655.9075,5325899.8134,11.035778593,48.068331647,0,1,#66c2a5,bicycle
11385,172232,"9,2009160012194E+018",9,1,88,139,2020,9,15,4,3,5,3,0,0,1,0,0,0,0,674486.9954,5319045.4277,11.339215642,48.00087691,0,2,#fc8d62,car
11386,172233,"9,20091600121938E+018",9,1,88,137,2020,9,9,4,3,4,2,0,1,1,0,0,0,0,671676.1512,5315143.9164,11.300005005,47.966563452,0,1,#66c2a5,bicycle
11387,172234,"9,20091600121738E+018",9,1,79,142,2020,9,18,4,2,2,6,0,1,0,0,0,0,0,676638.9537,5344951.2359,11.378771472,48.233160457,0,1,#66c2a5,bicycle
11388,172236,"9,20091700858238E+018",9,1,62,0,2020,9,17,5,3,5,3,0,1,1,0,0,0,0,691269.1237,5340877392,11.573758433,48.192302615,0,1,#66c2a5,bicycle
11389,172237,"9,20091600121538E+018",9,1,81,140,2020,9,13,4,3,0,7,0,1,0,1,0,0,0,643694.9929,5323260.1541,10.928091641,48.046439115,0,1,#66c2a5,bicycle
11390,172238,"9,20091600120941E+018",9,1,88,121,2020,9,18,4,3,0,7,0,1,0,0,0,0,0,670816.4309,5330167.9074,11.294488257,48.101858058,0,1,#66c2a5,bicycle
11391,172239,"9,20091600120542E+018",9,1,79,121,2020,9,8,4,3,1,7,0,1,1,0,0,0,0,667711.8512,5339114.8454,11.256343837,48.18311575,0,1,#66c2a5,bicycle
11392,172242,"9,20091600111341E+018",9,1,75,135,2020,9,14,4,3,0,1,0,1,0,0,0,0,0,708371.8333,5339558.4358,11.802975225,48.175070335,0,1,#66c2a5,bicycle
11393,172244,"9,2009160011114E+018",9,1,78,120,2020,9,23,4,3,5,2,2,0,1,0,0,0,0,696041.8546,5353755.1504,11.643874516,48.306582808,0,2,#fc8d62,car
11394,172246,"9,20091600110939E+018",9,1,78,143,2020,9,11,4,2,0,1,0,1,0,0,0,0,0,717148.6783,5371945.6483,11.937556538,48.463128826,0,1,#66c2a5,bicycle
11395,172247,"9,20091600110538E+018",9,1,77,117,2020,9,10,4,2,3,7,0,1,1,0,0,0,0,715384.2876,5354312.7028,11.904683724,48.30530373,0,1,#66c2a5,bicycle
11396,172248,"9,20091800121339E+018",9,1,88,124,2020,9,14,6,3,0,1,0,1,0,0,0,0,0,660474.5569,5321508.9786,11.152426681,48.026697064,0,1,#66c2a5,bicycle
11397,172249,"9,2009160011014E+018",9,1,77,115,2020,9,8,4,3,0,1,0,0,0,0,1,0,0,734279829,5352204.2607,12.157954555,48.279649853,0,4,#e78ac3,marker
11398,172251,"9,20091500858242E+018",9,1,62,0,2020,9,8,3,3,2,6,0,0,1,0,0,0,0,690340.4846,5333479.5889,11.557965682,48.126090519,0,2,#fc8d62,car
11399,172252,"9,2009150085824E+018",9,1,62,0,2020,9,10,3,3,4,2,0,0,1,0,0,0,0,689636.1713,5342604779,11.552579495,48.208317917,0,2,#fc8d62,car
11400,172253,"9,2009150085824E+018",9,1,62,0,2020,9,15,3,2,5,3,0,1,1,0,0,0,0,690012.4625,5337260283,11.555249053,48.160169428,0,1,#66c2a5,bicycle
11401,172255,"9,2009150085824E+018",9,1,84,134,2020,9,14,3,3,5,3,0,1,1,0,0,0,0,692117057,5322792937,11.577011477,48.029505911,0,1,#66c2a5,bicycle
11402,172257,"9,2009150085824E+018",9,1,62,0,2020,9,19,3,3,5,3,1,1,1,0,0,0,0,691017.0914,5336915.4758,11.568590243,48.156769334,0,1,#66c2a5,bicycle
11403,172259,"9,2009150085824E+018",9,1,84,132,2020,9,10,3,3,0,1,0,1,0,0,0,0,0,684094.0343,5330574.8327,11.47284892,48.101817852,0,1,#66c2a5,bicycle
11404,172260,"9,20091500858239E+018",9,1,62,0,2020,9,12,3,2,0,3,0,1,1,0,0,0,0,696055.6937,5331906581,11.633965563,48.110218758,0,1,#66c2a5,bicycle
11405,172261,"9,20091500858238E+018",9,1,62,0,2020,9,8,3,3,3,1,0,1,1,0,0,0,0,692134.1759,5337562.1935,11.58388785,48.162245368,0,1,#66c2a5,bicycle
11406,172263,"9,20091500858238E+018",9,1,62,0,2020,9,11,3,3,0,7,0,0,1,1,0,0,0,692005.3646,5337414.1849,11.58209057,48.16095401,0,2,#fc8d62,car
11407,172266,"9,20091500858238E+018",9,1,84,148,2020,9,14,3,3,5,3,0,0,1,0,1,0,0,694764.8407,5326924.8589,11.614370269,48.065840728,0,2,#fc8d62,car
11408,172268,"9,20091500857138E+018",9,1,62,0,2020,9,16,3,3,0,6,0,0,1,0,1,0,0,690480.4188,5333951.9747,11.560055439,48.130294466,0,2,#fc8d62,car
11409,172270,"9,20091500857138E+018",9,1,62,0,2020,9,15,3,3,6,4,0,1,0,1,0,0,0,688462.7214,5336362.7834,11.534032167,48.152563812,0,1,#66c2a5,bicycle
11410,172271,"9,20091500857138E+018",9,1,62,0,2020,9,9,3,3,1,3,0,0,1,0,1,0,0,695886.5469,5334148.4397,11.632725621,48.130419486,0,2,#fc8d62,car
11411,172272,"9,20091800120739E+018",9,1,88,127,2020,9,15,6,3,5,3,0,1,1,0,0,0,0,675791167,5329377113,11.360927633,48.093396142,0,1,#66c2a5,bicycle
11412,172273,"9,20091500857138E+018",9,1,62,0,2020,9,8,3,3,3,2,0,0,1,0,1,0,0,691134.9784,5341213.5547,11.572106544,48.195364363,0,2,#fc8d62,car
11413,172274,"9,20091500857138E+018",9,1,62,0,2020,9,22,3,3,3,2,2,1,1,0,0,0,0,690145.9324,5334935.1166,11.556003407,48.139230968,0,1,#66c2a5,bicycle
11414,172276,"9,20091700857141E+018",9,1,62,0,2020,9,11,5,3,0,3,0,0,1,0,0,0,1,691816.3251,5333994.0486,11.578010165,48.130271447,0,2,#fc8d62,car
11415,172277,"9,20091500854739E+018",9,1,62,0,2020,9,18,3,3,5,2,0,1,1,0,0,0,0,692004.8267,5341288.2453,11.583833556,48.195773274,0,1,#66c2a5,bicycle
11416,172278,"9,20091500854338E+018",9,1,62,0,2020,9,10,3,3,8,1,0,1,0,0,0,0,0,687595.5139,5341727.4438,11.524751438,48.20103868,0,1,#66c2a5,bicycle
11417,172279,"9,20091500854239E+018",9,1,62,0,2020,9,16,3,3,5,3,0,1,1,0,0,0,0,687365.4143,5337046.5752,11.519593927,48.159034098,0,1,#66c2a5,bicycle
11418,172280,"9,20091700857139E+018",9,1,62,0,2020,9,10,5,2,3,7,0,0,1,0,0,0,1,692101.8675,5338537.6709,11.583894453,48.171022494,0,2,#fc8d62,car
11419,172281,"9,20091500854238E+018",9,1,62,0,2020,9,23,3,3,0,7,2,0,0,0,0,0,1,686772.4949,5336730.6829,11.511489941,48.156369201,0,6,#ffd92f,circle
11420,172282,"9,20091500854139E+018",9,1,62,0,2020,9,16,3,3,5,3,0,1,1,0,0,0,0,686356276,5334133.5687,11.504761955,48.133147541,0,1,#66c2a5,bicycle
11421,172283,"9,20091500852439E+018",9,1,62,0,2020,9,8,3,3,4,6,0,1,0,0,0,0,0,697492.8716,5331830153,11.653216965,48.109087903,0,1,#66c2a5,bicycle
11422,172285,"9,20091500851542E+018",9,1,62,0,2020,9,18,3,3,0,3,0,1,1,0,0,0,0,687107.5637,5331926.2297,11.513880854,48.113086846,0,1,#66c2a5,bicycle
11423,172286,"9,20091500851539E+018",9,1,62,0,2020,9,10,3,3,1,7,0,1,1,0,0,0,0,689200.9704,5332583.2358,11.54226973,48.118373671,0,1,#66c2a5,bicycle
11424,172288,"9,20091700857138E+018",9,1,62,0,2020,9,7,5,3,5,3,0,1,1,0,0,0,0,693823.1294,5334839.0717,11.605337274,48.137258324,0,1,#66c2a5,bicycle
11425,172289,"9,20091500851441E+018",9,1,62,0,2020,9,15,3,3,3,6,0,0,1,0,1,0,0,690193.0338,5335387.6532,11.556838014,48.143284289,0,2,#fc8d62,car
11426,172290,"9,20091500851338E+018",9,1,62,0,2020,9,18,3,3,6,2,0,0,1,1,0,0,0,692247.2641,5337236.0508,11.585259705,48.15927989,0,2,#fc8d62,car
11427,172291,"9,20091500851238E+018",9,1,62,0,2020,9,18,3,3,0,6,0,1,0,0,0,0,0,691965361,5336186.1483,11.580999175,48.149928739,0,1,#66c2a5,bicycle
11428,172296,"9,20091700210942E+018",9,2,61,0,2020,9,7,5,3,5,3,0,1,1,0,0,0,0,731462.2125,5381813.8071,12.136366015,48.546671865,0,1,#66c2a5,bicycle
11429,172298,"9,20091700210939E+018",9,2,74,113,2020,9,15,5,3,5,3,0,1,1,0,0,0,0,729399427,5381935.15,12.108524674,48.548519504,0,1,#66c2a5,bicycle
11430,172303,"9,20091500740742E+018",9,7,77,172,2020,9,20,3,2,8,1,2,0,0,0,1,0,0,627681.8649,5305072.8581,10.707931415,47.886281015,0,4,#e78ac3,marker
11431,172305,"9,20091500740739E+018",9,7,62,0,2020,9,8,3,3,2,6,0,0,1,0,1,0,0,621909.2994,5305618397,10.630902115,47.892309827,0,2,#fc8d62,car
11432,172307,"9,20091500740739E+018",9,7,62,0,2020,9,14,3,3,0,1,0,1,0,0,0,0,0,621500.9564,5304606.9656,10.62515691,47.883290722,0,1,#66c2a5,bicycle
11433,172308,"9,20091700161938E+018",9,1,73,120,2020,9,13,5,2,0,1,0,1,0,0,0,0,0,688956.3149,5310006.6777,11.529035693,47.91552029,0,1,#66c2a5,bicycle
11434,172310,"9,20091500715055E+018",9,7,61,0,2020,9,22,3,3,7,7,2,1,1,0,0,0,0,640893.1315,5350984.0609,10.899706728,48.296356817,0,1,#66c2a5,bicycle
11435,172311,"9,2009150071504E+018",9,7,61,0,2020,9,17,3,3,0,1,0,1,0,0,0,0,0,641057.7941,5358310.3125,10.904377697,48.362195589,0,1,#66c2a5,bicycle
11436,172313,"9,2009150071254E+018",9,7,72,209,2020,9,7,3,2,4,2,0,1,1,0,0,0,0,634671.0847,5335464.9002,10.810925996,48.158158494,0,1,#66c2a5,bicycle
11437,172314,"9,20091500711338E+018",9,7,61,0,2020,9,8,3,3,2,6,0,0,1,0,0,0,0,636896.7684,5360843.3918,10.849056666,48.385888853,0,2,#fc8d62,car
11438,172315,"9,20091500711138E+018",9,7,61,0,2020,9,23,3,2,0,3,2,1,1,0,0,0,0,638958.8441,5360593.0148,10.876810773,48.383186627,0,1,#66c2a5,bicycle
11439,172317,"9,2009150071064E+018",9,7,61,0,2020,9,14,3,3,2,1,0,0,1,0,0,0,0,639819.2213,5357780.7925,10.88748962,48.357709819,0,2,#fc8d62,car
11440,172319,"9,20091500710147E+018",9,7,71,114,2020,9,12,3,2,0,3,0,1,1,0,0,0,0,644929.1166,5375264.9717,10.962476883,48.513761994,0,1,#66c2a5,bicycle
11441,172321,"9,20091500710138E+018",9,7,71,149,2020,9,17,3,3,8,1,0,1,0,0,0,0,0,650496.6604,5365813.3356,11.034416859,48.42747503,0,1,#66c2a5,bicycle
11442,172326,"9,20091700141338E+018",9,1,63,0,2020,9,15,5,3,2,6,0,0,1,0,0,0,0,732628558,5304754.0322,12.109918437,47.853979765,0,2,#fc8d62,car
11443,172327,"9,20091700857138E+018",9,1,62,0,2020,9,7,5,2,4,2,0,0,1,0,1,0,0,690334259,5342206.1863,11.561787523,48.204526492,0,2,#fc8d62,car
11444,172330,"9,20091800120539E+018",9,1,79,121,2020,9,19,6,2,0,1,1,1,0,0,0,0,0,668185.5823,5339320.6381,11.262793589,48.184840565,0,1,#66c2a5,bicycle
11445,172333,"9,20091800120539E+018",9,1,79,121,2020,9,13,6,3,0,7,0,1,0,0,0,0,0,667448177,5338953.5206,11.252735713,48.181735002,0,1,#66c2a5,bicycle
11446,172336,"9,20091700141338E+018",9,1,63,0,2020,9,14,5,3,5,2,0,1,1,0,0,0,0,732887.33,5304913.7537,12.113458562,47.855321016,0,1,#66c2a5,bicycle