fid,OBJECTID,UIDENTSTLA,ULAND,UREGBEZ,UKREIS,UGEMEINDE,UJAHR,UMONAT,USTUNDE,UWOCHENTAG,UKATEGORIE,UART,UTYP1,ULICHTVERH,IstRad,IstPKW,IstFuss,IstKrad,IstGkfz,IstSonstig,LINREFX,LINREFY,XGCSWGS84,YGCSWGS84,STRZUSTAND,Teilnehmer,color,symbol
11447,172340,"9,20091900121938E+018",9,1,88,139,2020,9,10,7,3,0,1,0,1,0,0,0,0,0,674772.5814,5319185.7579,11.343098123,48.002060428,0,1,#66c2a5,bicycle
11448,172343,"9,20091900851339E+018",9,1,62,0,2020,9,22,7,3,1,5,2,1,1,0,0,0,0,691088.0636,5337618.6993,11.569859471,48.163068498,0,1,#66c2a5,bicycle
11449,172344,"9,20092100857139E+018",9,1,84,145,2020,9,20,2,3,5,3,2,0,1,0,0,0,0,695432.3593,5324303107,11.622123367,48.042073161,0,2,#fc8d62,car
11450,172346,"9,20091900121339E+018",9,1,88,124,2020,9,17,7,3,0,1,0,1,0,0,0,0,0,664008.8373,5320385.1658,11.199365756,48.015695745,0,1,#66c2a5,bicycle
11451,172347,"9,20092000730339E+018",9,7,73,182,2020,9,15,1,3,0,7,0,1,0,0,0,0,0,622215.78,5377568.2902,10.655738256,48.539306542,0,1,#66c2a5,bicycle
11452,172348,"9,20091900110739E+018",9,1,78,124,2020,9,10,7,3,5,6,0,1,1,0,0,0,0,702974.5708,5363957.4928,11.742180335,48.396078287,0,1,#66c2a5,bicycle
11453,172349,"9,2009200014014E+018",9,1,87,130,2020,9,11,1,3,0,7,0,0,0,0,1,0,1,711304134,5308861.8581,11.827226453,47.898259528,0,4,#e78ac3,marker
11454,172350,"9,20091900110546E+018",9,1,77,117,2020,9,4,7,3,5,3,2,0,1,0,0,0,0,716059.7937,5354365.1973,11.913808282,48.305545078,0,2,#fc8d62,car
11455,172352,"9,20091900711938E+018",9,7,72,125,2020,9,17,7,3,0,7,0,1,0,0,0,0,0,635489.4109,5347769.6102,10.825855113,48.268632128,0,1,#66c2a5,bicycle
11456,172354,"9,20092100141338E+018",9,1,63,0,2020,9,11,2,3,3,6,0,1,1,0,0,0,0,733469498,5305290031,12.121432702,47.858490307,0,1,#66c2a5,bicycle
11457,172356,"9,20092100854246E+018",9,1,62,0,2020,9,8,2,3,7,7,0,1,0,0,0,0,0,688830.8011,5336231.6467,11.538918075,48.151275967,0,1,#66c2a5,bicycle
11458,172359,"9,20091900110538E+018",9,1,77,117,2020,9,13,7,3,5,6,0,0,1,0,1,0,0,714360.8823,5354748.6937,11.89112177,48.309568779,0,2,#fc8d62,car
11459,172361,"9,2009180085824E+018",9,1,62,0,2020,9,18,6,2,0,1,0,1,0,0,0,0,0,691943.7051,5334980506,11.58016481,48.139099173,0,1,#66c2a5,bicycle
11460,172364,"9,20092100110739E+018",9,1,78,124,2020,9,15,2,3,7,1,0,1,0,0,0,0,0,703973.7981,5363953.4437,11.755661698,48.395719518,0,1,#66c2a5,bicycle
11461,172366,"9,2009180085824E+018",9,1,62,0,2020,9,7,6,3,4,6,0,1,0,0,0,0,0,695898388,5333496828,11.632585074,48.124559497,0,1,#66c2a5,bicycle
11462,172368,"9,20091900857138E+018",9,1,62,0,2020,9,13,7,3,1,5,0,0,1,0,0,0,1,692111.7779,5332511.8964,11.581308894,48.116860983,0,2,#fc8d62,car
11463,172369,"9,2009180085824E+018",9,1,62,0,2020,9,14,6,3,2,6,0,0,1,0,0,0,0,692684.7231,5330701.3234,11.588181378,48.100414772,0,2,#fc8d62,car
11464,172370,"9,2009180085824E+018",9,1,62,0,2020,9,17,6,2,6,4,0,1,0,1,0,0,0,692102.4906,5334048.4263,11.581876696,48.130673884,0,1,#66c2a5,bicycle
11465,172371,"9,20091900858239E+018",9,1,62,0,2020,9,10,7,3,0,4,0,1,0,1,0,0,0,696799.7152,5331087.1013,11.64357234,48.102624304,0,1,#66c2a5,bicycle
11466,172372,"9,2009180085824E+018",9,1,62,0,2020,9,17,6,3,5,3,0,1,0,0,0,0,1,690063.9762,5340175493,11.557244441,48.186355787,0,1,#66c2a5,bicycle
11467,172375,"9,2009200085474E+018",9,1,62,0,2020,9,14,1,3,3,6,0,1,1,0,0,0,1,694190.14,5342765.5852,11.613885911,48.208386412,0,1,#66c2a5,bicycle
11468,172377,"9,2009180085824E+018",9,1,84,120,2020,9,16,6,3,5,2,0,1,1,0,0,0,0,681048.0114,5332193.9335,11.432658846,48.117244635,0,1,#66c2a5,bicycle
11469,172379,"9,20092100710647E+018",9,7,61,0,2020,9,15,2,2,6,1,0,1,0,1,0,0,0,642597.2231,5357795.4396,10.924974426,48.357220247,0,1,#66c2a5,bicycle
11470,172380,"9,20091900852638E+018",9,1,84,112,2020,9,14,7,3,0,1,0,1,0,0,0,0,0,701316.5362,5339938.5594,11.708360809,48.18076052,0,1,#66c2a5,bicycle
11471,172381,"9,20092100858238E+018",9,1,62,0,2020,9,15,2,3,1,7,0,0,0,0,1,0,0,693222.5323,5333315345,11.59658182,48.123746125,0,4,#e78ac3,marker
11472,172383,"9,20091800858239E+018",9,1,62,0,2020,9,15,6,3,2,6,0,0,1,0,0,0,0,686227.9024,5333776.2319,11.502882046,48.129973236,0,2,#fc8d62,car
11473,172385,"9,20092200110351E+018",9,1,75,115,2020,9,7,3,3,2,6,0,0,1,0,0,0,0,719282629,5328402.3411,11.943810523,48.071161367,0,2,#fc8d62,car
11474,172387,"9,20092000851542E+018",9,1,62,0,2020,9,17,1,3,1,5,0,1,1,0,0,0,0,688419.34,5332919.3322,11.53192625,48.121626335,0,1,#66c2a5,bicycle
11475,172389,"9,20091800858239E+018",9,1,62,0,2020,9,16,6,3,3,3,0,1,1,0,0,0,0,688165.0179,5339879.8773,11.531589701,48.184264072,0,1,#66c2a5,bicycle
11476,172393,"9,20092100854741E+018",9,1,62,0,2020,9,20,2,3,2,6,2,0,1,0,0,0,0,693848.5781,5340297.9143,11.608166583,48.186312516,0,2,#fc8d62,car
11477,172395,"9,20091800857141E+018",9,1,62,0,2020,9,9,6,3,5,3,0,1,1,0,0,0,0,684350.2219,5337505.8014,11.47928589,48.164043173,0,1,#66c2a5,bicycle
11478,172396,"9,2009200071504E+018",9,7,61,0,2020,9,11,1,3,0,1,0,1,0,0,0,0,0,639195961,5357770377,10.879077187,48.357753875,0,1,#66c2a5,bicycle
11479,172397,"9,20091800857141E+018",9,1,84,136,2020,9,14,6,2,5,3,0,1,0,0,0,0,0,698575.1897,5326597.1981,11.665308456,48.061721303,0,1,#66c2a5,bicycle
11480,172398,"9,20092000121739E+018",9,1,79,126,2020,9,17,1,2,0,6,0,0,1,1,0,0,0,675498.8713,5340785.7608,11.361708162,48.196032714,0,2,#fc8d62,car
11481,172399,"9,20091800857139E+018",9,1,62,0,2020,9,9,6,3,5,3,0,1,0,0,0,0,0,693240985,5333323.7929,11.596833359,48.123816453,0,1,#66c2a5,bicycle
11482,172401,"9,20091800857139E+018",9,1,62,0,2020,9,13,6,3,8,7,0,1,0,0,0,0,0,695493845,5337478018,11.628982253,48.160464742,0,1,#66c2a5,bicycle
11483,172403,"9,20091800857139E+018",9,1,84,119,2020,9,10,6,2,3,6,0,1,1,0,0,0,0,696637.1857,5346515.1228,11.64852715,48.241331039,0,1,#66c2a5,bicycle
11484,172405,"9,20091900740141E+018",9,7,77,121,2020,9,23,7,2,1,1,2,1,1,0,0,0,0,628939049,5321182.3146,10.729570312,48.03090461,0,1,#66c2a5,bicycle
11485,172406,"9,20092100852739E+018",9,1,84,123,2020,9,11,2,3,5,3,0,1,1,0,0,0,0,702088.0387,5332330.8225,11.715116847,48.112146182,0,1,#66c2a5,bicycle
11486,172409,"9,20091800857138E+018",9,1,62,0,2020,9,17,6,3,1,7,0,1,1,0,0,0,0,693545.4534,5331423.5088,11.600058117,48.10664473,0,1,#66c2a5,bicycle
11487,172410,"9,20091900858241E+018",9,1,62,0,2020,9,15,7,3,5,2,0,0,1,0,0,0,0,686200.8209,5334855.6822,11.502990252,48.13968367,0,2,#fc8d62,car
11488,172411,"9,20091800857138E+018",9,1,62,0,2020,9,19,6,3,5,3,1,0,1,0,1,0,0,694491.5068,5336166.2579,11.614917989,48.148982599,0,2,#fc8d62,car
11489,172414,"9,2009200085824E+018",9,1,62,0,2020,9,18,1,3,6,4,0,0,1,1,0,0,0,692259.3565,5339803.2345,11.586583001,48.182349424,0,2,#fc8d62,car
11490,172416,"9,20092100740739E+018",9,7,77,172,2020,9,16,2,3,4,6,0,0,1,0,0,0,0,627639.4777,5307305.0746,10.708024987,47.906364547,0,2,#fc8d62,car
11491,172419,"9,20091800854339E+018",9,1,62,0,2020,9,13,6,3,3,6,0,0,1,0,1,0,0,690586.0324,5341304.9731,11.564768096,48.196350995,0,2,#fc8d62,car
11492,172420,"9,2009190085714E+018",9,1,62,0,2020,9,21,7,3,4,7,2,0,0,1,0,0,1,690126.6285,5334928.2246,11.555741109,48.139174791,0,3,#8da0cb,toilet
11493,172421,"9,2009180085264E+018",9,1,84,147,2020,9,11,6,3,0,2,0,1,0,0,0,0,1,696546.6993,5340998249,11.64475309,48.191777617,0,1,#66c2a5,bicycle
11494,172423,"9,2009200085424E+018",9,1,62,0,2020,9,5,1,2,0,4,2,0,0,1,0,0,1,686774626,5336602.3795,11.511462252,48.155215347,0,3,#8da0cb,toilet
11495,172425,"9,2009180085254E+018",9,1,62,0,2020,9,13,6,3,3,6,0,1,0,0,0,0,0,699390841,5332592.8976,11.679043013,48.115351559,0,1,#66c2a5,bicycle
11496,172429,"9,2009180085234E+018",9,1,62,0,2020,9,8,6,3,5,2,0,1,1,0,0,0,0,693123.3445,5330886.1906,11.594150431,48.101943531,0,1,#66c2a5,bicycle
11497,172431,"9,20092100712155E+018",9,7,71,122,2020,9,10,2,2,8,1,0,0,1,0,0,0,0,651571.8528,5363660.0505,11.048163561,48.40785752,0,2,#fc8d62,car
11498,172432,"9,20091900854239E+018",9,1,62,0,2020,9,23,7,3,0,7,2,1,0,0,0,0,0,689404.2652,5336092.3368,11.546558687,48.149853333,0,1,#66c2a5,bicycle
11499,172433,"9,2009210085824E+018",9,1,62,0,2020,9,17,2,3,2,6,0,0,1,0,0,0,0,689073.7676,5331345.6405,11.54001364,48.107287753,0,2,#fc8d62,car
11500,172436,"9,2009200085114E+018",9,1,62,0,2020,9,0,1,3,5,3,2,0,1,0,0,0,0,691686.1901,5336467.7343,11.577376444,48.152543779,0,2,#fc8d62,car
11501,172438,"9,20091800852142E+018",9,1,62,0,2020,9,18,6,3,0,1,0,1,0,0,0,0,0,691861.6578,5332125.8721,11.577778019,48.113466845,0,1,#66c2a5,bicycle
11502,172443,"9,20092100854338E+018",9,1,62,0,2020,9,9,2,3,5,2,0,1,1,0,0,0,0,690302.2772,5336003.4579,11.558580352,48.148786461,0,1,#66c2a5,bicycle
11503,172445,"9,20091900852139E+018",9,1,62,0,2020,9,20,7,3,0,1,2,0,0,0,0,0,1,692410988,5334182.4345,11.586079069,48.131785143,0,6,#ffd92f,circle
11504,172447,"9,20092100857139E+018",9,1,62,0,2020,9,10,2,2,2,7,0,0,1,0,1,0,0,690422.8211,5333909.3169,11.559263064,48.129928292,0,2,#fc8d62,car
11505,172449,"9,20091800851539E+018",9,1,62,0,2020,9,17,6,2,6,4,0,0,1,1,0,0,0,689242.3289,5333008.9153,11.54301384,48.122187443,0,2,#fc8d62,car
11506,172451,"9,20091800851339E+018",9,1,62,0,2020,9,16,6,3,0,1,0,1,0,0,0,0,0,691323.4102,5338559.8578,11.573444663,48.171456703,0,1,#66c2a5,bicycle
11507,172453,"9,20091800851338E+018",9,1,62,0,2020,9,9,6,3,2,6,0,0,1,0,0,0,0,691270.3171,5337074.8766,11.572063446,48.158125894,0,2,#fc8d62,car
11508,172455,"9,20091900711939E+018",9,7,72,163,2020,9,13,7,3,6,4,0,0,1,1,0,0,0,640019.3694,5349289.7009,10.887370507,48.281315351,0,2,#fc8d62,car
11509,172460,"9,20091800851139E+018",9,1,62,0,2020,9,14,6,3,6,4,0,0,1,1,0,0,0,691787.4221,5334518.4944,11.577858193,48.134993803,0,2,#fc8d62,car
11510,172461,"9,2009190085824E+018",9,1,88,120,2020,9,8,7,3,5,3,0,0,1,0,1,0,0,679650.7835,5329331.8316,11.412697243,48.091912832,0,2,#fc8d62,car
11511,172462,"9,2009200071014E+018",9,7,71,176,2020,9,13,1,3,5,3,0,1,1,0,0,0,0,644790143,5383232821,10.963366726,48.585433323,0,1,#66c2a5,bicycle
11512,172464,"9,20092000120938E+018",9,1,79,118,2020,9,10,1,2,0,7,0,1,0,0,0,0,0,672659.0933,5336221.4024,11.321671628,48.155779846,0,1,#66c2a5,bicycle
11513,172470,"9,20092100120938E+018",9,1,79,123,2020,9,11,2,3,0,3,0,0,1,0,1,0,0,676003437,5333377333,11.365426605,48.129296897,0,2,#fc8d62,car
11514,172474,"9,20091900857138E+018",9,1,62,0,2020,9,17,7,3,0,7,0,0,0,0,0,0,1,694193.8502,5334573.2462,11.610193899,48.134756163,0,6,#ffd92f,circle
11515,172476,"9,20092200110538E+018",9,1,77,117,2020,9,20,3,3,5,3,2,1,0,0,0,0,0,715924.2571,5354561.2957,11.912083194,48.307353307,1,1,#66c2a5,bicycle
11516,172481,"9,20092000857139E+018",9,1,62,0,2020,9,18,1,2,3,7,1,0,1,0,1,0,0,691601.4834,5332669.4456,11.574530306,48.118430759,0,2,#fc8d62,car
11517,172485,"9,20092100710742E+018",9,7,61,0,2020,9,17,2,3,5,3,0,1,1,0,0,0,0,641798.9739,5362043336,10.915637727,48.395595252,0,1,#66c2a5,bicycle
11518,172486,"9,20091900853239E+018",9,1,84,139,2020,9,20,7,3,0,7,2,1,0,0,0,0,0,688874.74,5327731415,11.535744022,48.074861353,0,1,#66c2a5,bicycle
11519,172488,"9,20092100858239E+018",9,1,62,0,2020,9,8,2,3,3,2,0,0,1,0,0,0,1,694682.4637,5336681.4098,11.617718236,48.153554138,0,2,#fc8d62,car
11520,172493,"9,2009200085294E+018",9,1,62,0,2020,9,13,1,3,0,7,0,1,0,0,0,0,1,689108.8409,5328482.8747,11.53921631,48.081546263,0,1,#66c2a5,bicycle
11521,172499,"9,20092100857139E+018",9,1,62,0,2020,9,8,2,3,4,7,0,1,1,0,0,0,0,693490.2886,5333787.2623,11.600390405,48.127906265,0,1,#66c2a5,bicycle
11522,172502,"9,20092000717039E+018",9,7,72,184,2020,9,17,1,2,4,6,0,1,1,0,1,0,0,634841.5992,5360877.5875,10.82132329,48.386639031,0,1,#66c2a5,bicycle
11523,172504,"9,20092000131339E+018",9,1,86,125,2020,9,16,1,3,0,7,0,1,0,0,0,0,0,673716.0534,5376459.7636,11.352462782,48.517199441,0,1,#66c2a5,bicycle
11524,172507,"9,20091900710638E+018",9,7,61,0,2020,9,9,7,3,1,1,0,0,1,0,0,0,0,638620.6999,5355480.8974,10.87056197,48.337293804,0,2,#fc8d62,car
11525,172514,"9,2009210085274E+018",9,1,84,131,2020,9,10,2,3,1,5,0,1,1,0,0,0,0,704235.0173,5339271.7591,11.747256945,48.173836954,0,1,#66c2a5,bicycle
11526,172517,"9,20091800712542E+018",9,7,72,200,2020,9,12,6,3,3,6,0,1,1,0,0,0,0,624988.2257,5338369.3396,10.681634762,48.186255528,0,1,#66c2a5,bicycle
11527,172518,"9,20091900858242E+018",9,1,62,0,2020,9,17,7,3,5,2,0,0,1,0,1,0,0,689428.8038,5337157.5709,11.547362455,48.159420396,0,2,#fc8d62,car
11528,172519,"9,20091800712542E+018",9,7,72,151,2020,9,10,6,3,8,1,0,0,1,0,0,0,0,630931.8403,5343056.9158,10.76301042,48.227211676,0,2,#fc8d62,car
11529,172522,"9,20092100110739E+018",9,1,78,124,2020,9,13,2,3,1,2,0,0,0,0,0,0,1,702888.7059,5364557.3054,11.741311483,48.401495983,0,6,#ffd92f,circle
11530,172524,"9,20091800711939E+018",9,7,72,163,2020,9,7,6,3,3,2,0,1,1,0,0,0,0,640453.8463,5349334.8635,10.893238669,48.281625203,0,1,#66c2a5,bicycle
11531,172526,"9,20091800710742E+018",9,7,61,0,2020,9,17,6,3,3,6,0,1,0,0,0,0,0,640205886,5362577.5244,10.89430654,48.400754717,0,1,#66c2a5,bicycle
11532,172527,"9,20091900858238E+018",9,1,62,0,2020,9,18,7,3,5,3,0,0,1,0,0,0,1,692901.4055,5342433581,11.596406592,48.205795421,0,2,#fc8d62,car
11533,172528,"9,20091800710742E+018",9,7,61,0,2020,9,13,6,3,5,3,0,1,0,0,0,0,0,641335.0041,5363170.3002,10.909752746,48.405832576,0,1,#66c2a5,bicycle
11534,172532,"9,20092000854539E+018",9,1,62,0,2020,9,17,1,3,5,3,0,1,1,0,0,0,0,683130.2182,5334833.1854,11.461744086,48.140372615,0,1,#66c2a5,bicycle
11535,172534,"9,20091800710646E+018",9,7,61,0,2020,9,20,6,3,0,1,2,1,0,0,0,0,0,641560.0468,5353325066,10.909479124,48.317257593,0,1,#66c2a5,bicycle
11536,172536,"9,2009210071064E+018",9,7,61,0,2020,9,17,2,3,0,1,0,0,1,0,0,0,1,640789.4049,5356509969,10.900154099,48.346067397,0,2,#fc8d62,car
11537,172537,"9,20091900852139E+018",9,1,62,0,2020,9,21,7,3,0,1,2,0,0,0,0,0,1,694936.0822,5333311.1269,11.619582235,48.123185869,0,6,#ffd92f,circle
11538,172538,"9,20092100857139E+018",9,1,62,0,2020,9,21,2,3,3,2,2,1,0,0,0,0,1,695774.3066,5332868.1528,11.630630725,48.118947446,0,1,#66c2a5,bicycle
11539,172540,"9,20091900140138E+018",9,1,87,117,2020,9,17,7,3,5,3,0,0,1,0,0,0,0,724482.1112,5306089.5598,12.001862453,47.868876423,0,2,#fc8d62,car
11540,172541,"9,20092100712339E+018",9,7,72,147,2020,9,17,2,3,5,2,0,1,1,0,0,0,0,639125.53,5366456.1834,10.881004808,48.435869707,0,1,#66c2a5,bicycle
11541,172542,"9,20091900854839E+018",9,1,84,149,2020,9,16,7,2,4,6,0,1,0,0,0,0,0,691170.0608,5349607.9518,11.576365359,48.270800361,0,1,#66c2a5,bicycle
11542,172543,"9,20092100858241E+018",9,1,62,0,2020,9,15,2,3,0,7,0,0,0,0,1,0,0,696951.9309,5330764.3812,11.645465841,48.099676846,0,4,#e78ac3,marker
11543,172545,"9,20092000851241E+018",9,1,62,0,2020,9,15,1,3,3,6,0,1,0,0,0,0,0,693021.4605,5336314.6444,11.59524177,48.150764028,0,1,#66c2a5,bicycle
11544,172547,"9,20091800710638E+018",9,7,61,0,2020,9,13,6,3,1,1,0,1,1,0,0,0,0,640854.0981,5351182.5025,10.899246934,48.298149849,0,1,#66c2a5,bicycle
11545,172551,"9,20092100854539E+018",9,1,62,0,2020,9,14,2,3,5,6,0,0,1,0,0,0,1,680196601,5336290806,11.422962547,48.154312615,0,2,#fc8d62,car
11546,172553,"9,20092000710441E+018",9,7,61,0,2020,9,18,1,3,6,4,0,0,1,1,0,0,0,639570.8401,5360377.4271,10.88500029,48.38111302,0,2,#fc8d62,car
11547,172554,"9,2009180071015E+018",9,7,71,113,2020,9,17,6,3,6,4,0,0,1,1,0,0,0,657241.9225,5369202.0677,11.12680757,48.456293023,0,2,#fc8d62,car
11548,172555,"9,20091800710146E+018",9,7,71,113,2020,9,15,6,3,3,2,0,1,1,0,0,0,0,657252396,5368783907,11.126792042,48.45253103,0,1,#66c2a5,bicycle
11549,172566,"9,2009190085824E+018",9,1,62,0,2020,9,20,7,3,2,6,2,0,1,0,1,0,0,688577.8929,5332133.3964,11.53370709,48.114515253,0,2,#fc8d62,car
11550,172570,"9,20092000121341E+018",9,1,88,145,2020,9,11,1,3,0,1,0,1,0,0,0,0,0,663198.4498,5326793.4186,11.190949767,48.073516866,0,1,#66c2a5,bicycle
11551,172575,"9,20092100121538E+018",9,1,81,130,2020,9,11,2,3,5,3,0,1,1,0,0,0,0,639150.0802,5324589.0445,10.867574556,48.059395921,0,1,#66c2a5,bicycle
11552,172578,"9,20091900857138E+018",9,1,62,0,2020,9,11,7,3,4,2,0,1,1,0,0,0,0,691060.0331,5342281.4329,11.5715797,48.204984792,0,1,#66c2a5,bicycle
11553,172581,"9,20092000854238E+018",9,1,62,0,2020,9,16,1,3,5,2,0,1,1,0,0,0,0,688122.7929,5336308.2252,11.529442065,48.152174069,0,1,#66c2a5,bicycle
11554,172582,"9,20092000858239E+018",9,1,62,0,2020,9,9,1,3,5,2,0,0,1,0,1,0,0,687862.6681,5338151.2526,11.526761928,48.168816414,0,2,#fc8d62,car
11555,172586,"9,2009210071194E+018",9,7,72,163,2020,9,14,2,3,5,3,0,1,1,0,0,0,0,640193.7431,5350308.6135,10.890057755,48.290438657,0,1,#66c2a5,bicycle
11556,172587,"9,2009190085414E+018",9,1,62,0,2020,9,16,7,3,1,7,0,0,1,0,1,0,0,687911.3405,5334367.9105,11.525745525,48.134796628,0,2,#fc8d62,car
11557,172589,"9,20092100858239E+018",9,1,84,112,2020,9,13,2,3,2,6,0,0,1,0,0,1,0,700238457,5336989.4558,11.692485186,48.154597657,0,2,#fc8d62,car
11558,172591,"9,20091900210946E+018",9,2,74,113,2020,9,17,7,3,5,2,1,1,0,0,1,0,0,730231.9259,5383216.4065,12.120496624,48.55972403,0,1,#66c2a5,bicycle
11559,172598,"9,20092400857139E+018",9,1,62,0,2020,9,15,5,3,3,2,0,1,0,0,0,0,0,690959.2347,5334815.3528,11.566871029,48.137910988,0,1,#66c2a5,bicycle
11560,172599,"9,20092500120739E+018",9,1,88,127,2020,9,18,6,3,2,6,1,0,1,0,0,0,0,676750.1802,5329860.6661,11.37399624,48.0974777,1,2,#fc8d62,car
11561,172600,"9,20092400210939E+018",9,2,74,113,2020,9,8,5,3,0,1,0,0,0,0,1,0,0,729655149,5382796757,12.112459703,48.556165792,1,4,#e78ac3,marker
11562,172602,"9,20092400160939E+018",9,1,73,126,2020,9,8,5,2,0,7,0,1,0,0,0,0,0,685275592,5303456.5605,11.477009582,47.857715672,0,1,#66c2a5,bicycle
11563,172604,"9,20092400854441E+018",9,1,62,0,2020,9,18,5,3,2,2,0,1,1,0,0,0,0,685580.8684,5340769.9405,11.497245701,48.193024379,0,1,#66c2a5,bicycle
11564,172606,"9,20092400854139E+018",9,1,62,0,2020,9,20,5,3,3,2,1,0,1,0,0,0,1,686500.1341,5334863.2563,11.507013071,48.13966409,0,2,#fc8d62,car
11565,172608,"9,20092400852339E+018",9,1,62,0,2020,9,6,5,3,5,2,2,0,1,0,1,0,0,693939.5245,5331202.4003,11.605245837,48.104537625,0,2,#fc8d62,car
11566,172610,"9,20092400121339E+018",9,1,88,124,2020,9,19,5,3,0,1,2,1,0,0,0,0,0,661675259,5318340414,11.167325044,47.997906614,1,1,#66c2a5,bicycle
11567,172611,"9,20092400120551E+018",9,1,79,121,2020,9,7,5,3,0,1,0,1,0,0,0,0,0,667116.39,5338827783,11.248226189,48.180691985,0,1,#66c2a5,bicycle
11568,172613,"9,20092400120139E+018",9,1,74,115,2020,9,13,5,3,5,2,0,0,1,0,0,0,0,681985.2356,5348108.3088,11.452058592,48.260026468,0,2,#fc8d62,car
11569,172614,"9,20092400110739E+018",9,1,78,157,2020,9,16,5,2,4,6,0,1,1,0,0,0,0,706185422,5369070023,11.788018798,48.440977317,0,1,#66c2a5,bicycle
11570,172616,"9,20092300858243E+018",9,1,62,0,2020,9,16,4,3,2,6,0,0,1,0,0,0,0,692593.0218,5340442.1165,11.591356868,48.187990441,0,2,#fc8d62,car
11571,172617,"9,20092400852139E+018",9,1,62,0,2020,9,17,5,3,5,2,0,0,1,0,1,0,0,694174018,5333938.24,11.609638231,48.12905501,0,2,#fc8d62,car
11572,172618,"9,20092300858242E+018",9,1,62,0,2020,9,16,4,3,5,3,0,1,0,0,0,0,1,684085.9462,5335082.4366,11.474686893,48.142337237,0,1,#66c2a5,bicycle
11573,172619,"9,20092400851441E+018",9,1,62,0,2020,9,10,5,3,1,6,0,0,1,0,0,0,0,691667.9632,5333749.3353,11.575908207,48.128116685,0,2,#fc8d62,car
11574,172620,"9,20092300858241E+018",9,1,62,0,2020,9,13,4,3,8,1,0,0,0,0,1,0,0,689487.1945,5334909.2592,11.547146026,48.139195065,0,4,#e78ac3,marker
11575,172621,"9,2009230085824E+018",9,1,84,136,2020,9,18,4,3,5,3,1,1,1,0,0,0,0,699969.7217,5326870.9048,11.684132853,48.063745638,0,1,#66c2a5,bicycle
11576,172622,"9,2009230085824E+018",9,1,62,0,2020,9,15,4,3,5,3,0,0,1,0,0,0,0,691446.1815,5336460.8586,11.574149621,48.15255427,0,2,#fc8d62,car
11577,172624,"9,2009230085824E+018",9,1,62,0,2020,9,7,4,3,0,1,1,1,0,0,0,0,0,685723.7391,5335186.6113,11.496727766,48.142797628,1,1,#66c2a5,bicycle
11578,172625,"9,20092400851139E+018",9,1,62,0,2020,9,13,5,3,5,3,0,1,1,0,0,0,0,691952.7986,5335009.7436,11.580300096,48.139359213,0,1,#66c2a5,bicycle
11579,172626,"9,2009250012055E+018",9,1,79,121,2020,9,10,6,3,5,3,0,1,1,0,0,0,0,667195.7001,5338913.6983,11.249326106,48.181443494,1,1,#66c2a5,bicycle
11580,172627,"9,20092300854739E+018",9,1,62,0,2020,9,13,4,3,0,7,0,1,0,0,0,0,0,693655.6198,5340931727,11.605862156,48.192067805,1,1,#66c2a5,bicycle
11581,172630,"9,20092300852141E+018",9,1,62,0,2020,9,13,4,3,5,3,0,0,1,0,1,0,0,693412.1425,5333052.1996,11.599007751,48.121323473,0,2,#fc8d62,car
11582,172632,"9,20092300851139E+018",9,1,62,0,2020,9,14,4,3,6,2,0,0,0,1,0,0,1,691673.9492,5334298616,11.576235652,48.13305175,0,3,#8da0cb,toilet
11583,172637,"9,20092500120139E+018",9,1,74,115,2020,9,21,6,3,5,2,2,1,1,0,0,0,0,682284.9015,5347758.5854,11.455941764,48.256796838,1,1,#66c2a5,bicycle
11584,172644,"9,20092300712739E+018",9,7,72,141,2020,9,6,4,2,0,1,0,1,0,0,0,0,0,622869.3631,5351847.2869,10.657051191,48.307876664,1,1,#66c2a5,bicycle
11585,172645,"9,20092300712141E+018",9,7,71,130,2020,9,7,4,3,2,6,0,0,1,0,0,0,1,646804.8253,5355986.5815,10.981108917,48.339992111,1,2,#fc8d62,car
11586,172646,"9,20092300711939E+018",9,7,72,125,2020,9,7,4,3,5,3,0,0,1,0,0,0,0,633916.7174,5348406.3444,10.804874173,48.274692311,1,2,#fc8d62,car
11587,172648,"9,20092500120139E+018",9,1,74,131,2020,9,10,6,3,6,7,0,0,1,1,0,0,0,676116.8922,5358158.1344,11.377254574,48.352022349,1,2,#fc8d62,car
11588,172649,"9,2009230071114E+018",9,7,61,0,2020,9,13,4,3,5,3,0,0,1,0,0,0,0,638187.0538,5361665.6776,10.866745402,48.39300133,0,2,#fc8d62,car
11589,172650,"9,20092300710742E+018",9,7,61,0,2020,9,16,4,3,5,3,0,0,1,0,1,0,0,644125.4888,5357769.2844,10.945583809,48.356638087,0,2,#fc8d62,car
11590,172657,"9,20092400740739E+018",9,7,62,0,2020,9,15,5,3,3,2,0,1,1,0,0,0,0,622295.91,5305591631,10.636064427,47.891995539,0,1,#66c2a5,bicycle
11591,172659,"9,20092400740142E+018",9,7,77,121,2020,9,8,5,3,5,3,0,0,1,0,0,0,0,629175.4853,5321198.7563,10.732745293,48.03100469,0,2,#fc8d62,car