fid,OBJECTID,UIDENTSTLA,ULAND,UREGBEZ,UKREIS,UGEMEINDE,UJAHR,UMONAT,USTUNDE,UWOCHENTAG,UKATEGORIE,UART,UTYP1,ULICHTVERH,IstRad,IstPKW,IstFuss,IstKrad,IstGkfz,IstSonstig,LINREFX,LINREFY,XGCSWGS84,YGCSWGS84,STRZUSTAND,Teilnehmer,color,symbol
11737,173054,"9,20093000711942E+018",9,7,72,125,2020,9,17,4,3,5,3,0,1,0,0,0,0,0,636871.9186,5347663.2038,10.844441366,48.267378056,0,1,#66c2a5,bicycle
11738,173055,"9,20092900858242E+018",9,1,62,0,2020,9,11,3,3,6,4,0,1,0,1,0,0,0,691020.0602,5334025.2908,11.567333542,48.130791709,0,1,#66c2a5,bicycle
11739,173056,"9,2009280012014E+018",9,1,74,111,2020,9,18,2,3,0,1,0,1,0,0,0,0,0,667684425,5360775019,11.264569633,48.377842259,1,1,#66c2a5,bicycle
11740,173058,"9,20092500858242E+018",9,1,62,0,2020,9,3,6,3,0,7,2,1,0,0,0,0,0,691862.1093,5334342.6692,11.578781842,48.133391,1,1,#66c2a5,bicycle
11741,173059,"9,2009280085824E+018",9,1,62,0,2020,9,16,2,3,3,2,0,1,1,0,0,0,0,691663.0378,5332800948,11.575415652,48.119594166,1,1,#66c2a5,bicycle
11742,173060,"9,20092700711139E+018",9,7,61,0,2020,9,22,1,3,0,7,2,1,0,0,0,0,0,637494.7176,5361901.8431,10.857475196,48.395276222,0,1,#66c2a5,bicycle
11743,173061,"9,20100100110542E+018",9,1,77,117,2020,10,16,5,2,5,3,0,1,1,0,0,0,0,714479.1448,5353545.9093,11.892103556,48.298721396,0,1,#66c2a5,bicycle
11744,173064,"9,20092800858242E+018",9,1,62,0,2020,9,13,2,3,1,1,0,1,1,0,0,0,0,691362.0319,5336226.7316,11.57291408,48.150475292,1,1,#66c2a5,bicycle
11745,173065,"9,20092700710746E+018",9,7,61,0,2020,9,12,1,2,0,6,0,1,1,0,0,0,0,642186.0322,5361364.8489,10.920633958,48.389407471,0,1,#66c2a5,bicycle
11746,173069,"9,20092900858241E+018",9,1,62,0,2020,9,13,3,3,2,5,0,0,1,0,0,0,0,695434.3897,5336711.3336,11.627831433,48.153592469,1,2,#fc8d62,car
11747,173071,"9,20092500858241E+018",9,1,62,0,2020,9,10,6,3,5,2,0,0,1,0,0,0,1,687412.02,5333979679,11.518870037,48.131454334,1,2,#fc8d62,car
11748,173072,"9,20092800854742E+018",9,1,62,0,2020,9,22,2,3,5,2,2,1,1,0,0,0,0,690734.3776,5340286586,11.566304964,48.187153348,1,1,#66c2a5,bicycle
11749,173073,"9,20092700710441E+018",9,7,61,0,2020,9,17,1,3,0,4,0,0,0,1,1,0,0,641129.9763,5359195874,10.905648787,48.370142098,0,3,#8da0cb,toilet
11750,173074,"9,20093000858241E+018",9,1,62,0,2020,9,6,4,3,4,2,0,1,1,0,0,0,0,694607.1658,5336154.5077,11.616465959,48.14884162,0,1,#66c2a5,bicycle
11751,173077,"9,20092900851541E+018",9,1,62,0,2020,9,11,3,3,5,3,0,0,1,0,0,0,0,689532897,5331887635,11.546416075,48.112022827,1,2,#fc8d62,car
11752,173078,"9,20092500858241E+018",9,1,62,0,2020,9,19,6,3,0,7,2,1,0,0,0,0,0,693203009,5334887.71,11.597032679,48.137884044,1,1,#66c2a5,bicycle
11753,173080,"9,20092900857141E+018",9,1,62,0,2020,9,19,3,3,3,2,2,1,1,0,0,0,0,692542.0815,5334843368,11.588137872,48.137685829,0,1,#66c2a5,bicycle
11754,173081,"9,2009250085824E+018",9,1,62,0,2020,9,14,6,3,1,6,0,1,1,0,0,0,0,690506.7838,5335751.6955,11.561214394,48.146462417,1,1,#66c2a5,bicycle
11755,173082,"9,20092500858239E+018",9,1,62,0,2020,9,17,6,3,5,3,0,0,1,0,0,0,0,678830.7454,5334659.3614,11.403928453,48.140033062,1,2,#fc8d62,car
11756,173084,"9,20092500857141E+018",9,1,62,0,2020,9,7,6,3,5,2,0,1,1,0,0,0,0,683454481,5336481386,11.466809123,48.155094236,1,1,#66c2a5,bicycle
11757,173085,"9,20092800851542E+018",9,1,62,0,2020,9,16,2,3,0,7,0,1,0,0,0,0,0,689308.0799,5332585.3416,11.543708412,48.118360765,1,1,#66c2a5,bicycle
11758,173086,"9,20093000854241E+018",9,1,62,0,2020,9,7,4,3,0,5,0,1,1,0,0,0,0,686334.18,5335675.3893,11.505139853,48.147012448,0,1,#66c2a5,bicycle
11759,173090,"9,2009250085714E+018",9,1,62,0,2020,9,18,6,3,0,3,1,0,1,0,0,0,1,691484404,5337327.2,11.575052882,48.160329306,0,2,#fc8d62,car
11760,173092,"9,20092500857139E+018",9,1,84,145,2020,9,15,6,2,0,7,0,1,0,0,0,0,0,694201.6684,5325448.8335,11.606148705,48.052746231,1,1,#66c2a5,bicycle
11761,173093,"9,20092800712141E+018",9,7,71,130,2020,9,13,2,3,0,1,0,1,0,0,0,0,0,646339.8473,5357839.0113,10.975481867,48.35675571,0,1,#66c2a5,bicycle
11762,173095,"9,20092500857139E+018",9,1,84,134,2020,9,8,6,3,5,3,0,1,1,0,0,0,0,693120.2518,5322141.1742,11.590160158,48.023345394,1,1,#66c2a5,bicycle
11763,173097,"9,20093000851446E+018",9,1,62,0,2020,9,18,4,3,0,5,0,1,1,0,0,0,0,690527.5119,5334799.4328,11.561066717,48.137897307,0,1,#66c2a5,bicycle
11764,173098,"9,2009300014014E+018",9,1,87,150,2020,9,7,4,3,5,3,0,1,1,0,0,0,0,729690.8649,5304569.3823,12.070606239,47.853377287,0,1,#66c2a5,bicycle
11765,173099,"9,20092800210942E+018",9,2,61,0,2020,9,10,2,3,5,3,0,0,1,0,1,0,0,731899.5344,5379565.1419,12.141031495,48.526311058,1,2,#fc8d62,car
11766,173100,"9,20092900710441E+018",9,7,61,0,2020,9,16,3,3,5,3,0,0,1,0,0,0,0,639662.9448,5360354.6607,10.886235961,48.380887928,0,2,#fc8d62,car
11767,173101,"9,20092500854141E+018",9,1,62,0,2020,9,11,6,3,5,3,0,0,1,0,0,0,0,686251.5117,5333289.2713,11.502986217,48.125589336,1,2,#fc8d62,car
11768,173103,"9,20100100141343E+018",9,1,63,0,2020,10,20,5,3,0,7,2,1,0,1,0,0,0,733639.3729,5306385.05,12.124292068,47.868266238,0,1,#66c2a5,bicycle
11769,173105,"9,20092500852139E+018",9,1,62,0,2020,9,7,6,3,3,7,0,0,1,0,1,0,0,691640.6619,5332798.0865,11.575114011,48.119575182,1,2,#fc8d62,car
11770,173107,"9,20092900858242E+018",9,1,62,0,2020,9,12,3,2,5,3,0,0,1,0,1,0,0,693829.5674,5334076776,11.605076904,48.130405104,0,2,#fc8d62,car
11771,173109,"9,2009290085825E+018",9,1,62,0,2020,9,9,3,3,0,7,0,1,0,0,0,0,0,690376182,5335854198,11.55950621,48.147422804,1,1,#66c2a5,bicycle
11772,173111,"9,20092500851541E+018",9,1,62,0,2020,9,16,6,3,3,2,1,1,0,0,0,0,0,690058.2804,5331917.3659,11.553480706,48.112133492,1,1,#66c2a5,bicycle
11773,173112,"9,20092800858242E+018",9,1,62,0,2020,9,17,2,3,6,7,0,0,1,1,0,0,0,689896.0248,5343303.5104,11.556386386,48.214520356,0,2,#fc8d62,car
11774,173114,"9,20100100121542E+018",9,1,81,130,2020,10,16,5,2,0,1,0,1,0,0,0,0,0,635517.7071,5320503.6408,10.817555957,48.023439479,1,1,#66c2a5,bicycle
11775,173116,"9,20092700858246E+018",9,1,62,0,2020,9,19,1,3,0,7,1,1,1,0,0,0,0,692402.9787,5336970.9074,11.587231574,48.156849749,0,1,#66c2a5,bicycle
11776,173118,"9,2009290085824E+018",9,1,62,0,2020,9,10,3,3,5,3,0,0,1,0,0,0,0,689364.5399,5341387.8102,11.548384016,48.197460944,1,2,#fc8d62,car
11777,173119,"9,20092700858242E+018",9,1,62,0,2020,9,1,1,3,5,3,2,0,1,0,0,0,0,693817327,5334377.72,11.605049463,48.133113617,0,2,#fc8d62,car
11778,173121,"9,20092500851441E+018",9,1,62,0,2020,9,17,6,3,5,3,0,0,1,0,0,0,0,687527.7698,5331978.5232,11.519543865,48.113433288,1,2,#fc8d62,car
11779,173122,"9,2009280085444E+018",9,1,62,0,2020,9,11,2,3,0,6,0,0,1,0,1,0,0,686706.2481,5339454.6365,11.511796067,48.180872286,1,2,#fc8d62,car
11780,173123,"9,2009300085824E+018",9,1,62,0,2020,9,7,4,2,5,3,0,1,1,0,0,0,0,690541.0525,5340895.9568,11.56397988,48.19268831,0,1,#66c2a5,bicycle
11781,173125,"9,20100500857143E+018",9,1,62,0,2020,10,20,2,3,2,6,2,0,1,0,1,0,0,691119716,5333099.7521,11.568256494,48.12244311,0,2,#fc8d62,car
11782,173126,"9,20100400857143E+018",9,1,62,0,2020,10,12,1,3,5,2,0,1,1,0,0,0,0,693314587,5330974.7941,11.596756717,48.102681885,0,1,#66c2a5,bicycle
11783,173128,"9,20100500141343E+018",9,1,63,0,2020,10,15,2,2,5,3,0,1,1,0,0,0,0,732101.6274,5304336.1336,12.102660622,47.850415764,0,1,#66c2a5,bicycle
11784,173132,"9,20100400851344E+018",9,1,62,0,2020,10,19,1,3,2,6,2,0,1,0,0,0,0,691385666,5338065.2498,11.574058553,48.166992508,0,2,#fc8d62,car
11785,173133,"9,20100400851245E+018",9,1,62,0,2020,10,3,1,3,1,7,2,1,1,0,0,0,0,691065.6192,5336802.1379,11.56919122,48.155736088,0,1,#66c2a5,bicycle
11786,173145,"9,20100500710643E+018",9,7,61,0,2020,10,16,2,3,6,4,0,0,1,1,0,0,0,638647.3042,5352948.9313,10.870087972,48.314520845,0,2,#fc8d62,car
11787,173150,"9,20100400712543E+018",9,7,72,170,2020,10,16,1,2,5,3,0,0,1,0,0,0,1,631466.1896,5334362157,10.767510507,48.14891267,0,2,#fc8d62,car
11788,173155,"9,20100400711145E+018",9,7,61,0,2020,10,19,1,3,6,4,1,0,1,1,0,0,0,639302558,5360125131,10.881295366,48.378903736,0,2,#fc8d62,car
11789,173156,"9,20100400711142E+018",9,7,61,0,2020,10,15,1,3,5,2,0,0,1,0,1,0,0,639275.6753,5360306.9438,10.880992765,48.380544483,0,2,#fc8d62,car
11790,173157,"9,20100300160942E+018",9,1,73,126,2020,10,13,7,3,4,2,0,0,1,0,0,0,0,684522.2268,5306015.1123,11.468039637,47.880931371,1,2,#fc8d62,car
11791,173158,"9,20100300140744E+018",9,1,82,120,2020,10,10,7,3,6,4,0,0,1,1,0,0,0,701701.5917,5307020.7955,11.698036162,47.884803447,0,2,#fc8d62,car
11792,173160,"9,20100400710643E+018",9,7,61,0,2020,10,16,1,3,4,2,0,0,1,0,0,0,0,639356.6658,5358672.1747,10.881544124,48.365827177,0,2,#fc8d62,car
11793,173161,"9,20100300140142E+018",9,1,87,122,2020,10,13,7,3,0,1,0,1,0,0,0,0,0,721360683,5304050715,11.959135864,47.851639782,0,1,#66c2a5,bicycle
11794,173162,"9,20100300121542E+018",9,1,81,130,2020,10,15,7,2,9,7,0,0,1,0,0,0,0,639909142,5323711667,10.877469553,48.051340307,1,2,#fc8d62,car
11795,173163,"9,20100300120343E+018",9,1,81,115,2020,10,17,7,3,5,3,0,0,1,0,0,0,0,657486.3994,5327233.5052,11.114482415,48.078909867,1,2,#fc8d62,car
11796,173165,"9,20100200858245E+018",9,1,62,0,2020,10,19,6,2,6,4,2,0,0,1,0,0,1,691733.7911,5334948.8031,11.577331774,48.138877517,0,3,#8da0cb,toilet
11797,173166,"9,20100500131346E+018",9,1,86,143,2020,10,11,2,3,3,6,0,1,1,0,0,0,0,685491.8611,5377956.2545,11.512441714,48.527281633,0,1,#66c2a5,bicycle
11798,173167,"9,20100200858244E+018",9,1,62,0,2020,10,22,6,3,3,2,2,1,1,0,0,0,0,692616.7968,5334797.5695,11.589120417,48.137251592,0,1,#66c2a5,bicycle
11799,173168,"9,20100200858243E+018",9,1,62,0,2020,10,5,6,3,5,3,2,0,1,0,0,0,0,689236.1333,5340135.4455,11.546099702,48.18624298,0,2,#fc8d62,car
11800,173169,"9,20100200858243E+018",9,1,62,0,2020,10,12,6,3,0,7,0,0,1,1,0,0,0,698707176,5333290558,11.670192678,48.121835264,0,2,#fc8d62,car
11801,173171,"9,20100200858243E+018",9,1,62,0,2020,10,16,6,3,0,3,0,0,1,0,0,0,1,691050.8734,5333174.5622,11.567365882,48.12313616,0,2,#fc8d62,car
11802,173172,"9,20100200858243E+018",9,1,62,0,2020,10,17,6,3,5,3,0,1,1,0,0,0,0,686477.4508,5337675.2513,11.507940549,48.164945857,0,1,#66c2a5,bicycle
11803,173173,"9,20100200858242E+018",9,1,62,0,2020,10,14,6,3,5,3,0,1,1,0,0,0,0,693699809,5334653.0067,11.60359679,48.135623581,0,1,#66c2a5,bicycle
11804,173174,"9,20100500857143E+018",9,1,62,0,2020,10,17,2,3,1,1,0,1,1,0,0,0,0,696385.7748,5333571.7941,11.639162176,48.125083095,0,1,#66c2a5,bicycle
11805,173176,"9,20100200857143E+018",9,1,62,0,2020,10,14,6,3,3,6,0,0,1,0,0,0,0,684154.1604,5333490.6246,11.474914882,48.128009385,0,2,#fc8d62,car
11806,173177,"9,20100500121543E+018",9,1,81,118,2020,10,17,2,2,5,3,0,1,1,0,0,0,0,650137.2911,5327479.7412,11.015961416,48.082896834,0,1,#66c2a5,bicycle
11807,173178,"9,20100200857143E+018",9,1,62,0,2020,10,7,6,3,6,4,0,0,1,1,0,0,0,696788.2833,5331805.4093,11.64375023,48.10908358,0,2,#fc8d62,car
11808,173179,"9,20100200857143E+018",9,1,62,0,2020,10,6,6,3,1,7,1,0,1,0,1,0,0,689612.26,5340119288,11.55114793,48.185985605,0,2,#fc8d62,car
11809,173180,"9,20100200854445E+018",9,1,62,0,2020,10,18,6,3,5,3,2,1,1,0,0,0,0,687979.3518,5338634.1304,11.52854324,48.173122096,0,1,#66c2a5,bicycle
11810,173183,"9,20100200854443E+018",9,1,62,0,2020,10,9,6,3,5,2,0,1,1,0,0,0,0,686673.8088,5339463838,11.511364132,48.180964522,0,1,#66c2a5,bicycle
11811,173186,"9,20100200851542E+018",9,1,62,0,2020,10,17,6,3,3,2,0,1,1,0,0,0,0,688711.8915,5333410.5203,11.536070941,48.125954576,0,1,#66c2a5,bicycle
11812,173189,"9,20100500740745E+018",9,7,62,0,2020,10,7,2,3,5,3,0,0,1,0,0,0,1,619501.6875,5303086.4612,10.59800554,47.869990806,0,2,#fc8d62,car
11813,173200,"9,20100200712147E+018",9,7,71,130,2020,10,13,6,3,5,3,0,1,1,0,0,0,0,646296.5647,5357817.5305,10.974890477,48.3565726,0,1,#66c2a5,bicycle
11814,173201,"9,20100200711343E+018",9,7,61,0,2020,10,21,6,3,2,6,2,0,1,0,0,0,0,639120.9826,5359148.0508,10.878521212,48.370158133,1,2,#fc8d62,car
11815,173202,"9,20100200711144E+018",9,7,61,0,2020,10,8,6,3,2,6,0,0,1,0,0,0,0,637397.6998,5361489.3245,10.856030299,48.391588067,0,2,#fc8d62,car
11816,173203,"9,20100200710646E+018",9,7,61,0,2020,11,9,2,3,5,2,0,1,1,0,0,0,0,640568.8145,5353724.5232,10.896249358,48.321070557,0,1,#66c2a5,bicycle
11817,173212,"9,20100500857144E+018",9,1,62,0,2020,10,13,2,3,2,6,0,0,1,0,0,0,1,692691.0627,5333370933,11.589472477,48.124406814,0,2,#fc8d62,car
11818,173215,"9,20100500120943E+018",9,1,79,113,2020,10,7,2,3,0,7,1,0,0,0,1,0,0,668156693,5334622.8175,11.260547817,48.142615214,1,4,#e78ac3,marker
11819,173219,"9,20100500110143E+018",9,1,77,139,2020,10,17,2,3,0,1,0,0,0,0,0,0,1,731038.7607,5358995.4319,12.118052588,48.341848219,0,6,#ffd92f,circle
11820,173226,"9,20100500852243E+018",9,1,62,0,2020,10,8,2,3,0,1,0,1,0,0,0,0,0,694607.5263,5336154.4891,11.616470792,48.148841342,1,1,#66c2a5,bicycle
11821,173229,"9,20100400858246E+018",9,1,62,0,2020,10,14,1,3,0,7,0,0,1,0,0,0,0,692198.5695,5341573.9746,11.586567369,48.198282718,0,2,#fc8d62,car
11822,173252,"9,20100500710745E+018",9,7,61,0,2020,10,17,2,3,5,3,0,0,1,0,1,0,0,642268.3907,5361751.7336,10.921876838,48.392867574,0,2,#fc8d62,car
11823,173261,"9,20100400858245E+018",9,1,62,0,2020,10,23,1,3,5,2,2,0,1,0,0,0,0,697597.9353,5330164.4322,11.653855663,48.094084885,0,2,#fc8d62,car
11824,173269,"9,20100400131343E+018",9,1,86,152,2020,10,10,1,2,0,1,0,1,0,0,0,0,0,694124.2681,5374731.3582,11.627740194,48.495689811,0,1,#66c2a5,bicycle
11825,173270,"9,20100200210946E+018",9,2,74,126,2020,10,16,6,3,5,3,0,1,1,0,0,0,0,733345.8061,5382440081,12.162199652,48.551599744,0,1,#66c2a5,bicycle
11826,173275,"9,20100400858244E+018",9,1,62,0,2020,10,10,1,3,5,2,0,1,1,0,0,0,0,691795.6875,5332039.7636,11.576853876,48.11271278,0,1,#66c2a5,bicycle
11827,173277,"9,20100500217551E+018",9,2,61,0,2020,10,22,2,3,3,6,2,0,1,0,1,0,0,731595.2499,5381545.6549,12.13801682,48.544214008,0,2,#fc8d62,car
11828,173281,"9,20100200121544E+018",9,1,81,128,2020,10,12,6,3,0,3,0,0,1,0,1,0,0,638259.9724,5327772.8702,10.856664699,48.08821949,0,2,#fc8d62,car
11829,173282,"9,20100200121543E+018",9,1,81,130,2020,10,8,6,3,5,3,0,1,1,0,0,0,0,639109.3607,5324466.5711,10.866988515,48.058303481,0,1,#66c2a5,bicycle
11830,173283,"9,20100500857143E+018",9,1,62,0,2020,10,13,2,3,2,2,0,0,1,0,1,1,0,695496.1852,5336060.9244,11.628362706,48.147727943,0,2,#fc8d62,car
11831,173284,"9,20100400121943E+018",9,1,88,139,2020,10,10,1,3,0,1,0,1,0,0,0,0,0,674036.6161,5318392.2965,11.332918079,47.995128195,1,1,#66c2a5,bicycle
11832,173285,"9,20100200120547E+018",9,1,79,121,2020,10,17,6,3,0,6,0,1,0,0,0,0,0,666041.9059,5338144.0219,11.233515381,48.174826643,0,1,#66c2a5,bicycle
11833,173286,"9,20100400858243E+018",9,1,62,0,2020,10,13,1,2,5,3,0,1,1,0,0,0,0,687271.8157,5334368.6215,11.517158504,48.134991528,0,1,#66c2a5,bicycle
11834,173287,"9,20100200120142E+018",9,1,74,115,2020,10,17,6,2,1,1,0,0,1,1,0,0,1,682849.0996,5347945.2397,11.463616627,48.258312029,0,2,#fc8d62,car
11835,173288,"9,20100200120142E+018",9,1,74,131,2020,10,14,6,3,8,1,0,0,0,0,1,0,0,676346711,5359043697,11.380724971,48.359918415,0,4,#e78ac3,marker
11836,173289,"9,20100200110547E+018",9,1,77,130,2020,10,12,6,2,6,4,0,0,1,1,0,0,0,711080.1241,5350516.2403,11.844815836,48.272640801,0,2,#fc8d62,car
11837,173290,"9,20100400110746E+018",9,1,78,124,2020,10,15,1,3,4,6,0,1,0,0,0,0,0,702738409,5364232.4546,11.739126329,48.398625131,0,1,#66c2a5,bicycle
11838,173291,"9,20100400110743E+018",9,1,78,113,2020,10,14,1,3,9,1,0,0,0,0,0,0,1,690966.2826,5368409.0993,11.582152017,48.439837368,0,6,#ffd92f,circle
11839,173292,"9,20100100858245E+018",9,1,62,0,2020,10,17,5,3,6,6,0,1,0,1,0,0,0,688909.4021,5342896.5141,11.542936806,48.211156729,0,1,#66c2a5,bicycle
11840,173293,"9,20100500715047E+018",9,7,71,122,2020,10,14,2,3,8,2,1,0,1,0,0,1,0,654283.5709,5362694.5666,11.084426661,48.398519335,0,2,#fc8d62,car
11841,173294,"9,20100300858244E+018",9,1,62,0,2020,10,0,7,3,0,7,2,1,0,0,0,0,0,688651.9134,5332950.3333,11.535062055,48.121836111,1,1,#66c2a5,bicycle
11842,173295,"9,20100100858244E+018",9,1,62,0,2020,10,17,5,3,6,4,0,0,0,1,0,0,1,691766.4635,5335471.0202,11.57800566,48.143561279,0,3,#8da0cb,toilet
11843,173296,"9,20100100858244E+018",9,1,62,0,2020,10,19,5,3,5,3,2,1,1,0,0,0,0,690021045,5331838.4387,11.552945792,48.111435199,0,1,#66c2a5,bicycle
11844,173298,"9,20100100858243E+018",9,1,62,0,2020,10,12,5,3,0,7,0,0,0,0,0,0,1,687740.3983,5334543.2421,11.523527449,48.136423,0,6,#ffd92f,circle
11845,173300,"9,20100300858244E+018",9,1,62,0,2020,10,22,7,3,5,2,2,0,1,0,0,0,1,689699.1132,5331909.1126,11.548656488,48.112166386,1,2,#fc8d62,car
11846,173301,"9,20100100858243E+018",9,1,62,0,2020,10,16,5,3,5,3,0,1,1,0,0,0,0,687942924,5334056.2713,11.526032138,48.131986219,0,1,#66c2a5,bicycle
11847,173302,"9,20100100858243E+018",9,1,62,0,2020,10,8,5,3,0,7,0,1,0,0,0,0,0,682136.7384,5335934.3091,11.448872897,48.150555485,1,1,#66c2a5,bicycle
11848,173303,"9,20100100857143E+018",9,1,62,0,2020,10,7,5,3,1,3,0,1,1,0,0,0,0,692753.3359,5330452.2482,11.588989545,48.098155373,0,1,#66c2a5,bicycle
11849,173304,"9,20100100857143E+018",9,1,62,0,2020,10,15,5,3,5,3,0,1,1,0,0,0,0,693471.5712,5338357.3952,11.602216179,48.168986806,0,1,#66c2a5,bicycle
11850,173305,"9,20100300858243E+018",9,1,62,0,2020,10,13,7,3,5,3,0,0,1,0,0,0,1,683873.2018,5335315.0562,11.471930163,48.144489676,0,2,#fc8d62,car
11851,173306,"9,20100100857143E+018",9,1,62,0,2020,10,19,5,3,4,2,2,0,1,0,0,0,0,694369.5072,5341715.9719,11.615816972,48.19889814,0,2,#fc8d62,car
11852,173308,"9,20100300858243E+018",9,1,62,0,2020,10,12,7,3,1,5,0,1,1,0,0,0,0,687192.7416,5337886.4914,11.517643877,48.166634319,0,1,#66c2a5,bicycle
11853,173309,"9,20100100857143E+018",9,1,84,112,2020,10,19,5,3,5,3,2,1,1,0,0,0,0,702104.2279,5338930.2949,11.718466069,48.171449431,0,1,#66c2a5,bicycle
11854,173310,"9,20100100854245E+018",9,1,62,0,2020,10,21,5,3,5,3,2,1,0,0,0,0,0,690480.2831,5337264.7254,11.561535683,48.160069385,0,1,#66c2a5,bicycle
11855,173311,"9,20100100854242E+018",9,1,62,0,2020,10,22,5,3,0,7,2,1,0,0,0,0,0,690167.1217,5336096.8438,11.556806808,48.149666232,0,1,#66c2a5,bicycle
11856,173312,"9,20100300858243E+018",9,1,62,0,2020,10,2,7,3,1,1,2,1,1,0,0,0,0,691020.1048,5342278.3327,11.571041449,48.204968943,0,1,#66c2a5,bicycle
11857,173313,"9,20100100851544E+018",9,1,62,0,2020,10,18,5,3,5,2,1,0,1,0,0,0,0,689680.5883,5332184.5384,11.548530348,48.114647457,0,2,#fc8d62,car
11858,173314,"9,20100300858242E+018",9,1,62,0,2020,10,2,7,3,0,1,2,1,0,0,0,0,0,688819.89,5332772786,11.537238357,48.120190494,0,1,#66c2a5,bicycle
11859,173315,"9,20100100851443E+018",9,1,62,0,2020,10,18,5,2,3,2,0,1,1,0,0,0,0,688574.8953,5332133.2761,11.533666802,48.114515059,0,1,#66c2a5,bicycle
11860,173318,"9,20100300857143E+018",9,1,62,0,2020,10,7,7,3,1,1,0,0,1,0,0,0,0,698521.4657,5334400.0378,11.668216729,48.131864334,0,2,#fc8d62,car
11861,173323,"9,20100300854143E+018",9,1,62,0,2020,10,8,7,3,5,3,0,0,1,0,0,0,1,686266.4819,5331080.4159,11.502222397,48.105730853,0,2,#fc8d62,car
11862,173325,"9,20100400858243E+018",9,1,62,0,2020,10,12,1,3,2,6,0,0,1,0,1,0,0,692706.9051,5330700.8913,11.588478821,48.10040418,0,2,#fc8d62,car
11863,173326,"9,20100100740143E+018",9,7,77,121,2020,10,15,5,3,0,1,0,1,0,0,0,0,0,628566.8861,5321948.8818,10.72481064,48.03787342,0,1,#66c2a5,bicycle
11864,173327,"9,20100100711942E+018",9,7,72,163,2020,10,9,5,3,6,4,0,0,1,1,0,0,0,639885.5762,5347204.4921,10.884878133,48.262594974,0,2,#fc8d62,car
11865,173328,"9,20100100711142E+018",9,7,61,0,2020,10,13,5,3,6,3,0,0,1,1,0,0,0,638961.5995,5362607.5866,10.877514503,48.401300518,0,2,#fc8d62,car
11866,173329,"9,20100400858243E+018",9,1,62,0,2020,10,3,1,3,5,3,2,1,1,0,0,0,0,692547602,5334153921,11.587900388,48.131487557,1,1,#66c2a5,bicycle
11867,173330,"9,20100100710643E+018",9,7,61,0,2020,10,17,5,3,2,1,0,0,1,0,0,0,0,641335.7901,5359324.1231,10.908469352,48.371249207,0,2,#fc8d62,car
11868,173332,"9,20100100710443E+018",9,7,61,0,2020,10,16,5,3,0,7,0,1,0,0,0,0,0,641167231,5359690.6055,10.906317642,48.374582202,0,1,#66c2a5,bicycle
11869,173333,"9,2010010071015E+018",9,7,71,113,2020,10,17,5,3,5,3,0,0,1,0,0,0,0,656554.2685,5367272208,11.11679169,48.4391144,0,2,#fc8d62,car
11870,173335,"9,20100500854442E+018",9,1,62,0,2020,10,10,2,3,3,6,0,0,1,0,1,0,0,688231.4595,5339993714,11.532533143,48.185267565,0,2,#fc8d62,car
11871,173336,"9,20100300853142E+018",9,1,84,134,2020,10,12,7,2,0,1,0,1,0,0,0,0,0,692124738,5322790244,11.577113192,48.029479396,0,1,#66c2a5,bicycle
11872,173338,"9,20100400858243E+018",9,1,62,0,2020,10,10,1,3,2,6,0,0,1,0,0,0,0,692215.5892,5330782.9499,11.581923277,48.101290115,0,2,#fc8d62,car
11873,173342,"9,20100300852943E+018",9,1,62,0,2020,10,17,7,3,0,7,0,1,0,0,0,0,0,687608.1559,5327934763,11.518845811,48.077062975,1,1,#66c2a5,bicycle
11874,173345,"9,20100300852142E+018",9,1,62,0,2020,10,8,7,3,0,1,0,1,0,0,0,0,0,693196.2068,5333304.5911,11.596223553,48.123657461,0,1,#66c2a5,bicycle
11875,173346,"9,20100300851143E+018",9,1,62,0,2020,10,14,7,3,3,5,0,1,1,0,0,0,0,691247.8882,5334435.8279,11.570576665,48.134413167,0,1,#66c2a5,bicycle
11876,173357,"9,20100300740145E+018",9,7,77,145,2020,10,0,7,3,8,6,2,0,1,0,0,0,0,631270.6461,5325586.2463,10.762181875,48.070033508,0,2,#fc8d62,car
11877,173359,"9,20100500711347E+018",9,7,61,0,2020,10,15,2,2,4,6,0,1,0,0,0,0,0,638342.2869,5359364783,10.868083783,48.37227812,0,1,#66c2a5,bicycle
11878,173365,"9,20100300711943E+018",9,7,72,163,2020,10,20,7,2,3,2,2,1,0,0,0,0,0,639859.7168,5348364.9488,10.884913696,48.273035385,0,1,#66c2a5,bicycle
11879,173369,"9,20100300711148E+018",9,7,61,0,2020,10,19,7,3,1,6,2,0,1,0,0,0,0,638837602,5360367174,10.875099548,48.381182616,0,2,#fc8d62,car
11880,173376,"9,20100100210944E+018",9,2,61,0,2020,10,11,5,3,0,1,0,1,0,0,0,0,0,733846.3267,5381796.2529,12.168610248,48.545630144,0,1,#66c2a5,bicycle
11881,173377,"9,20100400857143E+018",9,1,62,0,2020,10,14,1,3,2,7,0,1,0,0,0,0,0,690711.1277,5333127.8659,11.562784186,48.122818313,0,1,#66c2a5,bicycle