fid,OBJECTID,UIDENTSTLA,ULAND,UREGBEZ,UKREIS,UGEMEINDE,UJAHR,UMONAT,USTUNDE,UWOCHENTAG,UKATEGORIE,UART,UTYP1,ULICHTVERH,IstRad,IstPKW,IstFuss,IstKrad,IstGkfz,IstSonstig,LINREFX,LINREFY,XGCSWGS84,YGCSWGS84,STRZUSTAND,Teilnehmer,color,symbol
11882,173378,"9,20100100210943E+018",9,2,61,0,2020,10,7,5,3,8,1,0,1,0,0,0,0,0,732583.8633,5381084.6813,12.151133748,48.539707549,1,1,#66c2a5,bicycle
11883,173384,"9,20100100160943E+018",9,1,73,126,2020,10,13,5,3,0,2,0,1,1,0,0,0,0,684498.4145,5306046.0611,11.467734666,47.881216413,0,1,#66c2a5,bicycle
11884,173385,"9,20100500851343E+018",9,1,62,0,2020,10,17,2,3,9,6,0,1,0,0,0,0,0,692072.1821,5336569.7655,11.582607003,48.153344367,0,1,#66c2a5,bicycle
11885,173389,"9,20100600852343E+018",9,1,62,0,2020,10,7,3,3,1,7,0,0,1,0,1,0,0,692268.24,5331424426,11.582918791,48.107039735,1,2,#fc8d62,car
11886,173391,"9,20100600858243E+018",9,1,62,0,2020,10,16,3,3,1,5,0,1,1,0,0,0,0,692294883,5338132.5747,11.586304695,48.167323229,1,1,#66c2a5,bicycle
11887,173394,"9,20100600851244E+018",9,1,62,0,2020,10,21,3,3,0,1,2,1,0,0,0,0,0,691353.8786,5336206.0132,11.572795257,48.15029153,1,1,#66c2a5,bicycle
11888,173396,"9,20100600851144E+018",9,1,62,0,2020,10,11,3,3,0,7,0,0,0,0,0,0,1,691523.5319,5334551.5954,11.574329782,48.135370781,0,6,#ffd92f,circle
11889,173397,"9,20100800858245E+018",9,1,62,0,2020,10,15,5,3,5,3,0,1,1,0,0,0,0,695688.5097,5329902.3769,11.628118966,48.092318787,0,1,#66c2a5,bicycle
11890,173404,"9,20100900730344E+018",9,7,73,182,2020,10,9,6,3,6,4,0,0,0,1,0,0,1,623972.4082,5380245.6685,10.680323091,48.563038079,0,3,#8da0cb,toilet
11891,173407,"9,20100700710745E+018",9,7,61,0,2020,10,13,4,3,4,6,0,1,1,0,0,0,0,642085.4159,5360277.6105,10.918907988,48.379654209,0,1,#66c2a5,bicycle
11892,173409,"9,20100800858243E+018",9,1,84,149,2020,10,18,5,2,0,6,1,0,1,0,1,0,0,689959.5202,5350645.1638,11.560534158,48.280486777,0,2,#fc8d62,car
11893,173413,"9,20100800121543E+018",9,1,81,116,2020,10,6,5,3,5,3,0,0,1,0,0,0,0,647376.1958,5340266.6717,10.983335722,48.198515844,1,2,#fc8d62,car
11894,173417,"9,20100800852143E+018",9,1,62,0,2020,10,19,5,3,4,6,2,1,0,0,0,0,0,694615.3292,5334051341,11.615614566,48.129936746,0,1,#66c2a5,bicycle
11895,173418,"9,20100600858243E+018",9,1,62,0,2020,10,18,3,3,3,2,0,1,1,0,0,0,0,690221.32,5335422.4523,11.557233429,48.143588606,1,1,#66c2a5,bicycle
11896,173419,"9,20100600715047E+018",9,7,61,0,2020,10,17,3,2,6,4,0,0,1,1,0,0,0,638776.2342,5360378.8653,10.874275054,48.381301243,1,2,#fc8d62,car
11897,173421,"9,20100600715047E+018",9,7,72,125,2020,10,10,3,3,5,3,0,0,1,0,0,0,0,635686.7819,5347327.3994,10.828371594,48.264613436,1,2,#fc8d62,car
11898,173422,"9,20100800857143E+018",9,1,62,0,2020,10,16,5,3,6,7,0,1,0,1,0,0,0,697487825,5330564.95,11.652563735,48.097718621,0,1,#66c2a5,bicycle
11899,173423,"9,20100600715043E+018",9,7,61,0,2020,10,18,3,3,0,1,0,1,0,0,0,0,0,640540.6397,5359319.7996,10.897737065,48.371387905,1,1,#66c2a5,bicycle
11900,173426,"9,20100700858244E+018",9,1,62,0,2020,10,9,4,2,0,5,0,1,1,0,0,0,0,693569.6218,5334007.5121,11.601555498,48.129861686,1,1,#66c2a5,bicycle
11901,173429,"9,20100600712151E+018",9,7,71,130,2020,10,18,3,3,0,1,0,1,0,0,0,0,0,646416.0555,5357837.7318,10.976509541,48.356726539,1,1,#66c2a5,bicycle
11902,173431,"9,20100600858243E+018",9,1,62,0,2020,10,16,3,2,0,7,0,1,0,0,0,0,0,682744.9481,5337421.9977,11.457681603,48.163753351,1,1,#66c2a5,bicycle
11903,173433,"9,20100600712144E+018",9,7,71,142,2020,10,11,3,2,5,3,0,0,1,0,0,0,0,645648874,5351624.5454,10.964012377,48.301038897,1,2,#fc8d62,car
11904,173434,"9,20100700854243E+018",9,1,62,0,2020,10,13,4,3,0,1,0,1,0,0,0,0,0,688124.8274,5336868.9111,11.529717262,48.157213005,0,1,#66c2a5,bicycle
11905,173436,"9,20100700858243E+018",9,1,62,0,2020,10,19,4,3,2,6,1,0,1,0,0,0,0,700173.0588,5334650.7591,11.690507388,48.133600316,1,2,#fc8d62,car
11906,173438,"9,20100700210947E+018",9,2,61,0,2020,10,18,4,3,5,2,2,1,1,0,0,0,0,732241.1156,5381572911,12.146769486,48.544220128,1,1,#66c2a5,bicycle
11907,173440,"9,20100800740743E+018",9,7,62,0,2020,10,9,5,3,1,6,0,1,1,0,0,0,0,620690.5408,5304050.6018,10.614166034,47.878439782,0,1,#66c2a5,bicycle
11908,173441,"9,20100600858243E+018",9,1,84,145,2020,10,6,3,3,5,3,1,1,1,0,0,0,0,694836044,5324746893,11.61433319,48.046244041,1,1,#66c2a5,bicycle
11909,173446,"9,2010070071215E+018",9,7,71,130,2020,10,17,4,3,4,6,0,0,1,0,0,0,0,650302403,5358626.3578,11.029220328,48.362903948,0,2,#fc8d62,car
11910,173448,"9,20100800858243E+018",9,1,88,127,2020,10,8,5,3,5,7,0,1,1,0,0,0,0,679065.3473,5330069.6659,11.405151551,48.098710049,1,1,#66c2a5,bicycle
11911,173452,"9,20100900120143E+018",9,1,74,115,2020,10,9,6,3,5,3,0,1,1,0,0,0,0,680442.5733,5347169.4625,11.430892051,48.252028681,0,1,#66c2a5,bicycle
11912,173454,"9,20100800710643E+018",9,7,61,0,2020,10,8,5,3,2,1,0,0,1,0,0,0,0,639728.6562,5356999.8393,10.886008455,48.350707733,0,2,#fc8d62,car
11913,173455,"9,20100900710647E+018",9,7,61,0,2020,10,2,6,3,9,1,2,0,1,0,0,0,0,638772.3272,5357238.4668,10.873186129,48.353064289,0,2,#fc8d62,car
11914,173460,"9,20100800858243E+018",9,1,62,0,2020,10,8,5,3,3,6,0,0,1,0,0,0,0,688178.3452,5339009.6818,11.53138348,48.17643871,0,2,#fc8d62,car
11915,173464,"9,20100800110543E+018",9,1,77,119,2020,10,12,5,2,0,7,0,1,1,0,0,0,0,721311.2935,5341039.2295,11.977568536,48.184001339,0,1,#66c2a5,bicycle
11916,173468,"9,20100900210943E+018",9,2,61,0,2020,10,15,6,3,0,1,0,1,0,0,0,0,0,731094.2037,5380295382,12.13054516,48.533167671,0,1,#66c2a5,bicycle
11917,173471,"9,20100800852444E+018",9,1,62,0,2020,10,16,5,3,5,3,0,1,1,0,0,0,0,694975.8822,5334103385,11.620478931,48.130294156,0,1,#66c2a5,bicycle
11918,173475,"9,20100700858244E+018",9,1,84,149,2020,10,17,4,3,5,3,0,0,1,1,0,0,0,691894.4593,5350562.0196,11.586550692,48.279156074,0,2,#fc8d62,car
11919,173476,"9,20100900140143E+018",9,1,87,179,2020,10,17,6,3,0,6,0,0,1,0,1,0,0,725041.0528,5313417131,12.013147806,47.934518379,0,2,#fc8d62,car
11920,173480,"9,20100600858243E+018",9,1,62,0,2020,10,22,3,3,5,2,2,0,1,0,1,0,0,692442.0292,5341926.6539,11.590000208,48.201378749,1,2,#fc8d62,car
11921,173483,"9,20100800851543E+018",9,1,62,0,2020,10,16,5,3,6,3,0,1,0,1,0,0,0,689848.5754,5332526.3894,11.550937279,48.117669986,0,1,#66c2a5,bicycle
11922,173484,"9,20100600857155E+018",9,1,62,0,2020,10,17,3,3,6,7,0,0,1,1,0,0,0,692291.8799,5334453.4052,11.584602198,48.134256573,0,2,#fc8d62,car
11923,173487,"9,20100700857143E+018",9,1,62,0,2020,10,10,4,3,0,3,0,1,1,0,0,0,0,688481054,5336056982,11.534142994,48.149809794,1,1,#66c2a5,bicycle
11924,173491,"9,20100800740145E+018",9,7,77,121,2020,10,13,5,3,2,6,0,1,0,0,0,0,0,628753.5642,5321169.5981,10.727079595,48.030827672,0,1,#66c2a5,bicycle
11925,173492,"9,20100600857143E+018",9,1,62,0,2020,10,18,3,3,4,2,0,1,1,0,0,0,0,689826.6196,5334730.1054,11.551624149,48.137483658,1,1,#66c2a5,bicycle
11926,173495,"9,20100700152544E+018",9,1,83,126,2020,10,15,4,3,4,6,0,1,1,0,0,0,0,730264.7951,5337608.3282,12.095994349,48.149997487,1,1,#66c2a5,bicycle
11927,173503,"9,20100900111151E+018",9,1,78,130,2020,10,16,6,3,5,2,0,0,1,0,1,0,0,704057.1756,5356545.1209,11.753193984,48.329119837,0,2,#fc8d62,car
11928,173506,"9,20100900710447E+018",9,7,61,0,2020,10,11,6,3,6,4,0,0,1,1,0,0,0,640171.3883,5359657.8408,10.89286655,48.374509587,0,2,#fc8d62,car
11929,173512,"9,20100800857143E+018",9,1,62,0,2020,10,8,5,3,5,3,0,0,1,0,0,0,0,688195371,5332348.9619,11.528667903,48.116565957,1,2,#fc8d62,car
11930,173513,"9,20100700710747E+018",9,7,61,0,2020,10,7,4,3,0,6,1,0,0,0,1,0,1,641790.8015,5360250.0767,10.914922153,48.379472917,1,4,#e78ac3,marker
11931,173515,"9,20100800858243E+018",9,1,62,0,2020,10,16,5,3,1,6,0,0,1,1,1,0,0,679293303,5335327463,11.410421992,48.145908449,0,2,#fc8d62,car
11932,173519,"9,20100800121943E+018",9,1,88,139,2020,10,17,5,2,0,1,0,1,0,0,0,0,0,674835185,5319831.5843,11.34419989,48.007849059,0,1,#66c2a5,bicycle
11933,173524,"9,20100800852243E+018",9,1,62,0,2020,10,16,5,3,5,3,0,0,1,0,0,0,0,697072.7672,5337698653,11.650294184,48.161960261,0,2,#fc8d62,car
11934,173525,"9,20100600857143E+018",9,1,62,0,2020,10,13,3,3,5,3,0,1,0,0,0,0,1,692626422,5336945594,11.59022156,48.156554597,1,1,#66c2a5,bicycle
11935,173529,"9,20100700858243E+018",9,1,62,0,2020,10,7,4,3,5,2,0,1,1,0,0,0,0,690648.2574,5334072.9491,11.562362977,48.131331532,1,1,#66c2a5,bicycle
11936,173533,"9,20100700858244E+018",9,1,62,0,2020,10,22,4,3,5,3,2,0,1,0,0,0,0,686431.1607,5329808.7596,11.503876969,48.094252493,1,2,#fc8d62,car
11937,173538,"9,20100600857143E+018",9,1,62,0,2020,10,13,3,3,5,3,0,1,1,0,0,0,0,687993.2459,5339139.1765,11.528953311,48.17765741,0,1,#66c2a5,bicycle
11938,173541,"9,20100700854344E+018",9,1,62,0,2020,10,16,4,3,5,3,0,0,1,0,0,0,0,688828307,5342486151,11.541663653,48.207492518,1,2,#fc8d62,car
11939,173542,"9,20100700141343E+018",9,1,63,0,2020,10,13,4,3,1,7,0,0,1,0,1,0,0,733869.8333,5305136.2918,12.126693733,47.856963557,0,2,#fc8d62,car
11940,173543,"9,20100900120943E+018",9,1,79,123,2020,10,16,6,3,5,3,0,1,1,0,0,0,0,676732.3217,5332508.2779,11.374853497,48.12128278,0,1,#66c2a5,bicycle
11941,173548,"9,20100600857143E+018",9,1,62,0,2020,10,18,3,3,4,2,0,0,1,0,1,0,0,689605.5866,5342334.1409,11.552047306,48.205894578,1,2,#fc8d62,car
11942,173552,"9,20100700712543E+018",9,7,72,200,2020,10,12,4,3,0,1,0,1,0,0,0,0,0,630690.3225,5337877.6643,10.758164811,48.180686439,1,1,#66c2a5,bicycle
11943,173554,"9,20100800858244E+018",9,1,62,0,2020,10,6,5,2,4,2,2,0,1,0,1,0,0,690360.8593,5332561.8192,11.557829395,48.117835496,1,2,#fc8d62,car
11944,173561,"9,20100800710643E+018",9,7,61,0,2020,10,21,5,3,4,2,2,0,1,0,0,0,0,641122.0463,5351853.5846,10.903082186,48.304124341,0,2,#fc8d62,car
11945,173562,"9,20100900711344E+018",9,7,61,0,2020,10,6,6,3,5,3,2,1,1,0,0,0,0,638678.0207,5358118.2361,10.872203787,48.360995731,0,1,#66c2a5,bicycle
11946,173563,"9,20100800210943E+018",9,2,61,0,2020,10,11,5,2,5,3,0,1,1,0,0,0,0,732283.1686,5382355.3296,12.147774683,48.551232823,0,1,#66c2a5,bicycle
11947,173565,"9,20100700710643E+018",9,7,61,0,2020,10,9,4,3,1,2,0,0,1,0,0,0,0,640647.9534,5357548.6337,10.898593129,48.355438261,1,2,#fc8d62,car
11948,173566,"9,20100600210944E+018",9,2,74,124,2020,10,19,3,3,9,1,2,0,1,0,0,0,0,722807.2978,5374897.9927,12.015569543,48.487674424,1,2,#fc8d62,car
11949,173567,"9,20100800858243E+018",9,1,62,0,2020,10,9,5,3,6,3,0,0,0,1,1,0,0,689585.1449,5335290.4343,11.548631045,48.142591912,0,3,#8da0cb,toilet
11950,173571,"9,20100800120143E+018",9,1,74,126,2020,10,7,5,3,0,3,0,0,1,0,1,0,0,684512829,5344667.0044,11.484582753,48.228363903,1,2,#fc8d62,car
11951,173575,"9,20100800852143E+018",9,1,62,0,2020,10,8,5,3,5,2,0,0,0,0,1,0,1,693789488,5333871026,11.604445245,48.128568093,1,4,#e78ac3,marker
11952,173576,"9,20100900210946E+018",9,2,61,0,2020,10,16,6,3,6,4,0,1,0,1,0,0,0,732617.9844,5380654.6403,12.151355291,48.535831966,0,1,#66c2a5,bicycle
11953,173579,"9,20100800857143E+018",9,1,62,0,2020,10,8,5,3,3,6,0,0,1,0,1,0,0,691012.1637,5333226.8301,11.566869659,48.123617556,1,2,#fc8d62,car
11954,173583,"9,20100700858244E+018",9,1,62,0,2020,10,20,4,3,0,3,2,1,1,0,0,0,0,691177975,5336893015,11.570741281,48.156519114,0,1,#66c2a5,bicycle
11955,173584,"9,20100700121343E+018",9,1,88,124,2020,10,13,4,3,2,6,0,0,1,0,0,0,0,662112556,5318799.9923,11.173356456,48.001927828,0,2,#fc8d62,car
11956,173589,"9,20100600857143E+018",9,1,62,0,2020,10,13,3,2,7,5,0,1,0,0,0,1,0,696911.1193,5332320.2981,11.645636332,48.113673137,0,1,#66c2a5,bicycle
11957,173591,"9,20100600857142E+018",9,1,62,0,2020,10,3,3,3,9,7,2,0,1,0,0,0,0,688722.4826,5337815.3135,11.538165641,48.165542274,1,2,#fc8d62,car
11958,173594,"9,20100700857143E+018",9,1,62,0,2020,10,12,4,3,3,6,0,1,0,0,0,1,0,691693.4538,5336169358,11.577339626,48.149859833,0,1,#66c2a5,bicycle
11959,173595,"9,20100900131543E+018",9,1,85,158,2020,10,7,6,3,0,1,0,1,0,0,0,0,0,666387.3604,5380698.9479,11.254992064,48.557291784,0,1,#66c2a5,bicycle
11960,173599,"9,20100600854443E+018",9,1,62,0,2020,10,21,3,3,6,6,2,0,1,1,0,0,0,685353.4679,5340459.6484,11.494053298,48.19030177,1,2,#fc8d62,car
11961,173600,"9,20100900740144E+018",9,7,77,140,2020,10,5,6,3,0,7,2,1,0,0,0,0,0,625948016,5316582.8549,10.688116401,47.990137383,0,1,#66c2a5,bicycle
11962,173603,"9,20100700711944E+018",9,7,72,163,2020,10,13,4,3,1,6,0,1,1,0,0,0,0,639908.1603,5346923.0999,10.885089203,48.260059736,0,1,#66c2a5,bicycle
11963,173605,"9,20100800858243E+018",9,1,62,0,2020,10,16,5,3,5,2,0,1,1,0,0,0,0,694028.0056,5334895.4421,11.608113905,48.137702527,0,1,#66c2a5,bicycle
11964,173607,"9,20100600120943E+018",9,1,79,118,2020,10,16,3,2,6,4,0,0,1,1,0,0,0,672396.6025,5337328.3678,11.318593654,48.165802194,1,2,#fc8d62,car
11965,173608,"9,20100700851143E+018",9,1,62,0,2020,10,8,4,3,0,1,0,1,0,0,0,0,0,692580.6164,5335002.5933,11.588727301,48.13910525,1,1,#66c2a5,bicycle
11966,173609,"9,20100500858248E+018",9,1,62,0,2020,10,16,2,3,5,3,0,0,1,0,0,0,0,692544.9693,5339200.6305,11.590148427,48.176846911,0,2,#fc8d62,car
11967,173610,"9,20100900120143E+018",9,1,74,131,2020,10,21,6,3,3,6,2,1,1,0,0,0,0,677345.2665,5359470.8622,11.394373567,48.363478423,0,1,#66c2a5,bicycle
11968,173611,"9,20100500858247E+018",9,1,62,0,2020,10,8,2,3,1,5,0,0,1,0,0,0,0,696180.8779,5331117.0938,11.635282537,48.103084707,1,2,#fc8d62,car
11969,173613,"9,20100900710643E+018",9,7,61,0,2020,10,8,6,3,0,1,0,1,0,0,0,0,0,640499.94,5356731.3956,10.896323472,48.348122852,0,1,#66c2a5,bicycle
11970,173617,"9,20100500858245E+018",9,1,62,0,2020,10,17,2,2,2,5,0,0,1,0,1,0,0,692312.8768,5332163.5152,11.583851009,48.113669088,0,2,#fc8d62,car
11971,173618,"9,20100800857145E+018",9,1,62,0,2020,10,11,5,3,5,3,0,1,1,0,0,0,0,691696.6197,5337040.9848,11.57777477,48.157692912,0,1,#66c2a5,bicycle
11972,173619,"9,20100500858244E+018",9,1,62,0,2020,10,15,2,3,1,3,0,0,1,0,0,0,0,686749.6132,5329833.7532,11.508160656,48.09438391,0,2,#fc8d62,car
11973,173621,"9,20100500858244E+018",9,1,62,0,2020,10,7,2,3,5,3,1,1,1,0,0,0,0,693782.2818,5341868045,11.607992046,48.200444378,1,1,#66c2a5,bicycle
11974,173627,"9,20100500858243E+018",9,1,62,0,2020,10,13,2,3,0,6,0,1,0,0,0,0,0,689501.9629,5338649.5312,11.549010068,48.172808358,0,1,#66c2a5,bicycle
11975,173628,"9,20100800852344E+018",9,1,62,0,2020,10,7,5,3,0,1,0,0,0,0,1,0,0,692092.6275,5330368.4035,11.580086775,48.097601297,1,4,#e78ac3,marker
11976,173629,"9,20100500858243E+018",9,1,62,0,2020,10,15,2,3,2,6,0,0,1,0,1,0,0,689305.5873,5333014.5491,11.543865531,48.122219275,0,2,#fc8d62,car
11977,173632,"9,20100700858244E+018",9,1,62,0,2020,10,14,4,3,0,3,0,1,0,0,0,0,1,686249.4458,5333350.8862,11.502985406,48.12614376,1,1,#66c2a5,bicycle
11978,173636,"9,20100700858246E+018",9,1,62,0,2020,10,18,4,3,3,2,0,1,1,0,0,0,0,694938.7984,5333471.9417,11.619692239,48.124630373,1,1,#66c2a5,bicycle
11979,173637,"9,20100900141344E+018",9,1,63,0,2020,10,9,6,3,1,5,0,0,1,0,0,0,0,733113.8818,5304977.4495,12.116517015,47.855811138,0,2,#fc8d62,car
11980,173639,"9,20100500858243E+018",9,1,62,0,2020,10,18,2,2,6,4,1,0,1,1,0,0,0,688565.5542,5335650.5992,11.535097943,48.146132125,0,2,#fc8d62,car
11981,173641,"9,20100600852944E+018",9,1,62,0,2020,10,6,3,3,5,2,1,1,1,0,0,0,0,688127.5299,5329978.5624,11.526712136,48.09528024,1,1,#66c2a5,bicycle
11982,173643,"9,20100700120543E+018",9,1,79,121,2020,10,7,4,3,5,3,0,1,1,0,0,0,0,665530.4054,5336822.1624,11.226125702,48.163076407,1,1,#66c2a5,bicycle
11983,173644,"9,20100700854444E+018",9,1,62,0,2020,10,19,4,3,5,2,2,1,1,0,0,0,0,687863.2345,5338145.2887,11.526766904,48.168762642,0,1,#66c2a5,bicycle
11984,173645,"9,20100600858244E+018",9,1,62,0,2020,10,17,3,3,5,3,1,0,1,0,0,0,0,692012147,5331588.6411,11.579555979,48.108592924,1,2,#fc8d62,car
11985,173646,"9,20100900121943E+018",9,1,88,113,2020,10,14,6,3,0,1,0,1,0,0,0,0,0,675165951,5314482.3995,11.346449389,47.959671194,0,1,#66c2a5,bicycle
11986,173647,"9,20100500858243E+018",9,1,62,0,2020,10,13,2,3,5,3,0,1,1,0,0,0,0,687861.2344,5342603.5307,11.528711842,48.208834468,0,1,#66c2a5,bicycle
11987,173654,"9,20101000712543E+018",9,7,72,149,2020,10,9,7,3,5,3,0,0,1,0,0,0,0,635224835,5338575128,10.81935782,48.186009305,1,2,#fc8d62,car
11988,173656,"9,20101500120547E+018",9,1,79,121,2020,10,20,5,3,5,3,2,0,1,0,0,0,0,666745.1573,5339200.7613,11.24338233,48.184142595,0,2,#fc8d62,car
11989,173657,"9,20101000711145E+018",9,7,61,0,2020,10,19,7,2,6,4,2,0,1,1,0,0,0,638700.7553,5360396.4187,10.873262017,48.381475678,0,2,#fc8d62,car
11990,173658,"9,20101400210951E+018",9,2,61,0,2020,10,8,4,3,0,1,0,0,0,0,1,0,0,732730.3693,5380976.7815,12.153055282,48.538684004,1,4,#e78ac3,marker
11991,173659,"9,20101000711143E+018",9,7,61,0,2020,10,14,7,3,2,6,0,0,1,0,0,0,0,639289.3784,5361511.4491,10.881577051,48.391372038,1,2,#fc8d62,car
11992,173660,"9,20101400210947E+018",9,2,61,0,2020,10,11,4,3,0,1,0,1,0,0,0,0,0,732439.0921,5380588.2298,12.148898559,48.535301691,1,1,#66c2a5,bicycle
11993,173665,"9,20101400858243E+018",9,1,62,0,2020,10,14,4,3,0,2,0,1,1,0,0,0,0,692616.3601,5334796.0432,11.589113863,48.137238006,0,1,#66c2a5,bicycle
11994,173667,"9,20101400131544E+018",9,1,85,158,2020,10,13,4,3,5,3,0,1,1,0,0,0,0,667183.6105,5380925.0182,11.265865405,48.559112203,0,1,#66c2a5,bicycle
11995,173669,"9,20101400858246E+018",9,1,62,0,2020,10,16,4,3,2,7,0,0,1,0,0,0,0,694485.7368,5334203.1773,11.613944036,48.131341,0,2,#fc8d62,car
11996,173670,"9,2010100071065E+018",9,7,61,0,2020,10,9,7,3,6,1,0,0,1,1,0,0,0,641022.2693,5352537.7681,10.901966085,48.310298594,0,2,#fc8d62,car
11997,173671,"9,20101400110543E+018",9,1,77,113,2020,10,19,4,3,0,1,2,0,1,0,0,0,0,723021.3672,5356561.3009,12.008721386,48.322859989,1,2,#fc8d62,car
11998,173672,"9,20101000710446E+018",9,7,61,0,2020,10,5,7,3,0,1,2,1,0,0,0,0,0,640828719,5358156.9334,10.901235455,48.360867599,1,1,#66c2a5,bicycle
11999,173673,"9,20101300858247E+018",9,1,62,0,2020,10,18,3,3,3,6,1,1,1,0,0,0,0,690504.7475,5336753062,11.561635238,48.155463258,1,1,#66c2a5,bicycle
12000,173674,"9,20101300858244E+018",9,1,62,0,2020,10,11,3,3,0,7,0,0,1,0,1,0,0,694560.5969,5337863.1296,11.616621778,48.164212191,1,2,#fc8d62,car
12001,173676,"9,20101300858244E+018",9,1,62,0,2020,10,15,3,3,1,5,0,1,1,0,0,0,0,693027.0275,5333896.4649,11.59422055,48.129028393,0,1,#66c2a5,bicycle
12002,173677,"9,20101300858244E+018",9,1,62,0,2020,10,8,3,3,5,3,0,0,1,0,0,0,0,686704.3515,5328646317,11.507034243,48.083723993,1,2,#fc8d62,car
12003,173679,"9,20101300858244E+018",9,1,62,0,2020,10,13,3,3,0,1,0,1,1,0,0,0,0,692103.5544,5332500.0784,11.581193192,48.116757245,1,1,#66c2a5,bicycle
12004,173682,"9,20101300858244E+018",9,1,62,0,2020,10,11,3,3,3,2,0,0,1,0,0,0,1,688539.5223,5334407.0727,11.534197794,48.134962833,0,2,#fc8d62,car
12005,173684,"9,20101300854344E+018",9,1,62,0,2020,10,19,3,3,5,3,2,0,1,0,0,0,0,690870.8219,5339133.3679,11.567620868,48.17674741,0,2,#fc8d62,car
12006,173686,"9,20101300854344E+018",9,1,62,0,2020,10,8,3,3,0,7,0,1,0,0,0,0,0,689535827,5338331.9839,11.549323546,48.169944145,1,1,#66c2a5,bicycle
12007,173687,"9,20101300854243E+018",9,1,62,0,2020,10,6,3,3,3,2,2,1,1,0,0,0,0,690231.52,5336230332,11.55773141,48.150846765,1,1,#66c2a5,bicycle
12008,173689,"9,20101300852544E+018",9,1,84,131,2020,10,16,3,3,6,7,0,1,0,1,0,0,0,704456298,5339516.4688,11.750347632,48.175964902,0,1,#66c2a5,bicycle
12009,173690,"9,20101300851244E+018",9,1,62,0,2020,10,15,3,2,2,6,0,0,1,0,1,0,0,690439516,5336382.5858,11.56059322,48.152152974,1,2,#fc8d62,car
12010,173708,"9,20101300711343E+018",9,7,61,0,2020,10,9,3,3,5,3,0,0,1,0,0,0,0,638479.6076,5360170959,10.870202612,48.379496974,0,2,#fc8d62,car
12011,173709,"9,20101500111343E+018",9,1,75,132,2020,10,7,5,3,0,7,0,1,0,1,0,0,0,707481.6045,5331057.1735,11.786874078,48.09896668,1,1,#66c2a5,bicycle
12012,173711,"9,20101300710643E+018",9,7,61,0,2020,10,10,3,1,5,2,0,1,0,0,0,0,1,640467.8687,5352973825,10.894638346,48.314342895,0,1,#66c2a5,bicycle
12013,173713,"9,20101300710446E+018",9,7,61,0,2020,10,16,3,3,2,6,0,0,1,0,1,0,0,640567.0509,5358038.8273,10.897665405,48.359863942,0,2,#fc8d62,car
12014,173715,"9,2010130071015E+018",9,7,71,156,2020,10,14,3,3,8,6,0,0,1,0,1,0,0,648975.8863,5380483.7358,11.019104776,48.559735666,0,2,#fc8d62,car
12015,173721,"9,20101400858245E+018",9,1,62,0,2020,10,13,4,3,5,2,0,1,0,0,0,0,1,691856.1719,5335839.7846,11.579376554,48.146848626,0,1,#66c2a5,bicycle
12016,173733,"9,20101400858243E+018",9,1,84,145,2020,10,8,4,3,5,3,0,1,1,0,0,0,0,694258.6181,5325641.1599,11.606999452,48.054457488,0,1,#66c2a5,bicycle
12017,173749,"9,20101300215044E+018",9,2,61,0,2020,10,7,3,3,0,1,0,1,0,0,0,0,0,732140.1612,5379324.0931,12.144151461,48.524056844,0,1,#66c2a5,bicycle
12018,173751,"9,20101400857143E+018",9,1,62,0,2020,10,9,4,3,4,2,0,0,1,0,0,0,0,685997713,5329877492,11.498091206,48.094996941,1,2,#fc8d62,car
12019,173754,"9,20101000160943E+018",9,1,73,126,2020,10,12,7,3,4,2,0,0,1,0,0,0,0,685460.9967,5302901012,11.479247707,47.852668373,1,2,#fc8d62,car
12020,173758,"9,20101400857143E+018",9,1,84,148,2020,10,20,4,3,5,3,2,1,1,0,0,0,0,694685.8682,5326864378,11.613283812,48.065321248,1,1,#66c2a5,bicycle
12021,173759,"9,20101300141343E+018",9,1,63,0,2020,10,9,3,2,6,4,0,0,0,1,0,0,1,733724.2509,5304817.4279,12.1245781,47.854151835,1,3,#8da0cb,toilet
12022,173761,"9,20101400855244E+018",9,1,62,0,2020,10,15,4,3,5,2,0,1,1,0,0,0,0,691934122,5331791658,11.578600207,48.110441132,0,1,#66c2a5,bicycle
12023,173762,"9,20101300120944E+018",9,1,88,121,2020,10,15,3,3,0,7,0,1,0,0,0,0,0,670639.8797,5330637.8271,11.292306631,48.10612986,0,1,#66c2a5,bicycle
12024,173763,"9,20101000160943E+018",9,1,73,118,2020,10,19,7,2,8,1,2,0,1,0,0,0,0,690556048,5303175162,11.547410586,47.85364217,1,2,#fc8d62,car
12025,173764,"9,20101300120943E+018",9,1,79,145,2020,10,13,3,3,4,3,0,1,1,0,0,0,0,675657.7978,5338530.0168,11.36291221,48.175711367,0,1,#66c2a5,bicycle
12026,173767,"9,20101200858245E+018",9,1,62,0,2020,10,12,2,3,1,2,0,1,1,0,0,0,0,689512.0822,5336074.3258,11.547998792,48.149659336,0,1,#66c2a5,bicycle