fid,OBJECTID,UIDENTSTLA,ULAND,UREGBEZ,UKREIS,UGEMEINDE,UJAHR,UMONAT,USTUNDE,UWOCHENTAG,UKATEGORIE,UART,UTYP1,ULICHTVERH,IstRad,IstPKW,IstFuss,IstKrad,IstGkfz,IstSonstig,LINREFX,LINREFY,XGCSWGS84,YGCSWGS84,STRZUSTAND,Teilnehmer,color,symbol
12027,173768,"9,20101000141344E+018",9,1,63,0,2020,10,14,7,3,6,4,0,0,1,1,0,0,0,733481.1274,5306897.9543,12.122456271,47.872931708,1,2,#fc8d62,car
12028,173769,"9,20101200858244E+018",9,1,62,0,2020,10,14,2,3,5,3,0,0,1,0,1,0,0,690067.0481,5335920.7966,11.555384096,48.148113831,1,2,#fc8d62,car
12029,173770,"9,20101200858244E+018",9,1,62,0,2020,10,4,2,2,6,4,2,0,1,1,0,0,0,690981.8499,5334255.7043,11.566923804,48.132874118,0,2,#fc8d62,car
12030,173771,"9,20101400852243E+018",9,1,84,112,2020,10,17,4,3,2,6,0,0,1,0,0,0,0,699754.3273,5336364.6883,11.685689599,48.149135079,0,2,#fc8d62,car
12031,173772,"9,20101200858244E+018",9,1,62,0,2020,10,19,2,3,5,3,2,0,1,0,0,0,0,690137.6556,5335245.1958,11.556030702,48.142020434,1,2,#fc8d62,car
12032,173773,"9,20101200858244E+018",9,1,62,0,2020,10,13,2,3,6,4,0,1,0,1,0,0,0,691659.9649,5336392.8226,11.57699046,48.151878388,1,1,#66c2a5,bicycle
12033,173774,"9,20101400858244E+018",9,1,62,0,2020,10,15,4,3,1,7,0,0,1,0,0,0,0,683181734,5336646.76,11.46321636,48.156659341,0,2,#fc8d62,car
12034,173775,"9,20101000131543E+018",9,1,85,131,2020,10,11,7,3,6,4,0,0,1,1,0,0,0,667595722,5372826287,11.268191672,48.486200278,1,2,#fc8d62,car
12035,173776,"9,20101200858243E+018",9,1,62,0,2020,10,10,2,3,1,5,0,0,1,0,1,0,0,690470.7016,5340043.0928,11.562651753,48.185043973,0,2,#fc8d62,car
12036,173777,"9,20101200858243E+018",9,1,62,0,2020,10,11,2,3,1,6,0,0,1,0,0,0,1,692228.8702,5338760.3843,11.585701616,48.172985788,0,2,#fc8d62,car
12037,173778,"9,20101400858247E+018",9,1,62,0,2020,10,8,4,3,5,2,0,1,1,0,0,0,0,689900771,5332729462,11.551728338,48.119479653,1,1,#66c2a5,bicycle
12038,173779,"9,20101000120145E+018",9,1,74,111,2020,10,2,7,3,8,1,2,0,1,0,0,0,0,667661.7192,5360263.9517,11.264059429,48.37325402,1,2,#fc8d62,car
12039,173780,"9,20101200857143E+018",9,1,62,0,2020,10,9,2,3,5,2,0,1,0,0,0,0,1,688892.2592,5336682.7268,11.539943778,48.155312069,0,1,#66c2a5,bicycle
12040,173781,"9,20101000111347E+018",9,1,75,132,2020,10,11,7,3,2,7,0,0,1,0,0,0,0,706909.7566,5332338.8605,11.779823915,48.110670395,1,2,#fc8d62,car
12041,173782,"9,20101200857143E+018",9,1,62,0,2020,10,15,2,3,5,7,0,0,1,0,0,0,0,690364.4347,5335711.4448,11.559284606,48.146143258,1,2,#fc8d62,car
12042,173783,"9,20101200852344E+018",9,1,62,0,2020,10,17,2,3,2,6,0,0,1,0,0,0,0,690517.9007,5329251.7772,11.558459595,48.088037742,0,2,#fc8d62,car
12043,173784,"9,20101400852144E+018",9,1,62,0,2020,10,12,4,3,0,1,0,0,0,0,1,0,0,694379.7558,5334211.4071,11.612524912,48.13144734,1,4,#e78ac3,marker
12044,173786,"9,20101200851344E+018",9,1,62,0,2020,10,22,2,3,5,2,2,0,1,0,0,0,0,692905.6827,5338545.7668,11.594698481,48.170851814,1,2,#fc8d62,car
12045,173787,"9,20101200851343E+018",9,1,62,0,2020,10,19,2,3,1,5,2,1,0,0,0,0,1,691483.5212,5337359111,11.575055387,48.160616383,1,1,#66c2a5,bicycle
12046,173788,"9,20101000110546E+018",9,1,77,131,2020,10,8,7,3,1,1,0,1,0,0,0,1,0,711199.1609,5348096.0922,11.845210015,48.25085448,1,1,#66c2a5,bicycle
12047,173789,"9,20101200851245E+018",9,1,62,0,2020,10,9,2,3,0,6,0,0,1,0,1,0,0,692778.53,5335246228,11.591495176,48.14123505,0,2,#fc8d62,car
12048,173791,"9,20100900858246E+018",9,1,62,0,2020,10,14,6,3,4,6,0,1,0,0,0,0,0,682789.6673,5339767.5456,11.459291055,48.184823732,0,1,#66c2a5,bicycle
12049,173794,"9,20100900858245E+018",9,1,62,0,2020,10,11,6,3,5,2,0,1,1,0,0,0,0,684834.5828,5339200.8536,11.486530531,48.17913841,0,1,#66c2a5,bicycle
12050,173798,"9,20101200715047E+018",9,7,61,0,2020,10,12,2,3,0,1,0,1,0,0,0,0,0,640172.1031,5363715.8377,10.894230545,48.410997518,0,1,#66c2a5,bicycle
12051,173799,"9,20101200712745E+018",9,7,72,130,2020,10,16,2,3,1,3,0,0,1,0,1,0,0,632235454,5357727.5872,10.785148981,48.358865275,0,2,#fc8d62,car
12052,173800,"9,20100900858245E+018",9,1,62,0,2020,10,7,6,3,5,3,0,0,1,0,1,0,0,689434.1408,5334113.7839,11.546079848,48.132061067,0,2,#fc8d62,car
12053,173801,"9,20101200712145E+018",9,7,71,146,2020,10,12,2,3,5,3,0,0,1,0,0,0,0,647001808,5347721662,10.980886948,48.265633775,0,2,#fc8d62,car
12054,173803,"9,20101200710746E+018",9,7,61,0,2020,10,6,2,3,5,3,2,1,1,0,0,0,0,644285.7537,5358673.0241,10.948055889,48.364727384,0,1,#66c2a5,bicycle
12055,173804,"9,20101400851146E+018",9,1,62,0,2020,10,19,4,3,3,6,1,1,0,0,0,0,0,690738.2857,5333333.7853,11.563240899,48.124660977,0,1,#66c2a5,bicycle
12056,173805,"9,20101200710745E+018",9,7,61,0,2020,10,16,2,3,0,7,0,1,0,0,0,0,0,641706.2613,5360067.9247,10.913719667,48.377854078,0,1,#66c2a5,bicycle
12057,173808,"9,20101200710144E+018",9,7,71,113,2020,10,6,2,3,6,2,1,0,1,1,0,0,0,658400.5208,5367911.0225,11.141978636,48.444395708,0,2,#fc8d62,car
12058,173812,"9,20100900858245E+018",9,1,62,0,2020,10,17,6,3,3,6,0,1,0,0,0,0,0,692702.0006,5331988.5666,11.588994574,48.111979066,0,1,#66c2a5,bicycle
12059,173817,"9,20100900858244E+018",9,1,62,0,2020,10,7,6,3,3,2,0,1,1,0,0,0,0,693412.8694,5335211.3433,11.599997578,48.140729011,0,1,#66c2a5,bicycle
12060,173819,"9,20101500115047E+018",9,1,78,143,2020,10,16,5,3,5,3,0,1,0,0,0,0,0,716914.6111,5373001.5476,11.934941902,48.472696434,0,1,#66c2a5,bicycle
12061,173820,"9,20100900858244E+018",9,1,62,0,2020,10,16,6,3,5,6,0,1,1,0,0,0,0,695511.8193,5333850.8431,11.627558226,48.127860044,0,1,#66c2a5,bicycle
12062,173822,"9,20100900858244E+018",9,1,62,0,2020,10,10,6,3,5,3,0,1,1,0,0,0,0,685183.5508,5334931.8708,11.48936223,48.140665362,0,1,#66c2a5,bicycle
12063,173827,"9,20100900858243E+018",9,1,62,0,2020,10,18,6,3,3,3,2,0,1,0,0,0,0,691195.1816,5340473.0027,11.572582449,48.188690305,0,2,#fc8d62,car
12064,173832,"9,20101400858245E+018",9,1,62,0,2020,10,11,4,3,4,2,0,0,1,0,0,0,0,692279.8883,5334896.9062,11.584641379,48.138246298,1,2,#fc8d62,car
12065,173833,"9,20100900857145E+018",9,1,62,0,2020,10,13,6,3,2,7,0,1,0,0,0,0,0,689996.8824,5336507.8226,11.554703755,48.15341098,0,1,#66c2a5,bicycle
12066,173835,"9,20100900857143E+018",9,1,62,0,2020,10,12,6,1,5,7,0,0,1,0,1,0,0,686237.5923,5332253.4151,11.502346833,48.116282714,0,2,#fc8d62,car
12067,173841,"9,20100900857143E+018",9,1,62,0,2020,10,6,6,3,5,7,1,1,1,0,0,0,0,692918954,5335342.36,11.593424421,48.142056499,0,1,#66c2a5,bicycle
12068,173844,"9,2010120021095E+018",9,2,61,0,2020,10,10,2,3,5,3,0,1,1,0,0,0,0,731721.8789,5379624.2296,12.138661781,48.526907424,0,1,#66c2a5,bicycle
12069,173845,"9,20101400858243E+018",9,1,62,0,2020,10,13,4,3,2,6,0,0,1,0,0,0,0,693729.6999,5340302.4584,11.606570908,48.18638962,0,2,#fc8d62,car
12070,173846,"9,20100900857143E+018",9,1,62,0,2020,10,15,6,3,4,6,0,1,1,0,0,0,0,689312.7064,5334753.6203,11.544733725,48.137848106,0,1,#66c2a5,bicycle
12071,173847,"9,20101200210947E+018",9,2,61,0,2020,10,10,2,3,0,6,0,1,1,0,0,0,0,733609.3688,5381535.0384,12.165258119,48.54337203,0,1,#66c2a5,bicycle
12072,173848,"9,20100900854843E+018",9,1,62,0,2020,10,14,6,3,3,6,0,0,1,0,1,0,0,690951.2416,5340324.0109,11.56923662,48.187424567,0,2,#fc8d62,car
12073,173853,"9,20101200141344E+018",9,1,63,0,2020,10,7,2,3,0,6,1,1,1,0,0,0,0,732774.3866,5305244766,12.112129061,47.858335786,1,1,#66c2a5,bicycle
12074,173854,"9,20101200141343E+018",9,1,63,0,2020,10,17,2,3,3,2,0,1,1,0,0,0,0,733017.9609,5306732.4363,12.116182365,47.871612869,1,1,#66c2a5,bicycle
12075,173855,"9,20100900854543E+018",9,1,62,0,2020,10,12,6,3,6,4,0,0,1,1,0,0,0,682977026,5335789.8457,11.460097888,48.14901578,0,2,#fc8d62,car
12076,173865,"9,20100900854543E+018",9,1,62,0,2020,10,14,6,3,0,7,0,1,0,0,0,0,0,684677.4813,5335026.9736,11.482607178,48.141667281,0,1,#66c2a5,bicycle
12077,173866,"9,20101200121943E+018",9,1,88,139,2020,10,14,2,3,0,7,0,0,0,1,0,0,1,674485.3343,5319043.8782,11.339192762,48.000863434,0,3,#8da0cb,toilet
12078,173868,"9,20101200121343E+018",9,1,88,145,2020,10,7,2,3,5,3,0,1,1,0,0,0,0,663998.7059,5326008.3614,11.201383879,48.066253575,0,1,#66c2a5,bicycle
12079,173869,"9,20101200120547E+018",9,1,79,121,2020,10,8,2,3,6,4,0,0,1,1,0,0,0,666130.3229,5337838.7865,11.234584493,48.172059449,0,2,#fc8d62,car
12080,173870,"9,20101200120144E+018",9,1,74,111,2020,10,18,2,3,6,6,1,0,0,1,0,0,1,663191.0156,5358964.7374,11.203231187,48.362746061,0,3,#8da0cb,toilet
12081,173871,"9,2010140085825E+018",9,1,62,0,2020,10,14,4,3,6,2,0,0,1,1,0,0,0,693006.0674,5335319.8565,11.594584049,48.141827824,0,2,#fc8d62,car
12082,173872,"9,20100900854244E+018",9,1,62,0,2020,10,12,6,3,1,3,0,1,1,0,0,0,0,690258.0512,5336161.6132,11.558057046,48.150221186,0,1,#66c2a5,bicycle
12083,173873,"9,20101200111347E+018",9,1,75,118,2020,10,7,2,3,4,1,0,1,1,0,0,0,0,716458001,5339064.5665,11.911354284,48.167930409,1,1,#66c2a5,bicycle
12084,173874,"9,20101200111143E+018",9,1,78,145,2020,10,18,2,3,0,7,0,1,0,0,0,0,0,697322.5171,5354759.4911,11.661596264,48.315210647,0,1,#66c2a5,bicycle
12085,173875,"9,20100900854243E+018",9,1,62,0,2020,10,19,6,3,2,6,2,0,1,0,0,0,0,686657.8075,5337378904,11.510233705,48.162229275,0,2,#fc8d62,car
12086,173876,"9,20101200110747E+018",9,1,78,124,2020,10,18,2,3,8,1,0,0,1,0,0,0,0,705698525,5365761012,11.779819795,48.411402083,0,2,#fc8d62,car
12087,173878,"9,20100900854145E+018",9,1,62,0,2020,10,19,6,3,6,4,1,1,0,1,0,0,0,686204.9083,5334735.8112,11.502992734,48.138605029,0,1,#66c2a5,bicycle
12088,173879,"9,20101200110543E+018",9,1,77,117,2020,10,2,2,3,0,1,2,0,0,0,1,0,0,715082239,5353958477,11.900435225,48.302223704,0,4,#e78ac3,marker
12089,173880,"9,20100900854144E+018",9,1,62,0,2020,10,8,6,3,4,7,0,0,1,0,1,0,0,685306.8664,5331311.9291,11.489444545,48.108091672,0,2,#fc8d62,car
12090,173881,"9,20101100858247E+018",9,1,62,0,2020,10,18,1,3,6,4,1,0,1,1,0,0,0,688900.2195,5337362835,11.54035267,48.161422576,0,2,#fc8d62,car
12091,173882,"9,20101100858244E+018",9,1,62,0,2020,10,21,1,3,4,6,2,1,0,0,0,0,0,691983.7441,5333805.6286,11.580173023,48.128527482,1,1,#66c2a5,bicycle
12092,173883,"9,20101100858244E+018",9,1,62,0,2020,10,17,1,3,1,7,0,0,1,0,0,0,1,686681.3384,5334181.7426,11.509147794,48.133485281,0,2,#fc8d62,car
12093,173884,"9,20101100858244E+018",9,1,62,0,2020,10,20,1,3,4,3,2,1,1,0,0,0,0,691136.6205,5337716.1137,11.570555585,48.16392945,1,1,#66c2a5,bicycle
12094,173885,"9,20101400858244E+018",9,1,62,0,2020,10,9,4,2,5,2,0,1,1,0,0,0,0,684793.2429,5332527.2871,11.483077764,48.119165189,1,1,#66c2a5,bicycle
12095,173886,"9,20100900852344E+018",9,1,62,0,2020,10,13,6,2,6,4,0,1,0,1,0,0,0,693841.7685,5331557.4364,11.604095354,48.107758339,0,1,#66c2a5,bicycle
12096,173887,"9,20101100858243E+018",9,1,62,0,2020,10,12,1,3,3,6,0,0,1,0,0,0,1,697354.9935,5331823.82,11.65136377,48.109073719,0,2,#fc8d62,car
12097,173888,"9,20100900851143E+018",9,1,62,0,2020,10,9,6,3,1,1,0,1,1,0,0,0,0,691827.4094,5334644.3735,11.578451791,48.136113134,0,1,#66c2a5,bicycle
12098,173889,"9,20101100857145E+018",9,1,62,0,2020,10,20,1,3,4,2,2,0,1,0,0,0,0,686746.8,5330257449,11.508308257,48.098193083,0,2,#fc8d62,car
12099,173891,"9,20101100857143E+018",9,1,62,0,2020,10,14,1,3,6,4,0,0,1,1,0,0,0,694593.1263,5333577.2462,11.61510001,48.125682558,0,2,#fc8d62,car
12100,173892,"9,20101100852143E+018",9,1,62,0,2020,10,18,1,3,3,2,2,1,1,0,0,0,0,691659.4019,5332787.4637,11.575360786,48.119474065,1,1,#66c2a5,bicycle
12101,173896,"9,2010140085715E+018",9,1,62,0,2020,10,12,4,3,3,6,0,1,0,1,0,0,0,689229.1604,5336138.0218,11.544227105,48.15031607,1,1,#66c2a5,bicycle
12102,173905,"9,20101000858245E+018",9,1,62,0,2020,10,13,7,3,4,6,0,0,1,0,0,0,1,687380311,5339845.7939,11.521027777,48.184189652,1,2,#fc8d62,car
12103,173907,"9,20101000858244E+018",9,1,62,0,2020,10,15,7,2,0,1,0,0,0,0,0,0,1,691221.8085,5336649.4577,11.571220639,48.154316873,1,6,#ffd92f,circle
12104,173908,"9,20101000858244E+018",9,1,62,0,2020,10,12,7,3,5,2,0,1,1,0,0,0,0,690250.6835,5334745.8018,11.557325488,48.137498096,1,1,#66c2a5,bicycle
12105,173910,"9,20101000858243E+018",9,1,62,0,2020,10,23,7,3,1,1,2,0,1,0,0,0,1,690606.7167,5338956.2935,11.563992376,48.175235155,1,2,#fc8d62,car
12106,173912,"9,20101000857144E+018",9,1,62,0,2020,10,14,7,3,2,2,0,0,1,0,0,0,1,691650.9088,5333766.9289,11.575687157,48.128279949,1,2,#fc8d62,car
12107,173913,"9,20101400712543E+018",9,7,72,151,2020,10,20,4,2,0,1,2,1,0,0,0,0,0,631483088,5343061.3214,10.770430721,48.227137261,1,1,#66c2a5,bicycle
12108,173914,"9,20101000857143E+018",9,1,62,0,2020,10,9,7,3,6,4,0,0,1,1,0,0,0,690522338,5334954538,11.561066623,48.139292937,1,2,#fc8d62,car
12109,173915,"9,20101400710644E+018",9,7,61,0,2020,10,14,4,3,1,1,0,1,1,0,0,0,0,642611.0252,5357468.6809,10.925049909,48.354279064,0,1,#66c2a5,bicycle
12110,173917,"9,20101000851144E+018",9,1,62,0,2020,10,14,7,3,0,1,0,1,0,0,0,0,0,691211.3228,5334048.0984,11.569911689,48.130939274,1,1,#66c2a5,bicycle
12111,173919,"9,20101400857145E+018",9,1,62,0,2020,10,11,4,3,0,7,0,0,0,0,1,0,0,691920.6351,5333486579,11.579182084,48.125678939,1,4,#e78ac3,marker
12112,173921,"9,20101800858245E+018",9,1,62,0,2020,10,3,1,3,0,1,2,1,0,0,0,0,0,692210279,5335699535,11.584068949,48.145481198,1,1,#66c2a5,bicycle
12113,173922,"9,20101600854244E+018",9,1,62,0,2020,10,7,6,3,4,2,0,1,1,0,0,0,0,688706.0851,5336273.6081,11.537261521,48.151690135,1,1,#66c2a5,bicycle
12114,173923,"9,20102000857144E+018",9,1,62,0,2020,10,0,3,3,1,7,2,0,1,0,0,0,0,689101.5715,5332839.0287,11.541048933,48.1207023,0,2,#fc8d62,car
12115,173930,"9,20101800121544E+018",9,1,81,121,2020,10,0,1,3,0,1,2,1,0,0,0,0,0,636854.8679,5311115.4925,10.832489165,47.938730527,0,1,#66c2a5,bicycle
12116,173931,"9,20102000750147E+018",9,7,78,116,2020,10,15,3,3,4,6,0,1,0,0,1,0,0,619329.8149,5318133.0652,10.599878689,48.005348647,0,1,#66c2a5,bicycle
12117,173933,"9,20101900858245E+018",9,1,62,0,2020,10,16,2,3,0,7,0,1,0,0,0,0,0,691042.8063,5333186.1907,11.5672628,48.123243097,0,1,#66c2a5,bicycle
12118,173939,"9,20101700712544E+018",9,7,72,200,2020,10,13,7,3,5,3,0,0,1,0,0,0,0,629739.0769,5337354.4337,10.745214223,48.176176142,1,2,#fc8d62,car
12119,173942,"9,20101900857145E+018",9,1,62,0,2020,10,16,2,2,6,4,0,0,1,1,0,0,0,684257164,5337523146,11.478043103,48.164226053,0,2,#fc8d62,car
12120,173944,"9,20101900141344E+018",9,1,63,0,2020,10,7,2,3,5,2,1,1,1,0,0,0,0,733479521,5306005.2032,12.121952629,47.864911798,0,1,#66c2a5,bicycle
12121,173945,"9,20101600852944E+018",9,1,62,0,2020,10,12,6,3,2,6,0,0,1,0,0,0,0,688321.5031,5330667973,11.529618889,48.101419548,1,2,#fc8d62,car
12122,173946,"9,20102000858244E+018",9,1,62,0,2020,10,8,3,3,3,2,0,1,0,0,0,0,1,690920.9781,5334281.1761,11.566117912,48.133121319,0,1,#66c2a5,bicycle
12123,173952,"9,20102100110747E+018",9,1,78,113,2020,10,10,4,3,5,3,0,0,1,0,0,0,0,691164.78,5367079378,11.584226646,48.427826477,0,2,#fc8d62,car
12124,173954,"9,20101700710144E+018",9,7,71,113,2020,10,15,7,3,4,1,0,0,1,0,1,0,0,658629.7777,5363775.7049,11.143511873,48.407160607,1,2,#fc8d62,car
12125,173955,"9,20102000710446E+018",9,7,61,0,2020,10,13,3,3,3,2,0,1,1,0,0,0,0,640089.0028,5359056.5985,10.891554337,48.369121696,0,1,#66c2a5,bicycle
12126,173956,"9,20102000120144E+018",9,1,74,126,2020,10,12,3,3,5,3,0,0,1,0,0,0,1,682100.7843,5342668.8685,11.451276,48.211100505,0,2,#fc8d62,car
12127,173957,"9,20101900851246E+018",9,1,62,0,2020,10,15,2,3,5,3,0,1,1,0,0,0,0,692245.5599,5335552.5889,11.584476415,48.144149816,0,1,#66c2a5,bicycle
12128,173959,"9,20101900110944E+018",9,1,78,144,2020,10,7,2,3,4,6,0,1,0,0,0,0,1,707172.3844,5379778.1436,11.806656716,48.536872619,0,1,#66c2a5,bicycle
12129,173960,"9,20101600852744E+018",9,1,84,131,2020,10,13,6,2,5,3,0,1,1,0,0,0,0,704784141,5337779.7512,11.753916167,48.160252308,1,1,#66c2a5,bicycle
12130,173961,"9,20102000857145E+018",9,1,62,0,2020,10,21,3,3,2,6,2,0,1,0,0,0,0,690836.4323,5334651.5479,11.565148649,48.136475558,0,2,#fc8d62,car
12131,173968,"9,20101800858244E+018",9,1,62,0,2020,10,3,1,3,1,5,2,0,1,0,0,0,1,700891.4973,5335401.14,11.700506633,48.140117607,0,2,#fc8d62,car
12132,173969,"9,20101600852247E+018",9,1,62,0,2020,10,18,6,3,6,2,2,0,1,1,0,0,0,695856921,5338450.5584,11.634307364,48.16909363,1,2,#fc8d62,car
12133,173970,"9,20102000854845E+018",9,1,84,149,2020,10,15,3,3,5,3,0,1,1,0,0,0,0,690816096,5349516.5362,11.571558783,48.270085478,0,1,#66c2a5,bicycle
12134,173977,"9,20101700857146E+018",9,1,62,0,2020,10,20,7,3,6,2,2,0,1,1,0,0,0,694442.6877,5333025.6839,11.612828887,48.120771288,0,2,#fc8d62,car
12135,173979,"9,20101900711344E+018",9,7,61,0,2020,10,20,2,3,3,6,2,0,1,0,0,0,0,639209.1905,5358932.1315,10.879640123,48.368197188,1,2,#fc8d62,car
12136,173987,"9,20102100217547E+018",9,2,61,0,2020,10,17,4,3,3,2,0,0,1,0,0,0,0,732065129,5381629282,12.144420083,48.544791608,0,2,#fc8d62,car
12137,173989,"9,20101700711944E+018",9,7,72,163,2020,10,7,7,3,5,3,0,1,1,0,0,0,0,639951236,5347395718,10.885825635,48.264299955,0,1,#66c2a5,bicycle
12138,173990,"9,20102000711144E+018",9,7,61,0,2020,10,8,3,3,3,3,0,0,1,0,0,0,0,639231.8045,5360712.6129,10.880535005,48.384201836,0,2,#fc8d62,car
12139,173992,"9,20101900854744E+018",9,1,62,0,2020,10,11,2,3,0,7,0,0,0,1,0,0,1,692074.6594,5340013.8148,11.584195977,48.184297926,0,3,#8da0cb,toilet
12140,173994,"9,20102000161745E+018",9,1,90,158,2020,10,14,3,2,6,7,0,0,1,1,0,0,0,651892.7345,5304289.4661,11.031317879,47.873964774,0,2,#fc8d62,car
12141,173995,"9,20101900858245E+018",9,1,62,0,2020,10,16,2,3,5,2,0,1,1,0,0,0,0,688628.5523,5331664.4223,11.534179651,48.110285018,0,1,#66c2a5,bicycle
12142,173998,"9,20102000858245E+018",9,1,62,0,2020,10,19,3,3,4,2,2,0,1,0,1,0,0,690015.8045,5335752.9538,11.554620939,48.146620569,0,2,#fc8d62,car
12143,174004,"9,20101800858247E+018",9,1,62,0,2020,10,16,1,3,1,5,0,1,1,0,0,0,0,686719.0706,5334638.6014,11.509854692,48.137580611,0,1,#66c2a5,bicycle
12144,174005,"9,20101600852144E+018",9,1,62,0,2020,10,17,6,3,6,2,0,0,1,1,0,0,0,693696.8486,5333764853,11.603153289,48.127642039,1,2,#fc8d62,car
12145,174006,"9,20102000857144E+018",9,1,84,119,2020,10,7,3,3,5,7,0,1,1,0,0,0,0,697082.5137,5347615.9023,11.655030983,48.251085628,0,1,#66c2a5,bicycle
12146,174008,"9,20101900140144E+018",9,1,87,150,2020,10,12,2,3,3,3,0,0,1,0,0,0,0,728574.4671,5303712.9239,12.055251339,47.846080307,0,2,#fc8d62,car
12147,174009,"9,20101600851546E+018",9,1,62,0,2020,10,19,6,3,2,6,2,1,1,0,0,0,0,690308.4096,5332745.8929,11.557207528,48.119505633,1,1,#66c2a5,bicycle
12148,174010,"9,20102000857145E+018",9,1,62,0,2020,10,10,3,3,1,5,0,0,1,0,1,0,0,693888.9203,5333994.6027,11.605836364,48.129648482,0,2,#fc8d62,car
12149,174014,"9,20101700141344E+018",9,1,87,150,2020,10,13,7,3,5,3,0,1,1,0,0,0,0,729170.1466,5304139.4523,12.063427636,47.849700426,1,1,#66c2a5,bicycle
12150,174017,"9,20101800712146E+018",9,7,71,130,2020,10,16,1,3,6,2,0,0,1,1,0,0,0,645293.4952,5358677.2597,10.961654983,48.364534324,0,2,#fc8d62,car
12151,174018,"9,20101600851447E+018",9,1,62,0,2020,10,9,6,3,1,2,0,0,1,1,0,1,0,690356953,5334063.4674,11.558447584,48.131333498,1,2,#fc8d62,car
12152,174019,"9,20102000851545E+018",9,1,62,0,2020,10,7,3,3,0,7,1,1,0,0,0,0,0,689535.8927,5332093.0863,11.546547581,48.113868555,0,1,#66c2a5,bicycle
12153,174024,"9,20101700131344E+018",9,1,86,143,2020,10,16,7,2,0,1,0,1,0,0,0,0,0,686069.9723,5379699.0269,11.521042249,48.542773936,0,1,#66c2a5,bicycle
12154,174027,"9,20101600141346E+018",9,1,63,0,2020,10,12,6,3,5,2,0,0,1,0,0,0,0,734195192,5304463164,12.130672481,47.850797723,0,2,#fc8d62,car
12155,174029,"9,20101600120547E+018",9,1,79,121,2020,10,16,6,3,2,6,0,0,1,0,0,0,0,666615675,5339090.2154,11.241598311,48.183182759,1,2,#fc8d62,car
12156,174030,"9,20101800140144E+018",9,1,87,150,2020,10,17,1,3,2,6,0,0,1,0,0,0,0,729418.8136,5304060.2593,12.066704782,47.84890022,0,2,#fc8d62,car
12157,174034,"9,20101900858246E+018",9,1,62,0,2020,10,11,2,3,2,2,0,0,1,0,0,0,0,686757.9033,5336998.3183,11.511411403,48.15877907,0,2,#fc8d62,car
12158,174035,"9,20101600110744E+018",9,1,78,156,2020,10,9,6,3,2,6,0,0,0,0,0,1,1,699339.9891,5373435.6704,11.697643636,48.482413528,1,5,#a6d854,bus
12159,174038,"9,20101500858247E+018",9,1,62,0,2020,10,11,5,3,5,7,0,1,0,0,0,0,0,691524.9106,5335419.5468,11.574738603,48.143171405,0,1,#66c2a5,bicycle
12160,174041,"9,20101500858246E+018",9,1,62,0,2020,10,17,5,3,5,2,1,0,1,0,1,0,0,690348611,5334740397,11.558638041,48.137420233,0,2,#fc8d62,car
12161,174044,"9,20101700121544E+018",9,1,81,130,2020,10,13,7,3,0,1,0,1,0,0,0,0,0,639074.6568,5324885.1764,10.866659133,48.062075276,0,1,#66c2a5,bicycle
12162,174046,"9,20101900858244E+018",9,1,62,0,2020,10,18,2,3,0,7,2,1,0,0,0,0,0,694346.9573,5334231.3432,11.612093658,48.131636534,0,1,#66c2a5,bicycle
12163,174047,"9,20101500858245E+018",9,1,84,136,2020,10,17,5,3,2,2,0,1,1,0,0,0,0,699397.2438,5326686.7239,11.676371487,48.062269529,0,1,#66c2a5,bicycle
12164,174048,"9,20101900141344E+018",9,1,63,0,2020,10,14,2,3,0,7,0,1,0,0,0,0,0,735347.0333,5304206.7539,12.145906666,47.848073519,0,1,#66c2a5,bicycle
12165,174050,"9,20102000858244E+018",9,1,62,0,2020,10,8,3,3,3,2,0,1,0,0,0,0,1,693249.2579,5333328.04,11.59694634,48.123852113,0,1,#66c2a5,bicycle
12166,174052,"9,20101500858245E+018",9,1,62,0,2020,10,19,5,3,5,2,2,0,1,0,1,0,0,690320.9415,5335376481,11.558550755,48.143145624,1,2,#fc8d62,car
12167,174055,"9,20101500858245E+018",9,1,62,0,2020,10,7,5,3,5,3,0,0,1,0,0,0,1,693480.3966,5333555.8648,11.600152556,48.125829538,0,2,#fc8d62,car
12168,174056,"9,20101700710445E+018",9,7,61,0,2020,10,11,7,2,8,7,0,0,1,0,0,0,0,640976.2458,5359284.8535,10.903604019,48.370976527,0,2,#fc8d62,car
12169,174057,"9,20102000710645E+018",9,7,61,0,2020,10,16,3,2,1,1,0,0,1,0,1,0,0,638755.6101,5355155.3834,10.872274244,48.334337219,0,2,#fc8d62,car
12170,174058,"9,20102000120144E+018",9,1,74,115,2020,10,18,3,3,5,3,2,1,1,0,0,0,0,680283.9139,5347996.8179,11.429109074,48.259510673,0,1,#66c2a5,bicycle
12171,174059,"9,20101900851546E+018",9,1,62,0,2020,10,15,2,3,0,7,0,1,0,0,0,0,0,687244.9487,5331878.2098,11.515703762,48.112614851,0,1,#66c2a5,bicycle