fid,OBJECTID,UIDENTSTLA,ULAND,UREGBEZ,UKREIS,UGEMEINDE,UJAHR,UMONAT,USTUNDE,UWOCHENTAG,UKATEGORIE,UART,UTYP1,ULICHTVERH,IstRad,IstPKW,IstFuss,IstKrad,IstGkfz,IstSonstig,LINREFX,LINREFY,XGCSWGS84,YGCSWGS84,STRZUSTAND,Teilnehmer,color,symbol
12316,174369,"9,20102200858247E+018",9,1,62,0,2020,10,18,5,2,6,4,2,0,1,1,0,0,0,686193.2638,5334378.8737,11.502680336,48.135400147,0,2,#fc8d62,car
12317,174374,"9,20102500854247E+018",9,1,62,0,2020,10,14,1,3,0,1,0,1,0,0,0,0,0,688367.2281,5337172.9474,11.533108135,48.159873968,1,1,#66c2a5,bicycle
12318,174376,"9,20102100858245E+018",9,1,62,0,2020,10,13,4,3,3,2,0,1,0,0,0,0,1,681669.7921,5337394.6362,11.443224148,48.163815546,0,1,#66c2a5,bicycle
12319,174377,"9,20102300858247E+018",9,1,62,0,2020,10,12,6,3,5,3,0,0,1,0,0,0,0,695681.5262,5329902.3641,11.628025273,48.092320816,0,2,#fc8d62,car
12320,174381,"9,20102200858244E+018",9,1,62,0,2020,10,18,5,2,4,2,2,0,1,0,1,0,0,678899.5188,5335478.1727,11.405196128,48.147374045,0,2,#fc8d62,car
12321,174383,"9,20102300858246E+018",9,1,62,0,2020,10,7,6,3,5,3,1,0,1,0,1,0,0,700570.6678,5332406.8489,11.694789707,48.11330906,1,2,#fc8d62,car
12322,174384,"9,20102300858244E+018",9,1,62,0,2020,10,17,6,2,3,6,0,1,0,0,1,0,0,699229.6681,5332403077,11.676791251,48.113696048,0,1,#66c2a5,bicycle
12323,174386,"9,20102300858244E+018",9,1,62,0,2020,10,7,6,3,5,2,1,1,0,0,0,1,0,686157.4871,5338551.2023,11.504025108,48.172912958,1,1,#66c2a5,bicycle
12324,174387,"9,20102100857145E+018",9,1,62,0,2020,10,6,4,2,4,2,2,0,1,1,1,0,0,690801.5164,5339667.4294,11.566929307,48.181568296,0,2,#fc8d62,car
12325,174388,"9,20102300858244E+018",9,1,62,0,2020,10,7,6,3,2,6,0,0,1,0,0,1,0,695234.2884,5338713.2383,11.626062611,48.171645991,0,2,#fc8d62,car
12326,174392,"9,20102200852845E+018",9,1,84,127,2020,10,10,5,3,5,3,0,1,0,0,0,0,0,703686.3007,5322549864,11.731905397,48.023737334,0,1,#66c2a5,bicycle
12327,174394,"9,20102300857146E+018",9,1,62,0,2020,10,19,6,2,5,3,2,0,1,0,0,0,0,696539.3543,5334334.5047,11.641575556,48.131890497,0,2,#fc8d62,car
12328,174395,"9,20102300712344E+018",9,7,72,171,2020,10,13,6,3,1,6,0,0,1,0,0,0,1,638084.8979,5369526.8767,10.867955802,48.463709512,0,2,#fc8d62,car
12329,174396,"9,20102100852746E+018",9,1,62,0,2020,10,8,4,3,6,4,0,0,1,1,0,0,0,696409.0002,5336174.2425,11.640673906,48.148465201,0,2,#fc8d62,car
12330,174397,"9,20102300853245E+018",9,1,84,142,2020,10,18,6,3,5,3,2,0,1,0,1,0,0,683552.4482,5318069.2193,11.460218713,47.989563737,0,2,#fc8d62,car
12331,174400,"9,20102100854245E+018",9,1,62,0,2020,10,11,4,3,5,3,0,1,1,0,0,0,0,689153.2536,5336145.9871,11.543211105,48.15041024,0,1,#66c2a5,bicycle
12332,174401,"9,20102300851546E+018",9,1,62,0,2020,10,16,6,3,2,6,0,0,1,0,0,0,0,689655.0199,5333126.8259,11.548606303,48.123124437,0,2,#fc8d62,car
12333,174406,"9,20102300851545E+018",9,1,62,0,2020,10,10,6,3,6,2,0,0,1,1,0,0,0,689659.4543,5332503655,11.548388612,48.117522002,0,2,#fc8d62,car
12334,174407,"9,20102300710444E+018",9,7,61,0,2020,10,6,6,3,0,7,2,0,0,0,0,0,1,641048.1241,5358309.7373,10.904247027,48.362192578,1,6,#ffd92f,circle
12335,174409,"9,20102300851246E+018",9,1,62,0,2020,10,10,6,3,6,7,0,0,0,1,0,1,0,691309.7231,5335505.7605,11.57188752,48.144011025,0,3,#8da0cb,toilet
12336,174411,"9,20102500858244E+018",9,1,84,135,2020,10,13,1,3,0,1,0,1,0,0,0,0,0,689110375,5347109502,11.547519307,48.248962917,0,1,#66c2a5,bicycle
12337,174412,"9,20102200710444E+018",9,7,61,0,2020,10,21,5,3,1,6,2,0,1,0,0,0,0,639460.3938,5359750.5105,10.88330147,48.375500382,0,2,#fc8d62,car
12338,174413,"9,20102600120945E+018",9,1,79,123,2020,10,15,2,3,1,6,0,0,1,0,1,0,0,675760215,5333763.3269,11.362319894,48.132833929,1,2,#fc8d62,car
12339,174414,"9,20102200711146E+018",9,7,61,0,2020,10,7,5,3,4,6,2,1,0,0,0,0,0,638391.1535,5362899.9199,10.869907846,48.404054589,0,1,#66c2a5,bicycle
12340,174415,"9,20102200131545E+018",9,1,85,158,2020,10,14,5,3,0,1,0,1,0,0,0,0,0,668285.9782,5381382.0037,11.280978458,48.562925227,0,1,#66c2a5,bicycle
12341,174416,"9,20102300851144E+018",9,1,62,0,2020,10,8,6,3,3,6,0,1,1,0,0,0,0,691243.1809,5334429.6448,11.570510684,48.134359009,0,1,#66c2a5,bicycle
12342,174420,"9,20102500712545E+018",9,7,72,200,2020,10,16,1,3,8,1,0,0,0,0,1,0,0,629653.7276,5341524645,10.745340238,48.21369504,0,4,#e78ac3,marker
12343,174421,"9,20102300110747E+018",9,1,78,136,2020,10,15,6,3,5,3,0,1,1,0,0,0,0,696328.4776,5370613.2702,11.655610413,48.457996841,1,1,#66c2a5,bicycle
12344,174422,"9,20102500711145E+018",9,7,61,0,2020,10,19,1,3,0,7,2,0,0,0,0,0,1,638842.3379,5355541.4802,10.873571082,48.337789891,0,6,#ffd92f,circle
12345,174424,"9,20102100858245E+018",9,1,84,139,2020,10,16,4,2,6,4,0,0,1,1,0,0,0,687678.3321,5326575.3869,11.519190257,48.064823755,0,2,#fc8d62,car
12346,174427,"9,20102500852945E+018",9,1,62,0,2020,10,15,1,3,3,2,0,1,1,0,0,0,0,684754.42,5329736.0101,11.481347896,48.094086871,0,1,#66c2a5,bicycle
12347,174428,"9,20102900120145E+018",9,1,74,115,2020,10,18,5,3,5,6,2,0,1,0,0,0,0,681305.6107,5347676.4649,11.442724991,48.256339631,1,2,#fc8d62,car
12348,174430,"9,20102700858245E+018",9,1,62,0,2020,10,12,3,3,0,3,0,1,1,0,0,0,0,693315.7871,5339331.1034,11.600565884,48.177785539,0,1,#66c2a5,bicycle
12349,174433,"9,20102900858246E+018",9,1,62,0,2020,10,18,5,3,6,2,2,0,1,1,0,0,0,685167.2638,5335260.4496,11.489286382,48.14362352,1,2,#fc8d62,car
12350,174437,"9,20102800851547E+018",9,1,62,0,2020,10,16,4,3,5,3,0,1,1,0,0,0,0,689484881,5331486255,11.545593337,48.10842946,0,1,#66c2a5,bicycle
12351,174438,"9,20103100120146E+018",9,1,74,118,2020,10,16,7,3,9,1,2,0,0,0,1,0,0,669851.1967,5354945.1327,11.291455403,48.324855418,1,4,#e78ac3,marker
12352,174442,"9,20102900852446E+018",9,1,62,0,2020,10,12,5,3,3,6,0,0,1,0,0,0,0,697012.1185,5331106.3816,11.646431259,48.102731942,1,2,#fc8d62,car
12353,174445,"9,20103000712346E+018",9,7,72,184,2020,10,16,6,3,0,7,0,1,0,0,0,0,0,634526.1496,5361772.1672,10.817351212,48.394750487,1,1,#66c2a5,bicycle
12354,174447,"9,20103000858247E+018",9,1,62,0,2020,10,17,6,3,0,7,2,1,0,0,0,0,0,695244.3269,5332549001,11.623370977,48.116241769,1,1,#66c2a5,bicycle
12355,174451,"9,20102900141345E+018",9,1,63,0,2020,10,15,5,2,3,6,0,1,0,0,0,1,0,732629.7383,5304871571,12.109997396,47.855035323,1,1,#66c2a5,bicycle
12356,174453,"9,20102700857146E+018",9,1,62,0,2020,10,19,3,3,4,6,2,1,0,0,0,0,0,687697.3403,5329309.3822,11.520645969,48.089392278,1,1,#66c2a5,bicycle
12357,174456,"9,20103000852946E+018",9,1,62,0,2020,10,11,6,3,6,7,0,1,0,1,0,0,0,686003.1906,5330014.6849,11.498224476,48.096228497,1,1,#66c2a5,bicycle
12358,174459,"9,20102700210954E+018",9,2,61,0,2020,10,6,3,3,5,3,0,1,1,0,0,0,0,732948.1237,5381939.3017,12.156538895,48.547249218,0,1,#66c2a5,bicycle
12359,174462,"9,20103000858246E+018",9,1,62,0,2020,10,8,6,3,0,1,0,1,0,0,0,0,0,693452.3562,5338313243,11.601937924,48.16859583,1,1,#66c2a5,bicycle
12360,174465,"9,20102900710446E+018",9,7,61,0,2020,10,6,5,3,3,2,1,1,0,0,0,0,1,640577.2809,5358043.6766,10.897805052,48.359905268,1,1,#66c2a5,bicycle
12361,174466,"9,20102900120945E+018",9,1,88,121,2020,10,15,5,3,6,4,0,0,1,1,0,0,0,670435.7789,5330037.4431,11.28932729,48.100787149,1,2,#fc8d62,car
12362,174468,"9,20102700851346E+018",9,1,62,0,2020,10,6,3,3,5,3,2,1,1,0,0,0,0,692469.8777,5336656.5985,11.587988046,48.154004574,1,1,#66c2a5,bicycle
12363,174471,"9,20102900858246E+018",9,1,62,0,2020,10,14,5,3,5,3,0,1,1,0,0,0,0,693409.1096,5332363.9951,11.598654876,48.115138995,1,1,#66c2a5,bicycle
12364,174474,"9,20103000120946E+018",9,1,79,145,2020,10,14,6,3,0,7,0,1,1,0,0,0,0,674104.7973,5337787.0962,11.341735492,48.169460345,0,1,#66c2a5,bicycle
12365,174476,"9,20102800858246E+018",9,1,84,146,2020,10,12,4,3,5,3,0,0,1,0,0,0,0,698884.4252,5328102.4985,11.670154605,48.075153576,0,2,#fc8d62,car
12366,174478,"9,20102700851345E+018",9,1,62,0,2020,10,16,3,3,0,1,0,1,0,0,0,0,0,690857.4028,5337197.6081,11.56657172,48.159353058,1,1,#66c2a5,bicycle
12367,174481,"9,20102900857146E+018",9,1,62,0,2020,10,8,5,3,0,7,0,0,1,0,0,0,1,692852.3316,5332462082,11.59122628,48.116189426,1,2,#fc8d62,car
12368,174485,"9,20102800851251E+018",9,1,62,0,2020,10,18,4,3,5,2,2,0,1,0,0,0,1,691230.3405,5336439.9486,11.571241102,48.152431266,1,2,#fc8d62,car
12369,174486,"9,20103100110545E+018",9,1,77,117,2020,10,18,7,3,0,1,1,0,0,0,0,0,1,714897.9833,5352338.4778,11.897129488,48.287730282,0,6,#ffd92f,circle
12370,174487,"9,20102700120947E+018",9,1,79,123,2020,10,19,3,3,5,7,2,1,1,0,0,0,0,675999.5776,5333371.3003,11.365372291,48.129243734,0,1,#66c2a5,bicycle
12371,174488,"9,20102700120551E+018",9,1,79,119,2020,10,14,3,2,5,3,0,1,1,0,0,0,0,670406.7991,5338983.1564,11.292518143,48.181214771,0,1,#66c2a5,bicycle
12372,174489,"9,20102800857145E+018",9,1,62,0,2020,10,22,4,3,0,7,2,0,1,1,0,0,0,688182.9465,5335577.0783,11.52992683,48.145584601,1,2,#fc8d62,car
12373,174490,"9,20103100121347E+018",9,1,88,117,2020,10,13,7,2,0,1,0,1,0,0,0,0,0,663327.1921,5314064316,11.187827604,47.959041894,1,1,#66c2a5,bicycle
12374,174491,"9,20102700120545E+018",9,1,79,121,2020,10,8,3,3,5,3,0,0,1,0,1,0,0,666405.3048,5338592.6051,11.238575417,48.178764367,0,2,#fc8d62,car
12375,174494,"9,20102900851447E+018",9,1,62,0,2020,10,6,5,3,6,4,1,0,0,1,0,0,1,691695.0579,5334148343,11.576451459,48.131694758,1,3,#8da0cb,toilet
12376,174496,"9,20102700110945E+018",9,1,78,143,2020,10,9,3,1,8,1,0,1,0,0,0,0,0,716721046,5373352141,11.93250814,48.475913113,1,1,#66c2a5,bicycle
12377,174497,"9,20103000711146E+018",9,7,61,0,2020,10,11,6,3,4,2,0,0,1,0,0,0,0,638297.0824,5362488.4922,10.868501937,48.400375773,0,2,#fc8d62,car
12378,174498,"9,20102800711146E+018",9,7,61,0,2020,10,6,4,2,5,3,2,1,0,0,0,0,0,639201.2349,5360008.6993,10.879889194,48.377879175,0,1,#66c2a5,bicycle
12379,174499,"9,20103000858247E+018",9,1,62,0,2020,10,8,6,3,3,2,0,1,1,0,0,0,0,688005.4516,5335800.2946,11.527641576,48.147643391,0,1,#66c2a5,bicycle
12380,174500,"9,20102600858247E+018",9,1,84,145,2020,10,17,2,3,6,4,2,0,1,1,0,0,0,694224.0146,5325511.0465,11.606476502,48.053298589,1,2,#fc8d62,car
12381,174501,"9,20103000210946E+018",9,2,61,0,2020,10,17,6,3,0,1,2,1,0,0,0,0,0,730722522,5380954999,12.125883057,48.539229699,1,1,#66c2a5,bicycle
12382,174502,"9,20102900711945E+018",9,7,72,125,2020,10,14,5,3,5,7,0,0,1,0,0,0,0,636619.9497,5348669.2783,10.841372853,48.276479186,1,2,#fc8d62,car
12383,174505,"9,20102900161946E+018",9,1,73,147,2020,10,7,5,2,0,1,1,1,0,0,0,0,0,682714.4007,5308192.6436,11.444803965,47.901022561,1,1,#66c2a5,bicycle
12384,174506,"9,20102600858246E+018",9,1,62,0,2020,10,13,2,3,5,3,0,0,1,0,0,0,0,685426549,5338935.5764,11.494370537,48.176581531,1,2,#fc8d62,car
12385,174509,"9,20103000858246E+018",9,1,62,0,2020,10,17,6,3,5,2,1,1,1,0,0,0,0,687600.2259,5339613.1843,11.523880845,48.18203402,0,1,#66c2a5,bicycle
12386,174510,"9,20102600858246E+018",9,1,62,0,2020,10,8,2,3,2,6,0,0,1,0,0,0,0,688434088,5338175.4709,11.534450496,48.168864957,0,2,#fc8d62,car
12387,174513,"9,20102900120145E+018",9,1,74,115,2020,10,17,5,3,5,3,2,0,1,0,0,0,0,680940.7792,5347190.9273,11.437606673,48.252079586,1,2,#fc8d62,car
12388,174514,"9,20102600858245E+018",9,1,62,0,2020,10,8,2,3,0,7,0,1,0,0,0,0,0,690531.0035,5335007.2167,11.561206554,48.139763817,0,1,#66c2a5,bicycle
12389,174515,"9,20102700851345E+018",9,1,62,0,2020,10,11,3,3,2,6,0,0,1,0,0,0,0,692278.9943,5338226.6389,11.586133755,48.16817346,1,2,#fc8d62,car
12390,174518,"9,20102600858245E+018",9,1,62,0,2020,10,13,2,3,5,2,0,1,1,0,0,0,0,689844.5257,5337383.2465,11.553047874,48.161324786,1,1,#66c2a5,bicycle
12391,174523,"9,20103000120145E+018",9,1,74,113,2020,10,15,6,2,0,1,0,1,0,0,0,0,0,677797.5717,5345230725,11.394477599,48.23534902,1,1,#66c2a5,bicycle
12392,174526,"9,20102800858246E+018",9,1,62,0,2020,10,13,4,2,0,1,0,1,1,0,0,0,0,691245.7311,5329765.8756,11.568453681,48.092440514,1,1,#66c2a5,bicycle
12393,174527,"9,20102600858245E+018",9,1,62,0,2020,10,19,2,3,5,3,2,0,1,0,0,0,0,689221007,5341711.7399,11.54659878,48.200415202,1,2,#fc8d62,car
12394,174532,"9,20102900857145E+018",9,1,62,0,2020,10,18,5,2,6,4,2,0,1,1,0,0,0,692234.6922,5330446.1799,11.58202793,48.098257503,1,2,#fc8d62,car
12395,174535,"9,20102900858246E+018",9,1,62,0,2020,10,8,5,3,2,6,0,1,1,0,0,0,0,693512.6609,5332388.0215,11.600055614,48.115323481,1,1,#66c2a5,bicycle
12396,174536,"9,20102600858245E+018",9,1,62,0,2020,10,14,2,3,5,2,0,1,1,0,0,0,0,691277.3959,5331892.2549,11.569831538,48.111542845,1,1,#66c2a5,bicycle
12397,174538,"9,20102600858245E+018",9,1,62,0,2020,10,16,2,3,5,3,0,1,1,0,0,0,0,690770.1608,5342869.1729,11.567946466,48.210354461,1,1,#66c2a5,bicycle
12398,174539,"9,20102800854545E+018",9,1,62,0,2020,10,8,4,3,3,6,0,1,0,0,0,0,0,683259.7775,5335504.9281,11.463773141,48.146373363,0,1,#66c2a5,bicycle
12399,174540,"9,20103100120546E+018",9,1,79,121,2020,10,12,7,3,0,1,0,1,0,0,0,0,0,667584.1527,5338261.0471,11.254290493,48.17547386,0,1,#66c2a5,bicycle
12400,174541,"9,20102600857146E+018",9,1,62,0,2020,10,18,2,2,6,4,2,0,1,1,0,0,0,686226.3241,5333900.1773,11.502915025,48.131087767,1,2,#fc8d62,car
12401,174543,"9,20102800120946E+018",9,1,79,123,2020,10,17,4,3,5,3,2,1,1,0,0,0,0,676731.9211,5334326.3107,11.375602153,48.137625631,0,1,#66c2a5,bicycle
12402,174545,"9,20102900210947E+018",9,2,61,0,2020,10,11,5,3,5,3,0,0,1,0,0,0,0,731694.8045,5381891.2379,12.139555828,48.547281562,1,2,#fc8d62,car
12403,174546,"9,20102600857146E+018",9,1,62,0,2020,10,18,2,2,6,2,2,0,1,1,0,0,0,696468421,5337115.3051,11.641906344,48.156904532,1,2,#fc8d62,car
12404,174547,"9,20103000710446E+018",9,7,61,0,2020,10,8,6,3,2,6,0,0,1,0,0,0,0,640444.5272,5358289.5648,10.896095968,48.362145763,1,2,#fc8d62,car
12405,174549,"9,20102600857146E+018",9,1,84,134,2020,10,10,2,3,5,3,0,0,1,0,0,0,0,692592.9374,5321912.15,11.58299228,48.021446099,1,2,#fc8d62,car
12406,174552,"9,20103000858247E+018",9,1,62,0,2020,10,12,6,2,5,3,0,1,1,0,0,0,0,686677.1713,5338259.0686,11.510880211,48.170134754,0,1,#66c2a5,bicycle
12407,174553,"9,20102600854745E+018",9,1,62,0,2020,10,19,2,3,3,2,2,1,1,0,0,0,0,691279732,5339323139,11.57320124,48.17833009,1,1,#66c2a5,bicycle
12408,174555,"9,20102800111351E+018",9,1,75,132,2020,10,12,4,3,3,6,0,1,1,0,0,0,0,706410.92,5332411.5073,11.773165367,48.111485073,0,1,#66c2a5,bicycle
12409,174557,"9,20102900141346E+018",9,1,63,0,2020,10,18,5,3,5,3,2,1,1,0,0,0,0,732653.9882,5304219.9476,12.109970705,47.849172264,1,1,#66c2a5,bicycle
12410,174558,"9,20102600854545E+018",9,1,62,0,2020,10,5,2,3,5,3,1,0,1,0,0,0,0,680106.9411,5335527.9263,11.421435255,48.14748056,1,2,#fc8d62,car
12411,174559,"9,20102700711345E+018",9,7,61,0,2020,10,16,3,2,6,4,0,0,1,1,0,0,0,637031.1756,5360160.6012,10.850648458,48.379720093,0,2,#fc8d62,car
12412,174562,"9,20103000852947E+018",9,1,62,0,2020,10,14,6,3,0,3,0,1,1,0,0,0,0,688300.8505,5330527.8793,11.529279945,48.100166454,0,1,#66c2a5,bicycle
12413,174563,"9,20102600854246E+018",9,1,62,0,2020,10,12,2,3,0,7,0,1,0,0,0,0,0,688155.3138,5336759.6926,11.530078501,48.156222312,1,1,#66c2a5,bicycle
12414,174565,"9,20102800710446E+018",9,7,61,0,2020,10,18,4,3,2,6,2,0,1,0,0,0,0,639827.0332,5359998.4638,10.888332327,48.377648766,0,2,#fc8d62,car
12415,174566,"9,20103000858246E+018",9,1,62,0,2020,10,14,6,3,0,1,0,0,0,0,1,0,0,690136972,5335245.3424,11.556021588,48.142021956,0,4,#e78ac3,marker
12416,174567,"9,20102600854147E+018",9,1,62,0,2020,10,18,2,3,6,2,2,0,1,1,0,0,0,686226.2059,5333910.2547,11.502917843,48.131178381,1,2,#fc8d62,car
12417,174569,"9,2010290071065E+018",9,7,61,0,2020,10,4,5,3,5,2,2,0,1,0,1,0,0,640821.4786,5357026.9136,10.90075964,48.350708449,1,2,#fc8d62,car
12418,174571,"9,20102600852546E+018",9,1,62,0,2020,10,11,2,3,4,5,0,1,0,0,0,0,1,699535.9586,5335348.1248,11.682280595,48.140067669,1,1,#66c2a5,bicycle
12419,174575,"9,20102700858247E+018",9,1,62,0,2020,10,11,3,3,0,2,0,1,1,0,0,0,0,688380753,5336564.2447,11.533020331,48.154398858,1,1,#66c2a5,bicycle
12420,174576,"9,20102900858247E+018",9,1,62,0,2020,10,17,5,3,3,2,2,0,1,0,0,0,1,686159.9508,5338553.7049,11.50405931,48.172934731,1,2,#fc8d62,car
12421,174577,"9,20102700858247E+018",9,1,88,127,2020,10,14,3,3,5,2,0,1,1,0,0,0,0,679688.9419,5329402.3082,11.413238895,48.092535593,0,1,#66c2a5,bicycle
12422,174579,"9,20102800858245E+018",9,1,62,0,2020,10,8,4,3,5,3,0,1,1,0,0,0,0,691696195,5337049.9748,11.577773115,48.157773841,0,1,#66c2a5,bicycle
12423,174581,"9,20102800858246E+018",9,1,84,131,2020,10,18,4,3,2,6,2,0,1,0,0,0,0,704427.2414,5338338.7733,11.74939101,48.165390834,0,2,#fc8d62,car
12424,174582,"9,20102600851447E+018",9,1,62,0,2020,10,10,2,3,6,7,0,0,1,1,0,0,0,689974.6528,5333896.7069,11.553240317,48.129948869,1,2,#fc8d62,car
12425,174586,"9,20102900857147E+018",9,1,62,0,2020,10,6,5,3,3,2,2,1,1,0,0,0,0,694442.6877,5333025.6839,11.612828887,48.120771288,1,1,#66c2a5,bicycle
12426,174587,"9,20102600851447E+018",9,1,62,0,2020,10,18,2,3,5,2,2,1,1,0,0,0,0,690181.0325,5333302675,11.555746096,48.124548067,1,1,#66c2a5,bicycle
12427,174589,"9,20102600851446E+018",9,1,62,0,2020,10,17,2,3,6,4,1,1,0,1,0,0,0,689083.8681,5333287.6376,11.541010272,48.124739715,1,1,#66c2a5,bicycle
12428,174590,"9,20102800851446E+018",9,1,62,0,2020,10,16,4,3,6,4,0,1,0,1,0,0,0,690594.5489,5335041.6955,11.562075305,48.140054681,0,1,#66c2a5,bicycle
12429,174591,"9,20103100120145E+018",9,1,74,115,2020,10,11,7,3,7,7,0,1,0,0,0,0,0,680134.4018,5346800191,11.42658715,48.248797066,0,1,#66c2a5,bicycle
12430,174594,"9,20102700858246E+018",9,1,62,0,2020,10,18,3,3,5,3,2,1,1,0,0,0,0,694510585,5334971.8952,11.614628627,48.138242334,0,1,#66c2a5,bicycle
12431,174595,"9,20103100121347E+018",9,1,88,124,2020,10,18,7,2,8,1,2,1,0,0,0,0,0,662665282,5318352213,11.180591268,47.997761602,1,1,#66c2a5,bicycle
12432,174596,"9,20102600712545E+018",9,7,72,170,2020,10,5,2,3,5,3,2,0,1,0,0,0,0,631760.84,5329359295,10.769923127,48.103862525,1,2,#fc8d62,car
12433,174599,"9,20102900851546E+018",9,1,62,0,2020,10,22,5,3,4,2,2,0,1,0,0,0,0,689696.4777,5331906.9757,11.548620166,48.112147964,1,2,#fc8d62,car
12434,174601,"9,20102600710746E+018",9,7,61,0,2020,10,12,2,3,0,7,0,0,0,0,0,0,1,641726951,5361372978,10.914439087,48.389583892,1,6,#ffd92f,circle
12435,174602,"9,20103000711345E+018",9,7,61,0,2020,10,15,6,3,2,6,0,0,1,0,0,0,0,639165.5985,5359009.5179,10.87907747,48.368902641,0,2,#fc8d62,car
12436,174603,"9,20102800740145E+018",9,7,77,130,2020,10,17,4,3,5,3,0,1,1,0,0,0,0,625198.9533,5310911.2364,10.676429218,47.939277428,0,1,#66c2a5,bicycle
12437,174604,"9,20103000858247E+018",9,1,62,0,2020,10,13,6,3,5,2,0,1,0,0,1,0,0,690016.9332,5335747.2068,11.554633532,48.146568578,0,1,#66c2a5,bicycle
12438,174605,"9,20102600710647E+018",9,7,61,0,2020,10,15,2,3,5,1,0,1,1,0,0,0,0,641213.1641,5355430.9483,10.905508278,48.336270607,1,1,#66c2a5,bicycle
12439,174609,"9,20102600710645E+018",9,7,61,0,2020,10,8,2,3,5,3,0,0,1,0,0,0,0,640362.9794,5353221.9663,10.893306976,48.316597416,0,2,#fc8d62,car
12440,174612,"9,20102600710453E+018",9,7,61,0,2020,10,15,2,3,6,2,0,0,1,1,0,0,0,641006.7115,5358713.9885,10.903823758,48.365836711,1,2,#fc8d62,car
12441,174615,"9,20103000858246E+018",9,1,62,0,2020,10,8,6,3,3,2,0,1,1,0,0,0,0,678767.5604,5339001.4853,11.404904498,48.179082202,1,1,#66c2a5,bicycle
12442,174616,"9,20102600710446E+018",9,7,61,0,2020,10,16,2,3,0,1,0,0,0,0,1,0,0,640514.3893,5359485.8701,10.897438303,48.372887001,1,4,#e78ac3,marker
12443,174618,"9,20102700858245E+018",9,1,62,0,2020,10,12,3,3,0,7,0,0,0,0,0,0,1,690755.2252,5335450.1525,11.564415927,48.14367772,1,6,#ffd92f,circle
12444,174620,"9,20102900120551E+018",9,1,79,121,2020,10,9,5,3,2,6,0,0,1,0,0,0,1,665852.5472,5336920.3544,11.230492895,48.163875205,1,2,#fc8d62,car
12445,174625,"9,20102900858246E+018",9,1,62,0,2020,10,9,5,3,5,3,0,1,1,0,0,0,0,686134.7632,5339955.9366,11.504335014,48.185545791,1,1,#66c2a5,bicycle
12446,174630,"9,20103000120945E+018",9,1,79,113,2020,10,15,6,2,4,6,0,0,0,0,1,1,0,669347.6888,5336236.1519,11.277187326,48.156802923,0,4,#e78ac3,marker
12447,174632,"9,20102800858246E+018",9,1,62,0,2020,10,21,4,3,5,3,2,1,1,0,0,0,0,691436.9308,5337673446,11.574570963,48.163455605,0,1,#66c2a5,bicycle
12448,174637,"9,20102900857146E+018",9,1,62,0,2020,10,15,5,3,5,3,0,0,1,0,0,0,0,689725.9624,5333345857,11.549656149,48.125071968,1,2,#fc8d62,car
12449,174643,"9,20102800854847E+018",9,1,84,149,2020,10,10,4,3,0,7,0,1,0,0,0,0,1,689437.8694,5351110.0641,11.553718308,48.28482149,1,1,#66c2a5,bicycle
12450,174644,"9,20103100121347E+018",9,1,88,144,2020,10,10,7,3,0,1,0,1,0,0,0,0,0,667173.0839,5329061.9954,11.245155332,48.092882205,0,1,#66c2a5,bicycle
12451,174647,"9,20102800161745E+018",9,1,90,159,2020,10,13,4,3,5,3,0,0,1,0,1,0,0,662995.2952,5304800.1019,11.179881839,47.875833897,0,2,#fc8d62,car
12452,174651,"9,20103000710751E+018",9,7,61,0,2020,10,16,6,3,0,3,0,1,1,0,0,0,0,643404271,5360140.9901,10.936662392,48.378127406,0,1,#66c2a5,bicycle
12453,174652,"9,20102800710647E+018",9,7,61,0,2020,10,6,4,3,0,1,1,1,1,0,0,0,0,639291.9283,5358636.2601,10.880658658,48.36551853,1,1,#66c2a5,bicycle
12454,174653,"9,20103000858247E+018",9,1,62,0,2020,10,11,6,3,2,6,0,0,1,0,0,0,0,691201.95,5335821782,11.570582096,48.146883791,0,2,#fc8d62,car
12455,174655,"9,20103000161947E+018",9,1,73,147,2020,10,18,6,3,5,3,2,1,1,0,0,0,0,681168.9492,5309730.5464,11.424790373,47.915285428,0,1,#66c2a5,bicycle
12456,174658,"9,20103000858247E+018",9,1,62,0,2020,10,14,6,3,0,6,0,1,0,0,0,0,0,690631.8615,5339397.6599,11.564528228,48.179194564,0,1,#66c2a5,bicycle
12457,174662,"9,20102900160945E+018",9,1,73,126,2020,10,23,5,3,3,6,2,1,1,0,0,0,0,684612.6567,5305928.4257,11.469210951,47.880126149,1,1,#66c2a5,bicycle
12458,174666,"9,20103000857146E+018",9,1,62,0,2020,10,21,6,3,0,1,2,0,0,0,0,0,1,692709.4201,5332560.3569,11.589352521,48.117115963,0,6,#ffd92f,circle
12459,174668,"9,20103000145046E+018",9,1,63,0,2020,10,14,6,3,2,6,0,0,1,0,0,0,0,731125.7527,5303711.3888,12.089301432,47.845154451,0,2,#fc8d62,car