fid,OBJECTID,UIDENTSTLA,ULAND,UREGBEZ,UKREIS,UGEMEINDE,UJAHR,UMONAT,USTUNDE,UWOCHENTAG,UKATEGORIE,UART,UTYP1,ULICHTVERH,IstRad,IstPKW,IstFuss,IstKrad,IstGkfz,IstSonstig,LINREFX,LINREFY,XGCSWGS84,YGCSWGS84,STRZUSTAND,Teilnehmer,color,symbol
12460,174670,"9,20102900710751E+018",9,7,61,0,2020,10,18,5,3,1,5,2,0,1,0,0,0,1,643412127,5360413863,10.93686153,48.380579142,1,2,#fc8d62,car
12461,174677,"9,20102700858245E+018",9,1,62,0,2020,10,9,3,3,1,6,0,0,1,0,0,0,0,683241.6097,5334832.4008,11.463239704,48.140333493,0,2,#fc8d62,car
12462,174678,"9,20102900858247E+018",9,1,62,0,2020,10,15,5,3,6,4,0,0,1,1,0,0,0,697811.96,5330678.2442,11.656965016,48.098636303,1,2,#fc8d62,car
12463,174679,"9,20102700858245E+018",9,1,84,149,2020,10,8,3,3,1,5,0,0,1,0,0,1,0,690372.2759,5351456.2384,11.566457464,48.287652514,0,2,#fc8d62,car
12464,174681,"9,20102800858245E+018",9,1,84,149,2020,10,8,4,3,1,1,0,0,1,0,0,0,0,690765.8545,5350663555,11.571399988,48.280409655,0,2,#fc8d62,car
12465,174687,"9,20110500852348E+018",9,1,62,0,2020,11,13,5,3,0,5,0,1,1,0,0,0,0,691359974,5332841594,11.571365821,48.120050639,0,1,#66c2a5,bicycle
12466,174697,"9,2011060071065E+018",9,7,61,0,2020,11,15,6,3,5,1,0,1,1,0,0,0,0,638659.5931,5356142.0986,10.871304176,48.343230691,0,1,#66c2a5,bicycle
12467,174708,"9,20110300141348E+018",9,1,87,150,2020,11,18,3,3,5,3,2,1,1,0,0,0,0,729649858,5304426.2531,12.069982882,47.852105997,1,1,#66c2a5,bicycle
12468,174712,"9,20110300131348E+018",9,1,86,152,2020,11,15,3,2,9,1,0,0,1,0,0,0,0,692316.1135,5374662.5491,11.603259073,48.495627344,1,2,#fc8d62,car
12469,174713,"9,20110300121748E+018",9,1,79,142,2020,11,18,3,3,6,4,2,0,1,1,0,0,0,672846.2321,5341832.8075,11.326468455,48.206172647,1,2,#fc8d62,car
12470,174716,"9,2011030012055E+018",9,1,79,121,2020,11,8,3,3,2,6,0,0,1,1,0,0,0,667031.0294,5337755.0572,11.246657174,48.171070643,0,2,#fc8d62,car
12471,174717,"9,20110500145048E+018",9,1,63,0,2020,11,17,5,3,4,2,2,1,1,0,0,0,0,734027.8276,5303612.2976,12.127978536,47.843214487,0,1,#66c2a5,bicycle
12472,174718,"9,20110300110749E+018",9,1,78,124,2020,11,8,3,3,0,1,0,1,0,0,0,0,0,703505.9259,5364628.2305,11.749675395,48.401934427,0,1,#66c2a5,bicycle
12473,174719,"9,20110300110555E+018",9,1,77,116,2020,11,15,3,3,0,1,0,1,0,0,0,0,0,714307.2816,5359934.3467,11.89303664,48.356181032,1,1,#66c2a5,bicycle
12474,174720,"9,20110400858248E+018",9,1,62,0,2020,11,13,4,3,0,7,0,1,0,0,0,0,0,690165.3865,5336322.9444,11.556884519,48.151698939,0,1,#66c2a5,bicycle
12475,174722,"9,20110200858248E+018",9,1,62,0,2020,11,16,2,3,0,7,1,1,0,0,0,0,0,692303.4467,5337449.3499,11.586110845,48.161179983,0,1,#66c2a5,bicycle
12476,174723,"9,20110200858248E+018",9,1,62,0,2020,11,23,2,3,0,7,2,0,0,0,1,0,0,686325.1294,5330490.5929,11.50275193,48.10041212,1,4,#e78ac3,marker
12477,174724,"9,20110200858248E+018",9,1,84,131,2020,11,9,2,3,5,7,0,1,1,0,0,0,0,705091.7952,5337546.7413,11.757936179,48.158059211,1,1,#66c2a5,bicycle
12478,174725,"9,20110400858248E+018",9,1,62,0,2020,11,20,4,3,0,5,2,1,1,0,0,0,0,688070124,5336907119,11.528999296,48.157572604,1,1,#66c2a5,bicycle
12479,174727,"9,20110200858248E+018",9,1,62,0,2020,11,18,2,3,0,1,2,1,0,0,0,0,0,692753.3945,5338891269,11.592808937,48.174003282,1,1,#66c2a5,bicycle
12480,174728,"9,20110200858248E+018",9,1,84,130,2020,11,12,2,3,1,5,0,1,1,0,0,0,0,700411.7317,5349614.9149,11.700776617,48.268006443,0,1,#66c2a5,bicycle
12481,174730,"9,20110200857148E+018",9,1,62,0,2020,11,19,2,3,3,2,2,1,1,0,0,0,0,692707.6532,5330699.1869,11.588488089,48.100388635,0,1,#66c2a5,bicycle
12482,174731,"9,20110400858248E+018",9,1,62,0,2020,11,15,4,3,0,1,0,1,0,1,0,0,0,680303271,5335008.1479,11.423852228,48.142752707,1,1,#66c2a5,bicycle
12483,174732,"9,20110200854248E+018",9,1,62,0,2020,11,15,2,3,3,6,0,0,1,0,1,0,0,688302.5647,5336742.5129,11.532048941,48.156024314,0,2,#fc8d62,car
12484,174736,"9,20110400858248E+018",9,1,62,0,2020,11,21,4,3,5,2,2,1,1,0,0,0,0,689592.2851,5335384.6868,11.548768899,48.143436931,0,1,#66c2a5,bicycle
12485,174737,"9,20110500711949E+018",9,7,72,163,2020,11,18,5,3,5,3,2,1,1,0,0,0,0,640090.8162,5349861.2147,10.88852252,48.28643851,0,1,#66c2a5,bicycle
12486,174738,"9,20110200740148E+018",9,7,77,130,2020,11,15,2,3,5,3,0,1,1,0,0,0,0,625605.0227,5310759.6211,10.681819881,47.937834408,0,1,#66c2a5,bicycle
12487,174739,"9,20110200717049E+018",9,7,61,0,2020,11,20,2,3,2,6,2,0,1,0,0,0,0,641731.8656,5360044.5863,10.914057379,48.377638479,0,2,#fc8d62,car
12488,174740,"9,20110200712548E+018",9,7,72,149,2020,11,16,2,3,0,6,0,1,1,0,0,0,0,636859842,5340383.6072,10.841926953,48.201921387,0,1,#66c2a5,bicycle
12489,174741,"9,20110400854848E+018",9,1,84,149,2020,11,18,4,3,6,2,2,0,1,1,0,0,0,691811.1998,5349588.2745,11.584987832,48.270429681,1,2,#fc8d62,car
12490,174742,"9,20110200712151E+018",9,7,71,130,2020,11,16,2,3,0,1,1,1,0,0,0,0,0,646649.3973,5358291.6183,10.979815717,48.360753394,0,1,#66c2a5,bicycle
12491,174743,"9,20110400854549E+018",9,1,62,0,2020,11,6,4,3,6,4,2,0,1,1,0,0,0,682956.6516,5335799.0577,11.459828179,48.149104444,0,2,#fc8d62,car
12492,174745,"9,20110400852949E+018",9,1,62,0,2020,11,13,4,3,5,3,0,1,1,0,0,0,0,686683.1366,5329049.9088,11.506926045,48.087357862,0,1,#66c2a5,bicycle
12493,174747,"9,20110400852548E+018",9,1,62,0,2020,11,12,4,3,5,3,0,1,1,0,0,0,0,698028.8326,5334629.3251,11.661709511,48.134078459,0,1,#66c2a5,bicycle
12494,174749,"9,20110400852147E+018",9,1,62,0,2020,11,11,4,3,5,3,0,1,0,0,0,0,1,693479.5217,5333556.7189,11.600141199,48.12583748,0,1,#66c2a5,bicycle
12495,174750,"9,20110600710749E+018",9,7,61,0,2020,11,12,6,3,2,2,0,0,1,0,0,1,0,642154.6237,5360353.2349,10.919867694,48.380318599,0,2,#fc8d62,car
12496,174755,"9,20110400851449E+018",9,1,62,0,2020,11,13,4,3,2,6,0,0,1,0,0,0,0,691935.1332,5333908.7278,11.579566837,48.129468782,0,2,#fc8d62,car
12497,174773,"9,20110400710648E+018",9,7,61,0,2020,11,6,4,3,4,2,1,0,1,0,1,0,0,641426.8924,5352720.4861,10.907481348,48.311851189,1,2,#fc8d62,car
12498,174774,"9,20110500710448E+018",9,7,61,0,2020,11,11,5,3,6,4,0,1,0,1,0,0,0,639583.7195,5359445.5741,10.884864707,48.372731209,0,1,#66c2a5,bicycle
12499,174776,"9,20110200141348E+018",9,1,63,0,2020,11,11,2,3,0,1,0,1,0,0,0,0,0,733457.3954,5307368.0765,12.122393361,47.877163916,1,1,#66c2a5,bicycle
12500,174777,"9,20110400710448E+018",9,7,61,0,2020,11,13,4,3,0,7,0,1,0,0,0,0,0,639562.3829,5360061.6604,10.884781281,48.378275606,1,1,#66c2a5,bicycle
12501,174780,"9,20110200140148E+018",9,1,87,130,2020,11,15,2,3,0,4,0,0,1,1,0,0,0,712291361,5308343298,11.840163636,47.893273777,0,2,#fc8d62,car
12502,174783,"9,20110600121748E+018",9,1,79,126,2020,11,12,6,3,0,1,0,1,0,0,0,0,0,676352.3306,5340781.9456,11.373181475,48.195761982,0,1,#66c2a5,bicycle
12503,174784,"9,20110200121548E+018",9,1,81,130,2020,11,18,2,2,0,1,2,1,0,0,0,0,0,638717.2606,5324812.0271,10.861841064,48.061495307,0,1,#66c2a5,bicycle
12504,174785,"9,20110200121548E+018",9,1,81,122,2020,11,12,2,3,8,1,0,0,1,0,0,0,0,652253861,5331121811,11.045662189,48.115141774,0,2,#fc8d62,car
12505,174786,"9,2011040071015E+018",9,7,71,162,2020,11,0,4,3,9,1,2,0,1,0,0,0,0,666214.6243,5370822.5463,11.248718734,48.468554359,1,2,#fc8d62,car
12506,174788,"9,20110200120948E+018",9,1,88,121,2020,11,16,2,3,5,3,0,1,0,1,0,0,0,670021.4288,5329800.1353,11.28367171,48.098764487,0,1,#66c2a5,bicycle
12507,174789,"9,20110200120948E+018",9,1,79,118,2020,11,8,2,2,0,7,0,1,0,0,0,0,0,672177.5365,5337733.5714,11.315813966,48.16950417,0,1,#66c2a5,bicycle
12508,174790,"9,2011060012095E+018",9,1,79,123,2020,11,20,6,3,0,1,2,0,0,0,1,0,0,675673.3469,5334277.42,11.361365376,48.137479263,0,4,#e78ac3,marker
12509,174791,"9,20110200110948E+018",9,1,78,143,2020,11,10,2,3,0,1,0,1,0,0,0,0,0,716747.8493,5373175.1531,11.932778596,48.474313703,1,1,#66c2a5,bicycle
12510,174792,"9,20110100858249E+018",9,1,62,0,2020,11,16,1,2,0,7,0,1,0,0,1,0,0,682746.8778,5336228.4394,11.457194852,48.153024315,1,1,#66c2a5,bicycle
12511,174794,"9,2011060011035E+018",9,1,75,115,2020,11,19,6,2,0,1,2,1,0,0,0,0,0,720270.9212,5328738.3434,11.957232934,48.073839874,0,1,#66c2a5,bicycle
12512,174795,"9,20110100857148E+018",9,1,62,0,2020,11,12,1,1,5,3,0,1,1,0,0,0,0,689651.5247,5335673.6075,11.549693157,48.146016106,1,1,#66c2a5,bicycle
12513,174797,"9,20110100855148E+018",9,1,62,0,2020,11,15,1,3,2,6,0,0,1,0,0,0,0,689350.0981,5336106.3947,11.545837405,48.149995814,1,2,#fc8d62,car
12514,174799,"9,20110100854748E+018",9,1,62,0,2020,11,9,1,3,1,3,0,1,1,0,0,0,0,690870.9894,5340001.5346,11.56801307,48.184550318,1,1,#66c2a5,bicycle
12515,174801,"9,20110600710748E+018",9,7,61,0,2020,11,14,6,3,0,7,0,0,0,0,1,0,1,641859187,5361168.63,10.916155278,48.38771676,1,4,#e78ac3,marker
12516,174803,"9,20110500858249E+018",9,1,62,0,2020,11,10,5,3,5,3,0,0,1,0,0,0,0,683130.2182,5334833.1854,11.461744086,48.140372615,0,2,#fc8d62,car
12517,174815,"9,20110500858248E+018",9,1,62,0,2020,11,15,5,3,5,3,0,0,1,0,0,0,0,690202.3192,5333290799,11.556026562,48.124434966,0,2,#fc8d62,car
12518,174820,"9,2011010021095E+018",9,2,61,0,2020,11,20,1,3,5,2,2,0,1,0,1,0,0,731600.1069,5382502.9854,12.138614808,48.552811739,1,2,#fc8d62,car
12519,174821,"9,2011010016095E+018",9,1,73,126,2020,11,13,1,2,8,7,0,1,0,0,0,0,0,685302.3152,5304491.5968,11.47781011,47.867011889,1,1,#66c2a5,bicycle
12520,174824,"9,20110100160948E+018",9,1,73,126,2020,11,19,1,3,5,2,2,1,1,0,0,0,0,685618.0806,5303625.0551,11.481656308,47.859131423,1,1,#66c2a5,bicycle
12521,174829,"9,20110100140148E+018",9,1,87,150,2020,11,11,1,3,5,3,0,1,1,0,0,0,0,729646.0127,5304426.2966,12.069931577,47.852107761,0,1,#66c2a5,bicycle
12522,174831,"9,20110400131347E+018",9,1,86,132,2020,11,11,4,2,0,7,0,0,1,0,0,0,0,678823.3726,5367443.7281,11.417706879,48.434726011,0,2,#fc8d62,car
12523,174833,"9,20110100110748E+018",9,1,78,113,2020,11,21,1,3,0,1,2,1,0,0,0,0,0,691333.0182,5367434.9296,11.586660811,48.430970862,1,1,#66c2a5,bicycle
12524,174834,"9,20103100858247E+018",9,1,62,0,2020,10,7,7,2,5,3,0,1,1,0,0,0,0,686256.7875,5331788.8097,11.502401584,48.112101033,0,1,#66c2a5,bicycle
12525,174835,"9,20110600140149E+018",9,1,87,150,2020,11,11,6,3,5,2,0,1,1,0,0,0,0,729473093,5304173.7646,12.067489466,47.849900638,0,1,#66c2a5,bicycle
12526,174836,"9,20110500858248E+018",9,1,62,0,2020,11,16,5,3,5,2,0,1,1,0,0,0,0,686270.8555,5337589.9304,11.505127432,48.164239532,0,1,#66c2a5,bicycle
12527,174837,"9,20103100858247E+018",9,1,62,0,2020,10,18,7,3,2,6,2,1,0,0,0,0,0,688312.5765,5338297.5806,11.532871896,48.169998503,0,1,#66c2a5,bicycle
12528,174838,"9,20110500858248E+018",9,1,62,0,2020,11,17,5,3,0,1,2,1,0,0,0,0,0,690081.5063,5335257.3239,11.555282077,48.142146219,0,1,#66c2a5,bicycle
12529,174839,"9,20103100858247E+018",9,1,62,0,2020,10,14,7,3,0,1,0,1,0,0,0,0,0,690327.7308,5334950.7975,11.558451682,48.139317556,0,1,#66c2a5,bicycle
12530,174840,"9,20103100858247E+018",9,1,62,0,2020,10,12,7,3,4,2,0,1,1,0,0,0,0,689732.0263,5333342.9658,11.549736268,48.125044175,0,1,#66c2a5,bicycle
12531,174841,"9,20103100858246E+018",9,1,62,0,2020,10,14,7,3,0,1,0,0,0,0,1,0,0,686232.4223,5332713.5694,11.502478419,48.120420281,0,4,#e78ac3,marker
12532,174842,"9,20103100858246E+018",9,1,62,0,2020,10,13,7,3,5,3,0,0,1,0,1,0,0,688522.8418,5330508.7443,11.53225029,48.099928822,0,2,#fc8d62,car
12533,174843,"9,20110400121748E+018",9,1,79,142,2020,11,14,4,3,1,3,0,1,1,0,0,0,0,675149.6661,5342504.6049,11.357722386,48.211580232,1,1,#66c2a5,bicycle
12534,174845,"9,20103100858246E+018",9,1,62,0,2020,10,14,7,3,3,2,0,1,1,0,0,0,0,693422125,5332343.5414,11.598820289,48.114951209,1,1,#66c2a5,bicycle
12535,174846,"9,20103100858246E+018",9,1,62,0,2020,10,11,7,2,5,7,0,1,1,0,0,0,0,683141.9394,5337538.9009,11.463065845,48.164689912,0,1,#66c2a5,bicycle
12536,174848,"9,20103100858246E+018",9,1,84,142,2020,10,11,7,3,9,1,0,0,1,0,0,0,0,683258.2877,5316938525,11.455797281,47.979484345,0,2,#fc8d62,car
12537,174849,"9,20110400121548E+018",9,1,81,132,2020,11,15,4,3,5,6,0,0,1,0,0,0,1,644038519,5327723137,10.934201917,48.086492623,0,2,#fc8d62,car
12538,174850,"9,20103100857146E+018",9,1,62,0,2020,10,13,7,3,2,6,0,0,1,0,0,0,0,681303.3737,5338024703,11.438569552,48.16958367,0,2,#fc8d62,car
12539,174851,"9,20110300858248E+018",9,1,62,0,2020,11,10,3,3,5,3,0,1,1,0,0,0,0,687796.5106,5332206.3686,11.523251255,48.115402039,0,1,#66c2a5,bicycle
12540,174852,"9,20103100852947E+018",9,1,62,0,2020,10,20,7,3,5,3,2,1,1,0,0,0,0,686630.7925,5330300068,11.506770272,48.098610147,0,1,#66c2a5,bicycle
12541,174853,"9,20110300858248E+018",9,1,62,0,2020,11,18,3,2,6,4,2,0,1,1,0,0,0,691200.6675,5335536.7115,11.570436851,48.144321993,1,2,#fc8d62,car
12542,174855,"9,20103100852947E+018",9,1,62,0,2020,10,15,7,2,5,7,0,1,0,1,0,0,0,687546.8545,5328819.3678,11.518411904,48.085032153,0,1,#66c2a5,bicycle
12543,174856,"9,20110500858248E+018",9,1,62,0,2020,11,12,5,3,1,5,0,1,1,0,0,0,0,693405.6434,5335164.4812,11.599879263,48.140310025,0,1,#66c2a5,bicycle
12544,174857,"9,20110300858248E+018",9,1,62,0,2020,11,20,3,3,4,7,2,0,1,0,1,0,0,692521.9146,5332088.4622,11.586622726,48.11293137,1,2,#fc8d62,car
12545,174859,"9,20103100852247E+018",9,1,62,0,2020,10,16,7,3,0,1,0,1,0,0,0,0,0,695885.2503,5338836161,11.634865632,48.172550463,1,1,#66c2a5,bicycle
12546,174860,"9,20103100852246E+018",9,1,62,0,2020,10,11,7,3,5,3,0,0,1,0,1,0,0,696273.2018,5335503.7824,11.638541064,48.142481418,0,2,#fc8d62,car
12547,174861,"9,20103100852246E+018",9,1,62,0,2020,10,14,7,3,5,3,0,1,0,0,0,0,0,692035.7055,5335628.9932,11.581692644,48.144899902,0,1,#66c2a5,bicycle
12548,174863,"9,20110300858248E+018",9,1,62,0,2020,11,18,3,3,0,7,2,0,1,0,1,0,0,680807.0971,5335746.2594,11.430932418,48.1492445,1,2,#fc8d62,car
12549,174866,"9,20110300857148E+018",9,1,62,0,2020,11,17,3,3,6,2,2,0,1,1,0,0,0,696062.2403,5335511.9969,11.635711961,48.142620288,0,2,#fc8d62,car
12550,174871,"9,20110300857148E+018",9,1,84,134,2020,11,6,3,3,5,3,2,1,1,0,0,0,0,692114957,5322794677,11.576984117,48.029522182,1,1,#66c2a5,bicycle
12551,174873,"9,20103100711946E+018",9,7,72,215,2020,10,12,7,2,8,1,0,0,1,0,0,0,0,633487.8761,5344544.0508,10.797878853,48.240051784,0,2,#fc8d62,car
12552,174874,"9,20110300854148E+018",9,1,62,0,2020,11,20,3,3,6,2,2,0,1,1,0,0,0,686226.1707,5333913.2534,11.502918681,48.131205345,1,2,#fc8d62,car
12553,174875,"9,20103100711945E+018",9,7,72,125,2020,10,16,7,3,5,3,0,0,1,0,0,0,0,636195.6604,5347514.2788,10.835285236,48.266184676,0,2,#fc8d62,car
12554,174876,"9,20103100711346E+018",9,7,61,0,2020,10,13,7,3,6,4,0,1,0,1,0,0,0,637801211,5358588.5052,10.860527095,48.365416322,0,1,#66c2a5,bicycle
12555,174877,"9,20110300851248E+018",9,1,62,0,2020,11,19,3,3,0,7,2,1,0,0,0,0,0,690068.8072,5335260.6123,11.555113006,48.142179568,1,1,#66c2a5,bicycle
12556,174879,"9,20103100710751E+018",9,7,61,0,2020,10,11,7,3,0,1,0,1,0,0,0,0,0,643528241,5358104.5257,10.937640572,48.359788441,1,1,#66c2a5,bicycle
12557,174880,"9,20110500857148E+018",9,1,84,132,2020,11,9,5,2,6,7,0,0,1,1,0,0,0,682826.1255,5329654.4203,11.455439746,48.093909576,0,2,#fc8d62,car
12558,174881,"9,20103100710747E+018",9,7,61,0,2020,10,13,7,3,6,4,0,0,1,1,0,0,0,640824.2822,5361540.0196,10.902308906,48.391288062,0,2,#fc8d62,car
12559,174882,"9,20103100710646E+018",9,7,72,163,2020,10,16,7,3,5,3,0,0,1,0,1,0,0,639027.1746,5347815.9995,10.873519124,48.268282587,0,2,#fc8d62,car
12560,174883,"9,20110300851148E+018",9,1,62,0,2020,11,10,3,3,0,1,0,1,0,0,0,0,0,691971.9308,5334973.3242,11.580540592,48.139026109,1,1,#66c2a5,bicycle
12561,174885,"9,20103100710646E+018",9,7,61,0,2020,10,19,7,3,5,3,2,0,1,0,1,0,0,641670.78,5357925575,10.912519098,48.35859892,0,2,#fc8d62,car
12562,174887,"9,20110600131348E+018",9,1,86,143,2020,11,11,6,3,0,1,0,1,0,0,0,0,0,685355.1035,5378243.7035,11.51071901,48.529905536,0,1,#66c2a5,bicycle
12563,174905,"9,20110300740148E+018",9,7,77,182,2020,11,18,3,3,5,3,2,0,1,0,0,0,0,626972.9376,5309028.4762,10.699617284,47.921996014,1,2,#fc8d62,car
12564,174908,"9,20110600710748E+018",9,7,61,0,2020,11,15,6,2,0,7,0,1,0,0,0,0,0,641735.3522,5360362.0637,10.914211496,48.380492314,0,1,#66c2a5,bicycle
12565,174913,"9,20110300710648E+018",9,7,61,0,2020,11,11,3,3,0,1,0,1,0,0,0,0,0,638824.5707,5357460.6169,10.873964208,48.355050338,1,1,#66c2a5,bicycle
12566,174927,"9,20103100161945E+018",9,1,73,130,2020,10,11,7,3,0,1,0,1,0,0,0,0,0,682039733,5315863.2235,11.439027591,47.970166233,0,1,#66c2a5,bicycle
12567,174937,"9,20103100141346E+018",9,1,63,0,2020,10,16,7,2,6,4,0,1,0,1,0,0,0,731503.8321,5304250567,12.094635773,47.849862567,0,1,#66c2a5,bicycle
12568,174940,"9,20110500854448E+018",9,1,62,0,2020,11,14,5,3,0,1,0,1,0,0,0,0,0,687382.1539,5340066.0117,11.521149678,48.186168465,0,1,#66c2a5,bicycle
12569,174942,"9,20110500854148E+018",9,1,62,0,2020,11,8,5,3,2,6,0,0,1,0,0,1,0,684369711,5332142.2537,11.477225781,48.115827058,0,2,#fc8d62,car
12570,174943,"9,20103100131547E+018",9,1,85,166,2020,10,15,7,2,3,2,0,1,1,0,0,0,0,672188.8541,5382719.9226,11.334387284,48.573891781,0,1,#66c2a5,bicycle
12571,174944,"9,20103100131546E+018",9,1,85,158,2020,10,17,7,3,5,3,0,0,1,0,1,0,0,667252996,5380381153,11.266586511,48.554204751,0,2,#fc8d62,car
12572,174949,"9,20110900141348E+018",9,1,63,0,2020,11,7,2,3,5,7,1,1,1,0,0,0,0,732654.0448,5304890.0809,12.110331807,47.855192821,0,1,#66c2a5,bicycle
12573,174953,"9,20111000710151E+018",9,7,71,113,2020,11,11,3,3,2,2,0,0,1,0,0,0,0,657288.2863,5369549.2523,11.127564703,48.459402715,0,2,#fc8d62,car
12574,174955,"9,20111200710754E+018",9,7,61,0,2020,11,18,5,3,6,3,2,0,1,1,0,0,0,641116.2098,5361102.3742,10.906103091,48.38728768,0,2,#fc8d62,car
12575,174956,"9,20110900858248E+018",9,1,62,0,2020,11,16,2,3,5,3,2,1,1,0,0,0,0,690104.4077,5343129.4122,11.559110714,48.2128932,0,1,#66c2a5,bicycle
12576,174958,"9,20111100858248E+018",9,1,62,0,2020,11,16,4,3,2,6,0,0,1,0,1,0,0,690677.9946,5333360991,11.562443687,48.124923562,0,2,#fc8d62,car
12577,174959,"9,20110900111148E+018",9,1,78,145,2020,11,17,2,3,1,1,1,0,1,0,0,0,0,698938725,5355659.7804,11.683796483,48.322795051,0,2,#fc8d62,car
12578,174967,"9,20110800858248E+018",9,1,84,112,2020,11,14,1,2,5,3,0,1,0,0,0,0,0,699531.1955,5335880.3026,11.682465995,48.144851894,0,1,#66c2a5,bicycle
12579,174970,"9,20110800858248E+018",9,1,62,0,2020,11,15,1,2,3,6,0,1,0,0,0,0,0,687488.8622,5338873.6823,11.522057876,48.175420116,0,1,#66c2a5,bicycle
12580,174972,"9,20111300120148E+018",9,1,74,115,2020,11,13,6,3,6,4,0,0,1,1,0,0,0,682018.5943,5348564.2796,11.452703821,48.26411539,0,2,#fc8d62,car
12581,174975,"9,20110800858248E+018",9,1,62,0,2020,11,3,1,3,0,7,2,1,0,0,0,0,0,691099.8894,5334292.6098,11.568525235,48.133170391,1,1,#66c2a5,bicycle
12582,174979,"9,20110800857148E+018",9,1,84,131,2020,11,14,1,3,2,7,0,0,0,0,1,0,0,704254.0604,5339436.1213,11.74759177,48.175307884,0,4,#e78ac3,marker
12583,174980,"9,20110800854448E+018",9,1,62,0,2020,11,16,1,3,0,1,0,1,0,0,0,0,0,687371.5313,5337615.4895,11.519926697,48.164145823,0,1,#66c2a5,bicycle
12584,174982,"9,20111300710449E+018",9,7,61,0,2020,11,14,6,3,3,2,0,1,1,0,0,0,0,640312.3588,5359150.0424,10.89459967,48.369912298,0,1,#66c2a5,bicycle
12585,174983,"9,20110800852949E+018",9,1,62,0,2020,11,14,1,3,0,1,0,1,0,0,0,0,0,687772.3457,5329559.9717,11.521762416,48.091622566,0,1,#66c2a5,bicycle
12586,174984,"9,20111100121548E+018",9,1,81,130,2020,11,18,4,3,5,2,2,1,1,0,0,0,0,639778292,5324132.3016,10.875852049,48.055151443,0,1,#66c2a5,bicycle
12587,174985,"9,20111200854748E+018",9,1,62,0,2020,11,16,5,3,2,7,0,0,1,0,1,0,0,693170.9096,5340374.8416,11.599093518,48.187210332,0,2,#fc8d62,car
12588,174992,"9,20111000712148E+018",9,7,71,130,2020,11,10,3,3,8,1,0,1,0,0,0,0,0,647212.5024,5359420.3119,10.987808105,48.370770645,1,1,#66c2a5,bicycle
12589,174995,"9,20111000120348E+018",9,1,81,114,2020,11,15,3,3,5,7,0,0,1,0,1,0,0,657248.2335,5314356.3969,11.106562609,47.9631899,0,2,#fc8d62,car
12590,174997,"9,20111200851549E+018",9,1,62,0,2020,11,16,5,3,5,3,1,1,1,0,0,0,0,687528.2134,5331973.4518,11.51954759,48.113387574,0,1,#66c2a5,bicycle
12591,175000,"9,20110800750149E+018",9,7,78,203,2020,11,16,1,1,1,1,1,1,1,0,0,0,0,622236.2427,5324714.3827,10.640707877,48.06398815,0,1,#66c2a5,bicycle
12592,175005,"9,20110800740748E+018",9,7,62,0,2020,11,12,1,3,4,7,0,1,1,0,0,0,0,622407.0585,5307741.5008,10.638160792,47.911309547,0,1,#66c2a5,bicycle
12593,175007,"9,20110800710749E+018",9,7,61,0,2020,11,19,1,3,0,3,2,0,1,0,0,0,1,642240986,5360798.7274,10.921184167,48.38430479,0,2,#fc8d62,car
12594,175008,"9,20111100857149E+018",9,1,62,0,2020,11,18,4,2,6,4,2,0,1,1,0,0,0,685850.5136,5334400.7734,11.498087426,48.135697178,0,2,#fc8d62,car
12595,175011,"9,20111100858248E+018",9,1,62,0,2020,11,10,4,2,5,7,0,1,1,0,0,0,0,693944.7794,5333002.6436,11.606134936,48.120716063,0,1,#66c2a5,bicycle
12596,175014,"9,20111300210954E+018",9,2,74,124,2020,11,13,6,3,3,6,0,1,1,0,0,0,0,724826.2071,5375870.8545,12.043377852,48.495695608,0,1,#66c2a5,bicycle
12597,175019,"9,20111100712749E+018",9,7,72,130,2020,11,17,4,3,0,4,2,1,0,1,0,0,0,631686.4379,5355887.5795,10.777165495,48.342434122,0,1,#66c2a5,bicycle
12598,175020,"9,20111300712349E+018",9,7,72,147,2020,11,20,6,3,8,1,2,0,1,0,0,0,0,637570.6817,5363494.2464,10.859022743,48.409578249,0,2,#fc8d62,car
12599,175021,"9,20110800141349E+018",9,1,63,0,2020,11,0,1,2,0,1,2,1,0,0,0,0,0,733184.1782,5304744.4245,12.11732977,47.853692122,0,1,#66c2a5,bicycle
12600,175023,"9,20111200858249E+018",9,1,62,0,2020,11,18,5,3,5,7,2,1,1,0,0,0,0,688693.4364,5337853.9242,11.537792522,48.165897933,0,1,#66c2a5,bicycle
12601,175032,"9,2011080012155E+018",9,1,81,141,2020,11,16,1,3,5,2,0,1,0,0,0,0,0,643233.3541,5320923.4369,10.921119467,48.025530961,0,1,#66c2a5,bicycle
12602,175033,"9,20111000851548E+018",9,1,62,0,2020,11,19,3,3,5,7,2,1,1,0,0,0,0,688677059,5332403612,11.535157674,48.11691463,0,1,#66c2a5,bicycle
12603,175034,"9,20111200854248E+018",9,1,62,0,2020,11,14,5,3,3,6,0,1,0,0,0,0,0,688499.1629,5336356.6174,11.534518924,48.152497591,0,1,#66c2a5,bicycle