fid,OBJECTID,UIDENTSTLA,ULAND,UREGBEZ,UKREIS,UGEMEINDE,UJAHR,UMONAT,USTUNDE,UWOCHENTAG,UKATEGORIE,UART,UTYP1,ULICHTVERH,IstRad,IstPKW,IstFuss,IstKrad,IstGkfz,IstSonstig,LINREFX,LINREFY,XGCSWGS84,YGCSWGS84,STRZUSTAND,Teilnehmer,color,symbol
12604,175037,"9,20110800121548E+018",9,1,81,128,2020,11,14,1,2,0,7,0,1,0,0,0,0,0,639816.7495,5328005.7923,10.877635031,48.089974372,0,1,#66c2a5,bicycle
12605,175041,"9,20110800110547E+018",9,1,77,117,2020,11,14,1,3,8,1,0,1,0,0,0,0,0,715164.4461,5354627.6163,11.901883423,48.308208078,1,1,#66c2a5,bicycle
12606,175045,"9,20111000740149E+018",9,7,77,121,2020,11,13,3,2,5,3,0,1,1,0,0,0,0,628819.4613,5321173.3879,10.727964251,48.030848465,0,1,#66c2a5,bicycle
12607,175046,"9,20110900858248E+018",9,1,62,0,2020,11,15,2,3,6,6,0,0,1,1,0,0,0,697148043,5337180.5253,11.651065293,48.157280359,0,2,#fc8d62,car
12608,175047,"9,20111200851349E+018",9,1,62,0,2020,11,17,5,3,5,3,2,1,0,0,0,0,0,691468.8563,5337453.7869,11.574900994,48.161471731,0,1,#66c2a5,bicycle
12609,175048,"9,20111000121748E+018",9,1,79,126,2020,11,7,3,3,5,3,0,1,1,0,0,0,0,675741.7174,5339915.0156,11.364612933,48.18813824,2,1,#66c2a5,bicycle
12610,175049,"9,20111200120148E+018",9,1,74,121,2020,11,14,5,3,0,1,0,1,0,0,0,0,0,688925.2952,5354160.9849,11.548180825,48.312395769,1,1,#66c2a5,bicycle
12611,175050,"9,20110700858248E+018",9,1,88,127,2020,11,15,7,2,0,1,0,1,0,0,0,0,0,677295.8699,5330227.8371,11.381471562,48.100626698,0,1,#66c2a5,bicycle
12612,175054,"9,20110900857149E+018",9,1,62,0,2020,11,8,2,3,0,6,0,1,0,0,0,0,0,692671.8007,5334186.5213,11.589582631,48.131742977,0,1,#66c2a5,bicycle
12613,175057,"9,20110900857148E+018",9,1,62,0,2020,11,15,2,3,4,6,0,1,1,0,0,0,1,693480.3046,5334643299,11.600645088,48.135603103,0,1,#66c2a5,bicycle
12614,175058,"9,2011100071045E+018",9,7,61,0,2020,11,18,3,3,2,6,1,0,1,0,0,0,0,641580.2871,5359583.4774,10.911856237,48.373526411,0,2,#fc8d62,car
12615,175059,"9,20110700858248E+018",9,1,62,0,2020,11,16,7,3,0,7,0,1,0,0,0,0,0,686071.6248,5336321.6741,11.501895987,48.152898344,0,1,#66c2a5,bicycle
12616,175060,"9,20111200711348E+018",9,7,61,0,2020,11,18,5,3,4,6,2,1,0,0,0,0,0,639206.3108,5358956.5758,10.879609354,48.368417621,0,1,#66c2a5,bicycle
12617,175061,"9,20111000110554E+018",9,1,77,133,2020,11,22,3,2,9,1,2,0,1,0,0,0,0,707556.2074,5355840.4247,11.799998846,48.321648344,1,2,#fc8d62,car
12618,175062,"9,20110700858248E+018",9,1,62,0,2020,11,14,7,3,4,2,0,1,1,0,0,0,0,693414.7402,5336644.4642,11.600673795,48.153608873,0,1,#66c2a5,bicycle
12619,175063,"9,20111100858248E+018",9,1,62,0,2020,11,16,4,3,1,6,0,0,1,0,0,0,1,683246.9567,5335521.6407,11.463608135,48.146527279,0,2,#fc8d62,car
12620,175064,"9,20110700853248E+018",9,1,84,122,2020,11,0,7,2,0,1,2,1,0,0,0,0,0,687948125,5323380.01,11.521404728,48.036023065,1,1,#66c2a5,bicycle
12621,175067,"9,20111300141348E+018",9,1,63,0,2020,11,11,6,3,5,2,0,1,1,0,0,0,0,733677.6514,5303530.9675,12.123261428,47.842611166,0,1,#66c2a5,bicycle
12622,175074,"9,20111100854448E+018",9,1,62,0,2020,11,18,4,2,5,2,2,0,1,0,0,0,1,686161.4538,5338555.2315,11.504080176,48.172948012,0,2,#fc8d62,car
12623,175077,"9,20111100210951E+018",9,2,61,0,2020,11,7,4,2,4,6,0,1,0,0,0,1,0,734670.3315,5380502.3922,12.179029041,48.533700434,1,1,#66c2a5,bicycle
12624,175079,"9,20111300120749E+018",9,1,88,120,2020,11,14,6,3,0,3,0,1,1,0,0,0,0,677818227,5326269115,11.386833871,48.064895245,0,1,#66c2a5,bicycle
12625,175086,"9,20110700711949E+018",9,7,72,125,2020,11,4,7,3,1,5,2,0,1,0,0,0,1,636729.4762,5348570.4716,10.842816303,48.275567066,0,2,#fc8d62,car
12626,175087,"9,20111000851348E+018",9,1,62,0,2020,11,19,3,3,5,2,2,1,1,0,0,0,0,691044.4992,5337155418,11.569066147,48.158917674,0,1,#66c2a5,bicycle
12627,175088,"9,20111200852448E+018",9,1,62,0,2020,11,17,5,3,5,7,2,0,0,0,1,0,1,697588.2439,5330855.1332,11.654045341,48.100295476,0,4,#e78ac3,marker
12628,175089,"9,20111300710649E+018",9,7,61,0,2020,11,12,6,3,2,2,0,0,1,0,0,0,1,639708.4222,5356247.4109,10.885485828,48.343946551,0,2,#fc8d62,car
12629,175090,"9,20110700710451E+018",9,7,61,0,2020,11,15,7,3,3,2,0,0,1,0,0,0,1,641292.9704,5359223.1733,10.907857567,48.370351094,0,2,#fc8d62,car
12630,175092,"9,20111200858248E+018",9,1,62,0,2020,11,17,5,3,2,6,1,0,1,0,0,0,0,688703.2251,5336274.3833,11.53722345,48.151697951,0,2,#fc8d62,car
12631,175095,"9,20110700710451E+018",9,7,61,0,2020,11,19,7,3,3,2,2,1,1,0,0,0,0,641050.0403,5359215.8348,10.904576744,48.370339448,1,1,#66c2a5,bicycle
12632,175100,"9,20111000712351E+018",9,7,72,147,2020,11,16,3,3,5,3,1,0,1,0,0,0,0,638100.8654,5364310532,10.866451994,48.416802142,0,2,#fc8d62,car
12633,175101,"9,20110900711948E+018",9,7,72,163,2020,11,6,2,3,5,3,1,1,1,0,0,0,0,640385.7357,5347284.1966,10.891640141,48.263201026,1,1,#66c2a5,bicycle
12634,175103,"9,20111000120948E+018",9,1,79,118,2020,11,8,3,3,2,6,0,0,1,0,1,0,0,671873.5706,5335783.2264,11.310941003,48.152053606,1,2,#fc8d62,car
12635,175104,"9,20111100858248E+018",9,1,62,0,2020,11,18,4,3,2,6,2,0,1,0,0,0,0,688681.3594,5337888.6065,11.537645648,48.166213245,0,2,#fc8d62,car
12636,175106,"9,20111200141348E+018",9,1,63,0,2020,11,7,5,2,6,4,0,0,1,1,0,0,0,732901697,5305641.4722,12.114042203,47.861853712,0,2,#fc8d62,car
12637,175111,"9,2011100071015E+018",9,7,71,113,2020,11,13,3,3,5,3,0,0,1,0,0,0,0,659380.6577,5366343.4792,11.154626582,48.430055906,1,2,#fc8d62,car
12638,175115,"9,20111100858248E+018",9,1,62,0,2020,11,9,4,2,1,7,0,0,1,0,0,0,0,689330.9333,5341371.6636,11.547925016,48.197325839,1,2,#fc8d62,car
12639,175118,"9,20110900711349E+018",9,7,61,0,2020,11,17,2,3,1,1,1,1,1,0,0,0,0,637118.7159,5359860.3983,10.851732142,48.377001682,0,1,#66c2a5,bicycle
12640,175131,"9,20111200858249E+018",9,1,62,0,2020,11,13,5,3,5,3,0,1,1,0,0,0,0,690180.8472,5333728.4386,11.555933594,48.128374897,0,1,#66c2a5,bicycle
12641,175141,"9,20111000852348E+018",9,1,62,0,2020,11,12,3,3,0,5,0,0,1,0,1,0,0,692827455,5330800.1858,11.590141218,48.101260152,0,2,#fc8d62,car
12642,175142,"9,20110900710648E+018",9,7,61,0,2020,11,16,2,3,5,1,1,1,1,0,0,0,0,639047101,5354579422,10.876015187,48.329094195,0,1,#66c2a5,bicycle
12643,175143,"9,20111200854748E+018",9,1,62,0,2020,11,17,5,3,0,6,2,0,1,0,0,0,1,690844.2404,5340302.4466,11.567788739,48.187262905,0,2,#fc8d62,car
12644,175150,"9,20111000711148E+018",9,7,61,0,2020,11,20,3,3,1,7,2,0,1,0,0,0,0,639349.0757,5361762.9195,10.882466447,48.393619998,1,2,#fc8d62,car
12645,175155,"9,20111200851448E+018",9,1,62,0,2020,11,17,5,3,6,6,2,0,0,1,0,0,1,690471.1951,5335239.8551,11.560507463,48.14187267,0,3,#8da0cb,toilet
12646,175166,"9,20111200711949E+018",9,7,72,125,2020,11,18,5,3,6,7,2,0,1,1,0,0,0,635207069,5347249948,10.821886131,48.264019551,0,2,#fc8d62,car
12647,175167,"9,20111000110751E+018",9,1,78,113,2020,11,6,3,3,0,1,2,0,1,0,0,0,0,690762.9312,5367635.6833,11.57905322,48.432948027,1,2,#fc8d62,car
12648,175168,"9,2011070014075E+018",9,1,82,120,2020,11,10,7,2,3,2,0,1,1,0,0,0,0,702528827,5306616147,11.708899055,47.880906323,0,1,#66c2a5,bicycle
12649,175169,"9,20111100858248E+018",9,1,62,0,2020,11,14,4,3,3,2,0,1,1,0,0,0,0,691888.4722,5337066.7519,11.580363549,48.157866639,0,1,#66c2a5,bicycle
12650,175170,"9,20110700110748E+018",9,1,78,157,2020,11,19,7,3,4,6,2,0,1,0,0,0,1,704351.8155,5370226.7071,11.763819454,48.451969029,1,2,#fc8d62,car
12651,175173,"9,20111300141348E+018",9,1,63,0,2020,11,11,6,3,6,4,0,0,1,1,0,0,0,733414.1519,5306212.1292,12.121191607,47.866794579,0,2,#fc8d62,car
12652,175176,"9,20110600858249E+018",9,1,62,0,2020,11,11,6,3,6,4,0,0,1,1,0,0,0,689901.9132,5343234.1748,11.556434532,48.213895414,0,2,#fc8d62,car
12653,175177,"9,2011110071215E+018",9,7,71,142,2020,11,20,4,3,8,1,2,0,0,0,1,0,0,647389.2308,5351469.1838,10.98741151,48.299238945,0,4,#e78ac3,marker
12654,175178,"9,20111300711948E+018",9,7,72,163,2020,11,7,6,3,6,4,0,0,1,1,0,0,0,639641.9647,5347756.0018,10.881779542,48.267607847,0,2,#fc8d62,car
12655,175179,"9,20110600858249E+018",9,1,62,0,2020,11,18,6,3,0,5,2,1,1,0,0,0,0,691776422,5334663.1299,11.577775606,48.136297081,0,1,#66c2a5,bicycle
12656,175181,"9,20111100857149E+018",9,1,62,0,2020,11,17,4,3,4,2,2,0,1,0,0,0,0,679382.0697,5334114.1773,11.411103215,48.134977213,0,2,#fc8d62,car
12657,175182,"9,20110600858249E+018",9,1,62,0,2020,11,17,6,2,6,4,2,0,1,1,0,0,0,688514.5909,5336348.7253,11.534722659,48.152422084,0,2,#fc8d62,car
12658,175184,"9,20111300121755E+018",9,1,79,121,2020,11,18,6,3,6,6,1,0,1,1,0,0,0,665527.7405,5336787.7373,11.226076494,48.162767615,0,2,#fc8d62,car
12659,175187,"9,20110600858248E+018",9,1,62,0,2020,11,15,6,3,2,6,0,0,1,0,0,0,0,698829835,5333382235,11.671881848,48.122620892,0,2,#fc8d62,car
12660,175190,"9,20110600854748E+018",9,1,62,0,2020,11,9,6,3,5,2,0,1,1,0,0,0,0,693718.9489,5340303.8679,11.606427055,48.186405567,0,1,#66c2a5,bicycle
12661,175191,"9,20111000851449E+018",9,1,62,0,2020,11,10,3,2,3,2,0,1,1,0,0,0,0,690151.7084,5334740.6805,11.555994165,48.137481649,0,1,#66c2a5,bicycle
12662,175192,"9,20111200853148E+018",9,1,84,146,2020,11,17,5,2,0,1,2,0,0,0,1,0,0,694863.7774,5328698.6612,11.616505553,48.081752886,1,4,#e78ac3,marker
12663,175193,"9,20111000141348E+018",9,1,63,0,2020,11,12,3,3,5,3,0,1,0,0,0,0,1,730807.7153,5304282.8853,12.085361615,47.850403232,0,1,#66c2a5,bicycle
12664,175195,"9,20111200858248E+018",9,1,62,0,2020,11,18,5,3,3,2,2,1,0,0,0,0,1,691827.4397,5335656.3586,11.57890803,48.145208688,0,1,#66c2a5,bicycle
12665,175198,"9,20110600852348E+018",9,1,62,0,2020,11,12,6,3,2,6,0,0,1,0,0,0,0,693902.9694,5331284.3167,11.604792533,48.105284993,0,2,#fc8d62,car
12666,175199,"9,20110900141348E+018",9,1,63,0,2020,11,15,2,3,0,1,0,1,0,0,0,0,0,733774.3874,5305339.1645,12.125529292,47.858820891,0,1,#66c2a5,bicycle
12667,175202,"9,20110900710648E+018",9,7,61,0,2020,11,16,2,3,1,1,0,1,1,0,0,0,0,639708.0125,5356245.6261,10.885479709,48.343930593,0,1,#66c2a5,bicycle
12668,175205,"9,20111200851249E+018",9,1,62,0,2020,11,15,5,3,3,6,0,1,0,0,0,0,0,691856.9318,5335797.9205,11.579367894,48.146472129,0,1,#66c2a5,bicycle
12669,175206,"9,20111000121548E+018",9,1,81,128,2020,11,15,3,3,2,3,0,0,1,0,0,0,0,639257.9903,5326445.6823,10.869626841,48.076067795,0,2,#fc8d62,car
12670,175207,"9,20111100858249E+018",9,1,84,120,2020,11,7,4,3,0,7,0,0,0,0,0,0,1,681177.1223,5332277.1741,11.434427396,48.117956153,1,6,#ffd92f,circle
12671,175208,"9,20110600852251E+018",9,1,62,0,2020,11,12,6,3,3,7,0,0,1,0,0,0,0,695878.1154,5338460.5845,11.634596738,48.169177208,0,2,#fc8d62,car
12672,175211,"9,20111600141348E+018",9,1,63,0,2020,11,7,2,3,5,2,1,0,1,0,1,0,0,733254.4696,5305013.0954,12.118412888,47.856080378,1,2,#fc8d62,car
12673,175214,"9,20111800140155E+018",9,1,87,122,2020,11,14,4,2,5,3,0,1,1,0,0,0,0,719751592,5306288604,11.938792277,47.872300584,0,1,#66c2a5,bicycle
12674,175223,"9,20111700858249E+018",9,1,62,0,2020,11,11,3,3,6,4,0,1,0,1,0,0,0,691370.9276,5335001.8318,11.572483007,48.139463365,0,1,#66c2a5,bicycle
12675,175227,"9,20111400712348E+018",9,7,72,147,2020,11,16,7,3,0,7,0,0,0,1,0,0,1,638598.9514,5365575.3282,10.873598021,48.428065455,0,3,#8da0cb,toilet
12676,175230,"9,20111400712149E+018",9,7,71,142,2020,11,15,7,3,5,3,0,1,1,0,0,0,0,646440.0445,5351807.5122,10.974737882,48.302501383,0,1,#66c2a5,bicycle
12677,175232,"9,2011170085125E+018",9,1,62,0,2020,11,11,3,3,0,7,0,1,1,0,0,0,0,692279.6661,5335243.1824,11.58479473,48.141358627,0,1,#66c2a5,bicycle
12678,175233,"9,20111600858249E+018",9,1,62,0,2020,11,16,2,3,5,3,0,0,1,0,0,0,1,696895.4326,5337738.3362,11.647930347,48.162371846,0,2,#fc8d62,car
12679,175235,"9,20111400711349E+018",9,7,61,0,2020,11,13,7,3,5,3,0,1,1,0,0,0,0,639152.4429,5359204.3308,10.8789644,48.370657253,0,1,#66c2a5,bicycle
12680,175247,"9,20111700712348E+018",9,7,72,184,2020,11,5,3,3,5,3,2,0,1,0,0,0,0,634943.8343,5361662.9177,10.822955759,48.393678868,0,2,#fc8d62,car
12681,175248,"9,20111600854549E+018",9,1,62,0,2020,11,10,2,3,3,5,0,1,1,0,0,0,0,680125904,5335467.3701,11.421664341,48.146930857,0,1,#66c2a5,bicycle
12682,175256,"9,20111600711949E+018",9,7,72,125,2020,11,10,2,3,5,3,0,0,1,0,0,0,1,637809.2687,5348058047,10.857194605,48.27072525,0,2,#fc8d62,car
12683,175258,"9,20111600851349E+018",9,1,62,0,2020,11,18,2,3,0,1,2,1,0,0,0,0,0,691439.5893,5338422.1141,11.574943702,48.170183706,0,1,#66c2a5,bicycle
12684,175261,"9,20111800712149E+018",9,7,71,130,2020,11,15,4,3,2,6,0,0,1,0,0,1,0,645616.8864,5357689669,10.965676731,48.355580064,0,2,#fc8d62,car
12685,175272,"9,20111500857148E+018",9,1,84,144,2020,11,12,1,3,0,5,0,1,1,0,0,0,0,688279.5173,5317269.8581,11.523164047,47.981004773,0,1,#66c2a5,bicycle
12686,175275,"9,20111700858251E+018",9,1,62,0,2020,11,6,3,3,8,1,2,0,0,0,1,0,0,695963159,5333538947,11.633473912,48.124918107,0,4,#e78ac3,marker
12687,175281,"9,20111500210951E+018",9,2,61,0,2020,11,11,1,3,0,7,0,1,0,0,0,0,0,735049.8134,5380439.8121,12.184126256,48.532996328,0,1,#66c2a5,bicycle
12688,175285,"9,20111600858249E+018",9,1,62,0,2020,11,0,2,2,0,1,2,1,0,0,0,0,0,694606.9863,5336827.8125,11.616771407,48.154893039,0,1,#66c2a5,bicycle
12689,175286,"9,20111700857149E+018",9,1,62,0,2020,11,15,3,3,5,2,0,0,1,0,0,0,1,692273774,5338371911,11.586129305,48.169480708,0,2,#fc8d62,car
12690,175287,"9,20111700111354E+018",9,1,75,139,2020,11,6,3,2,7,7,1,0,0,0,0,0,1,710755.0993,5330521.3159,11.830523641,48.093077241,1,6,#ffd92f,circle
12691,175295,"9,20111600852349E+018",9,1,62,0,2020,11,17,2,3,0,1,2,1,0,0,0,0,0,689929.4671,5330637.57,11.551182148,48.100668998,0,1,#66c2a5,bicycle
12692,175296,"9,20111600141349E+018",9,1,63,0,2020,11,8,2,3,0,1,0,1,0,0,0,0,0,733737.9014,5305385.8999,12.125067487,47.859254033,0,1,#66c2a5,bicycle
12693,175298,"9,20111800711949E+018",9,7,72,125,2020,11,13,4,3,5,2,0,0,1,0,0,0,0,633917.2191,5348406.1697,10.804880876,48.274690634,0,2,#fc8d62,car
12694,175302,"9,20111800711949E+018",9,7,72,163,2020,11,22,4,3,0,2,2,1,0,0,0,0,0,640121.5934,5350598.7761,10.889181873,48.293063729,0,1,#66c2a5,bicycle
12695,175307,"9,20111900110751E+018",9,1,78,124,2020,11,13,5,3,3,2,0,0,1,0,1,0,0,702650.0688,5364370.9408,11.738001047,48.399898001,1,2,#fc8d62,car
12696,175309,"9,20111500858249E+018",9,1,62,0,2020,11,15,1,2,5,3,0,1,1,0,0,0,0,686701.7466,5331231.0519,11.508129667,48.106957414,0,1,#66c2a5,bicycle
12697,175311,"9,2011180071135E+018",9,7,72,202,2020,11,15,4,3,5,3,0,1,1,0,0,0,0,637210.1348,5358017.9418,10.852364911,48.360414628,0,1,#66c2a5,bicycle
12698,175312,"9,20111800121549E+018",9,1,81,131,2020,11,13,4,3,5,3,0,0,1,0,0,0,0,635785566,5334095.2868,10.825467577,48.14560538,0,2,#fc8d62,car
12699,175313,"9,20111500120148E+018",9,1,74,126,2020,11,15,1,3,0,1,0,1,0,0,0,0,0,683292.3063,5344945.5733,11.468284005,48.231221663,0,1,#66c2a5,bicycle
12700,175314,"9,20111900110549E+018",9,1,77,117,2020,11,15,5,3,2,6,0,0,1,0,0,0,0,716406.4834,5359057.4136,11.920885926,48.34758606,1,2,#fc8d62,car
12701,175316,"9,2011140085825E+018",9,1,62,0,2020,11,11,7,2,6,4,0,0,1,1,0,0,0,686789.7722,5328057949,11.50792289,48.078410467,0,2,#fc8d62,car
12702,175317,"9,20111900110353E+018",9,1,75,115,2020,11,17,5,3,5,2,2,0,1,0,0,0,0,720649.5177,5328999.4312,11.962443497,48.076054899,1,2,#fc8d62,car
12703,175320,"9,20111600710751E+018",9,7,61,0,2020,11,10,2,3,0,3,0,1,0,0,0,1,0,641962.7549,5360944.0793,10.917477526,48.385674403,0,1,#66c2a5,bicycle
12704,175322,"9,20111500851148E+018",9,1,62,0,2020,11,14,1,3,4,6,0,1,0,0,0,0,0,692756.2542,5334890.6213,11.5910351,48.138045693,0,1,#66c2a5,bicycle
12705,175325,"9,2011170085825E+018",9,1,62,0,2020,11,15,3,3,1,5,0,1,1,0,0,0,0,690192.2897,5335385.3753,11.556827004,48.143264037,0,1,#66c2a5,bicycle
12706,175326,"9,20111800858249E+018",9,1,62,0,2020,11,10,4,3,3,6,0,1,0,0,0,0,0,682743.9894,5340358.4544,11.458931299,48.190148315,0,1,#66c2a5,bicycle
12707,175332,"9,20111400161951E+018",9,1,73,147,2020,11,12,7,2,4,6,0,1,0,0,0,0,0,682317.7392,5307993.4968,11.439417281,47.899345232,0,1,#66c2a5,bicycle
12708,175334,"9,20111400858249E+018",9,1,62,0,2020,11,14,7,3,0,5,0,1,1,0,0,0,0,692258.0385,5336319005,11.58499012,48.151034432,0,1,#66c2a5,bicycle
12709,175337,"9,20111700854249E+018",9,1,62,0,2020,11,15,3,3,5,3,0,1,1,0,0,0,0,687986994,5337762038,11.528260374,48.165281338,0,1,#66c2a5,bicycle
12710,175338,"9,20111800858249E+018",9,1,62,0,2020,11,19,4,3,2,6,2,0,1,0,0,0,0,686513.6163,5337481.5663,11.508341521,48.16319435,0,2,#fc8d62,car
12711,175339,"9,20111600858251E+018",9,1,62,0,2020,11,12,2,3,6,2,0,0,1,1,0,0,0,696740228,5331211.7232,11.642831595,48.103762707,0,2,#fc8d62,car
12712,175341,"9,20111400152348E+018",9,1,83,119,2020,11,14,7,3,5,3,0,0,1,0,1,0,0,735521.9852,5339310.6692,12.167510541,48.163365413,0,2,#fc8d62,car
12713,175342,"9,20111800710754E+018",9,7,61,0,2020,11,16,4,3,3,2,2,1,1,0,0,0,0,641901.4758,5360844.8863,10.916616817,48.384796293,0,1,#66c2a5,bicycle
12714,175344,"9,20111400858248E+018",9,1,84,122,2020,11,12,7,2,1,5,0,1,1,0,0,0,0,688116902,5323985.0286,11.523932442,48.041411512,0,1,#66c2a5,bicycle
12715,175348,"9,20111400858248E+018",9,1,62,0,2020,11,9,7,3,2,6,0,1,1,0,0,0,0,698735792,5331737.0566,11.669852867,48.107864666,0,1,#66c2a5,bicycle
12716,175351,"9,20111700712348E+018",9,7,72,184,2020,11,15,3,3,4,2,0,0,1,0,0,0,0,636061.4204,5364138.7599,10.838847778,48.415701284,0,2,#fc8d62,car
12717,175352,"9,20111600857149E+018",9,1,62,0,2020,11,7,2,2,6,4,2,0,1,1,0,0,0,690006.3585,5336665.9231,11.554901629,48.154829155,1,2,#fc8d62,car
12718,175355,"9,20111800710649E+018",9,7,61,0,2020,11,8,4,3,5,2,0,1,1,0,0,0,0,638796.2551,5356940.3733,10.873410643,48.350378628,0,1,#66c2a5,bicycle
12719,175357,"9,20111400858248E+018",9,1,62,0,2020,11,0,7,3,0,1,2,1,0,0,0,0,0,691927.1442,5333479.9607,11.579266486,48.125617492,0,1,#66c2a5,bicycle
12720,175358,"9,20111800857149E+018",9,1,62,0,2020,11,11,4,2,3,6,0,1,0,0,0,0,1,687998.1519,5334605.1273,11.527015885,48.136903144,0,1,#66c2a5,bicycle
12721,175360,"9,2011180085525E+018",9,1,62,0,2020,11,13,4,3,6,7,0,1,0,1,0,0,0,692771.1529,5335009.1556,11.591288805,48.139106537,0,1,#66c2a5,bicycle
12722,175361,"9,20111600740748E+018",9,7,62,0,2020,11,9,2,3,8,1,0,0,1,0,0,0,0,621716.0478,5304250.2905,10.627932171,47.880042131,1,2,#fc8d62,car
12723,175362,"9,20111500857151E+018",9,1,84,130,2020,11,14,1,2,5,2,0,1,1,0,0,0,0,700022.5467,5345244.1969,11.693473065,48.228850521,0,1,#66c2a5,bicycle
12724,175363,"9,20111600851349E+018",9,1,62,0,2020,11,18,2,3,4,2,2,1,1,0,0,0,0,690934765,5337632094,11.567805987,48.163234944,0,1,#66c2a5,bicycle
12725,175367,"9,20111800140149E+018",9,1,87,150,2020,11,11,4,3,2,6,0,1,1,0,0,0,0,729448.5459,5303999912,12.067069636,47.848347418,0,1,#66c2a5,bicycle
12726,175368,"9,20111400857151E+018",9,1,62,0,2020,11,17,7,3,3,2,2,0,1,0,1,0,0,690633473,5335755533,11.562917582,48.146458957,0,2,#fc8d62,car
12727,175370,"9,20111400131349E+018",9,1,86,152,2020,11,14,7,3,5,6,0,1,1,0,0,0,0,695298.1585,5376056.4595,11.644232614,48.507234548,0,1,#66c2a5,bicycle
12728,175372,"9,20111400121349E+018",9,1,88,124,2020,11,22,7,3,6,4,2,0,1,1,0,0,0,661987.6417,5318689.1304,11.171641189,48.000962762,0,2,#fc8d62,car
12729,175374,"9,20111400120148E+018",9,1,74,126,2020,11,15,7,3,0,1,0,1,0,0,0,0,0,684338373,5346333.88,11.482961159,48.243397104,0,1,#66c2a5,bicycle
12730,175376,"9,20111700857151E+018",9,1,62,0,2020,11,6,3,3,1,5,2,0,1,0,1,0,0,683301779,5342869015,11.467513675,48.212553818,0,2,#fc8d62,car
12731,175377,"9,2011180085435E+018",9,1,62,0,2020,11,13,4,3,0,7,0,1,0,0,0,0,0,690490.2386,5342072.6295,11.56382479,48.203279322,0,1,#66c2a5,bicycle
12732,175378,"9,20111400110948E+018",9,1,78,142,2020,11,14,7,3,0,1,0,1,0,0,0,0,0,713761.8464,5377072627,11.894423613,48.510354156,1,1,#66c2a5,bicycle
12733,175380,"9,20111800120754E+018",9,1,88,127,2020,11,12,4,3,0,3,0,1,1,0,0,0,0,674584.0529,5328300.0807,11.344289552,48.084045975,0,1,#66c2a5,bicycle
12734,175381,"9,20111400857149E+018",9,1,62,0,2020,11,17,7,3,2,6,2,0,1,0,0,0,1,688151.0752,5339854.6845,11.531391148,48.184041765,0,2,#fc8d62,car
12735,175384,"9,20111400110748E+018",9,1,78,113,2020,11,14,7,2,4,6,0,1,1,0,0,0,0,691172.5052,5368192.5183,11.584838687,48.437828307,0,1,#66c2a5,bicycle
12736,175386,"9,20111400854149E+018",9,1,62,0,2020,11,23,7,3,0,7,2,1,0,0,0,0,0,685471176,5333529.8684,11.492614504,48.127979757,0,1,#66c2a5,bicycle
12737,175387,"9,20111400110548E+018",9,1,77,117,2020,11,14,7,3,0,7,0,1,0,0,0,0,0,717499.59,5353363.4298,11.93268314,48.296050969,0,1,#66c2a5,bicycle
12738,175389,"9,20111700851249E+018",9,1,62,0,2020,11,17,3,3,0,1,2,1,0,0,0,0,0,690853.6456,5336630.4943,11.566266872,48.154257021,0,1,#66c2a5,bicycle
12739,175390,"9,20111600858249E+018",9,1,62,0,2020,11,6,2,3,5,2,1,1,1,0,0,0,0,694454.0372,5333055.3458,11.612994761,48.121034412,1,1,#66c2a5,bicycle
12740,175392,"9,20111300858251E+018",9,1,62,0,2020,11,18,6,3,3,2,2,1,1,0,0,0,0,689150.2252,5334519.5573,11.542447953,48.135792641,0,1,#66c2a5,bicycle
12741,175395,"9,20111300858249E+018",9,1,62,0,2020,11,15,6,3,0,3,0,1,1,0,0,0,0,683879.0936,5337303.1795,11.472868323,48.162358337,0,1,#66c2a5,bicycle
12742,175397,"9,20111400853248E+018",9,1,84,144,2020,11,16,7,3,5,3,0,0,1,0,0,0,0,688172.4077,5317208.1488,11.521703064,47.980481609,0,2,#fc8d62,car
12743,175398,"9,20111300858248E+018",9,1,62,0,2020,11,10,6,3,5,2,0,1,1,0,0,0,0,690322.6879,5335854.5618,11.558787917,48.147442081,0,1,#66c2a5,bicycle
12744,175400,"9,2011170071135E+018",9,7,61,0,2020,11,13,3,3,0,7,0,0,0,0,0,0,1,638093.9059,5358322.8206,10.864389529,48.362963362,0,6,#ffd92f,circle
12745,175401,"9,20111800852851E+018",9,1,84,129,2020,11,7,4,3,0,3,0,1,1,0,0,0,0,699725266,5326321054,11.680598572,48.058880573,0,1,#66c2a5,bicycle
12746,175402,"9,20111600852848E+018",9,1,84,137,2020,11,16,2,3,6,2,0,1,0,1,0,0,0,707532.0884,5316504.6981,11.780501341,47.968174406,0,1,#66c2a5,bicycle
12747,175403,"9,20111600141351E+018",9,1,63,0,2020,11,14,2,3,0,7,0,0,0,0,0,0,1,732442.3863,5304513.0572,12.107303902,47.851882155,0,6,#ffd92f,circle