fid,OBJECTID,UIDENTSTLA,ULAND,UREGBEZ,UKREIS,UGEMEINDE,UJAHR,UMONAT,USTUNDE,UWOCHENTAG,UKATEGORIE,UART,UTYP1,ULICHTVERH,IstRad,IstPKW,IstFuss,IstKrad,IstGkfz,IstSonstig,LINREFX,LINREFY,XGCSWGS84,YGCSWGS84,STRZUSTAND,Teilnehmer,color,symbol
12748,175404,"9,20111300858248E+018",9,1,62,0,2020,11,7,6,3,0,1,0,1,0,0,0,0,0,697796.0172,5333062732,11.657856679,48.120071425,0,1,#66c2a5,bicycle
12749,175407,"9,20111400852351E+018",9,1,62,0,2020,11,15,7,3,0,1,0,1,0,0,0,0,0,690437.7411,5330182.2312,11.557799224,48.096424678,0,1,#66c2a5,bicycle
12750,175415,"9,20111500858249E+018",9,1,62,0,2020,11,14,1,2,8,7,0,0,0,0,1,0,0,687245.7979,5327827.5807,11.513938653,48.07620608,0,4,#e78ac3,marker
12751,175416,"9,20111300858248E+018",9,1,62,0,2020,11,21,6,3,1,6,2,0,1,0,0,0,0,692265.9264,5338530.1275,11.586095408,48.170905091,0,2,#fc8d62,car
12752,175418,"9,20111800121951E+018",9,1,88,139,2020,11,18,4,3,1,1,2,0,1,0,1,0,0,674732833,5318608.0537,11.342330469,47.996877928,0,2,#fc8d62,car
12753,175422,"9,20111300857154E+018",9,1,62,0,2020,11,17,6,2,4,2,1,1,1,0,0,0,0,687378.0761,5336083.7732,11.519340076,48.150376476,0,1,#66c2a5,bicycle
12754,175423,"9,2011130085715E+018",9,1,62,0,2020,11,16,6,1,6,4,0,0,1,1,0,0,0,689233233,5335755.6704,11.544111837,48.146878256,0,2,#fc8d62,car
12755,175424,"9,20111600711148E+018",9,7,61,0,2020,11,16,2,3,5,3,0,0,1,1,0,0,0,636978.5763,5362752.5183,10.850783754,48.403037708,0,2,#fc8d62,car
12756,175425,"9,20111300857149E+018",9,1,62,0,2020,11,6,6,3,4,2,1,0,1,0,0,0,0,694452889,5333461225,11.613164491,48.124682653,0,2,#fc8d62,car
12757,175426,"9,20111500854248E+018",9,1,62,0,2020,11,14,1,3,3,6,0,1,0,0,0,0,0,688763.6074,5336588.6096,11.538173871,48.154504333,0,1,#66c2a5,bicycle
12758,175427,"9,20111300857149E+018",9,1,62,0,2020,11,15,6,3,2,5,1,0,1,0,0,0,1,695801702,5330699925,11.630003279,48.099452027,0,2,#fc8d62,car
12759,175429,"9,2011170085825E+018",9,1,62,0,2020,11,13,3,3,5,3,0,1,0,0,0,0,0,692978.3312,5333209.2109,11.593255614,48.122866283,0,1,#66c2a5,bicycle
12760,175433,"9,20111300854549E+018",9,1,62,0,2020,11,15,6,3,5,3,0,1,1,0,0,0,0,681228.3551,5337484986,11.437331469,48.164753669,0,1,#66c2a5,bicycle
12761,175435,"9,2011140075015E+018",9,7,78,116,2020,11,10,7,2,5,3,0,1,1,0,0,0,0,619325.8,5317897487,10.599759352,48.003230685,0,1,#66c2a5,bicycle
12762,175436,"9,20111300851649E+018",9,1,62,0,2020,11,13,6,3,3,6,2,1,0,0,0,0,0,690140.6939,5335092168,11.556003179,48.140644112,0,1,#66c2a5,bicycle
12763,175438,"9,20111700740748E+018",9,7,62,0,2020,11,7,3,3,5,3,0,1,0,0,0,0,1,621598.3936,5305439.8551,10.626694253,47.890763059,0,1,#66c2a5,bicycle
12764,175441,"9,20111300851548E+018",9,1,62,0,2020,11,15,6,3,6,4,0,1,0,1,0,0,0,689253.0694,5333009.5487,11.543158303,48.122189943,0,1,#66c2a5,bicycle
12765,175443,"9,20111700857149E+018",9,1,62,0,2020,11,17,3,2,5,3,2,0,1,0,1,0,0,690672.0466,5336171.2473,11.563621838,48.150183811,0,2,#fc8d62,car
12766,175444,"9,20111700110749E+018",9,1,78,124,2020,11,6,3,2,2,6,1,1,1,0,0,0,0,699923.3701,5361535.2922,11.699854316,48.375285642,0,1,#66c2a5,bicycle
12767,175446,"9,20111300851449E+018",9,1,62,0,2020,11,8,6,3,2,2,0,0,1,0,0,0,0,688566.1584,5334972.7468,11.534805878,48.140039309,0,2,#fc8d62,car
12768,175448,"9,20111400740748E+018",9,7,62,0,2020,11,19,7,3,9,7,2,0,1,0,0,0,0,620890.7581,5305052.2348,10.617123146,47.887410584,0,2,#fc8d62,car
12769,175449,"9,20111300851448E+018",9,1,62,0,2020,11,15,6,3,2,2,0,0,1,0,1,0,0,690637.0351,5333378.8201,11.561901794,48.125096076,0,2,#fc8d62,car
12770,175452,"9,20111600851449E+018",9,1,62,0,2020,11,12,2,3,5,2,0,1,1,0,0,0,0,690147942,5334443.4424,11.555810907,48.134811195,0,1,#66c2a5,bicycle
12771,175453,"9,20111600857149E+018",9,1,62,0,2020,11,14,2,3,5,3,0,1,1,0,0,0,0,695332.8854,5334280.5154,11.625353041,48.131776666,0,1,#66c2a5,bicycle
12772,175459,"9,20111800852749E+018",9,1,84,123,2020,11,11,4,3,0,7,0,0,0,0,0,0,1,703182372,5331536.7293,11.729424128,48.104661684,0,6,#ffd92f,circle
12773,175462,"9,20111800852749E+018",9,1,84,123,2020,11,12,4,3,5,3,0,1,1,0,0,0,0,702603446,5331798.7589,11.721780728,48.10720087,0,1,#66c2a5,bicycle
12774,175464,"9,20111500858248E+018",9,1,62,0,2020,11,9,1,3,0,1,0,1,0,0,0,0,0,693015.9675,5333837.9501,11.594045562,48.128505831,0,1,#66c2a5,bicycle
12775,175467,"9,20111800120949E+018",9,1,79,123,2020,11,14,4,3,5,3,0,1,1,0,0,0,0,676716.1937,5332878.7708,11.374790564,48.124617712,0,1,#66c2a5,bicycle
12776,175468,"9,20111900110949E+018",9,1,78,143,2020,11,12,5,3,0,1,0,1,0,0,0,0,0,721712.6722,5369850.2713,11.998100984,48.442712098,0,1,#66c2a5,bicycle
12777,175470,"9,2011210085715E+018",9,1,62,0,2020,11,2,7,3,0,3,2,0,1,0,0,0,1,691696.2068,5333718.5268,11.576273528,48.127831277,0,2,#fc8d62,car
12778,175473,"9,20112400858251E+018",9,1,62,0,2020,11,16,3,3,5,3,0,1,1,0,0,0,0,696745.4278,5331795.5411,11.643170573,48.109008128,0,1,#66c2a5,bicycle
12779,175475,"9,20112400120149E+018",9,1,74,115,2020,11,13,3,3,0,1,0,1,0,0,0,0,0,681523.1049,5348841.7246,11.44615249,48.266751385,0,1,#66c2a5,bicycle
12780,175478,"9,2011230014505E+018",9,1,87,117,2020,11,10,2,3,0,7,0,1,0,0,0,0,0,724931.9709,5305266.2546,12.007441263,47.861321682,0,1,#66c2a5,bicycle
12781,175480,"9,20112100711349E+018",9,7,61,0,2020,11,18,7,3,5,2,2,0,1,0,0,0,0,638464.5661,5360370.5565,10.870065345,48.381295014,0,2,#fc8d62,car
12782,175482,"9,20112400711349E+018",9,7,61,0,2020,11,8,3,3,7,5,0,1,0,0,0,0,0,638366.8854,5359526.0976,10.868468849,48.373723237,0,1,#66c2a5,bicycle
12783,175483,"9,20112300854551E+018",9,1,62,0,2020,11,6,2,2,4,2,2,1,1,0,0,0,0,682056047,5338485.1564,11.448880772,48.173507409,0,1,#66c2a5,bicycle
12784,175485,"9,2011230085825E+018",9,1,62,0,2020,11,17,2,3,1,6,2,0,1,0,0,0,0,696926.3471,5330696.7428,11.645091372,48.099076858,1,2,#fc8d62,car
12785,175487,"9,20112200858249E+018",9,1,62,0,2020,11,0,1,3,1,1,2,0,1,0,0,0,1,690723.6239,5342584.3746,11.567192666,48.207808731,1,2,#fc8d62,car
12786,175493,"9,20112300851451E+018",9,1,62,0,2020,11,23,2,3,5,3,2,0,1,0,0,0,1,689729.0929,5333349.5213,11.549699806,48.12510397,1,2,#fc8d62,car
12787,175496,"9,20112200110754E+018",9,1,78,115,2020,11,3,1,3,9,3,2,0,1,0,0,0,0,701917265,5378234.5371,11.73480126,48.524714482,0,2,#fc8d62,car
12788,175497,"9,20112000740751E+018",9,7,62,0,2020,11,8,6,3,0,7,0,1,0,0,0,0,0,622412997,5305800.2283,10.637689313,47.89384927,1,1,#66c2a5,bicycle
12789,175506,"9,20112600110949E+018",9,1,78,143,2020,11,10,5,3,5,3,0,1,1,0,0,0,0,716327.0672,5372121321,11.926547838,48.464990204,0,1,#66c2a5,bicycle
12790,175508,"9,2011230071065E+018",9,7,61,0,2020,11,7,2,3,4,1,1,1,0,0,0,1,0,638505.3785,5355563.1719,10.869033723,48.338058895,0,1,#66c2a5,bicycle
12791,175511,"9,20112100858249E+018",9,1,62,0,2020,11,11,7,3,1,5,0,1,1,0,0,0,0,691724.4338,5334928.2697,11.57719688,48.138695785,0,1,#66c2a5,bicycle
12792,175513,"9,20112600710151E+018",9,7,71,113,2020,11,12,5,2,5,3,0,0,1,0,1,0,0,657261.1494,5368803.1632,11.126917577,48.452701961,0,2,#fc8d62,car
12793,175515,"9,2011250085435E+018",9,1,62,0,2020,11,7,4,3,4,6,0,1,0,0,0,0,0,687801622,5342330987,11.527789611,48.206402459,0,1,#66c2a5,bicycle
12794,175516,"9,2011240021095E+018",9,2,74,182,2020,11,7,3,3,6,4,2,0,1,1,0,0,0,728856.9521,5377170.0031,12.098569932,48.505911466,1,2,#fc8d62,car
12795,175518,"9,2011250085715E+018",9,1,62,0,2020,11,10,4,3,5,7,0,1,1,0,0,0,0,691536748,5336685622,11.575467244,48.154547142,0,1,#66c2a5,bicycle
12796,175522,"9,2011210085415E+018",9,1,62,0,2020,11,18,7,3,5,3,2,0,1,0,0,0,0,685091.8852,5331620.3323,11.486693085,48.110926267,0,2,#fc8d62,car
12797,175525,"9,2011240085825E+018",9,1,62,0,2020,11,17,3,3,3,2,2,1,1,0,0,0,0,695492.9354,5336019.5225,11.62830005,48.147356843,0,1,#66c2a5,bicycle
12798,175526,"9,20112400110751E+018",9,1,78,124,2020,11,11,3,3,0,1,0,1,0,0,0,0,0,704159.9611,5363756.7141,11.758078084,48.393891444,0,1,#66c2a5,bicycle
12799,175528,"9,2011200021095E+018",9,2,74,126,2020,11,15,6,2,5,7,0,1,1,0,0,0,0,733711.3781,5383511.5869,12.167747288,48.561088511,0,1,#66c2a5,bicycle
12800,175529,"9,20112300141349E+018",9,1,63,0,2020,11,10,2,3,2,6,0,0,1,0,0,1,0,731391.3755,5304115.7149,12.093062662,47.848691502,0,2,#fc8d62,car
12801,175530,"9,20112000210949E+018",9,2,74,113,2020,11,9,6,3,5,3,0,1,0,0,0,0,0,728924391,5382090601,12.102182878,48.550089458,0,1,#66c2a5,bicycle
12802,175535,"9,20112100712749E+018",9,7,72,130,2020,11,16,7,2,6,7,1,1,0,1,0,0,0,630176604,5357443761,10.757280863,48.356740862,0,1,#66c2a5,bicycle
12803,175537,"9,20112400857149E+018",9,1,62,0,2020,11,13,3,3,5,2,0,1,1,0,0,0,0,687462.2665,5335598.5642,11.520257228,48.145990494,0,1,#66c2a5,bicycle
12804,175538,"9,20112300858249E+018",9,1,62,0,2020,11,8,2,3,1,7,0,0,1,1,0,1,0,684964.8008,5333586.6485,11.48584044,48.128637465,0,2,#fc8d62,car
12805,175550,"9,20112300852449E+018",9,1,62,0,2020,11,16,2,3,6,2,1,0,1,1,0,0,0,697961.8698,5331225.9342,11.659230357,48.103512019,1,2,#fc8d62,car
12806,175555,"9,20112000141349E+018",9,1,63,0,2020,11,15,6,3,6,7,0,0,1,1,0,0,0,733241.7661,5304846.5216,12.118153501,47.854588476,1,2,#fc8d62,car
12807,175557,"9,20112500858251E+018",9,1,62,0,2020,11,15,4,3,0,7,0,1,1,0,0,0,0,691043.3249,5336717.1041,11.568853573,48.154978511,0,1,#66c2a5,bicycle
12808,175560,"9,20112000141349E+018",9,1,63,0,2020,11,12,6,3,2,6,0,0,1,0,0,0,0,733731.3438,5303682.7704,12.124059927,47.843955456,0,2,#fc8d62,car
12809,175561,"9,20112100858249E+018",9,1,62,0,2020,11,15,7,3,5,3,0,0,1,0,0,0,0,679372.6191,5334100.6629,11.410970614,48.134858396,0,2,#fc8d62,car
12810,175564,"9,20112500110754E+018",9,1,78,124,2020,11,17,4,3,6,5,0,0,1,1,0,0,0,703058.9568,5364040.2624,11.743359047,48.39679491,0,2,#fc8d62,car
12811,175565,"9,20112000141349E+018",9,1,63,0,2020,11,12,6,3,2,6,0,0,1,0,0,0,0,733731.8764,5303686488,12.124069042,47.843988662,0,2,#fc8d62,car
12812,175566,"9,2011210085825E+018",9,1,62,0,2020,11,12,7,2,5,3,0,0,1,0,0,0,0,692275.0644,5340758.5377,11.587226491,48.190930661,0,2,#fc8d62,car
12813,175570,"9,20112500857149E+018",9,1,62,0,2020,11,14,4,3,6,7,0,0,1,1,0,0,0,688994.6088,5336565.1299,11.541266392,48.154224691,0,2,#fc8d62,car
12814,175574,"9,20112000140149E+018",9,1,87,117,2020,11,10,6,3,1,3,0,0,1,0,0,0,1,724593515,5305487102,12.003037095,47.863424387,0,2,#fc8d62,car
12815,175575,"9,20112100852851E+018",9,1,84,136,2020,11,13,7,3,0,7,0,1,0,0,0,0,0,700482.0395,5327027.9007,11.691075286,48.064995806,0,1,#66c2a5,bicycle
12816,175578,"9,2011240085825E+018",9,1,62,0,2020,11,9,3,2,9,7,0,0,1,0,0,0,0,682449171,5337726848,11.453838354,48.1665785,1,2,#fc8d62,car
12817,175579,"9,20112100120949E+018",9,1,79,123,2020,11,11,7,3,0,1,0,0,1,0,0,0,0,676636.6082,5333094499,11.373811417,48.126579036,0,2,#fc8d62,car
12818,175580,"9,2011230085825E+018",9,1,62,0,2020,11,9,2,3,6,4,0,1,0,1,0,0,0,692882.9071,5333179.6903,11.591961303,48.122629874,0,1,#66c2a5,bicycle
12819,175581,"9,20112100110549E+018",9,1,77,117,2020,11,9,7,3,5,3,0,0,1,0,0,0,0,715396.1759,5355030.1616,11.905210018,48.31174614,0,2,#fc8d62,car
12820,175587,"9,20112000121754E+018",9,1,79,142,2020,11,14,6,3,2,2,0,0,1,0,0,0,0,672285.3236,5342550234,11.319216532,48.212774416,0,2,#fc8d62,car
12821,175588,"9,2011210071135E+018",9,7,72,202,2020,11,12,7,3,5,3,0,0,1,0,0,0,0,636810.5007,5359380.6889,10.847415964,48.372755081,1,2,#fc8d62,car
12822,175591,"9,2011200085825E+018",9,1,62,0,2020,11,13,6,2,3,6,0,0,1,0,1,0,0,690630.6909,5340271.2607,11.564904448,48.18704673,0,2,#fc8d62,car
12823,175592,"9,20112300857149E+018",9,1,62,0,2020,11,14,2,3,4,7,0,0,1,0,0,0,0,692592.3871,5338064.5394,11.590270979,48.166621684,1,2,#fc8d62,car
12824,175593,"9,20112300710151E+018",9,7,71,113,2020,11,17,2,3,2,6,2,1,1,0,0,0,0,655146.9271,5365944.1817,11.097284515,48.427523176,0,1,#66c2a5,bicycle
12825,175594,"9,20112000121549E+018",9,1,81,130,2020,11,19,6,3,2,6,2,0,1,0,0,0,0,639074795,5324884.6278,10.866660809,48.062070313,0,2,#fc8d62,car
12826,175597,"9,20112000120949E+018",9,1,79,123,2020,11,13,6,3,0,1,0,1,0,0,0,0,0,674847.9242,5332899.8359,11.349714584,48.125322946,0,1,#66c2a5,bicycle
12827,175598,"9,20112300111351E+018",9,1,75,132,2020,11,17,2,3,6,4,2,0,0,1,0,0,1,706797.2359,5332061163,11.778179437,48.108211426,1,3,#8da0cb,toilet
12828,175600,"9,20112000120555E+018",9,1,79,121,2020,11,18,6,3,5,3,2,0,1,0,0,0,0,666747.3899,5339190.6361,11.243408369,48.184050983,0,2,#fc8d62,car
12829,175604,"9,2011200085825E+018",9,1,62,0,2020,11,12,6,3,3,6,0,1,0,0,0,0,1,692215.8127,5334909.9477,11.583786864,48.138382871,0,1,#66c2a5,bicycle
12830,175605,"9,20112300852249E+018",9,1,62,0,2020,11,7,2,3,3,2,0,1,1,0,0,0,0,694556.8255,5335445775,11.615466008,48.142487232,0,1,#66c2a5,bicycle
12831,175607,"9,20111900858251E+018",9,1,62,0,2020,11,15,5,3,5,3,0,0,1,0,0,0,0,696941.9542,5330684.8955,11.645295307,48.098965558,1,2,#fc8d62,car
12832,175611,"9,20111900858251E+018",9,1,62,0,2020,11,16,5,3,3,7,1,1,1,0,0,0,0,688293.1003,5330523.2683,11.529173915,48.100127299,1,1,#66c2a5,bicycle
12833,175613,"9,20112500857151E+018",9,1,84,146,2020,11,0,4,3,5,3,2,0,1,0,0,0,1,698422.4339,5327882.2702,11.663856788,48.073318215,0,2,#fc8d62,car
12834,175615,"9,2011190085825E+018",9,1,62,0,2020,11,12,5,3,2,6,0,0,1,0,0,0,0,689099.2754,5332941423,11.541063529,48.121623316,1,2,#fc8d62,car
12835,175617,"9,20112600120149E+018",9,1,74,121,2020,11,15,5,3,5,3,1,0,1,0,0,0,0,689660.77,5354632984,11.55830269,48.316417846,0,2,#fc8d62,car
12836,175619,"9,2011230071215E+018",9,7,71,130,2020,11,9,2,3,0,7,0,1,1,0,0,0,0,646890705,5357561.5978,10.9828166,48.354133514,0,1,#66c2a5,bicycle
12837,175621,"9,2011190085825E+018",9,1,62,0,2020,11,8,5,3,3,6,0,0,1,0,1,0,0,690336.5213,5336151.3093,11.559106393,48.150105099,0,2,#fc8d62,car
12838,175622,"9,20112100858249E+018",9,1,62,0,2020,11,13,7,3,5,2,0,1,1,0,0,0,0,691244.2921,5334187.8544,11.570417068,48.132185484,0,1,#66c2a5,bicycle
12839,175625,"9,2011250014135E+018",9,1,63,0,2020,11,14,4,3,1,2,0,0,1,0,1,0,0,733980.7321,5304299.0562,12.127721307,47.849401472,0,2,#fc8d62,car
12840,175626,"9,20112000858249E+018",9,1,62,0,2020,11,15,6,3,5,3,0,0,1,0,0,0,0,698746.9255,5334065.7456,11.671087678,48.128789626,0,2,#fc8d62,car
12841,175627,"9,2011250085445E+018",9,1,62,0,2020,11,11,4,3,0,1,0,1,0,0,0,0,0,686310.0973,5339272.6246,11.50639207,48.179352595,0,1,#66c2a5,bicycle
12842,175629,"9,20112000858249E+018",9,1,62,0,2020,11,11,6,3,0,7,0,1,0,0,0,0,0,690973.9943,5334306.6622,11.566841171,48.133334481,0,1,#66c2a5,bicycle
12843,175632,"9,2011190085825E+018",9,1,62,0,2020,11,7,5,3,5,2,0,1,1,0,0,0,0,685970.4773,5334382.1602,11.499690187,48.13549483,0,1,#66c2a5,bicycle
12844,175633,"9,20112100857149E+018",9,1,62,0,2020,11,10,7,2,5,3,0,0,1,0,0,0,0,681435.7892,5339259.0083,11.440875752,48.180640736,0,2,#fc8d62,car
12845,175636,"9,2011240085825E+018",9,1,62,0,2020,11,17,3,3,5,2,2,0,1,0,1,0,0,689687206,5334732834,11.549753311,48.137549754,0,2,#fc8d62,car
12846,175637,"9,20112500750151E+018",9,7,78,116,2020,11,20,4,2,9,1,2,0,1,0,0,0,0,617222512,5314272471,10.5705827,47.971017108,2,2,#fc8d62,car
12847,175638,"9,20112400110951E+018",9,1,78,143,2020,11,14,3,3,2,6,0,0,1,0,0,0,0,716956.7002,5372787.4697,11.935399566,48.470758508,0,2,#fc8d62,car
12848,175639,"9,2011190085825E+018",9,1,62,0,2020,11,12,5,3,5,3,0,0,1,0,0,0,0,691011297,5332279.7853,11.56643375,48.115105814,1,2,#fc8d62,car
12849,175640,"9,2011190085825E+018",9,1,62,0,2020,11,12,5,3,3,6,0,1,0,0,0,0,1,686194471,5335136966,11.503027961,48.142213811,1,1,#66c2a5,bicycle
12850,175641,"9,2011230014135E+018",9,1,63,0,2020,11,7,2,3,5,3,2,0,1,0,0,0,0,733803.8539,5303948.6407,12.125171225,47.846317682,0,2,#fc8d62,car
12851,175642,"9,20111900858249E+018",9,1,62,0,2020,11,16,5,3,2,6,0,1,1,0,0,0,0,691965.4477,5336186.4498,11.581000475,48.149931423,1,1,#66c2a5,bicycle
12852,175643,"9,20112100711349E+018",9,7,72,202,2020,11,13,7,3,2,6,0,0,1,0,0,0,0,636068.5852,5359752.6608,10.837523297,48.376260246,0,2,#fc8d62,car
12853,175646,"9,20112000858249E+018",9,1,62,0,2020,11,16,6,3,0,5,0,1,1,0,0,0,0,685798.9692,5334093.7961,11.497261397,48.132952989,0,1,#66c2a5,bicycle
12854,175647,"9,20111900858249E+018",9,1,62,0,2020,11,15,5,3,5,3,0,0,1,0,0,0,0,689369.5716,5341386.4532,11.548451055,48.197447246,1,2,#fc8d62,car
12855,175648,"9,20112100740749E+018",9,7,62,0,2020,11,10,7,3,5,3,0,0,1,0,0,0,0,622406.8106,5306075.2598,10.6376846,47.896323994,0,2,#fc8d62,car
12856,175650,"9,20112400857149E+018",9,1,62,0,2020,11,16,3,3,5,2,1,0,0,0,1,0,1,691401.0419,5340375.2276,11.575305395,48.187749527,0,4,#e78ac3,marker
12857,175651,"9,2011230085825E+018",9,1,62,0,2020,11,18,2,3,5,5,2,1,1,0,0,0,0,690568.4168,5341548502,11.564640596,48.198545083,1,1,#66c2a5,bicycle
12858,175652,"9,20111900857149E+018",9,1,62,0,2020,11,11,5,3,0,7,0,1,0,0,0,0,1,687759.6541,5334232.5578,11.523649082,48.133624815,0,1,#66c2a5,bicycle
12859,175653,"9,20112200857149E+018",9,1,84,139,2020,11,13,1,3,3,6,0,1,1,0,0,0,0,687929.0744,5325413.7793,11.522042231,48.054308988,0,1,#66c2a5,bicycle
12860,175655,"9,20111900854249E+018",9,1,62,0,2020,11,19,5,3,5,2,2,1,1,0,0,0,0,690240.0471,5336250.8198,11.557855099,48.151028358,0,1,#66c2a5,bicycle
12861,175661,"9,2011190085415E+018",9,1,62,0,2020,11,16,5,3,5,3,0,1,1,0,0,0,0,685974.6675,5334400.1934,11.499754326,48.135655695,0,1,#66c2a5,bicycle
12862,175662,"9,2011210085825E+018",9,1,84,127,2020,11,9,7,3,5,3,0,1,1,0,0,0,0,702444.0434,5322505.0869,11.715242138,48.023729749,0,1,#66c2a5,bicycle
12863,175663,"9,2011230085255E+018",9,1,62,0,2020,11,16,2,3,2,6,2,0,1,0,0,0,0,698727286,5332898.1872,11.670279724,48.118302666,1,2,#fc8d62,car
12864,175665,"9,2011190085145E+018",9,1,62,0,2020,11,14,5,3,5,2,0,0,1,0,0,0,0,689500.6919,5334389.7122,11.547096139,48.134521321,1,2,#fc8d62,car
12865,175668,"9,2011190085115E+018",9,1,62,0,2020,11,17,5,3,0,1,2,1,0,0,0,0,0,691972.4824,5334973.1836,11.580547936,48.139024679,1,1,#66c2a5,bicycle
12866,175670,"9,20112600110351E+018",9,1,75,112,2020,11,23,5,3,1,1,2,0,1,0,0,0,0,723253.5194,5319015.2182,11.992153479,47.985442203,0,2,#fc8d62,car
12867,175672,"9,2011200085715E+018",9,1,62,0,2020,11,12,6,3,5,3,0,0,1,0,0,0,0,693301667,5335251159,11.598522381,48.141120655,0,2,#fc8d62,car
12868,175673,"9,2011230071045E+018",9,7,61,0,2020,11,8,2,3,0,7,0,1,0,0,0,0,0,640169.1771,5359952.6238,10.892934997,48.377160673,1,1,#66c2a5,bicycle
12869,175676,"9,20112100858249E+018",9,1,62,0,2020,11,13,7,3,5,3,0,0,1,0,0,0,0,694443738,5333313774,11.612974386,48.123360214,0,2,#fc8d62,car
12870,175680,"9,2011250085255E+018",9,1,62,0,2020,11,13,4,3,1,5,0,1,1,0,0,0,0,698067907,5334433611,11.662143137,48.132307368,0,1,#66c2a5,bicycle
12871,175685,"9,2011250085715E+018",9,1,62,0,2020,11,7,4,2,3,2,2,1,1,0,0,0,0,693500.2928,5332855.9396,11.600101946,48.11953276,0,1,#66c2a5,bicycle
12872,175689,"9,2011210085295E+018",9,1,62,0,2020,11,12,7,3,3,2,0,1,1,0,0,0,0,688945.1601,5330103.3141,11.537737673,48.096159646,0,1,#66c2a5,bicycle
12873,175692,"9,2011240085825E+018",9,1,62,0,2020,11,8,3,3,6,2,0,0,1,1,0,0,0,691255.6114,5331881.9259,11.569534535,48.11145655,0,2,#fc8d62,car
12874,175693,"9,2011230085825E+018",9,1,84,141,2020,11,16,2,2,0,1,0,0,0,0,1,0,0,697885.4028,5316264.4041,11.651291814,47.969069602,0,4,#e78ac3,marker
12875,175696,"9,2011190071235E+018",9,7,72,147,2020,11,14,5,3,3,6,0,0,1,0,1,0,0,635589.5976,5364772.2563,10.832679378,48.421499338,1,2,#fc8d62,car
12876,175697,"9,20111900712348E+018",9,7,72,147,2020,11,5,5,3,4,2,2,0,1,0,0,0,0,636002.5121,5364444.3453,10.838151156,48.418461793,0,2,#fc8d62,car
12877,175699,"9,20111900711949E+018",9,7,72,125,2020,11,15,5,3,4,1,0,0,1,0,0,0,0,628931441,5346041.0949,10.736996336,48.254457207,1,2,#fc8d62,car
12878,175700,"9,20112100712154E+018",9,7,71,146,2020,11,11,7,2,0,1,0,0,0,0,1,0,0,647130.1443,5348454.2584,10.982870142,48.272191025,0,4,#e78ac3,marker
12879,175703,"9,20112300857149E+018",9,1,62,0,2020,11,11,2,3,3,6,0,1,0,0,0,1,0,695809.0785,5334165432,11.63169339,48.13059604,0,1,#66c2a5,bicycle
12880,175704,"9,20111900711349E+018",9,7,61,0,2020,11,12,5,3,6,4,0,0,1,1,0,0,0,637809.9418,5360051.0179,10.861124252,48.378565112,0,2,#fc8d62,car
12881,175705,"9,20112200712151E+018",9,7,71,130,2020,11,13,1,3,5,3,0,0,1,0,0,0,0,647216665,5359038296,10.987730549,48.367334898,0,2,#fc8d62,car
12882,175707,"9,2011190071115E+018",9,7,61,0,2020,11,16,5,3,4,6,1,1,1,0,0,0,0,638943.2955,5360316.0472,10.876509314,48.380699627,0,1,#66c2a5,bicycle
12883,175709,"9,20112600121349E+018",9,1,88,124,2020,11,7,5,3,0,1,0,1,0,0,0,0,0,661972.8942,5319020.9875,11.171568909,48.003950131,0,1,#66c2a5,bicycle
12884,175711,"9,20112500712551E+018",9,7,72,170,2020,11,7,4,3,6,4,0,0,1,1,0,0,0,630904.2449,5334037629,10.759859284,48.146110194,0,2,#fc8d62,car
12885,175712,"9,20111900711149E+018",9,7,61,0,2020,11,8,5,3,2,6,0,0,1,0,0,0,0,639193.1791,5360195.9136,10.879842462,48.379564335,1,2,#fc8d62,car
12886,175716,"9,2011230085225E+018",9,1,62,0,2020,11,9,2,3,3,2,0,1,1,0,0,0,0,695952.0402,5334789.5645,11.633899762,48.136161412,0,1,#66c2a5,bicycle
12887,175718,"9,20111900710651E+018",9,7,61,0,2020,11,17,5,3,5,2,2,1,1,0,0,0,0,641787.1064,5358744.6303,10.914364609,48.365937418,0,1,#66c2a5,bicycle
12888,175721,"9,20111900710649E+018",9,7,61,0,2020,11,15,5,3,2,1,0,0,1,0,1,0,0,640765.2983,5356972.4372,10.899983555,48.350231139,1,2,#fc8d62,car
12889,175722,"9,2011210016095E+018",9,1,73,126,2020,11,8,7,2,3,6,0,1,1,0,0,0,0,685677.0734,5303570.1411,11.48242068,47.85862076,0,1,#66c2a5,bicycle
12890,175723,"9,2011250085825E+018",9,1,88,120,2020,11,13,4,3,8,6,0,1,0,0,0,0,0,679781.1765,5328847.2971,11.414242815,48.08752056,1,1,#66c2a5,bicycle
12891,175726,"9,20112300712151E+018",9,7,71,130,2020,11,13,2,3,1,6,0,0,1,0,0,1,0,645616.4704,5357693.4216,10.965672417,48.355613901,1,2,#fc8d62,car
12892,175729,"9,20112100858249E+018",9,1,62,0,2020,11,14,7,2,5,3,0,1,0,0,0,1,0,685759.9819,5340741.1419,11.499640942,48.192713166,0,1,#66c2a5,bicycle