fid,OBJECTID,UIDENTSTLA,ULAND,UREGBEZ,UKREIS,UGEMEINDE,UJAHR,UMONAT,USTUNDE,UWOCHENTAG,UKATEGORIE,UART,UTYP1,ULICHTVERH,IstRad,IstPKW,IstFuss,IstKrad,IstGkfz,IstSonstig,LINREFX,LINREFY,XGCSWGS84,YGCSWGS84,STRZUSTAND,Teilnehmer,color,symbol
12893,175733,"9,20112000857149E+018",9,1,84,123,2020,11,13,6,2,1,7,0,0,1,0,0,0,0,702782.3053,5332098.1321,11.724323009,48.10983438,0,2,#fc8d62,car
12894,175734,"9,20112100140149E+018",9,1,87,117,2020,11,10,7,3,0,7,0,1,0,0,0,0,0,725064584,5306365675,12.009784182,47.87115351,1,1,#66c2a5,bicycle
12895,175735,"9,2011250085445E+018",9,1,62,0,2020,11,13,4,3,2,6,0,1,1,0,0,0,0,687393.0818,5339317.3745,11.520966382,48.179436356,0,1,#66c2a5,bicycle
12896,175737,"9,2011200085125E+018",9,1,62,0,2020,11,18,6,3,6,7,2,1,0,1,0,0,0,691760444,5335357841,11.577873853,48.142545856,0,1,#66c2a5,bicycle
12897,175742,"9,2011240085825E+018",9,1,62,0,2020,11,8,3,3,5,2,0,0,1,0,0,0,0,688696.7647,5336276.1343,11.537137451,48.151715605,0,2,#fc8d62,car
12898,175743,"9,20120200710651E+018",9,7,61,0,2020,12,18,4,3,2,1,2,0,1,0,0,0,0,639719457,5356297789,10.885651383,48.344397099,1,2,#fc8d62,car
12899,175745,"9,20120300111153E+018",9,1,78,120,2020,12,20,5,3,4,3,2,0,1,0,0,0,0,695673.5633,5353862.3271,11.63896281,48.307660043,1,2,#fc8d62,car
12900,175749,"9,20120200710651E+018",9,7,61,0,2020,12,12,4,3,3,2,0,1,1,0,0,0,0,639505.6997,5357369.5931,10.883123305,48.354081762,0,1,#66c2a5,bicycle
12901,175750,"9,20120200710152E+018",9,7,71,113,2020,12,22,4,3,5,3,2,0,1,0,1,0,0,657252488,5368800941,11.126799683,48.452684147,0,2,#fc8d62,car
12902,175767,"9,20120100120554E+018",9,1,79,121,2020,12,17,3,3,6,4,2,0,0,1,0,0,1,667928.8803,5339041474,11.259232326,48.182398819,1,3,#8da0cb,toilet
12903,175768,"9,20120100120152E+018",9,1,74,113,2020,12,6,3,3,4,1,1,0,1,0,0,0,1,672280.2075,5350148.2821,11.322239434,48.281077776,2,2,#fc8d62,car
12904,175770,"9,20120100120152E+018",9,1,74,141,2020,12,7,3,3,5,3,1,0,1,0,0,0,0,682484809,5357738682,11.462946827,48.346444458,1,2,#fc8d62,car
12905,175771,"9,20120200858254E+018",9,1,62,0,2020,12,18,4,3,5,3,2,1,1,0,0,0,0,692034652,5335617.5322,11.581673327,48.14479721,0,1,#66c2a5,bicycle
12906,175772,"9,20120100120151E+018",9,1,74,113,2020,12,10,3,3,4,6,0,0,1,0,0,0,1,677582.7118,5350143.6662,11.393648411,48.279571301,2,2,#fc8d62,car
12907,175774,"9,20120100120151E+018",9,1,74,115,2020,12,7,3,3,5,2,0,0,1,0,0,0,1,681252.6962,5347837.7081,11.442081812,48.257804119,2,2,#fc8d62,car
12908,175776,"9,20120100120151E+018",9,1,74,151,2020,12,8,3,3,8,1,0,0,1,0,0,0,0,679273.1188,5361977.7586,11.42144673,48.385467326,2,2,#fc8d62,car
12909,175777,"9,2011300085825E+018",9,1,62,0,2020,11,19,2,3,2,7,2,0,1,0,0,0,0,692269.2039,5338495.2778,11.586123687,48.17059088,0,2,#fc8d62,car
12910,175779,"9,2011300085825E+018",9,1,62,0,2020,11,19,2,3,6,4,2,1,0,1,0,0,0,686214.6665,5334772693,11.5031399,48.13893368,0,1,#66c2a5,bicycle
12911,175780,"9,2011300085825E+018",9,1,62,0,2020,11,9,2,3,6,4,0,1,0,1,0,0,0,691983361,5333806.0953,11.58016809,48.128531792,0,1,#66c2a5,bicycle
12912,175781,"9,20120400121952E+018",9,1,88,118,2020,12,13,6,3,6,4,0,0,1,1,0,0,0,671002.1655,5312989664,11.290126413,47.947377005,0,2,#fc8d62,car
12913,175782,"9,2011300085825E+018",9,1,62,0,2020,11,8,2,3,0,5,0,1,0,0,0,0,0,691765.4278,5335021.5683,11.577789359,48.139521986,0,1,#66c2a5,bicycle
12914,175783,"9,2011300085425E+018",9,1,62,0,2020,11,8,2,3,5,2,0,1,1,0,0,0,0,689820.7992,5336709072,11.552428342,48.155272389,0,1,#66c2a5,bicycle
12915,175785,"9,2011300085235E+018",9,1,62,0,2020,11,7,2,3,5,2,1,1,1,0,0,0,0,693222.8048,5329105.9108,11.594679348,48.085912577,0,1,#66c2a5,bicycle
12916,175786,"9,20120200858251E+018",9,1,62,0,2020,12,17,4,3,2,6,2,0,1,0,0,0,0,692377.3266,5332286.3311,11.58477142,48.114753474,0,2,#fc8d62,car
12917,175787,"9,2011300085215E+018",9,1,62,0,2020,11,7,2,3,5,3,0,1,1,0,0,0,0,693163.6339,5334177.9266,11.596182132,48.131516658,0,1,#66c2a5,bicycle
12918,175788,"9,20113000851551E+018",9,1,62,0,2020,11,17,2,2,0,7,2,1,0,0,0,0,0,688396.7954,5330942004,11.530750202,48.103860345,0,1,#66c2a5,bicycle
12919,175792,"9,20120300858251E+018",9,1,62,0,2020,12,13,5,3,5,2,0,1,0,0,0,1,0,692653.8923,5333420.3639,11.588995835,48.124862337,0,1,#66c2a5,bicycle
12920,175795,"9,2011300071045E+018",9,7,61,0,2020,11,12,2,3,5,3,0,1,1,0,0,0,0,639937.6856,5359145.0927,10.889541778,48.369950978,0,1,#66c2a5,bicycle
12921,175796,"9,20120200857152E+018",9,1,62,0,2020,12,14,4,3,0,1,0,0,0,0,1,0,0,688818.5948,5335482.5967,11.538421884,48.144547044,0,4,#e78ac3,marker
12922,175801,"9,20120200141352E+018",9,1,63,0,2020,12,11,4,3,6,4,0,1,0,1,0,0,0,733714.2548,5304837.6518,12.124455597,47.854337162,0,1,#66c2a5,bicycle
12923,175805,"9,20120200121951E+018",9,1,88,139,2020,12,16,4,2,0,1,2,1,0,0,0,0,0,675010.0472,5319600.9173,11.346448309,48.005727598,0,1,#66c2a5,bicycle
12924,175807,"9,20120200120952E+018",9,1,79,123,2020,12,7,4,3,5,3,1,1,1,0,0,0,0,675372.2,5332762086,11.356697277,48.123940448,1,1,#66c2a5,bicycle
12925,175812,"9,20120200120151E+018",9,1,74,115,2020,12,6,4,3,0,1,2,1,0,0,0,0,0,683205.0055,5347718.2291,11.468309024,48.256168762,0,1,#66c2a5,bicycle
12926,175815,"9,20120200110551E+018",9,1,77,117,2020,12,16,4,3,5,3,1,1,1,0,0,0,0,715315.8363,5354208.1099,11.903708466,48.304387247,0,1,#66c2a5,bicycle
12927,175818,"9,20120400140151E+018",9,1,87,122,2020,12,12,6,3,0,7,0,1,0,0,0,0,0,716974.3713,5306665.4971,11.901890641,47.876631429,0,1,#66c2a5,bicycle
12928,175822,"9,20120400210955E+018",9,2,61,0,2020,12,22,6,3,0,1,2,0,0,0,1,0,0,731297.0707,5381759552,12.134101671,48.5462454,0,4,#e78ac3,marker
12929,175825,"9,20120100858252E+018",9,1,62,0,2020,12,11,3,3,0,7,0,0,0,0,0,1,0,689236.6267,5340179.0935,11.546125777,48.186635141,1,5,#a6d854,bus
12930,175828,"9,20120100857152E+018",9,1,62,0,2020,12,8,3,3,5,3,0,1,1,0,0,0,0,697540.3388,5336860.1397,11.65618592,48.154279232,2,1,#66c2a5,bicycle
12931,175829,"9,20113000140151E+018",9,1,87,117,2020,11,12,2,3,5,3,0,0,1,0,0,0,0,725389.6202,5305189.3143,12.013511396,47.860470019,0,2,#fc8d62,car
12932,175831,"9,20120300858252E+018",9,1,84,134,2020,12,6,5,3,6,4,0,0,1,1,0,0,0,692560.3933,5323009.3233,11.583049283,48.031317295,0,2,#fc8d62,car
12933,175833,"9,20120100857152E+018",9,1,62,0,2020,12,18,3,2,6,2,2,0,1,1,0,0,0,697128.0733,5330651.5225,11.647777053,48.098608071,1,2,#fc8d62,car
12934,175835,"9,20120200857152E+018",9,1,62,0,2020,12,10,4,2,1,7,0,0,1,0,0,0,1,687999161,5337410.9053,11.528268642,48.162121703,0,2,#fc8d62,car
12935,175836,"9,2011300012155E+018",9,1,81,130,2020,11,18,2,3,5,3,2,0,1,0,0,0,0,641160.1733,5323971.6251,10.894333698,48.05340241,0,2,#fc8d62,car
12936,175837,"9,20120100857152E+018",9,1,62,0,2020,12,10,3,3,4,6,0,1,1,0,0,0,0,692064724,5334766.5007,11.581693369,48.137139214,2,1,#66c2a5,bicycle
12937,175838,"9,20112900858251E+018",9,1,62,0,2020,11,15,1,3,4,2,0,1,1,0,0,0,0,689058961,5332577.03,11.540360762,48.118360071,0,1,#66c2a5,bicycle
12938,175839,"9,20120200857151E+018",9,1,62,0,2020,12,19,4,3,2,5,2,0,1,0,0,0,0,691302.4821,5334133.04,11.571173743,48.13167533,1,2,#fc8d62,car
12939,175840,"9,20112900857151E+018",9,1,62,0,2020,11,16,1,3,4,2,1,0,1,0,0,0,0,680109.7894,5335527073,11.421473152,48.147472083,0,2,#fc8d62,car
12940,175842,"9,2011290071135E+018",9,7,61,0,2020,11,15,1,3,6,7,0,0,1,1,0,0,0,638062.0458,5358541.6624,10.864031452,48.364938123,0,2,#fc8d62,car
12941,175845,"9,20112900710649E+018",9,7,61,0,2020,11,6,1,3,1,1,2,0,1,0,0,0,1,640727.7204,5351855.9893,10.897768395,48.304233811,0,2,#fc8d62,car
12942,175846,"9,20120100857151E+018",9,1,62,0,2020,12,15,3,3,6,4,0,0,1,1,0,0,0,691920.0103,5334464.6038,11.57961419,48.134469472,1,2,#fc8d62,car
12943,175848,"9,20120200857151E+018",9,1,62,0,2020,12,8,4,2,4,6,0,1,0,0,0,0,0,691129.1521,5342284.7851,11.572510546,48.204994116,0,1,#66c2a5,bicycle
12944,175857,"9,20120100857151E+018",9,1,84,140,2020,12,14,3,3,6,4,0,0,1,1,0,0,0,702372.6548,5328575.6544,11.71715633,48.078308488,1,2,#fc8d62,car
12945,175858,"9,20120100855153E+018",9,1,62,0,2020,12,8,3,3,0,7,0,0,0,0,1,0,0,689603.9608,5333219.5255,11.547962101,48.123972837,1,4,#e78ac3,marker
12946,175860,"9,20120100854551E+018",9,1,62,0,2020,12,7,3,3,4,6,1,1,1,0,0,0,0,682821.4715,5336273.3425,11.458216163,48.153406496,2,1,#66c2a5,bicycle
12947,175864,"9,20120300210952E+018",9,2,74,113,2020,12,9,5,3,0,1,0,0,0,0,1,0,0,728752037,5381424.1918,12.099484903,48.544165876,2,4,#e78ac3,marker
12948,175867,"9,20120100854551E+018",9,1,62,0,2020,12,21,3,3,2,6,2,0,1,0,0,0,0,679462916,5334558326,11.412376018,48.138946867,1,2,#fc8d62,car
12949,175868,"9,2011290016095E+018",9,1,73,118,2020,11,11,1,2,0,1,0,1,0,0,0,0,0,696417.3802,5305322.5925,11.626658323,47.871178614,2,1,#66c2a5,bicycle
12950,175870,"9,20120100854252E+018",9,1,62,0,2020,12,8,3,3,0,1,0,1,0,0,0,0,0,689521.4003,5336062.0303,11.548118471,48.149546047,2,1,#66c2a5,bicycle
12951,175872,"9,2011290012095E+018",9,1,79,123,2020,11,15,1,2,0,7,0,1,0,1,0,0,0,677236.7055,5333923.6892,11.382213787,48.133865993,0,1,#66c2a5,bicycle
12952,175873,"9,20120100854152E+018",9,1,62,0,2020,12,8,3,3,5,3,0,0,1,0,0,0,1,684869.9934,5332263.6841,11.48399377,48.116773505,1,2,#fc8d62,car
12953,175874,"9,20112900110351E+018",9,1,75,131,2020,11,10,1,3,0,1,0,0,1,0,1,0,0,709651.7357,5322360611,11.811724762,48.020107097,0,2,#fc8d62,car
12954,175875,"9,20112800857151E+018",9,1,62,0,2020,11,20,7,3,8,7,2,0,1,0,0,0,0,697177.0258,5332129.0122,11.649116583,48.111871712,0,2,#fc8d62,car
12955,175876,"9,20120400210952E+018",9,2,61,0,2020,12,9,6,3,0,5,0,1,1,0,0,0,0,732745.4224,5380776.8715,12.153147266,48.53688269,0,1,#66c2a5,bicycle
12956,175880,"9,20120100853251E+018",9,1,84,144,2020,12,14,3,3,6,7,0,0,1,1,0,0,0,686412169,5320513342,11.499572797,48.01070601,1,2,#fc8d62,car
12957,175881,"9,2011280071135E+018",9,7,61,0,2020,11,15,7,3,0,1,0,1,0,0,0,0,0,637793.7761,5360257.3042,10.860973684,48.380423536,0,1,#66c2a5,bicycle
12958,175882,"9,20120200854152E+018",9,1,62,0,2020,12,11,4,3,5,7,0,1,1,0,0,0,0,687507.8601,5334609.6999,11.520434162,48.1370889,1,1,#66c2a5,bicycle
12959,175884,"9,20120100851254E+018",9,1,62,0,2020,12,7,3,3,3,6,1,1,1,0,0,0,0,691682.3737,5336606.4359,11.577387654,48.153791556,2,1,#66c2a5,bicycle
12960,175887,"9,20120300858252E+018",9,1,84,120,2020,12,16,5,3,5,2,2,1,1,0,0,0,0,680707.1809,5334153.2117,11.428914267,48.134953198,0,1,#66c2a5,bicycle
12961,175896,"9,20120200854151E+018",9,1,62,0,2020,12,16,4,3,4,2,2,0,1,0,0,0,0,686226.7015,5332810.7135,11.502444057,48.121295125,0,2,#fc8d62,car
12962,175901,"9,20120300121752E+018",9,1,79,134,2020,12,14,5,3,5,3,0,0,1,0,0,0,1,670289.8583,5342430.1525,11.292328845,48.212233492,0,2,#fc8d62,car
12963,175906,"9,20120200852952E+018",9,1,62,0,2020,12,7,4,3,0,7,0,1,0,0,0,0,0,688161.5429,5330769.8813,11.527517332,48.102382785,1,1,#66c2a5,bicycle
12964,175907,"9,20112800210954E+018",9,2,74,124,2020,11,11,7,2,6,7,0,0,1,1,0,0,0,726647.0677,5375739.0247,12.067917909,48.493857355,0,2,#fc8d62,car
12965,175908,"9,20112800210951E+018",9,2,61,0,2020,11,11,7,3,5,3,0,1,1,0,0,0,0,732696.6406,5380426.8671,12.152292047,48.533756788,0,1,#66c2a5,bicycle
12966,175917,"9,20120300121752E+018",9,1,79,142,2020,12,14,5,3,2,6,0,0,1,0,0,0,0,673318.7664,5342303.9767,11.333015658,48.210279333,0,2,#fc8d62,car
12967,175918,"9,20120100710754E+018",9,7,61,0,2020,12,7,3,3,5,3,1,1,1,0,0,0,0,642466.7896,5361811.3806,10.924575633,48.3933591,2,1,#66c2a5,bicycle
12968,175923,"9,20120100710753E+018",9,7,61,0,2020,12,6,3,3,4,1,2,0,1,0,0,0,0,642946.4007,5362082.0377,10.931142977,48.395684166,1,2,#fc8d62,car
12969,175924,"9,20112800111354E+018",9,1,75,132,2020,11,17,7,3,6,4,2,0,1,1,0,0,0,707082.0988,5332402.0297,11.782167161,48.111182054,0,2,#fc8d62,car
12970,175925,"9,20112700858251E+018",9,1,62,0,2020,11,16,6,3,1,5,1,1,1,0,0,0,0,697025.6959,5333938079,11.647921677,48.128177316,1,1,#66c2a5,bicycle
12971,175926,"9,20120100710453E+018",9,7,61,0,2020,12,15,3,3,3,2,0,1,1,0,0,0,0,640093.8646,5359060.3885,10.891621209,48.369154695,0,1,#66c2a5,bicycle
12972,175927,"9,2011270085825E+018",9,1,62,0,2020,11,11,6,3,3,7,0,1,1,0,0,0,0,691138.0094,5340003.3831,11.571602685,48.184486654,0,1,#66c2a5,bicycle
12973,175928,"9,2011270085825E+018",9,1,62,0,2020,11,10,6,3,4,7,0,0,1,0,0,0,0,683381.3838,5335495.5507,11.465402426,48.146254029,0,2,#fc8d62,car
12974,175929,"9,20120400141352E+018",9,1,63,0,2020,12,17,6,3,4,2,2,0,1,0,1,0,0,733848.5669,5304029.0001,12.125811388,47.847023372,0,2,#fc8d62,car
12975,175930,"9,2011270085715E+018",9,1,62,0,2020,11,12,6,3,0,4,0,1,0,1,0,0,0,690391.1369,5335184.7698,11.559407725,48.141401526,0,1,#66c2a5,bicycle
12976,175931,"9,2011270085475E+018",9,1,62,0,2020,11,15,6,3,5,2,0,0,1,0,0,0,0,691096.2785,5339229.4393,11.57069377,48.177543128,0,2,#fc8d62,car
12977,175933,"9,2011270085225E+018",9,1,62,0,2020,11,9,6,3,5,3,0,1,1,0,0,0,0,694062.0365,5336375.7874,11.60924555,48.150996935,0,1,#66c2a5,bicycle
12978,175940,"9,20112700712349E+018",9,7,72,147,2020,11,15,6,2,4,6,1,0,1,0,0,1,0,638780.3391,5363757.9439,10.875447258,48.41168414,0,2,#fc8d62,car
12979,175941,"9,2011270071045E+018",9,7,61,0,2020,11,19,6,3,5,3,2,0,1,0,0,0,1,639628.0907,5359553.9447,10.885499524,48.373695832,0,2,#fc8d62,car
12980,175942,"9,20120400110353E+018",9,1,75,115,2020,12,12,6,3,5,3,0,0,1,0,0,0,0,720645286,5328998.49,11.962386275,48.076047906,0,2,#fc8d62,car
12981,175943,"9,20120300121551E+018",9,1,81,130,2020,12,11,5,3,0,7,0,0,1,1,0,0,0,638316.5762,5324910.3206,10.856497864,48.062466197,0,2,#fc8d62,car
12982,175948,"9,20120200852752E+018",9,1,84,123,2020,12,8,4,3,9,7,0,0,1,0,0,0,0,702537.2362,5332434.8753,11.721194315,48.112938611,1,2,#fc8d62,car
12983,175955,"9,20120300857151E+018",9,1,62,0,2020,12,14,5,3,4,6,0,1,1,0,0,0,0,679970.0006,5340455.8009,11.421681716,48.191815399,2,1,#66c2a5,bicycle
12984,175985,"9,20120400210955E+018",9,2,61,0,2020,12,18,6,3,6,4,2,0,1,1,0,0,0,728845.7413,5380952.9799,12.100493825,48.539898741,0,2,#fc8d62,car
12985,175989,"9,2011270014075E+018",9,1,82,120,2020,11,11,6,2,3,5,0,1,1,0,0,0,0,701577.9241,5306994579,11.696371596,47.88460667,0,1,#66c2a5,bicycle
12986,175990,"9,2011270014075E+018",9,1,82,120,2020,11,15,6,3,6,2,0,0,1,1,0,0,0,702504.2399,5306614.9452,11.70857001,47.880903277,0,2,#fc8d62,car
12987,175993,"9,2011270012015E+018",9,1,74,113,2020,11,18,6,2,5,3,2,0,1,0,0,0,0,678146.5111,5345617.7969,11.39933542,48.238730451,0,2,#fc8d62,car
12988,175994,"9,20120300858252E+018",9,1,62,0,2020,12,8,5,3,4,3,0,1,1,0,0,0,0,691711.8839,5335680.0517,11.577366809,48.145456471,0,1,#66c2a5,bicycle
12989,175995,"9,2011260085825E+018",9,1,62,0,2020,11,11,5,3,1,5,0,0,1,0,0,0,0,690339.4599,5336150.1732,11.559145354,48.150094009,0,2,#fc8d62,car
12990,175997,"9,2011260085825E+018",9,1,62,0,2020,11,17,5,3,0,7,1,0,0,0,0,0,1,684752.5913,5329117.1394,11.481055595,48.088524622,0,6,#ffd92f,circle
12991,175998,"9,2011260085825E+018",9,1,62,0,2020,11,16,5,3,1,5,2,1,1,0,0,0,0,688070124,5336907119,11.528999296,48.157572604,1,1,#66c2a5,bicycle
12992,176000,"9,2011260085825E+018",9,1,62,0,2020,11,17,5,3,1,5,2,1,1,0,0,0,0,688274.3313,5332691015,11.529878807,48.119617067,0,1,#66c2a5,bicycle
12993,176002,"9,20112600857151E+018",9,1,62,0,2020,11,13,5,3,5,3,0,1,1,0,0,0,0,688944.6887,5336436.5733,11.540538763,48.153084045,0,1,#66c2a5,bicycle
12994,176003,"9,20120300120952E+018",9,1,79,123,2020,12,15,5,2,4,6,0,0,1,0,0,0,1,675141.5383,5333532.5775,11.353916954,48.130930192,1,2,#fc8d62,car
12995,176004,"9,20112600854151E+018",9,1,62,0,2020,11,8,5,3,0,7,0,0,0,0,0,0,1,686218883,5334445.2,11.503053345,48.135988817,0,6,#ffd92f,circle
12996,176005,"9,2011260085285E+018",9,1,84,136,2020,11,15,5,3,6,7,0,0,1,1,0,0,0,698553.7255,5326864.7526,11.665144895,48.064132587,0,2,#fc8d62,car
12997,176007,"9,20120300120952E+018",9,1,88,121,2020,12,10,5,3,0,1,0,1,0,0,0,0,0,670794.5363,5330767.6766,11.29443448,48.107255734,0,1,#66c2a5,bicycle
12998,176014,"9,20121100121552E+018",9,1,81,134,2020,12,16,6,3,1,1,2,0,1,0,0,0,0,643113.0927,5340073.4807,10.925933428,48.197753951,0,2,#fc8d62,car
12999,176018,"9,20120900858252E+018",9,1,62,0,2020,12,11,4,3,1,5,0,1,1,0,0,0,0,679790.7169,5335726.7313,11.417271697,48.149357062,2,1,#66c2a5,bicycle
13000,176023,"9,20120600858252E+018",9,1,62,0,2020,12,11,1,3,5,2,0,1,1,0,0,0,0,691912.5943,5340001.1863,11.582012128,48.184233401,0,1,#66c2a5,bicycle
13001,176029,"9,20120900855252E+018",9,1,62,0,2020,12,8,4,3,6,2,0,0,1,1,0,0,0,689652.7457,5333029192,11.548532336,48.122247573,1,2,#fc8d62,car
13002,176032,"9,20121100711355E+018",9,7,61,0,2020,12,14,6,3,0,4,0,0,0,1,0,0,1,638588.7056,5358334.3631,10.871069866,48.362958718,0,3,#8da0cb,toilet
13003,176039,"9,20121200215054E+018",9,2,61,0,2020,12,15,7,3,1,6,0,0,1,0,0,0,0,732727.0125,5381823.4913,12.153482783,48.546290986,1,2,#fc8d62,car
13004,176043,"9,20120500858253E+018",9,1,62,0,2020,12,12,7,3,5,3,0,0,1,0,0,0,0,685959.7035,5340625873,11.502275321,48.191618649,1,2,#fc8d62,car
13005,176053,"9,20121100858254E+018",9,1,62,0,2020,12,4,6,3,5,3,2,0,1,0,0,0,0,691826.5094,5335663.7622,11.578898872,48.145275511,1,2,#fc8d62,car
13006,176055,"9,20121100145054E+018",9,1,63,0,2020,12,14,6,3,6,2,0,0,1,1,0,0,0,733005.9197,5304780.7357,12.114969915,47.854082989,1,2,#fc8d62,car
13007,176058,"9,20120500851453E+018",9,1,62,0,2020,12,22,7,3,5,3,2,1,1,0,0,0,0,690628.6999,5335105.9589,11.56256267,48.140622047,1,1,#66c2a5,bicycle
13008,176059,"9,20121000110754E+018",9,1,78,136,2020,12,10,5,3,4,7,0,0,0,0,0,1,1,694244209,5370602696,11.627443952,48.458548629,2,5,#a6d854,bus
13009,176064,"9,20121100858252E+018",9,1,62,0,2020,12,7,6,3,5,3,2,1,1,0,0,0,0,679034.7705,5338601.7346,11.408327505,48.17541363,0,1,#66c2a5,bicycle
13010,176066,"9,20121100110753E+018",9,1,78,124,2020,12,10,6,3,5,3,0,1,1,0,0,0,0,703859.1011,5362326.2936,11.75332455,48.381134749,0,1,#66c2a5,bicycle
13011,176067,"9,20120800210953E+018",9,2,61,0,2020,12,5,3,3,0,1,1,1,0,0,0,0,0,731984.1907,5381654.7103,12.143339269,48.545049954,2,1,#66c2a5,bicycle
13012,176069,"9,20120500711152E+018",9,7,61,0,2020,12,15,7,3,2,6,0,0,1,0,0,0,0,639290.7147,5361543.3634,10.881605675,48.391658707,1,2,#fc8d62,car
13013,176070,"9,20120900857152E+018",9,1,62,0,2020,12,10,4,3,5,3,0,0,1,0,0,0,1,694216.5675,5332770.7412,11.60967753,48.118548962,1,2,#fc8d62,car
13014,176073,"9,20121100712553E+018",9,7,72,200,2020,12,12,6,3,6,4,0,0,1,1,0,0,0,630817.2488,5337559.2104,10.759773461,48.177796569,0,2,#fc8d62,car
13015,176075,"9,20120600857152E+018",9,1,62,0,2020,12,18,1,3,5,2,2,0,1,0,0,0,1,686902.5414,5336436.2093,11.513107566,48.153684182,1,2,#fc8d62,car
13016,176079,"9,20120800121552E+018",9,1,81,134,2020,12,17,3,3,9,1,2,0,1,0,0,0,0,643303.5843,5336757.1466,10.927376808,48.167891173,0,2,#fc8d62,car
13017,176080,"9,20120700120553E+018",9,1,79,121,2020,12,8,2,3,0,7,0,0,0,0,0,0,1,666559.6084,5338747337,11.240710196,48.18011498,0,6,#ffd92f,circle
13018,176081,"9,20121000852252E+018",9,1,62,0,2020,12,19,5,3,0,7,2,0,0,1,0,0,1,694874.3319,5336697.9259,11.620302878,48.153643817,0,3,#8da0cb,toilet
13019,176082,"9,20120700858253E+018",9,1,84,131,2020,12,6,2,3,5,3,2,1,1,0,0,0,0,703807.2402,5339314029,11.741529831,48.174354133,1,1,#66c2a5,bicycle
13020,176087,"9,20120700858252E+018",9,1,62,0,2020,12,8,2,3,6,4,0,0,1,1,0,0,0,687605673,5341223215,11.524665196,48.196503605,1,2,#fc8d62,car
13021,176090,"9,20120700858252E+018",9,1,62,0,2020,12,13,2,3,5,3,0,0,1,0,0,0,0,694591.7362,5336064.1677,11.616217439,48.148034403,0,2,#fc8d62,car
13022,176093,"9,20121200141354E+018",9,1,63,0,2020,12,9,7,3,5,3,0,0,1,0,0,0,0,731331.9364,5304213.1674,12.092321419,47.849588436,0,2,#fc8d62,car
13023,176098,"9,20120700858252E+018",9,1,62,0,2020,12,7,2,3,4,2,0,1,1,0,0,0,0,685653448,5334417.2198,11.495448368,48.135902526,1,1,#66c2a5,bicycle
13024,176101,"9,20120700858252E+018",9,1,62,0,2020,12,9,2,3,0,7,0,1,0,0,0,0,0,687262.2928,5339579.7897,11.519324307,48.181833553,2,1,#66c2a5,bicycle
13025,176104,"9,20121100858253E+018",9,1,62,0,2020,12,9,6,3,1,5,0,0,1,1,0,0,0,684002.9871,5333605.4926,11.47293477,48.129085603,0,2,#fc8d62,car
13026,176106,"9,20121100121952E+018",9,1,88,139,2020,12,7,6,3,6,2,1,0,1,1,0,0,0,674573.3326,5319221.1746,11.340443602,48.002433249,0,2,#fc8d62,car
13027,176107,"9,20120700858252E+018",9,1,62,0,2020,12,7,2,2,0,1,1,1,0,0,0,0,0,682364.0271,5341954.6132,11.454509179,48.204604774,2,1,#66c2a5,bicycle
13028,176108,"9,20120800711952E+018",9,7,72,163,2020,12,7,3,3,5,3,0,1,1,0,0,0,0,640407.4082,5349134.1836,10.892546385,48.279831024,1,1,#66c2a5,bicycle
13029,176110,"9,20120700858252E+018",9,1,62,0,2020,12,9,2,3,6,4,0,0,1,1,0,0,0,691226.9795,5340006.3348,11.57279978,48.18448641,1,2,#fc8d62,car
13030,176111,"9,20120800710652E+018",9,7,61,0,2020,12,13,3,3,3,1,0,1,1,0,0,0,0,640931.2148,5357196.0617,10.902296603,48.352204895,0,1,#66c2a5,bicycle
13031,176112,"9,20120500858252E+018",9,1,62,0,2020,12,11,7,3,5,2,0,0,1,0,0,0,0,686221.7285,5334375.0654,11.503060895,48.135357588,1,2,#fc8d62,car
13032,176117,"9,20121100857152E+018",9,1,62,0,2020,12,8,6,3,6,7,0,0,1,1,0,0,0,697473.4095,5336996.7646,11.655350372,48.155527901,0,2,#fc8d62,car
13033,176118,"9,20120700121552E+018",9,1,81,130,2020,12,5,2,3,1,7,2,0,1,0,0,0,0,638885.9045,5321292.0259,10.862961151,48.02980553,2,2,#fc8d62,car
13034,176119,"9,20121000858253E+018",9,1,62,0,2020,12,8,5,3,0,1,0,1,0,0,0,0,0,690970.4361,5335089.5041,11.567144367,48.140371679,0,1,#66c2a5,bicycle
13035,176120,"9,20120700858251E+018",9,1,62,0,2020,12,8,2,3,5,2,0,1,1,0,0,0,0,688430.1431,5333846.1354,11.532481015,48.129953423,1,1,#66c2a5,bicycle
13036,176121,"9,20120800710452E+018",9,7,61,0,2020,12,7,3,3,3,2,0,1,1,0,0,0,0,640028.1339,5359244.9511,10.890795638,48.370828813,1,1,#66c2a5,bicycle
13037,176123,"9,20120900857152E+018",9,1,62,0,2020,12,7,4,3,6,2,0,0,0,1,0,0,1,692669.9668,5334804.3495,11.589837428,48.137296433,1,3,#8da0cb,toilet