fid,OBJECTID,UIDENTSTLA,ULAND,UREGBEZ,UKREIS,UGEMEINDE,UJAHR,UMONAT,USTUNDE,UWOCHENTAG,UKATEGORIE,UART,UTYP1,ULICHTVERH,IstRad,IstPKW,IstFuss,IstKrad,IstGkfz,IstSonstig,LINREFX,LINREFY,XGCSWGS84,YGCSWGS84,STRZUSTAND,Teilnehmer,color,symbol
13038,176127,"9,20120900858252E+018",9,1,84,138,2020,12,14,4,3,9,1,0,0,1,0,0,0,0,680347.4765,5330887.2677,11.422702342,48.10569786,1,2,#fc8d62,car
13039,176128,"9,20120900121952E+018",9,1,88,113,2020,12,8,4,3,8,1,0,0,1,0,0,0,0,679360.2918,5311878.4338,11.401499255,47.935102051,2,2,#fc8d62,car
13040,176130,"9,20120700857154E+018",9,1,62,0,2020,12,20,2,2,4,2,2,0,1,0,1,0,0,691491.2984,5337027.7936,11.575010739,48.157636213,0,2,#fc8d62,car
13041,176132,"9,20120700857152E+018",9,1,62,0,2020,12,15,2,2,5,3,0,0,1,0,0,0,0,686430093,5330290414,11.504072989,48.098582124,0,2,#fc8d62,car
13042,176133,"9,20120600858255E+018",9,1,62,0,2020,12,18,1,3,5,3,2,1,1,0,0,0,0,690185.0412,5333726.88,11.555989206,48.128359635,1,1,#66c2a5,bicycle
13043,176135,"9,20120700857152E+018",9,1,62,0,2020,12,11,2,3,0,7,0,1,0,0,0,0,0,689581.4071,5336224.7069,11.548996891,48.150990309,0,1,#66c2a5,bicycle
13044,176136,"9,20120500111352E+018",9,1,75,139,2020,12,11,7,3,1,5,0,0,1,0,0,0,0,710576.3973,5329485.3761,11.827615892,48.08382727,0,2,#fc8d62,car
13045,176138,"9,20120800858254E+018",9,1,62,0,2020,12,2,3,3,9,1,2,1,0,0,0,0,0,690938855,5334292.2614,11.566362909,48.133215591,1,1,#66c2a5,bicycle
13046,176141,"9,20120700857152E+018",9,1,62,0,2020,12,12,2,3,5,3,0,1,1,1,0,0,0,691862.1316,5335837.6392,11.579455627,48.146827546,0,1,#66c2a5,bicycle
13047,176142,"9,20121100711953E+018",9,7,72,163,2020,12,18,6,3,6,2,2,0,1,1,0,0,0,640440.8709,5349281212,10.893046036,48.281145657,0,2,#fc8d62,car
13048,176143,"9,20120700857152E+018",9,1,62,0,2020,12,15,2,3,0,6,0,0,1,0,1,0,0,692037684,5336244927,11.581997062,48.1504352,0,2,#fc8d62,car
13049,176144,"9,20120600710154E+018",9,7,71,156,2020,12,8,1,3,8,1,0,0,1,0,0,0,0,653425.1996,5383059.2632,11.080316575,48.581817607,1,2,#fc8d62,car
13050,176146,"9,20120700857152E+018",9,1,62,0,2020,12,11,2,3,1,5,0,0,0,0,0,1,1,690900.3075,5334463.8825,11.565922243,48.134769675,1,5,#a6d854,bus
13051,176147,"9,20120500110552E+018",9,1,77,117,2020,12,9,7,3,5,3,0,0,1,0,0,0,0,716060959,5354362.1683,11.913822426,48.305517465,0,2,#fc8d62,car
13052,176149,"9,20120800858253E+018",9,1,62,0,2020,12,16,3,3,6,4,1,0,0,1,0,0,1,687327308,5333866209,11.517682738,48.130459372,0,3,#8da0cb,toilet
13053,176152,"9,20120700854852E+018",9,1,84,119,2020,12,10,2,3,0,1,0,1,0,0,0,0,0,696150.3829,5349001.3991,11.643129737,48.263826507,2,1,#66c2a5,bicycle
13054,176154,"9,20120600120152E+018",9,1,74,113,2020,12,13,1,3,4,1,0,0,1,0,0,0,0,677682.0395,5347761.7271,11.393985238,48.258132427,1,2,#fc8d62,car
13055,176156,"9,20120700854452E+018",9,1,62,0,2020,12,17,2,3,5,2,2,0,1,0,1,0,0,688012.58,5339008961,11.529155536,48.176481296,0,2,#fc8d62,car
13056,176157,"9,20120400858253E+018",9,1,62,0,2020,12,13,6,3,5,3,0,1,1,0,0,0,0,689561.5921,5340424.8794,11.550603288,48.188747372,0,1,#66c2a5,bicycle
13057,176161,"9,20120700851553E+018",9,1,62,0,2020,12,8,2,3,0,7,0,1,0,0,0,0,0,688955.4226,5333593.2925,11.539421421,48.127525121,2,1,#66c2a5,bicycle
13058,176162,"9,20120400857152E+018",9,1,62,0,2020,12,17,6,3,6,4,2,0,1,1,0,0,0,691567.2735,5334516281,11.574901231,48.135040214,0,2,#fc8d62,car
13059,176166,"9,20120700851352E+018",9,1,62,0,2020,12,14,2,3,6,4,0,1,0,1,0,0,0,692303.0231,5337444.5348,11.586102978,48.161136834,0,1,#66c2a5,bicycle
13060,176168,"9,20120500854752E+018",9,1,62,0,2020,12,17,7,3,1,7,2,0,1,0,0,0,0,691860.3197,5342954.6197,11.582644244,48.210793853,1,2,#fc8d62,car
13061,176169,"9,20121000111153E+018",9,1,78,120,2020,12,13,5,3,6,3,0,0,1,1,0,0,0,694349559,5352536.48,11.620515628,48.296152426,1,2,#fc8d62,car
13062,176170,"9,20120800858253E+018",9,1,62,0,2020,12,12,3,3,5,3,0,1,1,0,0,0,0,691826.5094,5335663.7622,11.578898872,48.145275511,0,1,#66c2a5,bicycle
13063,176171,"9,20120400854753E+018",9,1,62,0,2020,12,16,6,3,6,7,1,0,1,1,0,0,0,691943.8447,5341683293,11.583192383,48.199342287,1,2,#fc8d62,car
13064,176172,"9,20120800857152E+018",9,1,62,0,2020,12,7,3,2,6,3,2,0,1,1,0,0,0,695639.1081,5338196.7309,11.631264176,48.166879448,1,2,#fc8d62,car
13065,176173,"9,20121100851353E+018",9,1,62,0,2020,12,16,6,3,0,7,0,0,0,0,0,0,1,691740644,5339084111,11.57928734,48.176042852,0,6,#ffd92f,circle
13066,176174,"9,20120700120553E+018",9,1,79,131,2020,12,8,2,3,9,1,0,0,1,0,0,0,0,658292.1685,5332504.2524,11.127248521,48.126098692,2,2,#fc8d62,car
13067,176175,"9,20121100858252E+018",9,1,62,0,2020,12,12,6,3,5,2,0,1,1,0,0,0,0,690668.9803,5337656.4335,11.564246181,48.163533468,0,1,#66c2a5,bicycle
13068,176177,"9,20121100121354E+018",9,1,88,144,2020,12,23,6,3,8,1,2,0,1,0,0,0,0,667184.2816,5327244.4581,11.24459421,48.076539353,1,2,#fc8d62,car
13069,176181,"9,20120900858251E+018",9,1,62,0,2020,12,6,4,3,5,3,2,1,1,0,0,0,0,691155.3863,5342292.6414,11.572866815,48.205056828,1,1,#66c2a5,bicycle
13070,176182,"9,20120400851453E+018",9,1,62,0,2020,12,12,6,3,5,3,0,1,1,0,0,0,0,689378.2193,5334756.8227,11.545614869,48.137857396,0,1,#66c2a5,bicycle
13071,176186,"9,20120600857152E+018",9,1,62,0,2020,12,18,1,3,6,2,2,0,1,1,0,0,0,695112.2028,5332969.8241,11.6217902,48.12006444,1,2,#fc8d62,car
13072,176187,"9,20121000711152E+018",9,7,61,0,2020,12,6,5,3,3,6,1,0,1,0,0,0,0,639232.5043,5360726.0832,10.880548915,48.384322802,1,2,#fc8d62,car
13073,176191,"9,20120800857152E+018",9,1,62,0,2020,12,6,3,3,4,2,2,0,1,0,0,0,0,690423.9378,5342684.3815,11.563207884,48.208797547,1,2,#fc8d62,car
13074,176192,"9,20121000857152E+018",9,1,62,0,2020,12,13,5,3,6,7,0,0,1,1,0,0,0,690256.0817,5340220917,11.559846821,48.18670655,1,2,#fc8d62,car
13075,176195,"9,20120900851452E+018",9,1,62,0,2020,12,15,4,3,1,5,0,1,1,0,0,0,0,690363.2159,5333812.3001,11.558419465,48.129074133,1,1,#66c2a5,bicycle
13076,176197,"9,20121100710652E+018",9,7,61,0,2020,12,13,6,3,2,3,0,0,1,0,0,0,0,639077.8218,5356719.6794,10.87713608,48.34833225,0,2,#fc8d62,car
13077,176206,"9,20120700711952E+018",9,7,72,163,2020,12,9,2,2,0,1,0,1,0,0,0,0,0,640971.9828,5350556754,10.90062664,48.29249701,1,1,#66c2a5,bicycle
13078,176209,"9,20120700711352E+018",9,7,61,0,2020,12,8,2,3,0,1,0,1,0,0,0,0,0,638907.1882,5357912.9331,10.87522813,48.359099307,2,1,#66c2a5,bicycle
13079,176212,"9,20120700710754E+018",9,7,61,0,2020,12,20,2,3,6,7,2,0,1,1,0,0,0,641862.0655,5360421.5222,10.915941902,48.380998459,0,2,#fc8d62,car
13080,176213,"9,20120400712351E+018",9,7,72,147,2020,12,12,6,3,6,7,0,0,1,1,0,0,0,638907.1773,5363800.1627,10.877174343,48.412035815,1,2,#fc8d62,car
13081,176215,"9,20120800854454E+018",9,1,62,0,2020,12,10,3,3,0,7,0,1,0,0,0,0,0,687583334,5339918.3524,11.52378855,48.184781907,0,1,#66c2a5,bicycle
13082,176216,"9,20121100858253E+018",9,1,62,0,2020,12,21,6,3,5,3,2,1,1,0,0,0,0,690331.7885,5335796.2203,11.55888406,48.146914986,0,1,#66c2a5,bicycle
13083,176218,"9,20121100131552E+018",9,1,85,158,2020,12,22,6,3,0,7,2,0,1,0,0,0,0,666049.2319,5382404.0918,11.251093703,48.572709549,0,2,#fc8d62,car
13084,176219,"9,20120700710752E+018",9,7,61,0,2020,12,8,2,3,0,7,0,1,0,0,0,0,0,642250.5395,5359845.9131,10.920990637,48.375735381,1,1,#66c2a5,bicycle
13085,176222,"9,20120900858253E+018",9,1,62,0,2020,12,8,4,2,6,4,0,0,1,1,0,0,0,688569.5578,5332295.9613,11.533667096,48.115978886,1,2,#fc8d62,car
13086,176224,"9,20120500858252E+018",9,1,62,0,2020,12,0,7,3,1,7,2,0,1,0,0,0,0,693028.9561,5335925.5568,11.595166009,48.147264746,0,2,#fc8d62,car
13087,176225,"9,20121000140152E+018",9,1,87,122,2020,12,16,5,3,0,1,2,1,0,0,0,0,0,722151.0894,5306528.5461,11.970960319,47.873631159,0,1,#66c2a5,bicycle
13088,176226,"9,20120400711952E+018",9,7,72,125,2020,12,22,6,3,8,1,2,0,1,0,0,0,0,637415.0817,5348217.7013,10.8519371,48.272246523,2,2,#fc8d62,car
13089,176228,"9,20121100857153E+018",9,1,62,0,2020,12,9,6,3,5,2,0,1,0,0,0,0,1,692169.8955,5335261.9196,11.583329108,48.141560196,0,1,#66c2a5,bicycle
13090,176229,"9,20120700121552E+018",9,1,81,130,2020,12,6,2,3,0,1,1,1,0,0,0,0,0,638808.0296,5325011.5521,10.863123449,48.063269758,2,1,#66c2a5,bicycle
13091,176230,"9,20121000858253E+018",9,1,62,0,2020,12,17,5,3,5,2,2,0,1,0,0,0,0,690426521,5342681.7636,11.563241445,48.208773242,1,2,#fc8d62,car
13092,176233,"9,20120400710754E+018",9,7,61,0,2020,12,17,6,3,2,7,2,0,1,0,0,0,0,642969.2047,5360027.2786,10.930751658,48.377203705,1,2,#fc8d62,car
13093,176234,"9,20120900857152E+018",9,1,62,0,2020,12,7,4,3,5,2,1,1,1,0,0,0,0,693640.4439,5333351662,11.602208338,48.123945563,1,1,#66c2a5,bicycle
13094,176235,"9,20120400710653E+018",9,7,61,0,2020,12,14,6,3,5,2,0,1,1,0,0,0,0,637760739,5352874718,10.858112215,48.314047288,1,1,#66c2a5,bicycle
13095,176236,"9,20121100712352E+018",9,7,72,184,2020,12,16,6,3,4,2,2,0,1,0,0,1,0,636060.6236,5364142.6238,10.838838269,48.415736199,1,2,#fc8d62,car
13096,176238,"9,20120400710452E+018",9,7,61,0,2020,12,19,6,3,4,2,2,0,1,0,0,0,0,640788.8399,5359247.5273,10.901062427,48.370682738,1,2,#fc8d62,car
13097,176242,"9,20120700111152E+018",9,1,78,145,2020,12,11,2,3,4,1,0,0,1,0,1,0,0,697432.3007,5354767.3122,11.663079085,48.315246673,0,2,#fc8d62,car
13098,176253,"9,20120600710451E+018",9,7,61,0,2020,12,12,1,3,2,6,0,0,1,0,0,0,0,640102.4725,5358207.3382,10.891453236,48.361482409,0,2,#fc8d62,car
13099,176266,"9,20121100858252E+018",9,1,62,0,2020,12,13,6,3,5,2,0,1,1,0,0,0,0,687839844,5339625.5637,11.527106769,48.182074492,0,1,#66c2a5,bicycle
13100,176273,"9,20120500858251E+018",9,1,62,0,2020,12,12,7,3,5,3,0,1,1,0,0,0,0,683705.0737,5337553.6175,11.47063847,48.164659718,1,1,#66c2a5,bicycle
13101,176274,"9,20121000111354E+018",9,1,75,135,2020,12,16,5,3,6,4,2,0,1,1,0,0,0,708885.5556,5338865.9339,11.809536879,48.16867882,1,2,#fc8d62,car
13102,176275,"9,20120800851153E+018",9,1,62,0,2020,12,8,3,3,0,1,0,1,0,0,0,0,0,691243.7379,5334042.9171,11.570344573,48.130882966,1,1,#66c2a5,bicycle
13103,176278,"9,20121100852253E+018",9,1,62,0,2020,12,8,6,3,0,1,0,1,0,0,0,0,0,693256.3547,5334648.6157,11.597640512,48.135718934,0,1,#66c2a5,bicycle
13104,176279,"9,20120700121552E+018",9,1,81,130,2020,12,6,2,2,4,1,1,0,1,0,0,0,0,641053.8959,5322762.6234,10.892509814,48.04255433,2,2,#fc8d62,car
13105,176280,"9,20121000857152E+018",9,1,84,112,2020,12,16,5,2,6,4,1,0,1,1,0,0,0,702172.0408,5338935.2219,11.719379484,48.171472144,0,2,#fc8d62,car
13106,176283,"9,20121700852352E+018",9,1,62,0,2020,12,15,5,3,2,6,0,0,1,0,0,0,0,693818.2757,5331762.2666,11.603873144,48.109606443,0,2,#fc8d62,car
13107,176285,"9,20121400858253E+018",9,1,62,0,2020,12,17,2,3,3,2,2,1,1,0,0,0,0,686248.6022,5333357.3933,11.502976924,48.126202495,0,1,#66c2a5,bicycle
13108,176287,"9,20121900121552E+018",9,1,81,127,2020,12,0,7,3,8,1,2,0,1,0,0,0,0,632319.3457,5322223.8,10.775212669,48.039579068,0,2,#fc8d62,car
13109,176291,"9,20121400712354E+018",9,7,72,184,2020,12,12,2,1,6,4,0,0,1,1,0,0,0,634971.7679,5361982.5331,10.823435643,48.396546873,0,2,#fc8d62,car
13110,176293,"9,20121400711152E+018",9,7,61,0,2020,12,7,2,3,0,7,1,0,0,0,0,0,1,639268.1012,5362285.8594,10.881546612,48.398340009,1,6,#ffd92f,circle
13111,176294,"9,20121700140153E+018",9,1,87,117,2020,12,17,5,3,1,1,2,0,1,0,0,0,0,724866.6808,5305318.9098,12.006596929,47.86181764,1,2,#fc8d62,car
13112,176295,"9,20121500857154E+018",9,1,62,0,2020,12,16,3,3,6,4,2,0,1,1,0,0,0,689145.57,5329041.9137,11.539956507,48.086560126,0,2,#fc8d62,car
13113,176299,"9,20121600120152E+018",9,1,74,111,2020,12,17,4,3,9,1,2,0,1,0,0,0,0,667378307,5367293.4608,11.263038519,48.436521256,1,2,#fc8d62,car
13114,176300,"9,20121800857154E+018",9,1,84,131,2020,12,15,6,3,4,2,0,1,1,0,0,0,0,704860496,5337626341,11.754867881,48.158849089,0,1,#66c2a5,bicycle
13115,176301,"9,20122100110953E+018",9,1,78,143,2020,12,15,2,3,5,3,0,1,1,0,0,0,0,716593.3028,5372546.1687,11.930364603,48.468715728,0,1,#66c2a5,bicycle
13116,176304,"9,20121400710752E+018",9,7,61,0,2020,12,9,2,3,0,6,0,0,1,0,0,0,0,643002.0516,5360801.8447,10.931458535,48.38416075,0,2,#fc8d62,car
13117,176306,"9,20121400710652E+018",9,7,61,0,2020,12,18,2,3,5,1,2,0,1,0,0,0,0,639317.7589,5357234.4593,10.880543071,48.35290816,0,2,#fc8d62,car
13118,176307,"9,20121600858253E+018",9,1,62,0,2020,12,16,4,2,0,7,2,1,0,0,0,0,0,696596.3483,5329337.2721,11.640037812,48.086960544,0,1,#66c2a5,bicycle
13119,176308,"9,20121500851155E+018",9,1,62,0,2020,12,10,3,3,2,5,0,1,1,0,0,0,0,691278.6096,5334056.2255,11.570818739,48.130992102,0,1,#66c2a5,bicycle
13120,176309,"9,20121800711352E+018",9,7,72,202,2020,12,16,6,3,0,1,0,1,0,0,0,0,0,636975.2109,5356689.8315,10.848762866,48.348523353,1,1,#66c2a5,bicycle
13121,176310,"9,20121900750153E+018",9,7,78,116,2020,12,16,7,3,0,7,1,1,0,0,0,0,0,616752352,5319814.9387,10.56579362,48.020951086,1,1,#66c2a5,bicycle
13122,176311,"9,20121700858253E+018",9,1,84,120,2020,12,6,5,3,0,1,2,0,0,0,1,0,0,681195.6536,5332130.1917,11.434613704,48.116629675,1,4,#e78ac3,marker
13123,176313,"9,20121400858253E+018",9,1,62,0,2020,12,9,2,3,5,3,0,1,1,0,0,0,0,691043399,5334796246,11.567992616,48.137713996,0,1,#66c2a5,bicycle
13124,176315,"9,20121700858253E+018",9,1,62,0,2020,12,21,5,3,0,1,2,1,0,0,0,0,0,690363187,5333814.4264,11.558420027,48.129093253,2,1,#66c2a5,bicycle
13125,176318,"9,20121600858252E+018",9,1,62,0,2020,12,3,4,3,0,1,2,0,0,0,0,0,1,692191.5392,5338049.2348,11.584878558,48.166605442,0,6,#ffd92f,circle
13126,176319,"9,20121500712352E+018",9,7,72,184,2020,12,17,3,3,1,2,2,0,1,0,0,0,0,635464.7199,5361684.4137,10.829995608,48.393760479,1,2,#fc8d62,car
13127,176322,"9,20121700854853E+018",9,1,84,135,2020,12,15,5,3,5,3,0,0,1,0,0,0,0,689922.9792,5347459.1517,11.558611512,48.251862555,0,2,#fc8d62,car
13128,176324,"9,20121400858252E+018",9,1,62,0,2020,12,10,2,3,0,1,0,1,1,0,0,0,0,692244.9991,5335086.2902,11.584258374,48.139958986,0,1,#66c2a5,bicycle
13129,176331,"9,20121700851353E+018",9,1,62,0,2020,12,14,5,3,1,6,0,0,1,0,0,0,0,691386.9734,5337169744,11.573673189,48.158943449,0,2,#fc8d62,car
13130,176333,"9,20121400857154E+018",9,1,84,146,2020,12,16,2,3,0,7,0,1,0,0,0,0,0,699089.9748,5327747.3072,11.672745696,48.071897243,0,1,#66c2a5,bicycle
13131,176334,"9,20121600141553E+018",9,1,87,186,2020,12,21,4,2,9,1,2,0,1,0,0,0,0,732198473,5331121.8604,12.11842131,48.091022542,1,2,#fc8d62,car
13132,176335,"9,20121800858253E+018",9,1,62,0,2020,12,11,6,2,3,2,0,1,0,0,0,0,1,696370.0852,5335950.9972,11.640048304,48.146470822,0,1,#66c2a5,bicycle
13133,176343,"9,20121700120952E+018",9,1,79,113,2020,12,11,5,3,0,7,0,0,1,0,0,0,0,671301.7615,5334092.1179,11.302578736,48.137005346,0,2,#fc8d62,car
13134,176349,"9,20121500858254E+018",9,1,62,0,2020,12,16,3,3,1,6,1,0,1,0,0,0,0,695799.2101,5332847.8549,11.630955668,48.118757361,0,2,#fc8d62,car
13135,176350,"9,20121800854554E+018",9,1,62,0,2020,12,15,6,3,0,7,0,0,0,0,1,0,0,679500171,5333764682,11.41254192,48.131802302,0,4,#e78ac3,marker
13136,176351,"9,20122000858253E+018",9,1,62,0,2020,12,14,1,2,6,1,0,0,1,1,0,0,0,696373032,5335975.5379,11.640099197,48.146690469,1,2,#fc8d62,car
13137,176353,"9,20121800120555E+018",9,1,79,121,2020,12,11,6,2,6,2,0,0,1,1,0,0,0,666549.2864,5338998.1685,11.240669764,48.182372664,1,2,#fc8d62,car
13138,176356,"9,20121600858253E+018",9,1,62,0,2020,12,15,4,3,2,6,0,0,1,0,0,0,0,683948147,5332049.7982,11.471527159,48.115117919,0,2,#fc8d62,car
13139,176360,"9,20121500854553E+018",9,1,62,0,2020,12,17,3,3,4,6,2,0,1,0,0,0,0,683753.6958,5337559.6196,11.471294348,48.164699616,0,2,#fc8d62,car
13140,176363,"9,20121500160953E+018",9,1,73,126,2020,12,8,3,3,4,2,0,0,1,0,0,0,0,684529.5033,5306012.6852,11.468135832,47.880907463,1,2,#fc8d62,car
13141,176364,"9,20121700858253E+018",9,1,88,120,2020,12,14,5,3,2,6,0,0,1,0,0,1,0,679095256,5329113.0417,11.405151609,48.090102452,0,2,#fc8d62,car
13142,176368,"9,20121500711953E+018",9,7,72,163,2020,12,13,3,3,3,2,0,1,1,0,0,0,0,640416.9192,5348309.2881,10.892400475,48.272411588,0,1,#66c2a5,bicycle
13143,176370,"9,20121700854253E+018",9,1,62,0,2020,12,8,5,3,2,5,0,0,1,0,0,0,1,688942702,5335594.6028,11.540138349,48.145516921,0,2,#fc8d62,car
13144,176372,"9,20121400857152E+018",9,1,62,0,2020,12,7,2,3,6,4,2,0,1,1,0,0,0,692842.6984,5331910146,11.590847423,48.111231653,0,2,#fc8d62,car
13145,176373,"9,20121700857155E+018",9,1,62,0,2020,12,18,5,3,6,4,1,0,0,1,0,0,1,692586.1681,5341945.8629,11.591946772,48.20150769,1,3,#8da0cb,toilet
13146,176375,"9,20121400857152E+018",9,1,62,0,2020,12,16,2,3,5,2,0,1,1,0,0,0,0,688562.8854,5332407536,11.533626872,48.116983717,0,1,#66c2a5,bicycle
13147,176377,"9,20121500140152E+018",9,1,87,150,2020,12,9,3,3,0,1,0,1,0,0,0,0,0,729109.0987,5304459.4155,12.062782208,47.852596912,1,1,#66c2a5,bicycle
13148,176382,"9,20121400857152E+018",9,1,62,0,2020,12,11,2,3,6,2,0,0,1,1,1,0,0,694791.0282,5336142949,11.618929996,48.148681459,0,2,#fc8d62,car
13149,176385,"9,20121600120554E+018",9,1,79,125,2020,12,16,4,2,6,7,2,0,1,1,0,0,0,660896.3481,5333101.3139,11.162445236,48.130813713,1,2,#fc8d62,car
13150,176386,"9,20121800858253E+018",9,1,62,0,2020,12,21,6,3,4,7,2,0,1,0,1,0,0,685090.3511,5328892.6703,11.485489698,48.08640898,1,2,#fc8d62,car
13151,176387,"9,20122100121553E+018",9,1,81,130,2020,12,17,2,3,2,6,2,0,1,0,0,0,0,639089.5464,5324826.3265,10.866839731,48.061542834,0,2,#fc8d62,car
13152,176397,"9,20121700140754E+018",9,1,82,120,2020,12,15,5,2,6,4,0,0,1,1,0,0,0,702485.3152,5306601.2978,11.70831078,47.880786592,0,2,#fc8d62,car
13153,176398,"9,20121500121552E+018",9,1,81,130,2020,12,10,3,3,1,6,0,0,1,0,0,0,0,639124.0575,5324690.7892,10.867258587,48.060316515,0,2,#fc8d62,car
13154,176399,"9,20121500858253E+018",9,1,62,0,2020,12,12,3,3,3,2,0,0,1,0,0,0,0,688641.6477,5335671.12,11.536129006,48.146294009,0,2,#fc8d62,car
13155,176403,"9,20121700858253E+018",9,1,62,0,2020,12,11,5,3,5,3,0,0,1,0,0,0,0,690877.6609,5339125.5447,11.567709258,48.176675042,0,2,#fc8d62,car
13156,176406,"9,20121800145055E+018",9,1,63,0,2020,12,10,6,3,3,2,0,1,1,0,0,0,0,733856.8688,5304620.1041,12.126241635,47.85233084,1,1,#66c2a5,bicycle
13157,176407,"9,20121400161952E+018",9,1,73,147,2020,12,15,2,3,0,1,0,1,0,0,0,0,0,681406451,5309499776,11.427869079,47.913143839,0,1,#66c2a5,bicycle
13158,176410,"9,20121600858254E+018",9,1,62,0,2020,12,19,4,3,5,3,2,0,1,0,1,0,0,692400814,5341919.4966,11.589442853,48.201326912,1,2,#fc8d62,car
13159,176411,"9,20121500110555E+018",9,1,77,117,2020,12,11,3,3,0,3,0,1,1,0,0,0,0,714351.0433,5354980044,11.891106765,48.311650849,0,1,#66c2a5,bicycle
13160,176412,"9,20121500851252E+018",9,1,62,0,2020,12,15,3,3,5,2,0,1,1,0,0,0,0,691925.0233,5336083.1415,11.580410956,48.149015106,0,1,#66c2a5,bicycle
13161,176415,"9,20121700858253E+018",9,1,62,0,2020,12,7,5,3,6,1,1,0,1,1,0,0,0,691017.7077,5335006.7593,11.567742047,48.139613785,0,2,#fc8d62,car
13162,176417,"9,20121400854452E+018",9,1,62,0,2020,12,10,2,3,5,2,0,0,1,0,0,0,0,685067.7427,5339757.4924,11.489906537,48.184073835,0,2,#fc8d62,car
13163,176418,"9,20121400141352E+018",9,1,63,0,2020,12,7,2,3,5,2,1,1,0,0,0,0,1,733977.8218,5305327.5647,12.128238715,47.858642646,1,1,#66c2a5,bicycle
13164,176421,"9,20121600858253E+018",9,1,62,0,2020,12,18,4,3,0,1,2,0,0,0,0,0,1,690547.1807,5336481.2977,11.562083542,48.153007945,0,6,#ffd92f,circle
13165,176425,"9,20121700857154E+018",9,1,62,0,2020,12,15,5,3,2,6,0,0,1,0,0,0,0,690640357,5333377.3985,11.561945753,48.125082304,0,2,#fc8d62,car
13166,176427,"9,20121400854153E+018",9,1,62,0,2020,12,9,2,3,6,4,0,0,0,1,0,0,1,687560.2165,5334023.4075,11.52087909,48.131803724,0,3,#8da0cb,toilet
13167,176428,"9,20121400858253E+018",9,1,62,0,2020,12,7,2,3,5,3,0,1,1,0,0,0,0,687623.7395,5334646.7629,11.522006545,48.137387876,1,1,#66c2a5,bicycle
13168,176430,"9,20121400858253E+018",9,1,62,0,2020,12,9,2,3,3,6,0,1,0,0,0,0,0,690059.4111,5335502.3106,11.555094705,48.144354761,1,1,#66c2a5,bicycle
13169,176435,"9,20121700852253E+018",9,1,62,0,2020,12,17,5,3,0,6,2,1,0,0,0,0,1,693861.4467,5334654.2834,11.605767679,48.135585838,0,1,#66c2a5,bicycle
13170,176437,"9,20121400852253E+018",9,1,62,0,2020,12,20,2,3,4,2,2,1,0,0,0,0,0,697059.3463,5338705.5608,11.65058046,48.171013792,0,1,#66c2a5,bicycle
13171,176439,"9,20121900111354E+018",9,1,75,135,2020,12,11,7,3,5,2,0,0,1,0,0,0,0,707481.2996,5339327.4184,11.790897977,48.173285705,0,2,#fc8d62,car
13172,176440,"9,20121400120952E+018",9,1,79,123,2020,12,10,2,3,5,3,0,1,1,0,0,0,0,675996493,5333376282,11.365332929,48.129289369,0,1,#66c2a5,bicycle
13173,176443,"9,20121400120553E+018",9,1,79,121,2020,12,16,2,3,1,6,2,0,1,0,0,1,0,667054.3917,5337757.6214,11.246972166,48.171087555,1,2,#fc8d62,car
13174,176445,"9,20121400120152E+018",9,1,74,136,2020,12,7,2,3,0,1,1,1,0,0,0,0,0,682267.0927,5364606.5308,11.462988832,48.408237473,2,1,#66c2a5,bicycle
13175,176447,"9,20121400858253E+018",9,1,62,0,2020,12,9,2,3,0,1,0,1,0,0,1,0,0,696109.0694,5330493.9658,11.634032688,48.097506444,2,1,#66c2a5,bicycle
13176,176448,"9,20121500857154E+018",9,1,62,0,2020,12,7,3,3,3,7,2,0,1,0,0,0,1,689105.1397,5334932.9895,11.542026111,48.139522012,1,2,#fc8d62,car
13177,176449,"9,20121700711954E+018",9,7,72,163,2020,12,16,5,3,2,6,2,0,1,0,0,0,0,640441.7144,5349284.6999,10.893058558,48.281176832,0,2,#fc8d62,car
13178,176450,"9,20121400120152E+018",9,1,74,115,2020,12,13,2,3,2,6,0,0,1,0,0,0,0,681619.4093,5348796.7154,11.447429703,48.266319214,0,2,#fc8d62,car
13179,176452,"9,20121600115053E+018",9,1,75,132,2020,12,17,4,3,5,1,2,0,1,0,0,0,0,706372.2641,5332423.5148,11.772652458,48.111605503,0,2,#fc8d62,car
13180,176453,"9,20121800857153E+018",9,1,62,0,2020,12,13,6,3,5,3,0,1,1,0,0,0,0,693287207,5334636361,11.598049208,48.135599423,0,1,#66c2a5,bicycle
13181,176454,"9,20122000858253E+018",9,1,62,0,2020,12,13,1,2,3,6,0,0,1,0,1,0,0,688907799,5336714499,11.540166626,48.155593025,0,2,#fc8d62,car
13182,176456,"9,20121800121752E+018",9,1,79,134,2020,12,13,6,3,2,6,0,0,1,0,0,0,0,667808.2616,5342800.7732,11.259097029,48.216226326,0,2,#fc8d62,car