fid,OBJECTID,UIDENTSTLA,ULAND,UREGBEZ,UKREIS,UGEMEINDE,UJAHR,UMONAT,USTUNDE,UWOCHENTAG,UKATEGORIE,UART,UTYP1,ULICHTVERH,IstRad,IstPKW,IstFuss,IstKrad,IstGkfz,IstSonstig,LINREFX,LINREFY,XGCSWGS84,YGCSWGS84,STRZUSTAND,Teilnehmer,color,symbol
13183,176457,"9,20121400111154E+018",9,1,78,120,2020,12,11,2,3,3,6,0,1,1,0,0,0,0,693939.0699,5352555.2336,11.6149954,48.2964469,0,1,#66c2a5,bicycle
13184,176459,"9,20121400110555E+018",9,1,77,117,2020,12,17,2,3,2,3,2,0,1,0,0,0,0,714433.6085,5354482464,11.89196607,48.307151996,0,2,#fc8d62,car
13185,176460,"9,20121600858253E+018",9,1,62,0,2020,12,10,4,2,0,1,0,1,0,0,0,0,0,693599718,5329239035,11.599795644,48.086994718,1,1,#66c2a5,bicycle
13186,176462,"9,20121800710654E+018",9,7,61,0,2020,12,11,6,3,6,1,0,0,1,1,0,0,0,641218.9213,5357252.0448,10.90619663,48.352644005,0,2,#fc8d62,car
13187,176463,"9,20121900712153E+018",9,7,71,142,2020,12,13,7,2,0,1,0,1,0,0,0,0,0,645330.9102,5351123.3533,10.959554843,48.296605575,1,1,#66c2a5,bicycle
13188,176464,"9,20121700858253E+018",9,1,62,0,2020,12,13,5,3,4,6,0,1,0,0,0,0,0,692754.2847,5334888.6976,11.591007784,48.138028999,0,1,#66c2a5,bicycle
13189,176465,"9,20121300858254E+018",9,1,62,0,2020,12,17,1,3,5,2,2,0,1,0,0,0,0,691011548,5332280.1641,11.566437288,48.115109143,1,2,#fc8d62,car
13190,176469,"9,20121700858253E+018",9,1,62,0,2020,12,16,5,3,1,7,0,1,0,0,0,0,1,688829.7838,5328300.1811,11.535392397,48.079986875,1,1,#66c2a5,bicycle
13191,176470,"9,20121300857154E+018",9,1,62,0,2020,12,0,1,2,5,3,2,0,1,0,1,0,0,684011.0068,5339655.5052,11.475658824,48.183464077,1,2,#fc8d62,car
13192,176471,"9,20121300857152E+018",9,1,84,130,2020,12,15,1,3,6,7,0,0,1,1,0,0,0,699326.3128,5344319.9458,11.683673816,48.220763475,1,2,#fc8d62,car
13193,176472,"9,20121600851252E+018",9,1,62,0,2020,12,14,4,3,0,1,0,1,0,0,0,0,0,690910.6502,5335099.6469,11.566346071,48.140480782,0,1,#66c2a5,bicycle
13194,176473,"9,20121400858253E+018",9,1,84,112,2020,12,17,2,3,1,6,1,0,1,0,0,0,1,699801.6146,5336532.6303,11.68640348,48.150629532,1,2,#fc8d62,car
13195,176474,"9,20121500712152E+018",9,7,71,142,2020,12,15,3,3,0,7,0,1,0,1,0,0,0,646195.1311,5352701239,10.971746899,48.310593858,0,1,#66c2a5,bicycle
13196,176476,"9,20121700854753E+018",9,1,62,0,2020,12,13,5,3,6,7,0,0,0,1,0,0,1,690799.2427,5342262.5448,11.568064752,48.20489346,0,3,#8da0cb,toilet
13197,176477,"9,20121300710655E+018",9,7,61,0,2020,12,13,1,3,9,1,0,0,1,0,0,0,0,634999713,5353399.9936,10.82105948,48.319366114,1,2,#fc8d62,car
13198,176478,"9,20121400852152E+018",9,1,62,0,2020,12,7,2,3,6,7,0,0,1,0,0,0,1,693679.9273,5332917.4861,11.602541108,48.120031309,0,2,#fc8d62,car
13199,176480,"9,20121400851252E+018",9,1,62,0,2020,12,8,2,3,5,7,0,0,1,0,1,0,0,690805.2746,5336831.7646,11.565707387,48.156080535,0,2,#fc8d62,car
13200,176484,"9,20121700851153E+018",9,1,62,0,2020,12,17,5,3,6,4,2,1,0,1,0,0,0,692040.4969,5334955.5428,11.581453289,48.138845604,0,1,#66c2a5,bicycle
13201,176485,"9,20121300110354E+018",9,1,75,122,2020,12,12,1,3,1,1,0,1,1,0,0,0,0,721370.6816,5325257.1566,11.970175945,48.042180721,1,1,#66c2a5,bicycle
13202,176487,"9,20121600131553E+018",9,1,85,131,2020,12,16,4,3,8,7,1,0,1,0,0,0,0,663742.3746,5376314.3693,11.217450722,48.518572492,0,2,#fc8d62,car
13203,176488,"9,20121800858253E+018",9,1,62,0,2020,12,15,6,3,1,5,0,0,1,0,0,0,0,693101.8942,5335258.2886,11.595842962,48.141245393,0,2,#fc8d62,car
13204,176492,"9,20121200858254E+018",9,1,62,0,2020,12,16,7,3,4,2,1,0,1,0,0,0,0,698766.8653,5333260.4361,11.670979825,48.121545921,1,2,#fc8d62,car
13205,176494,"9,20121200858253E+018",9,1,62,0,2020,12,9,7,3,0,7,0,1,0,0,0,0,0,691849.9883,5335003776,11.578916847,48.139336582,1,1,#66c2a5,bicycle
13206,176497,"9,20121200858253E+018",9,1,62,0,2020,12,18,7,3,6,4,2,0,1,1,0,0,0,691946.8277,5334986.6488,11.580209509,48.139153441,1,2,#fc8d62,car
13207,176499,"9,20121200858253E+018",9,1,62,0,2020,12,16,7,3,5,3,1,0,1,0,1,0,0,690458.2173,5334943.0696,11.560200455,48.139209055,1,2,#fc8d62,car
13208,176500,"9,20121700141352E+018",9,1,63,0,2020,12,11,5,3,5,3,0,0,1,0,1,0,0,732914.7459,5303231.2779,12.112919023,47.840195502,0,2,#fc8d62,car
13209,176501,"9,20121500858253E+018",9,1,62,0,2020,12,17,3,3,5,2,2,1,1,0,0,0,0,692323.3111,5334231.5763,11.584924083,48.132253319,0,1,#66c2a5,bicycle
13210,176502,"9,20121800854153E+018",9,1,62,0,2020,12,13,6,3,5,3,0,1,1,0,0,0,0,687590305,5333448.51,11.521030006,48.126627527,0,1,#66c2a5,bicycle
13211,176503,"9,20122000858253E+018",9,1,62,0,2020,12,17,1,3,5,3,2,0,1,0,0,0,0,691330301,5334099313,11.571532103,48.131363833,0,2,#fc8d62,car
13212,176505,"9,20121800120152E+018",9,1,74,115,2020,12,16,6,3,4,2,1,0,1,0,0,0,0,682287.7786,5347772.9605,11.455986683,48.256925221,0,2,#fc8d62,car
13213,176506,"9,20121200858252E+018",9,1,62,0,2020,12,13,7,3,0,7,0,1,0,0,0,0,0,679268729,5337010.4391,11.410800883,48.161043604,1,1,#66c2a5,bicycle
13214,176507,"9,20121200858252E+018",9,1,62,0,2020,12,14,7,3,0,7,0,0,1,0,0,0,0,699009.4649,5333721.9279,11.674451586,48.125617653,1,2,#fc8d62,car
13215,176508,"9,20121600858253E+018",9,1,84,129,2020,12,17,4,3,5,3,2,1,0,0,1,0,0,699873.4432,5326384.3385,11.682614633,48.05940293,0,1,#66c2a5,bicycle
13216,176510,"9,20121200857152E+018",9,1,62,0,2020,12,18,7,3,6,2,2,0,1,1,0,0,0,693952.2276,5331207.2492,11.605418503,48.104577338,1,2,#fc8d62,car
13217,176511,"9,20121600858254E+018",9,1,62,0,2020,12,16,4,3,5,3,2,1,1,0,0,0,0,689595.6989,5333519.0801,11.547984438,48.126667719,0,1,#66c2a5,bicycle
13218,176512,"9,20121500851253E+018",9,1,62,0,2020,12,12,3,3,4,7,0,1,0,0,0,0,0,693076.9225,5335858.0118,11.59577957,48.146643114,0,1,#66c2a5,bicycle
13219,176514,"9,20121900858254E+018",9,1,62,0,2020,12,17,7,3,6,4,2,0,1,1,0,0,0,691832.8038,5341302.0741,11.58152731,48.195949549,0,2,#fc8d62,car
13220,176516,"9,20121700858253E+018",9,1,62,0,2020,12,15,5,3,5,3,0,1,1,0,0,0,0,685429.2936,5334244.4079,11.492363147,48.134414568,0,1,#66c2a5,bicycle
13221,176517,"9,20121200857152E+018",9,1,62,0,2020,12,18,7,3,4,2,2,0,1,0,0,0,0,690426.5097,5342681.8515,11.563241332,48.208774036,1,2,#fc8d62,car
13222,176518,"9,20121200854752E+018",9,1,62,0,2020,12,14,7,3,2,6,0,0,1,0,0,0,0,691794.3471,5340394.5742,11.580600496,48.187804784,1,2,#fc8d62,car
13223,176519,"9,20121600711152E+018",9,7,61,0,2020,12,10,4,2,0,7,0,1,0,0,0,0,1,639308.2358,5361660.0386,10.881880925,48.392703946,0,1,#66c2a5,bicycle
13224,176520,"9,20121500711953E+018",9,7,72,163,2020,12,9,3,3,5,3,0,0,1,0,0,0,0,639372.7233,5349517.9545,10.878734304,48.283510474,0,2,#fc8d62,car
13225,176525,"9,20121700857154E+018",9,1,62,0,2020,12,17,5,2,6,4,2,0,0,1,1,0,0,686253098,5331960.8765,11.502427203,48.11364872,0,3,#8da0cb,toilet
13226,176526,"9,20121200854252E+018",9,1,62,0,2020,12,7,7,3,0,7,1,1,0,0,0,0,0,688567.89,5335647634,11.535128001,48.146104781,0,1,#66c2a5,bicycle
13227,176528,"9,20121400858253E+018",9,1,62,0,2020,12,9,2,3,4,3,0,1,1,0,0,0,0,696174.1237,5329760.5621,11.634568528,48.090894944,0,1,#66c2a5,bicycle
13228,176530,"9,20121400858253E+018",9,1,62,0,2020,12,8,2,3,0,1,0,1,0,0,0,0,0,685894406,5339538611,11.500921752,48.181865115,1,1,#66c2a5,bicycle
13229,176533,"9,20121700712353E+018",9,7,72,184,2020,12,5,5,3,5,3,2,0,1,0,0,0,0,634943.8477,5361661.9437,10.822955627,48.393670107,1,2,#fc8d62,car
13230,176534,"9,20121200851152E+018",9,1,62,0,2020,12,13,7,3,5,3,0,1,1,0,0,0,0,691844.8399,5334862.1678,11.578783929,48.138065382,1,1,#66c2a5,bicycle
13231,176537,"9,20122200858253E+018",9,1,62,0,2020,12,15,3,3,5,3,0,1,1,0,0,0,0,692181.3383,5335581.8493,11.583627161,48.144432206,1,1,#66c2a5,bicycle
13232,176542,"9,20122200858253E+018",9,1,62,0,2020,12,12,3,3,5,3,0,0,1,0,0,0,0,685823.2567,5335176.4103,11.498059834,48.142676879,0,2,#fc8d62,car
13233,176544,"9,20123100217555E+018",9,2,61,0,2020,12,11,5,3,3,6,0,1,1,0,0,0,0,731993643,5382591874,12.143989119,48.553464783,0,1,#66c2a5,bicycle
13234,176545,"9,20122200858253E+018",9,1,62,0,2020,12,18,3,3,2,6,2,0,1,0,0,0,0,692208.5142,5339085.4686,11.585575083,48.175913719,1,2,#fc8d62,car
13235,176547,"9,20122200857154E+018",9,1,62,0,2020,12,7,3,3,5,2,1,0,1,0,0,0,0,694589.2091,5332010.4738,11.614332401,48.111602198,1,2,#fc8d62,car
13236,176548,"9,20123100141354E+018",9,1,87,142,2020,12,12,5,2,0,7,0,1,0,0,0,0,0,734125.1427,5308993.2992,12.132191394,47.891521708,2,1,#66c2a5,bicycle
13237,176549,"9,20123100120154E+018",9,1,74,131,2020,12,13,5,3,5,3,0,1,1,0,0,0,0,676638.42,5358481.63,11.384423662,48.354784554,0,1,#66c2a5,bicycle
13238,176550,"9,20123000857154E+018",9,1,62,0,2020,12,19,4,3,2,6,2,0,1,0,1,0,0,698976.5057,5333801.6267,11.67404636,48.126344223,0,2,#fc8d62,car
13239,176552,"9,20123000750155E+018",9,7,78,116,2020,12,14,4,3,5,3,0,0,1,0,0,0,0,620741.0642,5319045.2753,10.619048642,48.013287654,0,2,#fc8d62,car
13240,176553,"9,20123000740755E+018",9,7,77,152,2020,12,18,4,3,6,4,1,0,1,1,0,0,0,624986341,5305099.4941,10.671898607,47.887051126,2,2,#fc8d62,car
13241,176555,"9,20123000715055E+018",9,7,61,0,2020,12,18,4,3,3,5,2,1,1,0,0,0,0,641760.2932,5360358.8072,10.914547044,48.380457429,0,1,#66c2a5,bicycle
13242,176557,"9,20122200857153E+018",9,1,62,0,2020,12,17,3,2,6,4,2,0,0,1,1,0,0,690932.0742,5342803.1528,11.570093987,48.209712402,1,3,#8da0cb,toilet
13243,176559,"9,20122200857153E+018",9,1,62,0,2020,12,16,3,3,2,7,1,0,1,0,0,0,0,684470.3776,5332890.2267,11.478900663,48.122521114,1,2,#fc8d62,car
13244,176564,"9,20122200854253E+018",9,1,62,0,2020,12,18,3,3,5,3,2,0,1,0,0,0,0,687465.7226,5335782.0201,11.520384429,48.147638422,1,2,#fc8d62,car
13245,176566,"9,20122200851153E+018",9,1,62,0,2020,12,12,3,3,0,1,0,1,0,0,0,0,0,691220.1895,5334045.1152,11.570029396,48.130909797,1,1,#66c2a5,bicycle
13246,176575,"9,20122200711954E+018",9,7,72,125,2020,12,15,3,3,0,7,0,0,0,0,0,1,1,634567641,5349963893,10.814138525,48.288560152,0,5,#a6d854,bus
13247,176579,"9,20122200710754E+018",9,7,61,0,2020,12,14,3,3,2,6,0,0,1,0,0,0,0,643100.4491,5360370.2043,10.932639773,48.380257358,1,2,#fc8d62,car
13248,176580,"9,20123000121354E+018",9,1,88,132,2020,12,15,4,2,9,1,0,0,1,0,0,0,0,665684.1582,5321741.3487,11.222338717,48.027456167,1,2,#fc8d62,car
13249,176581,"9,20123000120953E+018",9,1,79,145,2020,12,14,4,3,5,2,0,0,1,0,0,0,0,675934.3608,5338328.8253,11.366545914,48.173826304,0,2,#fc8d62,car
13250,176583,"9,20123000120555E+018",9,1,79,121,2020,12,19,4,3,5,2,2,1,1,0,0,0,0,666053703,5338277565,11.233726118,48.176024121,0,1,#66c2a5,bicycle
13251,176584,"9,20123000111155E+018",9,1,78,120,2020,12,8,4,3,6,4,0,0,1,1,0,0,0,694363.4974,5353156.1481,11.620988621,48.301717285,0,2,#fc8d62,car
13252,176585,"9,20122900858255E+018",9,1,84,149,2020,12,15,3,3,0,7,0,0,1,0,1,0,0,689902.3266,5350673.3469,11.559776687,48.280757236,1,2,#fc8d62,car
13253,176588,"9,20122900858254E+018",9,1,62,0,2020,12,12,3,3,5,3,0,1,1,0,0,0,0,690171.1378,5333909.4709,11.555884028,48.13000492,1,1,#66c2a5,bicycle
13254,176589,"9,20122900858254E+018",9,1,62,0,2020,12,10,3,3,6,3,0,0,1,1,0,0,0,697644.0241,5331841.4303,11.655250587,48.109142376,0,2,#fc8d62,car
13255,176592,"9,20122900857154E+018",9,1,62,0,2020,12,10,3,2,0,1,0,1,0,0,0,0,0,687463.5556,5335853.0145,11.520386588,48.148277175,2,1,#66c2a5,bicycle
13256,176593,"9,20122900854254E+018",9,1,62,0,2020,12,17,3,2,0,5,2,0,1,0,1,0,0,688748.7967,5336575.6345,11.53796917,48.154392108,1,2,#fc8d62,car
13257,176595,"9,20122900852353E+018",9,1,62,0,2020,12,10,3,2,0,1,0,1,0,0,0,0,0,692658.7615,5332366.4042,11.588584939,48.115388081,2,1,#66c2a5,bicycle
13258,176597,"9,20122900852254E+018",9,1,62,0,2020,12,12,3,2,0,7,0,1,0,0,0,0,0,692487.0285,5334080.7715,11.587054077,48.130848425,2,1,#66c2a5,bicycle
13259,176598,"9,20122900851454E+018",9,1,62,0,2020,12,15,3,3,6,7,0,1,0,1,0,0,0,691893.2679,5334104.8493,11.579093088,48.131244116,0,1,#66c2a5,bicycle
13260,176602,"9,20122900711153E+018",9,7,61,0,2020,12,6,3,3,5,3,2,0,1,0,0,0,0,639035.2955,5362841.6608,10.878587184,48.403388998,1,2,#fc8d62,car
13261,176614,"9,20122900141354E+018",9,1,63,0,2020,12,17,3,3,5,3,2,1,1,0,0,0,0,733295721,5305726644,12.119348436,47.86247597,1,1,#66c2a5,bicycle
13262,176620,"9,20122900120153E+018",9,1,74,122,2020,12,9,3,3,9,1,0,0,1,0,0,0,0,686363.5596,5350522.7853,11.512057785,48.280455448,1,2,#fc8d62,car
13263,176622,"9,20122900110554E+018",9,1,77,117,2020,12,20,3,3,3,2,2,0,1,0,0,0,1,715628.9734,5352479.1261,11.907042898,48.288745473,1,2,#fc8d62,car
13264,176623,"9,20122800858255E+018",9,1,62,0,2020,12,16,2,2,6,4,2,0,1,1,0,0,0,684262.1461,5337522.7813,11.478109884,48.164221331,1,2,#fc8d62,car
13265,176624,"9,20122800858254E+018",9,1,62,0,2020,12,12,2,3,6,4,0,0,1,1,0,0,0,690355.7424,5334938.6627,11.55882241,48.13920011,0,2,#fc8d62,car
13266,176627,"9,20122800858253E+018",9,1,84,135,2020,12,16,2,3,0,1,2,0,0,0,1,0,0,691992.5353,5345062.5147,11.585376542,48.229698948,2,4,#e78ac3,marker
13267,176630,"9,20122800852854E+018",9,1,84,145,2020,12,19,2,3,2,1,2,1,1,0,0,0,0,698538068,5324962434,11.664052237,48.047040638,2,1,#66c2a5,bicycle
13268,176634,"9,20122800712554E+018",9,7,72,149,2020,12,18,2,3,8,1,2,0,1,0,0,0,0,637039.1465,5338356.5414,10.843684595,48.183654888,2,2,#fc8d62,car
13269,176635,"9,20122800710454E+018",9,7,61,0,2020,12,22,2,3,0,7,2,0,0,0,0,0,1,640008.9505,5358995.5421,10.890453714,48.368590458,1,6,#ffd92f,circle
13270,176638,"9,20122800710454E+018",9,7,61,0,2020,12,10,2,3,6,4,0,0,1,1,0,0,0,639733.8301,5358967.0341,10.886731559,48.368395091,0,2,#fc8d62,car
13271,176647,"9,20122200141354E+018",9,1,63,0,2020,12,16,3,3,1,5,2,0,1,0,0,0,0,732861.7615,5304906.6352,12.113113428,47.855266326,0,2,#fc8d62,car
13272,176650,"9,20122200141353E+018",9,1,63,0,2020,12,12,3,3,5,3,0,1,1,0,0,0,0,732913.9657,5303233.4575,12.112909784,47.840215367,0,1,#66c2a5,bicycle
13273,176651,"9,20122800131354E+018",9,1,86,132,2020,12,13,2,2,5,3,0,0,1,0,1,0,0,679093454,5369846965,11.422382652,48.456250614,0,2,#fc8d62,car
13274,176653,"9,20122800120953E+018",9,1,79,123,2020,12,16,2,3,5,3,2,0,1,0,0,0,0,675293.8451,5331958.4996,11.355314831,48.11673828,2,2,#fc8d62,car
13275,176655,"9,20122800110755E+018",9,1,78,124,2020,12,11,2,3,5,3,0,1,1,0,0,0,0,703021.1563,5365420.4749,11.743516403,48.409209988,0,1,#66c2a5,bicycle
13276,176656,"9,20122800110354E+018",9,1,75,124,2020,12,17,2,3,6,4,2,0,1,1,0,0,0,713296.3774,5329211.5764,11.86395605,48.080462852,2,2,#fc8d62,car
13277,176657,"9,20122700858254E+018",9,1,62,0,2020,12,14,1,3,4,6,0,1,1,0,0,0,0,688051.4058,5332415.4657,11.526764809,48.117206239,0,1,#66c2a5,bicycle
13278,176658,"9,20122700852354E+018",9,1,62,0,2020,12,19,1,3,5,3,2,0,1,0,0,0,0,693733.1626,5332127.4373,11.602896759,48.112914387,0,2,#fc8d62,car
13279,176659,"9,20122100858254E+018",9,1,62,0,2020,12,11,2,3,5,3,0,0,1,0,0,0,0,687944.7965,5328333101,11.523536246,48.08054424,0,2,#fc8d62,car
13280,176660,"9,20122700710453E+018",9,7,61,0,2020,12,12,1,3,1,6,0,0,1,0,0,0,0,641020.8953,5357898.2748,10.903741719,48.358498935,0,2,#fc8d62,car
13281,176662,"9,20122100858254E+018",9,1,62,0,2020,12,16,2,3,2,7,1,0,1,0,0,0,0,688112.2771,5339008.9759,11.530495316,48.176451926,0,2,#fc8d62,car
13282,176664,"9,20122100858253E+018",9,1,62,0,2020,12,15,2,3,0,7,0,0,0,0,0,0,1,695552.4845,5336690.3346,11.629407965,48.153367442,0,6,#ffd92f,circle
13283,176665,"9,20122600858254E+018",9,1,62,0,2020,12,6,7,3,0,1,2,0,0,0,1,0,0,686222.5445,5333303.9252,11.502603722,48.125729525,2,4,#e78ac3,marker
13284,176667,"9,20122600858254E+018",9,1,62,0,2020,12,20,7,3,5,2,2,1,1,0,0,0,0,686657.8673,5338219.7442,11.51060356,48.169786965,0,1,#66c2a5,bicycle
13285,176668,"9,20122600858253E+018",9,1,62,0,2020,12,20,7,3,5,2,2,0,1,0,0,0,0,694201.0659,5334311.3747,11.610171414,48.132400357,1,2,#fc8d62,car
13286,176669,"9,20122600852654E+018",9,1,84,147,2020,12,12,7,3,2,6,0,1,0,0,0,0,0,697435.8195,5340158.7712,11.65631369,48.183957302,0,1,#66c2a5,bicycle
13287,176670,"9,20122100858253E+018",9,1,62,0,2020,12,15,2,3,3,2,0,1,1,0,0,0,0,686648.5373,5337385.7958,11.510112185,48.162293942,0,1,#66c2a5,bicycle
13288,176672,"9,20122100857154E+018",9,1,84,142,2020,12,18,2,3,6,7,2,0,1,0,0,0,1,683245.3889,5316990.63,11.455646817,47.979956408,1,2,#fc8d62,car
13289,176675,"9,20122100854253E+018",9,1,62,0,2020,12,17,2,3,2,6,2,1,0,1,0,0,0,690186.2267,5335899.0384,11.556975035,48.147882648,0,1,#66c2a5,bicycle
13290,176678,"9,20122600710653E+018",9,7,61,0,2020,12,10,7,3,0,7,0,1,0,0,0,0,0,640956.3314,5357201.0621,10.902637108,48.352244251,0,1,#66c2a5,bicycle
13291,176681,"9,20122100852754E+018",9,1,84,112,2020,12,15,2,3,5,2,0,1,1,0,0,0,0,702054417,5339444.3402,11.718041174,48.176084879,0,1,#66c2a5,bicycle
13292,176682,"9,20123100858254E+018",9,1,62,0,2020,12,15,5,3,2,6,0,0,1,0,0,0,0,686243.0322,5332663.0132,11.502598762,48.119962758,0,2,#fc8d62,car
13293,176684,"9,20122600210954E+018",9,2,74,194,2020,12,15,7,3,4,6,0,1,1,0,0,0,0,720842.7995,5377186.2508,11.990228946,48.508925616,0,1,#66c2a5,bicycle
13294,176688,"9,20122500858253E+018",9,1,62,0,2020,12,17,6,3,6,4,2,0,0,1,1,0,0,690543999,5335249.7066,11.561489561,48.141939417,1,3,#8da0cb,toilet
13295,176690,"9,20122500712353E+018",9,7,72,147,2020,12,10,6,3,5,3,0,0,1,0,0,0,0,639456.8547,5366430.1013,10.885473182,48.435561894,1,2,#fc8d62,car
13296,176692,"9,20122100852553E+018",9,1,62,0,2020,12,17,2,3,6,4,2,1,0,1,0,0,0,694483.7947,5334805.3019,11.614192834,48.136753249,1,1,#66c2a5,bicycle
13297,176693,"9,20123100851254E+018",9,1,62,0,2020,12,12,5,3,0,1,0,1,0,0,0,0,0,691229.1536,5335892585,11.570979252,48.147511983,0,1,#66c2a5,bicycle
13298,176695,"9,20122400858254E+018",9,1,62,0,2020,12,14,5,3,5,3,0,0,1,0,1,0,0,693581.9623,5329221.9656,11.599549726,48.086846694,0,2,#fc8d62,car
13299,176697,"9,20122100851153E+018",9,1,62,0,2020,12,14,2,3,0,1,0,1,0,0,0,0,0,692571.4494,5335115.4257,11.588655223,48.140122136,0,1,#66c2a5,bicycle
13300,176698,"9,20122400858253E+018",9,1,62,0,2020,12,20,5,3,2,6,2,0,1,0,0,0,0,695154432,5332993.0639,11.622367669,48.120260368,1,2,#fc8d62,car
13301,176699,"9,20122400854154E+018",9,1,62,0,2020,12,20,5,3,5,3,2,1,1,0,0,0,0,685238.5645,5333731.8635,11.489579222,48.129863119,1,1,#66c2a5,bicycle
13302,176703,"9,20122400710154E+018",9,7,71,112,2020,12,12,5,2,4,6,0,1,0,0,0,0,0,643045811,5368264.21,10.934594285,48.451247959,1,1,#66c2a5,bicycle
13303,176705,"9,20122400710154E+018",9,7,71,141,2020,12,12,5,3,4,6,0,0,1,0,0,0,0,653339.7416,5378635.5807,11.077528564,48.542067951,0,2,#fc8d62,car
13304,176716,"9,20122100711954E+018",9,7,72,163,2020,12,17,2,3,0,1,2,1,0,0,0,0,0,639581.7716,5349816015,10.881649159,48.286144539,2,1,#66c2a5,bicycle
13305,176717,"9,20122400141354E+018",9,1,63,0,2020,12,19,5,3,0,7,2,1,0,0,0,0,0,732427.8854,5305228.0991,12.10749453,47.858311456,1,1,#66c2a5,bicycle
13306,176718,"9,20122400120153E+018",9,1,74,115,2020,12,12,5,3,0,1,0,1,0,0,0,0,0,682231297,5346863.2443,11.454834757,48.248764463,0,1,#66c2a5,bicycle
13307,176719,"9,20122300858253E+018",9,1,62,0,2020,12,11,4,3,0,7,0,1,0,0,0,0,0,683086.5328,5335728.4845,11.461542389,48.148432716,0,1,#66c2a5,bicycle
13308,176720,"9,20122300858253E+018",9,1,62,0,2020,12,12,4,3,1,6,0,0,1,0,0,0,1,694085.6841,5334788.2581,11.608839544,48.136721608,1,2,#fc8d62,car
13309,176721,"9,20122100710754E+018",9,7,61,0,2020,12,12,2,3,1,3,0,0,1,0,1,0,0,642231234,5361740.6097,10.921371422,48.392775935,1,2,#fc8d62,car
13310,176722,"9,20122300858253E+018",9,1,62,0,2020,12,11,4,3,5,3,0,1,1,0,0,0,0,689571.9261,5333533.8687,11.54767186,48.12680772,1,1,#66c2a5,bicycle
13311,176723,"9,20122300858253E+018",9,1,62,0,2020,12,16,4,3,1,7,1,1,1,0,0,0,0,691175.6109,5335753.9359,11.570197888,48.146281913,0,1,#66c2a5,bicycle
13312,176724,"9,20122300858253E+018",9,1,62,0,2020,12,11,4,3,6,4,0,0,1,1,0,0,0,697754.5759,5331483.2222,11.65656811,48.105888729,1,2,#fc8d62,car
13313,176725,"9,20122100710654E+018",9,7,61,0,2020,12,17,2,3,0,1,1,1,1,0,0,0,0,640599.2102,5358857.8887,10.898373065,48.367221513,1,1,#66c2a5,bicycle
13314,176726,"9,20122100710653E+018",9,7,61,0,2020,12,16,2,3,2,1,2,0,1,0,0,0,0,638709893,5356698942,10.872166065,48.348226692,1,2,#fc8d62,car
13315,176727,"9,20122300858253E+018",9,1,62,0,2020,12,10,4,3,5,3,0,1,1,0,0,0,0,689257.4569,5336130.6967,11.544603912,48.150241813,1,1,#66c2a5,bicycle
13316,176730,"9,20122300858253E+018",9,1,84,146,2020,12,14,4,3,0,7,0,1,0,0,0,0,0,698000.0566,5328280.1069,11.658376933,48.077024987,1,1,#66c2a5,bicycle
13317,176731,"9,20122300857154E+018",9,1,84,135,2020,12,19,4,2,9,1,2,0,1,0,0,0,0,689310.0228,5346156664,11.549780042,48.240339328,1,2,#fc8d62,car
13318,176732,"9,20122300854353E+018",9,1,62,0,2020,12,13,4,3,0,1,0,0,1,0,0,0,0,690399807,5338861248,11.561169395,48.174442917,1,2,#fc8d62,car
13319,176734,"9,20123100712354E+018",9,7,72,177,2020,12,11,5,3,5,3,0,0,1,0,0,0,0,636323.8069,5378962.1254,10.847227115,48.548932715,0,2,#fc8d62,car
13320,176735,"9,20122300853253E+018",9,1,84,139,2020,12,17,4,3,4,2,2,1,1,0,0,0,0,688412.0032,5326461.9342,11.528978354,48.063587753,1,1,#66c2a5,bicycle
13321,176737,"9,20122300852153E+018",9,1,62,0,2020,12,17,4,3,0,1,2,0,0,0,0,0,1,692159899,5333138428,11.582237169,48.122477637,1,6,#ffd92f,circle
13322,176744,"9,20122300711353E+018",9,7,72,202,2020,12,16,4,2,0,1,1,1,0,0,0,0,0,635572.3906,5356990.8258,10.82993594,48.351532582,1,1,#66c2a5,bicycle
13323,176745,"9,20122300710754E+018",9,7,61,0,2020,12,13,4,3,0,1,0,1,0,0,0,0,0,642996.2893,5360806.7457,10.93138242,48.384206123,1,1,#66c2a5,bicycle
13324,176789,"9,20122300210954E+018",9,2,74,113,2020,12,10,4,3,1,6,0,1,1,0,0,0,0,729936.7927,5383187.4487,12.116486649,48.559572183,1,1,#66c2a5,bicycle
13325,176790,"9,20122300110953E+018",9,1,78,116,2020,12,15,4,3,5,3,0,0,1,0,0,0,1,697345.4035,5379035.9256,11.673329534,48.533369953,1,2,#fc8d62,car
13326,176791,"9,20122300110553E+018",9,1,77,143,2020,12,13,4,2,0,7,0,1,0,0,0,0,0,720880657,5366433.0216,11.985065845,48.412302963,1,1,#66c2a5,bicycle